Header_Length,Protocol Type,Duration,Rate,Srate,Drate,fin_flag_number,syn_flag_number,rst_flag_number,psh_flag_number,ack_flag_number,ece_flag_number,cwr_flag_number,ack_count,syn_count,fin_count,rst_count,HTTP,HTTPS,DNS,Telnet,SMTP,SSH,IRC,TCP,UDP,DHCP,ARP,ICMP,IGMP,IPv,LLC,Tot sum,Min,Max,AVG,Std,Tot size,IAT,Number,Magnitue,Radius,Covariance,Variance,Weight,label
5.0,0.0,1.0,151.21733,151.21733,0.0,0.0,0.0,0.0,0.0,0.0,0.0,0.0,0.0,0.0,0.0,0.0,0.0,0.0,0.0,0.0,0.0,0.0,0.0,0.0,0.0,0.0,0.0,0.0,0.0,0.0,0.0,3600,12,36,24.0,12.0,3600,6657381.185749,150.0,2.19089,0.979796,-0.080775,144.0,150,BT-DoS
5.0,0.0,0.0,88.302066,88.302066,0.0,0.0,0.0,0.0,0.0,0.0,0.0,0.0,0.0,0.0,0.0,0.0,0.0,0.0,0.0,0.0,0.0,0.0,0.0,0.0,0.0,0.0,0.0,0.0,0.0,0.0,0.0,89,12,36,22.25,9.010411,89,15099684.39738,4.0,12.002604,4.505205,0.114746,81.1875,4,Benign
5.0,0.0,1.0,41.424147,41.424147,0.0,0.0,0.0,0.0,0.0,0.0,0.0,0.0,0.0,0.0,0.0,0.0,0.0,0.0,0.0,0.0,0.0,0.0,0.0,0.0,0.0,0.0,0.0,0.0,0.0,0.0,0.0,1841,19,50,44.902439,7.764223,1841,24744021.892548,41.0,7.116645,1.212568,0.019963,60.283165,41,Benign
5.0,0.0,0.1,75.954872,75.954872,0.0,0.0,0.0,0.0,0.0,0.0,0.0,0.0,0.0,0.0,0.0,0.0,0.0,0.0,0.0,0.0,0.0,0.0,0.0,0.0,0.0,0.0,0.0,0.0,0.0,0.0,0.0,89,12,36,22.25,9.010411,89,17554283.14209,4.0,12.002604,4.505205,0.131635,81.1875,4,Benign
5.0,0.0,0.9,38.030207,38.030207,0.0,0.0,0.0,0.0,0.0,0.0,0.0,0.0,0.0,0.0,0.0,0.0,0.0,0.0,0.0,0.0,0.0,0.0,0.0,0.0,0.0,0.0,0.0,0.0,0.0,0.0,0.0,1593,18,50,44.25,8.404281,1593,27046169.553484,36.0,7.506838,1.400714,0.073056,70.631944,36,Benign
5.0,0.0,1.0,167.171551,167.171551,0.0,0.0,0.0,0.0,0.0,0.0,0.0,0.0,0.0,0.0,0.0,0.0,0.0,0.0,0.0,0.0,0.0,0.0,0.0,0.0,0.0,0.0,0.0,0.0,0.0,0.0,0.0,3984,12,36,24.0,12.0,3984,6018132.87446,166.0,2.08263,0.931381,-0.072848,144.0,166,BT-DoS
5.0,0.0,0.9,23.506387,23.506387,0.0,0.0,0.0,0.0,0.0,0.0,0.0,0.0,0.0,0.0,0.0,0.0,0.0,0.0,0.0,0.0,0.0,0.0,0.0,0.0,0.0,0.0,0.0,0.0,0.0,0.0,0.0,773,8,50,36.809524,12.030196,773,44668710.231781,21.0,8.450603,2.625204,-0.032387,144.725624,21,Benign
5.0,0.0,1.0,30.117063,30.117063,0.0,0.0,0.0,0.0,0.0,0.0,0.0,0.0,0.0,0.0,0.0,0.0,0.0,0.0,0.0,0.0,0.0,0.0,0.0,0.0,0.0,0.0,0.0,0.0,0.0,0.0,0.0,1292,19,50,43.066667,9.511163,1292,34348726.272583,30.0,8.052329,1.736493,0.055264,90.462222,30,Benign
5.0,0.0,1.0,316.634809,316.634809,0.0,0.0,0.0,0.0,0.0,0.0,0.0,0.0,0.0,0.0,0.0,0.0,0.0,0.0,0.0,0.0,0.0,0.0,0.0,0.0,0.0,0.0,0.0,0.0,0.0,0.0,0.0,7584,12,36,24.0,12.0,7584,3168238.533868,316.0,1.509464,0.675053,-0.037997,144.0,316,BT-DoS
5.0,0.0,1.0,29.349856,29.349856,0.0,0.0,0.0,0.0,0.0,0.0,0.0,0.0,0.0,0.0,0.0,0.0,0.0,0.0,0.0,0.0,0.0,0.0,0.0,0.0,0.0,0.0,0.0,0.0,0.0,0.0,0.0,1209,18,50,43.178571,10.014467,1209,35333633.422852,28.0,8.37658,1.892556,-0.016328,100.289541,28,Benign
5.0,0.0,1.0,169.35706,169.35706,0.0,0.0,0.0,0.0,0.0,0.0,0.0,0.0,0.0,0.0,0.0,0.0,0.0,0.0,0.0,0.0,0.0,0.0,0.0,0.0,0.0,0.0,0.0,0.0,0.0,0.0,0.0,4032,12,36,24.0,12.0,4032,5940041.856138,168.0,2.070197,0.92582,-0.071977,144.0,168,BT-DoS
5.0,0.0,1.0,58.119446,58.119446,0.0,0.0,0.0,0.0,0.0,0.0,0.0,0.0,0.0,0.0,0.0,0.0,0.0,0.0,0.0,0.0,0.0,0.0,0.0,0.0,0.0,0.0,0.0,0.0,0.0,0.0,0.0,2413,18,50,43.089286,9.809392,2413,17518780.44822,56.0,5.905371,1.310835,0.029856,96.224171,56,Benign
5.0,0.0,1.0,21.026389,21.026389,0.0,0.0,0.0,0.0,0.0,0.0,0.0,0.0,0.0,0.0,0.0,0.0,0.0,0.0,0.0,0.0,0.0,0.0,0.0,0.0,0.0,0.0,0.0,0.0,0.0,0.0,0.0,564,12,36,26.857143,9.731078,564,49937248.22998,21.0,6.23355,2.123495,-0.129288,94.693878,21,Benign
5.0,0.0,0.9,31.433617,31.433617,0.0,0.0,0.0,0.0,0.0,0.0,0.0,0.0,0.0,0.0,0.0,0.0,0.0,0.0,0.0,0.0,0.0,0.0,0.0,0.0,0.0,0.0,0.0,0.0,0.0,0.0,0.0,754,12,36,27.925926,9.325099,754,33036653.812115,27.0,5.666061,1.794616,-0.104653,86.957476,27,Benign
5.0,0.0,1.0,161.295694,161.295694,0.0,0.0,0.0,0.0,0.0,0.0,0.0,0.0,0.0,0.0,0.0,0.0,0.0,0.0,0.0,0.0,0.0,0.0,0.0,0.0,0.0,0.0,0.0,0.0,0.0,0.0,0.0,3840,12,36,24.0,12.0,3840,6238785.92965,160.0,2.12132,0.948683,-0.075603,144.0,160,BT-DoS
5.0,0.0,0.1,70.687638,70.687638,0.0,0.0,0.0,0.0,0.0,0.0,0.0,0.0,0.0,0.0,0.0,0.0,0.0,0.0,0.0,0.0,0.0,0.0,0.0,0.0,0.0,0.0,0.0,0.0,0.0,0.0,0.0,89,12,36,22.25,9.010411,89,18862326.939901,4.0,12.002604,4.505205,0.091225,81.1875,4,Benign
5.0,0.0,1.0,54.440097,54.440097,0.0,0.0,0.0,0.0,0.0,0.0,0.0,0.0,0.0,0.0,0.0,0.0,0.0,0.0,0.0,0.0,0.0,0.0,0.0,0.0,0.0,0.0,0.0,0.0,0.0,0.0,0.0,2501,19,50,46.314815,6.382337,2501,18715395.117706,54.0,6.362209,0.868526,0.001334,40.734225,54,Benign
5.0,0.0,0.6,19.904391,19.904391,0.0,0.0,0.0,0.0,0.0,0.0,0.0,0.0,0.0,0.0,0.0,0.0,0.0,0.0,0.0,0.0,0.0,0.0,0.0,0.0,0.0,0.0,0.0,0.0,0.0,0.0,0.0,449,17,50,40.818182,10.061793,449,55264186.859131,11.0,12.675544,3.033745,0.418763,101.239669,11,Benign
5.0,0.0,1.0,45.807403,45.807403,0.0,0.0,0.0,0.0,0.0,0.0,0.0,0.0,0.0,0.0,0.0,0.0,0.0,0.0,0.0,0.0,0.0,0.0,0.0,0.0,0.0,0.0,0.0,0.0,0.0,0.0,0.0,1983,11,50,44.066667,10.482578,1983,22326680.746945,45.0,6.752375,1.56265,0.009736,109.884444,45,Benign
5.0,0.0,1.0,185.054458,185.054458,0.0,0.0,0.0,0.0,0.0,0.0,0.0,0.0,0.0,0.0,0.0,0.0,0.0,0.0,0.0,0.0,0.0,0.0,0.0,0.0,0.0,0.0,0.0,0.0,0.0,0.0,0.0,4272,12,36,24.0,12.0,4272,5434344.717338,178.0,2.011205,0.899438,-0.06577,144.0,178,BT-DoS
5.0,0.0,0.1,35.601444,35.601444,0.0,0.0,0.0,0.0,0.0,0.0,0.0,0.0,0.0,0.0,0.0,0.0,0.0,0.0,0.0,0.0,0.0,0.0,0.0,0.0,0.0,0.0,0.0,0.0,0.0,0.0,0.0,89,12,36,22.25,9.010411,89,37451664.60673,4.0,12.002604,4.505205,0.190757,81.1875,4,Benign
5.0,0.0,1.0,11.07005,11.07005,0.0,0.0,0.0,0.0,0.0,0.0,0.0,0.0,0.0,0.0,0.0,0.0,0.0,0.0,0.0,0.0,0.0,0.0,0.0,0.0,0.0,0.0,0.0,0.0,0.0,0.0,0.0,415,12,50,37.727273,14.391228,415,99367213.249207,11.0,12.174693,4.339118,0.542297,207.107438,11,Benign
5.0,0.0,1.0,16.74164,16.74164,0.0,0.0,0.0,0.0,0.0,0.0,0.0,0.0,0.0,0.0,0.0,0.0,0.0,0.0,0.0,0.0,0.0,0.0,0.0,0.0,0.0,0.0,0.0,0.0,0.0,0.0,0.0,707,36,50,44.1875,4.706628,707,63713391.621908,16.0,11.109364,1.176657,0.216007,22.152344,16,BT-DoS
5.0,0.0,1.0,159.278503,159.278503,0.0,0.0,0.0,0.0,0.0,0.0,0.0,0.0,0.0,0.0,0.0,0.0,0.0,0.0,0.0,0.0,0.0,0.0,0.0,0.0,0.0,0.0,0.0,0.0,0.0,0.0,0.0,3792,12,36,24.0,12.0,3792,6318300.392977,158.0,2.134704,0.954669,-0.076597,144.0,158,BT-DoS
5.0,0.0,0.9,359.622907,359.622907,0.0,0.0,0.0,0.0,0.0,0.0,0.0,0.0,0.0,0.0,0.0,0.0,0.0,0.0,0.0,0.0,0.0,0.0,0.0,0.0,0.0,0.0,0.0,0.0,0.0,0.0,0.0,7440,12,36,24.0,12.0,7440,2789689.499198,310.0,1.524002,0.681554,-0.033385,144.0,310,BT-DoS
5.0,0.0,1.0,169.364061,169.364061,0.0,0.0,0.0,0.0,0.0,0.0,0.0,0.0,0.0,0.0,0.0,0.0,0.0,0.0,0.0,0.0,0.0,0.0,0.0,0.0,0.0,0.0,0.0,0.0,0.0,0.0,0.0,4032,12,36,24.0,12.0,4032,5939796.299278,168.0,2.070197,0.92582,-0.071945,144.0,168,BT-DoS
5.0,0.0,1.0,370.722919,370.722919,0.0,0.0,0.0,0.0,0.0,0.0,0.0,0.0,0.0,0.0,0.0,0.0,0.0,0.0,0.0,0.0,0.0,0.0,0.0,0.0,0.0,0.0,0.0,0.0,0.0,0.0,0.0,8880,12,36,24.0,12.0,8880,2704742.478161,370.0,1.394972,0.62385,-0.032363,144.0,370,BT-DoS
5.0,0.0,0.9,33.483395,33.483395,0.0,0.0,0.0,0.0,0.0,0.0,0.0,0.0,0.0,0.0,0.0,0.0,0.0,0.0,0.0,0.0,0.0,0.0,0.0,0.0,0.0,0.0,0.0,0.0,0.0,0.0,0.0,1451,36,50,46.806452,5.13319,1451,30861067.771912,31.0,8.45709,0.921948,0.057918,26.349636,31,Benign
5.0,0.0,1.0,68.488463,68.488463,0.0,0.0,0.0,0.0,0.0,0.0,0.0,0.0,0.0,0.0,0.0,0.0,0.0,0.0,0.0,0.0,0.0,0.0,0.0,0.0,0.0,0.0,0.0,0.0,0.0,0.0,0.0,2978,19,50,43.794118,7.369569,2978,14818924.576489,68.0,5.385486,0.893692,0.041214,54.310554,68,Benign
5.0,0.0,1.0,153.263179,153.263179,0.0,0.0,0.0,0.0,0.0,0.0,0.0,0.0,0.0,0.0,0.0,0.0,0.0,0.0,0.0,0.0,0.0,0.0,0.0,0.0,0.0,0.0,0.0,0.0,0.0,0.0,0.0,3648,12,36,24.0,12.0,3648,6567934.490987,152.0,2.176429,0.973329,-0.07967,144.0,152,BT-DoS
5.0,0.0,0.7,44.502569,44.502569,0.0,0.0,0.0,0.0,0.0,0.0,0.0,0.0,0.0,0.0,0.0,0.0,0.0,0.0,0.0,0.0,0.0,0.0,0.0,0.0,0.0,0.0,0.0,0.0,0.0,0.0,0.0,1216,11,50,39.225806,13.07228,1216,23219633.102417,31.0,7.426084,2.347851,-0.145032,170.884495,31,Benign
5.0,0.0,0.9,3.486978,3.486978,0.0,0.0,0.0,0.0,0.0,0.0,0.0,0.0,0.0,0.0,0.0,0.0,0.0,0.0,0.0,0.0,0.0,0.0,0.0,0.0,0.0,0.0,0.0,0.0,0.0,0.0,0.0,54,18,18,18.0,0.0,54,430171966.552734,3.0,10.392305,0.0,0.0,0.0,3,Benign
5.0,0.0,1.0,378.743436,378.743436,0.0,0.0,0.0,0.0,0.0,0.0,0.0,0.0,0.0,0.0,0.0,0.0,0.0,0.0,0.0,0.0,0.0,0.0,0.0,0.0,0.0,0.0,0.0,0.0,0.0,0.0,0.0,9072,12,36,24.0,12.0,9072,2647313.26217,378.0,1.380131,0.617213,-0.031681,144.0,378,BT-DoS
5.0,0.0,0.1,30.823982,30.823982,0.0,0.0,0.0,0.0,0.0,0.0,0.0,0.0,0.0,0.0,0.0,0.0,0.0,0.0,0.0,0.0,0.0,0.0,0.0,0.0,0.0,0.0,0.0,0.0,0.0,0.0,0.0,89,12,36,22.25,9.010411,89,43256362.279256,4.0,12.002604,4.505205,-0.025108,81.1875,4,Benign
5.0,0.0,1.0,42.332265,42.332265,0.0,0.0,0.0,0.0,0.0,0.0,0.0,0.0,0.0,0.0,0.0,0.0,0.0,0.0,0.0,0.0,0.0,0.0,0.0,0.0,0.0,0.0,0.0,0.0,0.0,0.0,0.0,1493,11,50,35.547619,14.736095,1493,24198805.413595,42.0,5.937744,2.273829,0.173275,217.152494,42,Benign
5.0,0.0,0.8,12.349838,12.349838,0.0,0.0,0.0,0.0,0.0,0.0,0.0,0.0,0.0,0.0,0.0,0.0,0.0,0.0,0.0,0.0,0.0,0.0,0.0,0.0,0.0,0.0,0.0,0.0,0.0,0.0,0.0,579,8,249,57.9,95.555691,579,89969687.991672,10.0,35.331714,30.217363,-1.288644,9130.89,10,Benign
5.0,0.0,1.0,167.338531,167.338531,0.0,0.0,0.0,0.0,0.0,0.0,0.0,0.0,0.0,0.0,0.0,0.0,0.0,0.0,0.0,0.0,0.0,0.0,0.0,0.0,0.0,0.0,0.0,0.0,0.0,0.0,0.0,3984,12,36,24.0,12.0,3984,6012127.616189,166.0,2.08263,0.931381,-0.072839,144.0,166,BT-DoS
5.0,0.0,0.0,81.40328,81.40328,0.0,0.0,0.0,0.0,0.0,0.0,0.0,0.0,0.0,0.0,0.0,0.0,0.0,0.0,0.0,0.0,0.0,0.0,0.0,0.0,0.0,0.0,0.0,0.0,0.0,0.0,0.0,89,12,36,22.25,9.010411,89,16379356.384277,4.0,12.002604,4.505205,0.107473,81.1875,4,Benign
5.0,0.0,1.0,342.692935,342.692935,0.0,0.0,0.0,0.0,0.0,0.0,0.0,0.0,0.0,0.0,0.0,0.0,0.0,0.0,0.0,0.0,0.0,0.0,0.0,0.0,0.0,0.0,0.0,0.0,0.0,0.0,0.0,8208,12,36,24.0,12.0,8208,2926621.618858,342.0,1.450953,0.648886,-0.035069,144.0,342,BT-DoS
5.0,0.0,1.0,175.412061,175.412061,0.0,0.0,0.0,0.0,0.0,0.0,0.0,0.0,0.0,0.0,0.0,0.0,0.0,0.0,0.0,0.0,0.0,0.0,0.0,0.0,0.0,0.0,0.0,0.0,0.0,0.0,0.0,4176,12,36,24.0,12.0,4176,5733815.231764,174.0,2.034191,0.909718,-0.069433,144.0,174,BT-DoS
5.0,0.0,0.1,72.219087,72.219087,0.0,0.0,0.0,0.0,0.0,0.0,0.0,0.0,0.0,0.0,0.0,0.0,0.0,0.0,0.0,0.0,0.0,0.0,0.0,0.0,0.0,0.0,0.0,0.0,0.0,0.0,0.0,89,12,36,22.25,9.010411,89,18462340.037028,4.0,12.002604,4.505205,0.072297,81.1875,4,Benign
5.0,0.0,1.0,143.143736,143.143736,0.0,0.0,0.0,0.0,0.0,0.0,0.0,0.0,0.0,0.0,0.0,0.0,0.0,0.0,0.0,0.0,0.0,0.0,0.0,0.0,0.0,0.0,0.0,0.0,0.0,0.0,0.0,3408,12,36,24.0,12.0,3408,7035531.05077,142.0,2.25176,1.007018,-0.085476,144.0,142,BT-DoS
5.0,0.0,1.0,169.358607,169.358607,0.0,0.0,0.0,0.0,0.0,0.0,0.0,0.0,0.0,0.0,0.0,0.0,0.0,0.0,0.0,0.0,0.0,0.0,0.0,0.0,0.0,0.0,0.0,0.0,0.0,0.0,0.0,4032,12,36,24.0,12.0,4032,5939987.605203,168.0,2.070197,0.92582,-0.071961,144.0,168,BT-DoS
5.0,0.0,1.0,153.848077,153.848077,0.0,0.0,0.0,0.0,0.0,0.0,0.0,0.0,0.0,0.0,0.0,0.0,0.0,0.0,0.0,0.0,0.0,0.0,0.0,0.0,0.0,0.0,0.0,0.0,0.0,0.0,0.0,3552,12,36,24.0,12.0,3552,6544135.865711,148.0,2.205644,0.986394,-0.079409,144.0,148,BT-DoS
5.0,0.0,1.0,68.670029,68.670029,0.0,0.0,0.0,0.0,0.0,0.0,0.0,0.0,0.0,0.0,0.0,0.0,0.0,0.0,0.0,0.0,0.0,0.0,0.0,0.0,0.0,0.0,0.0,0.0,0.0,0.0,0.0,2573,11,50,38.984848,12.819838,2573,14786430.505606,66.0,5.051502,1.578013,0.078398,164.348255,66,Benign
5.0,0.0,1.0,141.121759,141.121759,0.0,0.0,0.0,0.0,0.0,0.0,0.0,0.0,0.0,0.0,0.0,0.0,0.0,0.0,0.0,0.0,0.0,0.0,0.0,0.0,0.0,0.0,0.0,0.0,0.0,0.0,0.0,3360,12,36,24.0,12.0,3360,7137058.450164,140.0,2.267787,1.014185,-0.086676,144.0,140,BT-DoS
5.0,0.0,0.4,4.449527,4.449527,0.0,0.0,0.0,0.0,0.0,0.0,0.0,0.0,0.0,0.0,0.0,0.0,0.0,0.0,0.0,0.0,0.0,0.0,0.0,0.0,0.0,0.0,0.0,0.0,0.0,0.0,0.0,36,18,18,18.0,0.0,36,449486017.227173,2.0,12.727922,0.0,0.0,0.0,2,Benign
5.0,0.0,0.7,22.083406,22.083406,0.0,0.0,0.0,0.0,0.0,0.0,0.0,0.0,0.0,0.0,0.0,0.0,0.0,0.0,0.0,0.0,0.0,0.0,0.0,0.0,0.0,0.0,0.0,0.0,0.0,0.0,0.0,654,12,50,40.875,12.307899,654,48301728.566488,16.0,10.671955,3.076975,-0.090057,151.484375,16,Benign
5.0,0.0,1.0,40.001402,40.001402,0.0,0.0,0.0,0.0,0.0,0.0,0.0,0.0,0.0,0.0,0.0,0.0,0.0,0.0,0.0,0.0,0.0,0.0,0.0,0.0,0.0,0.0,0.0,0.0,0.0,0.0,0.0,1760,18,50,44.0,9.146037,1760,25640126.986381,40.0,7.10572,1.446115,-0.006825,83.65,40,Benign
5.0,0.0,1.0,42.532161,42.532161,0.0,0.0,0.0,0.0,0.0,0.0,0.0,0.0,0.0,0.0,0.0,0.0,0.0,0.0,0.0,0.0,0.0,0.0,0.0,0.0,0.0,0.0,0.0,0.0,0.0,0.0,0.0,1902,19,50,45.285714,8.252808,1902,24085073.936276,42.0,7.102824,1.273436,0.0855,68.108844,42,Benign
5.0,0.0,1.0,39.45826,39.45826,0.0,0.0,0.0,0.0,0.0,0.0,0.0,0.0,0.0,0.0,0.0,0.0,0.0,0.0,0.0,0.0,0.0,0.0,0.0,0.0,0.0,0.0,0.0,0.0,0.0,0.0,0.0,1701,18,50,44.763158,7.948632,1701,26028188.499244,38.0,7.375138,1.289438,-0.001212,63.180748,38,Benign
5.0,0.0,1.0,5.090612,5.090612,0.0,0.0,0.0,0.0,0.0,0.0,0.0,0.0,0.0,0.0,0.0,0.0,0.0,0.0,0.0,0.0,0.0,0.0,0.0,0.0,0.0,0.0,0.0,0.0,0.0,0.0,0.0,99,8,38,19.8,10.514752,99,245550036.430359,5.0,10.025966,4.70234,-3.668768,110.56,5,Benign
5.0,0.0,1.0,143.150514,143.150514,0.0,0.0,0.0,0.0,0.0,0.0,0.0,0.0,0.0,0.0,0.0,0.0,0.0,0.0,0.0,0.0,0.0,0.0,0.0,0.0,0.0,0.0,0.0,0.0,0.0,0.0,0.0,3408,12,36,24.0,12.0,3408,7035197.941124,142.0,2.25176,1.007018,-0.085445,144.0,142,BT-DoS
5.0,0.0,0.9,30.459601,30.459601,0.0,0.0,0.0,0.0,0.0,0.0,0.0,0.0,0.0,0.0,0.0,0.0,0.0,0.0,0.0,0.0,0.0,0.0,0.0,0.0,0.0,0.0,0.0,0.0,0.0,0.0,0.0,754,12,36,27.925926,9.606811,754,34093077.366169,27.0,5.683466,1.848832,-0.132966,92.290809,27,Benign
5.0,0.0,1.0,164.233652,164.233652,0.0,0.0,0.0,0.0,0.0,0.0,0.0,0.0,0.0,0.0,0.0,0.0,0.0,0.0,0.0,0.0,0.0,0.0,0.0,0.0,0.0,0.0,0.0,0.0,0.0,0.0,0.0,3792,12,36,24.0,12.0,3792,6127668.793794,158.0,2.134704,0.954669,-0.074258,144.0,158,BT-DoS
5.0,0.0,1.0,157.257443,157.257443,0.0,0.0,0.0,0.0,0.0,0.0,0.0,0.0,0.0,0.0,0.0,0.0,0.0,0.0,0.0,0.0,0.0,0.0,0.0,0.0,0.0,0.0,0.0,0.0,0.0,0.0,0.0,3744,12,36,24.0,12.0,3744,6400025.275446,156.0,2.148345,0.960769,-0.077588,144.0,156,BT-DoS
5.0,0.0,1.0,149.199557,149.199557,0.0,0.0,0.0,0.0,0.0,0.0,0.0,0.0,0.0,0.0,0.0,0.0,0.0,0.0,0.0,0.0,0.0,0.0,0.0,0.0,0.0,0.0,0.0,0.0,0.0,0.0,0.0,3552,12,36,24.0,12.0,3552,6748027.54201,148.0,2.205644,0.986394,-0.081892,144.0,148,BT-DoS
5.0,0.0,0.0,92.218988,92.218988,0.0,0.0,0.0,0.0,0.0,0.0,0.0,0.0,0.0,0.0,0.0,0.0,0.0,0.0,0.0,0.0,0.0,0.0,0.0,0.0,0.0,0.0,0.0,0.0,0.0,0.0,0.0,89,12,36,22.25,9.010411,89,14458338.419596,4.0,12.002604,4.505205,0.151536,81.1875,4,Benign
5.0,0.0,1.0,40.226119,40.226119,0.0,0.0,0.0,0.0,0.0,0.0,0.0,0.0,0.0,0.0,0.0,0.0,0.0,0.0,0.0,0.0,0.0,0.0,0.0,0.0,0.0,0.0,0.0,0.0,0.0,0.0,0.0,1813,18,50,45.325,7.897428,1813,25496892.440013,40.0,7.274485,1.248693,0.042763,62.369375,40,Benign
5.0,0.0,1.0,163.315502,163.315502,0.0,0.0,0.0,0.0,0.0,0.0,0.0,0.0,0.0,0.0,0.0,0.0,0.0,0.0,0.0,0.0,0.0,0.0,0.0,0.0,0.0,0.0,0.0,0.0,0.0,0.0,0.0,3888,12,36,24.0,12.0,3888,6161149.244131,162.0,2.108185,0.942809,-0.074683,144.0,162,BT-DoS
5.0,0.0,1.0,147.317897,147.317897,0.0,0.0,0.0,0.0,0.0,0.0,0.0,0.0,0.0,0.0,0.0,0.0,0.0,0.0,0.0,0.0,0.0,0.0,0.0,0.0,0.0,0.0,0.0,0.0,0.0,0.0,0.0,3504,12,36,24.0,12.0,3504,6834855.572931,146.0,2.2207,0.993127,-0.082971,144.0,146,BT-DoS
5.0,0.0,1.0,157.268216,157.268216,0.0,0.0,0.0,0.0,0.0,0.0,0.0,0.0,0.0,0.0,0.0,0.0,0.0,0.0,0.0,0.0,0.0,0.0,0.0,0.0,0.0,0.0,0.0,0.0,0.0,0.0,0.0,3744,12,36,24.0,12.0,3744,6399586.892897,156.0,2.148345,0.960769,-0.077596,144.0,156,BT-DoS
5.0,0.0,0.0,88.438449,88.438449,0.0,0.0,0.0,0.0,0.0,0.0,0.0,0.0,0.0,0.0,0.0,0.0,0.0,0.0,0.0,0.0,0.0,0.0,0.0,0.0,0.0,0.0,0.0,0.0,0.0,0.0,0.0,89,12,36,22.25,9.010411,89,15076398.849487,4.0,12.002604,4.505205,0.123367,81.1875,4,Benign
5.0,0.0,1.0,43.125016,43.125016,0.0,0.0,0.0,0.0,0.0,0.0,0.0,0.0,0.0,0.0,0.0,0.0,0.0,0.0,0.0,0.0,0.0,0.0,0.0,0.0,0.0,0.0,0.0,0.0,0.0,0.0,0.0,1826,18,50,42.465116,8.710723,1826,23740501.630874,43.0,6.610708,1.328373,0.019572,75.87669,43,Benign
5.0,0.0,1.0,191.53744,191.53744,0.0,0.0,0.0,0.0,0.0,0.0,0.0,0.0,0.0,0.0,0.0,0.0,0.0,0.0,0.0,0.0,0.0,0.0,0.0,0.0,0.0,0.0,0.0,0.0,0.0,0.0,0.0,4560,12,36,24.0,12.0,4560,5248535.247076,190.0,1.946657,0.870572,-0.063461,144.0,190,BT-DoS
5.0,0.0,1.0,23.197318,23.197318,0.0,0.0,0.0,0.0,0.0,0.0,0.0,0.0,0.0,0.0,0.0,0.0,0.0,0.0,0.0,0.0,0.0,0.0,0.0,0.0,0.0,0.0,0.0,0.0,0.0,0.0,0.0,624,12,36,27.130435,10.143768,624,45067906.3797,23.0,6.039567,2.115122,-0.03932,102.89603,23,Benign
5.0,0.0,1.0,141.130442,141.130442,0.0,0.0,0.0,0.0,0.0,0.0,0.0,0.0,0.0,0.0,0.0,0.0,0.0,0.0,0.0,0.0,0.0,0.0,0.0,0.0,0.0,0.0,0.0,0.0,0.0,0.0,0.0,3360,12,36,24.0,12.0,3360,7136619.34832,140.0,2.267787,1.014185,-0.086659,144.0,140,BT-DoS
5.0,0.0,0.9,50.94589,50.94589,0.0,0.0,0.0,0.0,0.0,0.0,0.0,0.0,0.0,0.0,0.0,0.0,0.0,0.0,0.0,0.0,0.0,0.0,0.0,0.0,0.0,0.0,0.0,0.0,0.0,0.0,0.0,1827,11,50,38.0625,14.537891,1827,20046300.076424,48.0,5.880944,2.098364,0.142691,211.35026,48,Benign
5.0,0.0,1.0,43.70889,43.70889,0.0,0.0,0.0,0.0,0.0,0.0,0.0,0.0,0.0,0.0,0.0,0.0,0.0,0.0,0.0,0.0,0.0,0.0,0.0,0.0,0.0,0.0,0.0,0.0,0.0,0.0,0.0,1770,18,50,42.142857,10.243631,1770,23436656.812342,42.0,6.692128,1.580627,0.096694,104.931973,42,Benign
5.0,0.0,1.0,7.359319,7.359319,0.0,0.0,0.0,0.0,0.0,0.0,0.0,0.0,0.0,0.0,0.0,0.0,0.0,0.0,0.0,0.0,0.0,0.0,0.0,0.0,0.0,0.0,0.0,0.0,0.0,0.0,0.0,172,12,36,24.571429,9.178502,172,158529162.406921,7.0,9.913915,3.469148,-0.474778,84.244898,7,Benign
5.0,0.0,1.0,164.245945,164.245945,0.0,0.0,0.0,0.0,0.0,0.0,0.0,0.0,0.0,0.0,0.0,0.0,0.0,0.0,0.0,0.0,0.0,0.0,0.0,0.0,0.0,0.0,0.0,0.0,0.0,0.0,0.0,3792,12,36,24.0,12.0,3792,6127210.179712,158.0,2.134704,0.954669,-0.074282,144.0,158,BT-DoS
5.0,0.0,1.0,31.644863,31.644863,0.0,0.0,0.0,0.0,0.0,0.0,0.0,0.0,0.0,0.0,0.0,0.0,0.0,0.0,0.0,0.0,0.0,0.0,0.0,0.0,0.0,0.0,0.0,0.0,0.0,0.0,0.0,1262,8,50,40.709677,12.295275,1262,32654062.906901,31.0,7.637876,2.208297,0.058852,151.173777,31,Benign
5.0,0.0,1.0,64.028885,64.028885,0.0,0.0,0.0,0.0,0.0,0.0,0.0,0.0,0.0,0.0,0.0,0.0,0.0,0.0,0.0,0.0,0.0,0.0,0.0,0.0,0.0,0.0,0.0,0.0,0.0,0.0,0.0,2785,32,50,44.919355,5.395035,2785,15873983.258107,62.0,5.745763,0.68517,0.023662,29.1064,62,Benign
5.0,0.0,1.0,45.77432,45.77432,0.0,0.0,0.0,0.0,0.0,0.0,0.0,0.0,0.0,0.0,0.0,0.0,0.0,0.0,0.0,0.0,0.0,0.0,0.0,0.0,0.0,0.0,0.0,0.0,0.0,0.0,0.0,2058,19,50,45.733333,7.319381,2058,22342817.349867,45.0,6.904284,1.091109,0.036039,53.573333,45,Benign
5.0,0.0,0.0,94.493441,94.493441,0.0,0.0,0.0,0.0,0.0,0.0,0.0,0.0,0.0,0.0,0.0,0.0,0.0,0.0,0.0,0.0,0.0,0.0,0.0,0.0,0.0,0.0,0.0,0.0,0.0,0.0,0.0,89,12,36,22.25,9.010411,89,14110326.766968,4.0,12.002604,4.505205,0.161364,81.1875,4,Benign
5.0,0.0,0.1,56.197172,56.197172,0.0,0.0,0.0,0.0,0.0,0.0,0.0,0.0,0.0,0.0,0.0,0.0,0.0,0.0,0.0,0.0,0.0,0.0,0.0,0.0,0.0,0.0,0.0,0.0,0.0,0.0,0.0,89,12,36,22.25,9.010411,89,23725986.480713,4.0,12.002604,4.505205,0.377157,81.1875,4,Benign
5.0,0.0,1.0,43.83778,43.83778,0.0,0.0,0.0,0.0,0.0,0.0,0.0,0.0,0.0,0.0,0.0,0.0,0.0,0.0,0.0,0.0,0.0,0.0,0.0,0.0,0.0,0.0,0.0,0.0,0.0,0.0,0.0,1950,20,50,45.348837,7.322738,1950,23354501.951308,43.0,7.005213,1.116707,0.067829,53.622499,43,Benign
5.0,0.0,1.0,153.068078,153.068078,0.0,0.0,0.0,0.0,0.0,0.0,0.0,0.0,0.0,0.0,0.0,0.0,0.0,0.0,0.0,0.0,0.0,0.0,0.0,0.0,0.0,0.0,0.0,0.0,0.0,0.0,0.0,3648,12,36,24.0,12.0,3648,6576305.983082,152.0,2.176429,0.973329,-0.07969,144.0,152,BT-DoS
5.0,0.0,0.1,57.390574,57.390574,0.0,0.0,0.0,0.0,0.0,0.0,0.0,0.0,0.0,0.0,0.0,0.0,0.0,0.0,0.0,0.0,0.0,0.0,0.0,0.0,0.0,0.0,0.0,0.0,0.0,0.0,0.0,89,12,36,22.25,9.010411,89,23232618.967692,4.0,12.002604,4.505205,0.024659,81.1875,4,Benign
5.0,0.0,1.0,189.507911,189.507911,0.0,0.0,0.0,0.0,0.0,0.0,0.0,0.0,0.0,0.0,0.0,0.0,0.0,0.0,0.0,0.0,0.0,0.0,0.0,0.0,0.0,0.0,0.0,0.0,0.0,0.0,0.0,4512,12,36,24.0,12.0,4512,5305042.878829,188.0,1.956984,0.87519,-0.064147,144.0,188,BT-DoS
5.0,0.0,1.0,333.003403,333.003403,0.0,0.0,0.0,0.0,0.0,0.0,0.0,0.0,0.0,0.0,0.0,0.0,0.0,0.0,0.0,0.0,0.0,0.0,0.0,0.0,0.0,0.0,0.0,0.0,0.0,0.0,0.0,7920,12,36,24.0,12.0,7920,3012099.889274,330.0,1.477098,0.660578,-0.036094,144.0,330,BT-DoS
5.0,0.0,1.0,159.275938,159.275938,0.0,0.0,0.0,0.0,0.0,0.0,0.0,0.0,0.0,0.0,0.0,0.0,0.0,0.0,0.0,0.0,0.0,0.0,0.0,0.0,0.0,0.0,0.0,0.0,0.0,0.0,0.0,3792,12,36,24.0,12.0,3792,6318402.138485,158.0,2.134704,0.954669,-0.076613,144.0,158,BT-DoS
5.0,0.0,1.0,5.062727,5.062727,0.0,0.0,0.0,0.0,0.0,0.0,0.0,0.0,0.0,0.0,0.0,0.0,0.0,0.0,0.0,0.0,0.0,0.0,0.0,0.0,0.0,0.0,0.0,0.0,0.0,0.0,0.0,226,40,50,45.2,4.069398,226,246902525.424957,5.0,20.295812,1.81989,0.862287,16.56,5,Benign
5.0,0.0,0.9,30.97394,30.97394,0.0,0.0,0.0,0.0,0.0,0.0,0.0,0.0,0.0,0.0,0.0,0.0,0.0,0.0,0.0,0.0,0.0,0.0,0.0,0.0,0.0,0.0,0.0,0.0,0.0,0.0,0.0,934,12,50,32.206897,11.713179,934,33438248.29374,29.0,6.363914,2.175083,-0.142747,137.198573,29,Benign
5.0,0.0,0.0,105.127647,105.127647,0.0,0.0,0.0,0.0,0.0,0.0,0.0,0.0,0.0,0.0,0.0,0.0,0.0,0.0,0.0,0.0,0.0,0.0,0.0,0.0,0.0,0.0,0.0,0.0,0.0,0.0,0.0,89,12,36,22.25,9.010411,89,12682994.206746,4.0,12.002604,4.505205,0.191227,81.1875,4,Benign
5.0,0.0,1.0,17.014088,17.014088,0.0,0.0,0.0,0.0,0.0,0.0,0.0,0.0,0.0,0.0,0.0,0.0,0.0,0.0,0.0,0.0,0.0,0.0,0.0,0.0,0.0,0.0,0.0,0.0,0.0,0.0,0.0,676,12,50,39.764706,11.363147,676,62448248.267174,17.0,10.030404,2.755968,0.109829,129.121107,17,Benign
5.0,0.0,1.0,37.057438,37.057438,0.0,0.0,0.0,0.0,0.0,0.0,0.0,0.0,0.0,0.0,0.0,0.0,0.0,0.0,0.0,0.0,0.0,0.0,0.0,0.0,0.0,0.0,0.0,0.0,0.0,0.0,0.0,1316,11,50,35.567568,14.570501,1316,27734723.356035,37.0,6.318893,2.395376,-0.035495,212.299489,37,Benign
5.0,0.0,0.0,95.372235,95.372235,0.0,0.0,0.0,0.0,0.0,0.0,0.0,0.0,0.0,0.0,0.0,0.0,0.0,0.0,0.0,0.0,0.0,0.0,0.0,0.0,0.0,0.0,0.0,0.0,0.0,0.0,0.0,89,12,36,22.25,9.010411,89,13980309.168498,4.0,12.002604,4.505205,0.15738,81.1875,4,Benign
5.0,0.0,1.0,173.204456,173.204456,0.0,0.0,0.0,0.0,0.0,0.0,0.0,0.0,0.0,0.0,0.0,0.0,0.0,0.0,0.0,0.0,0.0,0.0,0.0,0.0,0.0,0.0,0.0,0.0,0.0,0.0,0.0,4128,12,36,24.0,12.0,4128,5807286.814639,172.0,2.045983,0.914991,-0.070227,144.0,172,BT-DoS
5.0,0.0,0.5,4.100697,4.100697,0.0,0.0,0.0,0.0,0.0,0.0,0.0,0.0,0.0,0.0,0.0,0.0,0.0,0.0,0.0,0.0,0.0,0.0,0.0,0.0,0.0,0.0,0.0,0.0,0.0,0.0,0.0,36,18,18,18.0,0.0,36,487721920.013428,2.0,12.727922,0.0,0.0,0.0,2,Benign
5.0,0.0,1.0,39.89084,39.89084,0.0,0.0,0.0,0.0,0.0,0.0,0.0,0.0,0.0,0.0,0.0,0.0,0.0,0.0,0.0,0.0,0.0,0.0,0.0,0.0,0.0,0.0,0.0,0.0,0.0,0.0,0.0,1745,19,50,44.74359,8.672733,1745,25728106.498718,39.0,7.298059,1.388749,0.069096,75.216305,39,Benign
5.0,0.0,1.0,161.454564,161.454564,0.0,0.0,0.0,0.0,0.0,0.0,0.0,0.0,0.0,0.0,0.0,0.0,0.0,0.0,0.0,0.0,0.0,0.0,0.0,0.0,0.0,0.0,0.0,0.0,0.0,0.0,0.0,3840,12,36,24.0,12.0,3840,6232647.02611,160.0,2.12132,0.948683,-0.075548,144.0,160,BT-DoS
5.0,0.0,1.0,165.652016,165.652016,0.0,0.0,0.0,0.0,0.0,0.0,0.0,0.0,0.0,0.0,0.0,0.0,0.0,0.0,0.0,0.0,0.0,0.0,0.0,0.0,0.0,0.0,0.0,0.0,0.0,0.0,0.0,3936,12,36,24.0,12.0,3936,6073786.437146,164.0,2.095291,0.937043,-0.073513,144.0,164,BT-DoS
5.0,0.0,1.0,157.258048,157.258048,0.0,0.0,0.0,0.0,0.0,0.0,0.0,0.0,0.0,0.0,0.0,0.0,0.0,0.0,0.0,0.0,0.0,0.0,0.0,0.0,0.0,0.0,0.0,0.0,0.0,0.0,0.0,3744,12,36,24.0,12.0,3744,6400000.664496,156.0,2.148345,0.960769,-0.077592,144.0,156,BT-DoS
5.0,0.0,1.0,139.112354,139.112354,0.0,0.0,0.0,0.0,0.0,0.0,0.0,0.0,0.0,0.0,0.0,0.0,0.0,0.0,0.0,0.0,0.0,0.0,0.0,0.0,0.0,0.0,0.0,0.0,0.0,0.0,0.0,3312,12,36,24.0,12.0,3312,7240904.508716,138.0,2.284161,1.021508,-0.087966,144.0,138,BT-DoS
5.0,0.0,1.0,175.405695,175.405695,0.0,0.0,0.0,0.0,0.0,0.0,0.0,0.0,0.0,0.0,0.0,0.0,0.0,0.0,0.0,0.0,0.0,0.0,0.0,0.0,0.0,0.0,0.0,0.0,0.0,0.0,0.0,4176,12,36,24.0,12.0,4176,5734023.331218,174.0,2.034191,0.909718,-0.069397,144.0,174,BT-DoS
5.0,0.0,0.9,39.993168,39.993168,0.0,0.0,0.0,0.0,0.0,0.0,0.0,0.0,0.0,0.0,0.0,0.0,0.0,0.0,0.0,0.0,0.0,0.0,0.0,0.0,0.0,0.0,0.0,0.0,0.0,0.0,0.0,1544,8,50,41.72973,11.455315,1544,25698833.995395,37.0,7.114117,1.883242,0.037499,131.224251,37,Benign
5.0,0.0,1.0,163.322254,163.322254,0.0,0.0,0.0,0.0,0.0,0.0,0.0,0.0,0.0,0.0,0.0,0.0,0.0,0.0,0.0,0.0,0.0,0.0,0.0,0.0,0.0,0.0,0.0,0.0,0.0,0.0,0.0,3888,12,36,24.0,12.0,3888,6160894.536084,162.0,2.108185,0.942809,-0.074692,144.0,162,BT-DoS
5.0,0.0,1.0,151.360267,151.360267,0.0,0.0,0.0,0.0,0.0,0.0,0.0,0.0,0.0,0.0,0.0,0.0,0.0,0.0,0.0,0.0,0.0,0.0,0.0,0.0,0.0,0.0,0.0,0.0,0.0,0.0,0.0,3600,12,36,24.0,12.0,3600,6651094.295835,150.0,2.19089,0.979796,-0.0807,144.0,150,BT-DoS
5.0,0.0,0.9,73.106214,73.106214,0.0,0.0,0.0,0.0,0.0,0.0,0.0,0.0,0.0,0.0,0.0,0.0,0.0,0.0,0.0,0.0,0.0,0.0,0.0,0.0,0.0,0.0,0.0,0.0,0.0,0.0,0.0,2954,19,50,44.757576,5.723584,2954,13889169.692993,66.0,5.554141,0.704524,0.045091,32.759412,66,Benign
5.0,0.0,1.0,161.297167,161.297167,0.0,0.0,0.0,0.0,0.0,0.0,0.0,0.0,0.0,0.0,0.0,0.0,0.0,0.0,0.0,0.0,0.0,0.0,0.0,0.0,0.0,0.0,0.0,0.0,0.0,0.0,0.0,3840,12,36,24.0,12.0,3840,6238728.949109,160.0,2.12132,0.948683,-0.075603,144.0,160,BT-DoS
5.0,0.0,1.0,12.121799,12.121799,0.0,0.0,0.0,0.0,0.0,0.0,0.0,0.0,0.0,0.0,0.0,0.0,0.0,0.0,0.0,0.0,0.0,0.0,0.0,0.0,0.0,0.0,0.0,0.0,0.0,0.0,0.0,424,18,50,35.333333,12.432037,424,89995644.309304,12.0,10.812801,3.58882,0.062339,154.555556,12,Benign
5.0,0.0,1.0,30.133551,30.133551,0.0,0.0,0.0,0.0,0.0,0.0,0.0,0.0,0.0,0.0,0.0,0.0,0.0,0.0,0.0,0.0,0.0,0.0,0.0,0.0,0.0,0.0,0.0,0.0,0.0,0.0,0.0,1315,8,50,43.833333,11.587589,1315,34329932.311486,30.0,8.277748,2.115595,-0.000163,134.272222,30,Benign
5.0,0.0,1.0,157.258237,157.258237,0.0,0.0,0.0,0.0,0.0,0.0,0.0,0.0,0.0,0.0,0.0,0.0,0.0,0.0,0.0,0.0,0.0,0.0,0.0,0.0,0.0,0.0,0.0,0.0,0.0,0.0,0.0,3744,12,36,24.0,12.0,3744,6399992.973574,156.0,2.148345,0.960769,-0.077626,144.0,156,BT-DoS
5.0,0.0,1.0,177.413623,177.413623,0.0,0.0,0.0,0.0,0.0,0.0,0.0,0.0,0.0,0.0,0.0,0.0,0.0,0.0,0.0,0.0,0.0,0.0,0.0,0.0,0.0,0.0,0.0,0.0,0.0,0.0,0.0,4224,12,36,24.0,12.0,4224,5668754.577637,176.0,2.0226,0.904534,-0.068613,144.0,176,BT-DoS
5.0,0.0,1.0,46.560495,46.560495,0.0,0.0,0.0,0.0,0.0,0.0,0.0,0.0,0.0,0.0,0.0,0.0,0.0,0.0,0.0,0.0,0.0,0.0,0.0,0.0,0.0,0.0,0.0,0.0,0.0,0.0,0.0,2068,18,50,44.956522,7.592778,2068,21954711.27828,46.0,6.722349,1.119494,-0.020696,57.650284,46,Benign
5.0,0.0,1.0,175.40481,175.40481,0.0,0.0,0.0,0.0,0.0,0.0,0.0,0.0,0.0,0.0,0.0,0.0,0.0,0.0,0.0,0.0,0.0,0.0,0.0,0.0,0.0,0.0,0.0,0.0,0.0,0.0,0.0,4176,12,36,24.0,12.0,4176,5734052.272201,174.0,2.034191,0.909718,-0.069427,144.0,174,BT-DoS
5.0,0.0,0.1,58.984981,58.984981,0.0,0.0,0.0,0.0,0.0,0.0,0.0,0.0,0.0,0.0,0.0,0.0,0.0,0.0,0.0,0.0,0.0,0.0,0.0,0.0,0.0,0.0,0.0,0.0,0.0,0.0,0.0,89,12,36,22.25,9.010411,89,22604624.430339,4.0,12.002604,4.505205,0.037494,81.1875,4,Benign
5.0,0.0,1.0,133.063031,133.063031,0.0,0.0,0.0,0.0,0.0,0.0,0.0,0.0,0.0,0.0,0.0,0.0,0.0,0.0,0.0,0.0,0.0,0.0,0.0,0.0,0.0,0.0,0.0,0.0,0.0,0.0,0.0,3168,12,36,24.0,12.0,3168,7572603.589706,132.0,2.335497,1.044466,-0.092076,144.0,132,BT-DoS
5.0,0.0,1.0,131.041098,131.041098,0.0,0.0,0.0,0.0,0.0,0.0,0.0,0.0,0.0,0.0,0.0,0.0,0.0,0.0,0.0,0.0,0.0,0.0,0.0,0.0,0.0,0.0,0.0,0.0,0.0,0.0,0.0,3120,12,36,24.0,12.0,3120,7690350.21464,130.0,2.353394,1.05247,-0.093532,144.0,130,BT-DoS
5.0,0.0,1.0,45.03481,45.03481,0.0,0.0,0.0,0.0,0.0,0.0,0.0,0.0,0.0,0.0,0.0,0.0,0.0,0.0,0.0,0.0,0.0,0.0,0.0,0.0,0.0,0.0,0.0,0.0,0.0,0.0,0.0,2014,19,50,44.755556,6.922285,2014,22709705.612876,45.0,6.751095,1.031913,0.001046,47.918025,45,Benign
5.0,0.0,1.0,172.566515,172.566515,0.0,0.0,0.0,0.0,0.0,0.0,0.0,0.0,0.0,0.0,0.0,0.0,0.0,0.0,0.0,0.0,0.0,0.0,0.0,0.0,0.0,0.0,0.0,0.0,0.0,0.0,0.0,3984,12,36,24.0,12.0,3984,5829987.381444,166.0,2.08263,0.931381,-0.070623,144.0,166,BT-DoS
5.0,0.0,1.0,42.069208,42.069208,0.0,0.0,0.0,0.0,0.0,0.0,0.0,0.0,0.0,0.0,0.0,0.0,0.0,0.0,0.0,0.0,0.0,0.0,0.0,0.0,0.0,0.0,0.0,0.0,0.0,0.0,0.0,1783,18,50,42.452381,10.198512,1783,24350119.800102,42.0,6.736917,1.573664,0.014112,104.009637,42,Benign
5.0,0.0,0.8,9.12328,9.12328,0.0,0.0,0.0,0.0,0.0,0.0,0.0,0.0,0.0,0.0,0.0,0.0,0.0,0.0,0.0,0.0,0.0,0.0,0.0,0.0,0.0,0.0,0.0,0.0,0.0,0.0,0.0,272,23,43,38.857143,6.620932,272,127877990.404765,7.0,14.898295,2.502477,-0.608921,43.836735,7,Benign
5.0,0.0,1.0,82.210486,82.210486,0.0,0.0,0.0,0.0,0.0,0.0,0.0,0.0,0.0,0.0,0.0,0.0,0.0,0.0,0.0,0.0,0.0,0.0,0.0,0.0,0.0,0.0,0.0,0.0,0.0,0.0,0.0,3482,19,50,43.525,7.789376,3482,12317871.745629,80.0,4.943556,0.870879,0.040656,60.674375,80,Benign
5.0,0.0,1.0,310.627802,310.627802,0.0,0.0,0.0,0.0,0.0,0.0,0.0,0.0,0.0,0.0,0.0,0.0,0.0,0.0,0.0,0.0,0.0,0.0,0.0,0.0,0.0,0.0,0.0,0.0,0.0,0.0,0.0,7440,12,36,24.0,12.0,7440,3229705.261181,310.0,1.524002,0.681554,-0.038758,144.0,310,BT-DoS
5.0,0.0,0.2,22.452486,22.452486,0.0,0.0,0.0,0.0,0.0,0.0,0.0,0.0,0.0,0.0,0.0,0.0,0.0,0.0,0.0,0.0,0.0,0.0,0.0,0.0,0.0,0.0,0.0,0.0,0.0,0.0,0.0,89,12,36,22.25,9.010411,89,59384663.89974,4.0,12.002604,4.505205,0.368499,81.1875,4,Benign
5.0,0.0,1.0,45.991906,45.991906,0.0,0.0,0.0,0.0,0.0,0.0,0.0,0.0,0.0,0.0,0.0,0.0,0.0,0.0,0.0,0.0,0.0,0.0,0.0,0.0,0.0,0.0,0.0,0.0,0.0,0.0,0.0,1669,11,50,37.931818,14.826876,1669,22248606.349147,44.0,6.139772,2.235236,0.112775,219.83626,44,Benign
5.0,0.0,0.9,3.200232,3.200232,0.0,0.0,0.0,0.0,0.0,0.0,0.0,0.0,0.0,0.0,0.0,0.0,0.0,0.0,0.0,0.0,0.0,0.0,0.0,0.0,0.0,0.0,0.0,0.0,0.0,0.0,0.0,54,18,18,18.0,0.0,54,468716025.352478,3.0,10.392305,0.0,0.0,0.0,3,Benign
5.0,0.0,1.0,153.219935,153.219935,0.0,0.0,0.0,0.0,0.0,0.0,0.0,0.0,0.0,0.0,0.0,0.0,0.0,0.0,0.0,0.0,0.0,0.0,0.0,0.0,0.0,0.0,0.0,0.0,0.0,0.0,0.0,3648,12,36,24.0,12.0,3648,6569788.155966,152.0,2.176429,0.973329,-0.079664,144.0,152,BT-DoS
5.0,0.0,1.0,12.530503,12.530503,0.0,0.0,0.0,0.0,0.0,0.0,0.0,0.0,0.0,0.0,0.0,0.0,0.0,0.0,0.0,0.0,0.0,0.0,0.0,0.0,0.0,0.0,0.0,0.0,0.0,0.0,0.0,532,19,50,44.333333,9.312477,532,87060278.112238,12.0,13.077228,2.68828,0.466794,86.722222,12,Benign
5.0,0.0,0.1,47.985768,47.985768,0.0,0.0,0.0,0.0,0.0,0.0,0.0,0.0,0.0,0.0,0.0,0.0,0.0,0.0,0.0,0.0,0.0,0.0,0.0,0.0,0.0,0.0,0.0,0.0,0.0,0.0,0.0,89,12,36,22.25,9.010411,89,27786016.464233,4.0,12.002604,4.505205,0.315519,81.1875,4,Benign
5.0,0.0,0.1,79.555855,79.555855,0.0,0.0,0.0,0.0,0.0,0.0,0.0,0.0,0.0,0.0,0.0,0.0,0.0,0.0,0.0,0.0,0.0,0.0,0.0,0.0,0.0,0.0,0.0,0.0,0.0,0.0,0.0,89,12,36,22.25,9.010411,89,16759713.490804,4.0,12.002604,4.505205,0.086591,81.1875,4,Benign
5.0,0.0,1.0,163.638845,163.638845,0.0,0.0,0.0,0.0,0.0,0.0,0.0,0.0,0.0,0.0,0.0,0.0,0.0,0.0,0.0,0.0,0.0,0.0,0.0,0.0,0.0,0.0,0.0,0.0,0.0,0.0,0.0,3888,12,36,24.0,12.0,3888,6148975.087989,162.0,2.108185,0.942809,-0.074543,144.0,162,BT-DoS
5.0,0.0,1.0,31.073336,31.073336,0.0,0.0,0.0,0.0,0.0,0.0,0.0,0.0,0.0,0.0,0.0,0.0,0.0,0.0,0.0,0.0,0.0,0.0,0.0,0.0,0.0,0.0,0.0,0.0,0.0,0.0,0.0,1334,18,50,43.032258,9.106835,1334,33254663.149516,31.0,7.899999,1.635636,0.022029,82.934443,31,Benign
5.0,0.0,1.0,177.234254,177.234254,0.0,0.0,0.0,0.0,0.0,0.0,0.0,0.0,0.0,0.0,0.0,0.0,0.0,0.0,0.0,0.0,0.0,0.0,0.0,0.0,0.0,0.0,0.0,0.0,0.0,0.0,0.0,4224,12,36,24.0,12.0,4224,5674491.609846,176.0,2.0226,0.904534,-0.06862,144.0,176,BT-DoS
5.0,0.0,1.0,114.345467,114.345467,0.0,0.0,0.0,0.0,0.0,0.0,0.0,0.0,0.0,0.0,0.0,0.0,0.0,0.0,0.0,0.0,0.0,0.0,0.0,0.0,0.0,0.0,0.0,0.0,0.0,0.0,0.0,2640,12,36,24.0,12.0,2640,8825660.845555,110.0,2.558409,1.144155,-0.107688,144.0,110,BT-DoS
5.0,0.0,0.1,61.352525,61.352525,0.0,0.0,0.0,0.0,0.0,0.0,0.0,0.0,0.0,0.0,0.0,0.0,0.0,0.0,0.0,0.0,0.0,0.0,0.0,0.0,0.0,0.0,0.0,0.0,0.0,0.0,0.0,89,12,36,22.25,9.010411,89,21732330.322266,4.0,12.002604,4.505205,0.39227,81.1875,4,Benign
5.0,0.0,1.0,44.064371,44.064371,0.0,0.0,0.0,0.0,0.0,0.0,0.0,0.0,0.0,0.0,0.0,0.0,0.0,0.0,0.0,0.0,0.0,0.0,0.0,0.0,0.0,0.0,0.0,0.0,0.0,0.0,0.0,1927,20,50,44.813953,7.910122,1927,23234407.107035,43.0,6.939708,1.206282,0.002237,62.570038,43,Benign
5.0,0.0,1.0,41.040176,41.040176,0.0,0.0,0.0,0.0,0.0,0.0,0.0,0.0,0.0,0.0,0.0,0.0,0.0,0.0,0.0,0.0,0.0,0.0,0.0,0.0,0.0,0.0,0.0,0.0,0.0,0.0,0.0,1891,27,50,46.121951,5.666311,1891,24975526.332855,41.0,7.257194,0.884929,-0.016398,32.107079,41,Benign
5.0,0.0,1.0,25.357825,25.357825,0.0,0.0,0.0,0.0,0.0,0.0,0.0,0.0,0.0,0.0,0.0,0.0,0.0,0.0,0.0,0.0,0.0,0.0,0.0,0.0,0.0,0.0,0.0,0.0,0.0,0.0,0.0,1034,8,50,41.36,13.062557,1034,41078706.582387,25.0,8.674745,2.612511,0.246648,170.6304,25,Benign
5.0,0.0,1.0,374.745774,374.745774,0.0,0.0,0.0,0.0,0.0,0.0,0.0,0.0,0.0,0.0,0.0,0.0,0.0,0.0,0.0,0.0,0.0,0.0,0.0,0.0,0.0,0.0,0.0,0.0,0.0,0.0,0.0,8976,12,36,24.0,12.0,8976,2675629.812655,374.0,1.387492,0.620505,-0.032027,144.0,374,BT-DoS
5.0,0.0,1.0,280.564232,280.564232,0.0,0.0,0.0,0.0,0.0,0.0,0.0,0.0,0.0,0.0,0.0,0.0,0.0,0.0,0.0,0.0,0.0,0.0,0.0,0.0,0.0,0.0,0.0,0.0,0.0,0.0,0.0,6720,12,36,24.0,12.0,6720,3577021.287761,280.0,1.603567,0.717137,-0.042993,144.0,280,BT-DoS
5.0,0.0,1.0,35.096481,35.096481,0.0,0.0,0.0,0.0,0.0,0.0,0.0,0.0,0.0,0.0,0.0,0.0,0.0,0.0,0.0,0.0,0.0,0.0,0.0,0.0,0.0,0.0,0.0,0.0,0.0,0.0,0.0,1489,18,50,43.794118,9.946266,1489,29356306.249445,34.0,7.701896,1.70577,0.09991,98.928201,34,Benign
5.0,0.0,0.9,37.372643,37.372643,0.0,0.0,0.0,0.0,0.0,0.0,0.0,0.0,0.0,0.0,0.0,0.0,0.0,0.0,0.0,0.0,0.0,0.0,0.0,0.0,0.0,0.0,0.0,0.0,0.0,0.0,0.0,1478,18,50,42.228571,10.045854,1478,27544526.492848,35.0,7.33713,1.698059,0.005945,100.919184,35,Benign
5.0,0.0,1.0,364.718166,364.718166,0.0,0.0,0.0,0.0,0.0,0.0,0.0,0.0,0.0,0.0,0.0,0.0,0.0,0.0,0.0,0.0,0.0,0.0,0.0,0.0,0.0,0.0,0.0,0.0,0.0,0.0,0.0,8736,12,36,24.0,12.0,8736,2749396.421364,364.0,1.406422,0.628971,-0.032892,144.0,364,BT-DoS
5.0,0.0,0.9,40.116961,40.116961,0.0,0.0,0.0,0.0,0.0,0.0,0.0,0.0,0.0,0.0,0.0,0.0,0.0,0.0,0.0,0.0,0.0,0.0,0.0,0.0,0.0,0.0,0.0,0.0,0.0,0.0,0.0,1598,19,50,44.388889,8.394038,1598,25639316.013881,36.0,7.529264,1.399006,0.098172,70.459877,36,Benign
5.0,0.0,1.0,155.254905,155.254905,0.0,0.0,0.0,0.0,0.0,0.0,0.0,0.0,0.0,0.0,0.0,0.0,0.0,0.0,0.0,0.0,0.0,0.0,0.0,0.0,0.0,0.0,0.0,0.0,0.0,0.0,0.0,3696,12,36,24.0,12.0,3696,6483118.518505,154.0,2.16225,0.966988,-0.078631,144.0,154,BT-DoS
5.0,0.0,1.0,171.36576,171.36576,0.0,0.0,0.0,0.0,0.0,0.0,0.0,0.0,0.0,0.0,0.0,0.0,0.0,0.0,0.0,0.0,0.0,0.0,0.0,0.0,0.0,0.0,0.0,0.0,0.0,0.0,0.0,4080,12,36,24.0,12.0,4080,5870000.850519,170.0,2.057983,0.920358,-0.071099,144.0,170,BT-DoS
5.0,0.0,0.7,9.749508,9.749508,0.0,0.0,0.0,0.0,0.0,0.0,0.0,0.0,0.0,0.0,0.0,0.0,0.0,0.0,0.0,0.0,0.0,0.0,0.0,0.0,0.0,0.0,0.0,0.0,0.0,0.0,0.0,239,12,50,34.142857,15.329044,239,119664152.463277,7.0,14.145743,5.793834,1.77652,234.979592,7,Benign
5.0,0.0,1.0,166.32138,166.32138,0.0,0.0,0.0,0.0,0.0,0.0,0.0,0.0,0.0,0.0,0.0,0.0,0.0,0.0,0.0,0.0,0.0,0.0,0.0,0.0,0.0,0.0,0.0,0.0,0.0,0.0,0.0,3840,12,36,24.0,12.0,3840,6050270.308489,160.0,2.12132,0.948683,-0.073348,144.0,160,BT-DoS
5.0,0.0,1.0,78.288736,78.288736,0.0,0.0,0.0,0.0,0.0,0.0,0.0,0.0,0.0,0.0,0.0,0.0,0.0,0.0,0.0,0.0,0.0,0.0,0.0,0.0,0.0,0.0,0.0,0.0,0.0,0.0,0.0,3412,19,50,43.74359,7.071858,3412,12939115.623375,78.0,5.017294,0.80073,0.04232,50.011177,78,Benign
5.0,0.0,1.0,23.208809,23.208809,0.0,0.0,0.0,0.0,0.0,0.0,0.0,0.0,0.0,0.0,0.0,0.0,0.0,0.0,0.0,0.0,0.0,0.0,0.0,0.0,0.0,0.0,0.0,0.0,0.0,0.0,0.0,963,18,50,41.869565,9.279732,963,45045592.568137,23.0,8.942264,1.934958,-0.399833,86.113422,23,Benign
5.0,0.0,0.9,45.787248,45.787248,0.0,0.0,0.0,0.0,0.0,0.0,0.0,0.0,0.0,0.0,0.0,0.0,0.0,0.0,0.0,0.0,0.0,0.0,0.0,0.0,0.0,0.0,0.0,0.0,0.0,0.0,0.0,1812,19,50,44.195122,7.600448,1812,22386145.591736,41.0,7.003441,1.186991,-0.005203,57.766805,41,Benign
5.0,0.0,0.1,72.703547,72.703547,0.0,0.0,0.0,0.0,0.0,0.0,0.0,0.0,0.0,0.0,0.0,0.0,0.0,0.0,0.0,0.0,0.0,0.0,0.0,0.0,0.0,0.0,0.0,0.0,0.0,0.0,0.0,89,12,36,22.25,9.010411,89,18339316.050212,4.0,12.002604,4.505205,0.100404,81.1875,4,Benign
5.0,0.0,1.0,39.097391,39.097391,0.0,0.0,0.0,0.0,0.0,0.0,0.0,0.0,0.0,0.0,0.0,0.0,0.0,0.0,0.0,0.0,0.0,0.0,0.0,0.0,0.0,0.0,0.0,0.0,0.0,0.0,0.0,1672,19,50,42.871795,9.656085,1672,26250236.912778,39.0,7.036955,1.546211,0.088392,93.239974,39,Benign
5.0,0.0,0.9,23.014696,23.014696,0.0,0.0,0.0,0.0,0.0,0.0,0.0,0.0,0.0,0.0,0.0,0.0,0.0,0.0,0.0,0.0,0.0,0.0,0.0,0.0,0.0,0.0,0.0,0.0,0.0,0.0,0.0,540,12,36,27.0,9.949874,540,45737366.927297,20.0,6.434283,2.22486,-0.114806,99.0,20,Benign
5.0,0.0,1.0,41.713089,41.713089,0.0,0.0,0.0,0.0,0.0,0.0,0.0,0.0,0.0,0.0,0.0,0.0,0.0,0.0,0.0,0.0,0.0,0.0,0.0,0.0,0.0,0.0,0.0,0.0,0.0,0.0,0.0,1849,22,50,45.097561,7.070395,1849,24572622.776031,41.0,7.129089,1.10421,-0.026621,49.990482,41,Benign
5.0,0.0,1.0,43.809971,43.809971,0.0,0.0,0.0,0.0,0.0,0.0,0.0,0.0,0.0,0.0,0.0,0.0,0.0,0.0,0.0,0.0,0.0,0.0,0.0,0.0,0.0,0.0,0.0,0.0,0.0,0.0,0.0,1892,20,50,45.047619,6.914279,1892,23382582.315585,42.0,7.0324,1.066896,0.028199,47.807256,42,Benign
5.0,0.0,0.7,18.349947,18.349947,0.0,0.0,0.0,0.0,0.0,0.0,0.0,0.0,0.0,0.0,0.0,0.0,0.0,0.0,0.0,0.0,0.0,0.0,0.0,0.0,0.0,0.0,0.0,0.0,0.0,0.0,0.0,184,11,33,15.333333,5.920773,184,59450257.908214,12.0,4.74488,1.70918,0.165001,35.055556,12,Benign
5.0,0.0,0.0,107.02895,107.02895,0.0,0.0,0.0,0.0,0.0,0.0,0.0,0.0,0.0,0.0,0.0,0.0,0.0,0.0,0.0,0.0,0.0,0.0,0.0,0.0,0.0,0.0,0.0,0.0,0.0,0.0,0.0,89,12,36,22.25,9.010411,89,12457688.649495,4.0,12.002604,4.505205,0.182377,81.1875,4,Benign
5.0,0.0,1.0,187.122637,187.122637,0.0,0.0,0.0,0.0,0.0,0.0,0.0,0.0,0.0,0.0,0.0,0.0,0.0,0.0,0.0,0.0,0.0,0.0,0.0,0.0,0.0,0.0,0.0,0.0,0.0,0.0,0.0,4320,12,36,24.0,12.0,4320,5373944.11737,180.0,2.0,0.894427,-0.065022,144.0,180,BT-DoS
5.0,0.0,0.9,3.200143,3.200143,0.0,0.0,0.0,0.0,0.0,0.0,0.0,0.0,0.0,0.0,0.0,0.0,0.0,0.0,0.0,0.0,0.0,0.0,0.0,0.0,0.0,0.0,0.0,0.0,0.0,0.0,0.0,54,18,18,18.0,0.0,54,468729019.165039,3.0,10.392305,0.0,0.0,0.0,3,Benign
5.0,0.0,1.0,47.028502,47.028502,0.0,0.0,0.0,0.0,0.0,0.0,0.0,0.0,0.0,0.0,0.0,0.0,0.0,0.0,0.0,0.0,0.0,0.0,0.0,0.0,0.0,0.0,0.0,0.0,0.0,0.0,0.0,2097,18,50,44.617021,8.830684,2097,21725955.216781,47.0,6.634307,1.288088,0.048206,77.980987,47,Benign
5.0,0.0,1.0,129.030849,129.030849,0.0,0.0,0.0,0.0,0.0,0.0,0.0,0.0,0.0,0.0,0.0,0.0,0.0,0.0,0.0,0.0,0.0,0.0,0.0,0.0,0.0,0.0,0.0,0.0,0.0,0.0,0.0,3072,12,36,24.0,12.0,3072,7811108.91207,128.0,2.371708,1.06066,-0.095025,144.0,128,BT-DoS
5.0,0.0,1.0,60.18761,60.18761,0.0,0.0,0.0,0.0,0.0,0.0,0.0,0.0,0.0,0.0,0.0,0.0,0.0,0.0,0.0,0.0,0.0,0.0,0.0,0.0,0.0,0.0,0.0,0.0,0.0,0.0,0.0,2367,11,50,39.45,13.240626,2367,16896320.601641,60.0,5.372176,1.709357,0.124152,175.314167,60,Benign
5.0,0.0,1.0,163.300194,163.300194,0.0,0.0,0.0,0.0,0.0,0.0,0.0,0.0,0.0,0.0,0.0,0.0,0.0,0.0,0.0,0.0,0.0,0.0,0.0,0.0,0.0,0.0,0.0,0.0,0.0,0.0,0.0,3888,12,36,24.0,12.0,3888,6161726.779819,162.0,2.108185,0.942809,-0.074639,144.0,162,BT-DoS
5.0,0.0,1.0,155.241621,155.241621,0.0,0.0,0.0,0.0,0.0,0.0,0.0,0.0,0.0,0.0,0.0,0.0,0.0,0.0,0.0,0.0,0.0,0.0,0.0,0.0,0.0,0.0,0.0,0.0,0.0,0.0,0.0,3696,12,36,24.0,12.0,3696,6483673.270232,154.0,2.16225,0.966988,-0.078638,144.0,154,BT-DoS
5.0,0.0,0.1,42.304319,42.304319,0.0,0.0,0.0,0.0,0.0,0.0,0.0,0.0,0.0,0.0,0.0,0.0,0.0,0.0,0.0,0.0,0.0,0.0,0.0,0.0,0.0,0.0,0.0,0.0,0.0,0.0,0.0,89,12,36,22.25,9.010411,89,31517664.591471,4.0,12.002604,4.505205,-0.093184,81.1875,4,Benign
5.0,0.0,1.0,179.43801,179.43801,0.0,0.0,0.0,0.0,0.0,0.0,0.0,0.0,0.0,0.0,0.0,0.0,0.0,0.0,0.0,0.0,0.0,0.0,0.0,0.0,0.0,0.0,0.0,0.0,0.0,0.0,0.0,4272,12,36,24.0,12.0,4272,5604440.883055,178.0,2.011205,0.899438,-0.067821,144.0,178,BT-DoS
5.0,0.0,0.9,175.102543,175.102543,0.0,0.0,0.0,0.0,0.0,0.0,0.0,0.0,0.0,0.0,0.0,0.0,0.0,0.0,0.0,0.0,0.0,0.0,0.0,0.0,0.0,0.0,0.0,0.0,0.0,0.0,0.0,3984,12,36,24.0,12.0,3984,5745551.080415,166.0,2.08263,0.931381,-0.069526,144.0,166,BT-DoS
5.0,0.0,1.0,173.406667,173.406667,0.0,0.0,0.0,0.0,0.0,0.0,0.0,0.0,0.0,0.0,0.0,0.0,0.0,0.0,0.0,0.0,0.0,0.0,0.0,0.0,0.0,0.0,0.0,0.0,0.0,0.0,0.0,4128,12,36,24.0,12.0,4128,5800514.890437,172.0,2.045983,0.914991,-0.070239,144.0,172,BT-DoS
5.0,0.0,1.0,164.562974,164.562974,0.0,0.0,0.0,0.0,0.0,0.0,0.0,0.0,0.0,0.0,0.0,0.0,0.0,0.0,0.0,0.0,0.0,0.0,0.0,0.0,0.0,0.0,0.0,0.0,0.0,0.0,0.0,3792,12,36,24.0,12.0,3792,6115406.182162,158.0,2.134704,0.954669,-0.074143,144.0,158,BT-DoS
5.0,0.0,0.1,67.168241,67.168241,0.0,0.0,0.0,0.0,0.0,0.0,0.0,0.0,0.0,0.0,0.0,0.0,0.0,0.0,0.0,0.0,0.0,0.0,0.0,0.0,0.0,0.0,0.0,0.0,0.0,0.0,0.0,89,12,36,22.25,9.010411,89,19850651.423136,4.0,12.002604,4.505205,0.072401,81.1875,4,Benign
5.0,0.0,1.0,276.763208,276.763208,0.0,0.0,0.0,0.0,0.0,0.0,0.0,0.0,0.0,0.0,0.0,0.0,0.0,0.0,0.0,0.0,0.0,0.0,0.0,0.0,0.0,0.0,0.0,0.0,0.0,0.0,0.0,6576,12,36,24.0,12.0,6576,3626432.174291,274.0,1.62103,0.724947,-0.043555,144.0,274,BT-DoS
5.0,0.0,1.0,44.108284,44.108284,0.0,0.0,0.0,0.0,0.0,0.0,0.0,0.0,0.0,0.0,0.0,0.0,0.0,0.0,0.0,0.0,0.0,0.0,0.0,0.0,0.0,0.0,0.0,0.0,0.0,0.0,0.0,1558,11,50,37.095238,14.613773,1558,23224441.016593,42.0,6.152079,2.254954,0.099714,213.562358,42,Benign
5.0,0.0,1.0,129.029764,129.029764,0.0,0.0,0.0,0.0,0.0,0.0,0.0,0.0,0.0,0.0,0.0,0.0,0.0,0.0,0.0,0.0,0.0,0.0,0.0,0.0,0.0,0.0,0.0,0.0,0.0,0.0,0.0,3072,12,36,24.0,12.0,3072,7811174.617978,128.0,2.371708,1.06066,-0.095042,144.0,128,BT-DoS
5.0,0.0,1.0,100.254731,100.254731,0.0,0.0,0.0,0.0,0.0,0.0,0.0,0.0,0.0,0.0,0.0,0.0,0.0,0.0,0.0,0.0,0.0,0.0,0.0,0.0,0.0,0.0,0.0,0.0,0.0,0.0,0.0,3856,19,50,39.346939,11.934431,3856,10077422.427148,98.0,4.15345,1.20556,0.071925,142.430654,98,Benign
5.0,0.0,1.0,20.030971,20.030971,0.0,0.0,0.0,0.0,0.0,0.0,0.0,0.0,0.0,0.0,0.0,0.0,0.0,0.0,0.0,0.0,0.0,0.0,0.0,0.0,0.0,0.0,0.0,0.0,0.0,0.0,0.0,540,12,36,27.0,9.949874,540,52550202.921817,20.0,6.434283,2.22486,-0.217533,99.0,20,Benign
5.0,0.0,1.0,22.906574,22.906574,0.0,0.0,0.0,0.0,0.0,0.0,0.0,0.0,0.0,0.0,0.0,0.0,0.0,0.0,0.0,0.0,0.0,0.0,0.0,0.0,0.0,0.0,0.0,0.0,0.0,0.0,0.0,612,12,36,27.818182,9.833322,612,45734428.224109,22.0,6.290489,2.096471,-0.210639,96.694215,22,Benign
5.0,0.0,1.0,119.18988,119.18988,0.0,0.0,0.0,0.0,0.0,0.0,0.0,0.0,0.0,0.0,0.0,0.0,0.0,0.0,0.0,0.0,0.0,0.0,0.0,0.0,0.0,0.0,0.0,0.0,0.0,0.0,0.0,2832,12,36,24.0,12.0,2832,8461683.224409,118.0,2.470161,1.10469,-0.103093,144.0,118,BT-DoS
5.0,0.0,1.0,68.535064,68.535064,0.0,0.0,0.0,0.0,0.0,0.0,0.0,0.0,0.0,0.0,0.0,0.0,0.0,0.0,0.0,0.0,0.0,0.0,0.0,0.0,0.0,0.0,0.0,0.0,0.0,0.0,0.0,2998,19,50,44.746269,7.176544,2998,14812147.97858,67.0,5.536489,0.876754,0.047217,51.502785,67,Benign
5.0,0.0,1.0,45.02657,45.02657,0.0,0.0,0.0,0.0,0.0,0.0,0.0,0.0,0.0,0.0,0.0,0.0,0.0,0.0,0.0,0.0,0.0,0.0,0.0,0.0,0.0,0.0,0.0,0.0,0.0,0.0,0.0,2058,19,50,45.733333,6.868285,2058,22713861.682198,45.0,6.893977,1.023863,0.023949,47.173333,45,Benign
5.0,0.0,1.0,48.203996,48.203996,0.0,0.0,0.0,0.0,0.0,0.0,0.0,0.0,0.0,0.0,0.0,0.0,0.0,0.0,0.0,0.0,0.0,0.0,0.0,0.0,0.0,0.0,0.0,0.0,0.0,0.0,0.0,2085,8,50,43.4375,9.987297,2085,21186554.685552,48.0,6.433251,1.441542,0.062732,99.746094,48,Benign
5.0,0.0,0.9,52.893989,52.893989,0.0,0.0,0.0,0.0,0.0,0.0,0.0,0.0,0.0,0.0,0.0,0.0,0.0,0.0,0.0,0.0,0.0,0.0,0.0,0.0,0.0,0.0,0.0,0.0,0.0,0.0,0.0,1926,8,50,38.52,15.292142,1926,19291571.208409,50.0,5.861126,2.162635,0.152701,233.8496,50,Benign
5.0,0.0,0.9,13.689894,13.689894,0.0,0.0,0.0,0.0,0.0,0.0,0.0,0.0,0.0,0.0,0.0,0.0,0.0,0.0,0.0,0.0,0.0,0.0,0.0,0.0,0.0,0.0,0.0,0.0,0.0,0.0,0.0,184,11,33,15.333333,5.920773,184,79687183.553522,12.0,4.74488,1.70918,0.22381,35.055556,12,Benign
5.0,0.0,1.0,153.234445,153.234445,0.0,0.0,0.0,0.0,0.0,0.0,0.0,0.0,0.0,0.0,0.0,0.0,0.0,0.0,0.0,0.0,0.0,0.0,0.0,0.0,0.0,0.0,0.0,0.0,0.0,0.0,0.0,3648,12,36,24.0,12.0,3648,6569166.057157,152.0,2.176429,0.973329,-0.079709,144.0,152,BT-DoS
5.0,0.0,1.0,41.98807,41.98807,0.0,0.0,0.0,0.0,0.0,0.0,0.0,0.0,0.0,0.0,0.0,0.0,0.0,0.0,0.0,0.0,0.0,0.0,0.0,0.0,0.0,0.0,0.0,0.0,0.0,0.0,0.0,1827,18,50,44.560976,8.021461,1827,24411696.195602,41.0,7.07111,1.252742,0.001221,64.343843,41,Benign
5.0,0.0,1.0,161.296004,161.296004,0.0,0.0,0.0,0.0,0.0,0.0,0.0,0.0,0.0,0.0,0.0,0.0,0.0,0.0,0.0,0.0,0.0,0.0,0.0,0.0,0.0,0.0,0.0,0.0,0.0,0.0,0.0,3840,12,36,24.0,12.0,3840,6238773.933747,160.0,2.12132,0.948683,-0.075609,144.0,160,BT-DoS
5.0,0.0,1.0,153.232162,153.232162,0.0,0.0,0.0,0.0,0.0,0.0,0.0,0.0,0.0,0.0,0.0,0.0,0.0,0.0,0.0,0.0,0.0,0.0,0.0,0.0,0.0,0.0,0.0,0.0,0.0,0.0,0.0,3648,12,36,24.0,12.0,3648,6569263.950878,152.0,2.176429,0.973329,-0.0797,144.0,152,BT-DoS
5.0,0.0,1.0,147.612347,147.612347,0.0,0.0,0.0,0.0,0.0,0.0,0.0,0.0,0.0,0.0,0.0,0.0,0.0,0.0,0.0,0.0,0.0,0.0,0.0,0.0,0.0,0.0,0.0,0.0,0.0,0.0,0.0,3408,12,36,24.0,12.0,3408,6822547.168596,142.0,2.25176,1.007018,-0.082861,144.0,142,BT-DoS
5.0,0.0,0.9,52.797849,52.797849,0.0,0.0,0.0,0.0,0.0,0.0,0.0,0.0,0.0,0.0,0.0,0.0,0.0,0.0,0.0,0.0,0.0,0.0,0.0,0.0,0.0,0.0,0.0,0.0,0.0,0.0,0.0,2065,19,50,43.020833,8.787988,2065,19343147.88656,48.0,6.337752,1.268437,0.087538,77.228733,48,Benign
5.0,0.0,1.0,159.109475,159.109475,0.0,0.0,0.0,0.0,0.0,0.0,0.0,0.0,0.0,0.0,0.0,0.0,0.0,0.0,0.0,0.0,0.0,0.0,0.0,0.0,0.0,0.0,0.0,0.0,0.0,0.0,0.0,3792,12,36,24.0,12.0,3792,6325012.559344,158.0,2.134704,0.954669,-0.076623,144.0,158,BT-DoS
5.0,0.0,0.9,22.607251,22.607251,0.0,0.0,0.0,0.0,0.0,0.0,0.0,0.0,0.0,0.0,0.0,0.0,0.0,0.0,0.0,0.0,0.0,0.0,0.0,0.0,0.0,0.0,0.0,0.0,0.0,0.0,0.0,540,12,36,27.0,9.949874,540,46561680.342022,20.0,6.434283,2.22486,-0.098269,99.0,20,Benign
5.0,0.0,1.0,38.27149,38.27149,0.0,0.0,0.0,0.0,0.0,0.0,0.0,0.0,0.0,0.0,0.0,0.0,0.0,0.0,0.0,0.0,0.0,0.0,0.0,0.0,0.0,0.0,0.0,0.0,0.0,0.0,0.0,1679,36,50,45.378378,5.379397,1679,26854919.06272,37.0,7.512395,0.884367,0.019236,28.937911,37,Benign
5.0,0.0,1.0,40.070936,40.070936,0.0,0.0,0.0,0.0,0.0,0.0,0.0,0.0,0.0,0.0,0.0,0.0,0.0,0.0,0.0,0.0,0.0,0.0,0.0,0.0,0.0,0.0,0.0,0.0,0.0,0.0,0.0,1715,18,50,43.974359,7.988733,1715,25612473.487854,39.0,7.156786,1.279221,-0.019654,63.819855,39,Benign
5.0,0.0,0.9,45.883551,45.883551,0.0,0.0,0.0,0.0,0.0,0.0,0.0,0.0,0.0,0.0,0.0,0.0,0.0,0.0,0.0,0.0,0.0,0.0,0.0,0.0,0.0,0.0,0.0,0.0,0.0,0.0,0.0,1567,11,50,36.44186,14.931319,1567,22313214.483715,43.0,6.005721,2.277005,0.190811,222.944294,43,Benign
5.0,0.0,0.9,171.68029,171.68029,0.0,0.0,0.0,0.0,0.0,0.0,0.0,0.0,0.0,0.0,0.0,0.0,0.0,0.0,0.0,0.0,0.0,0.0,0.0,0.0,0.0,0.0,0.0,0.0,0.0,0.0,0.0,3840,12,36,24.0,12.0,3840,5861414.30357,160.0,2.12132,0.948683,-0.071038,144.0,160,BT-DoS
5.0,0.0,1.0,55.633513,55.633513,0.0,0.0,0.0,0.0,0.0,0.0,0.0,0.0,0.0,0.0,0.0,0.0,0.0,0.0,0.0,0.0,0.0,0.0,0.0,0.0,0.0,0.0,0.0,0.0,0.0,0.0,0.0,2291,8,50,43.226415,10.00121,2291,18320445.831005,53.0,6.094456,1.373772,0.044255,100.024208,53,Benign
5.0,0.0,1.0,167.339215,167.339215,0.0,0.0,0.0,0.0,0.0,0.0,0.0,0.0,0.0,0.0,0.0,0.0,0.0,0.0,0.0,0.0,0.0,0.0,0.0,0.0,0.0,0.0,0.0,0.0,0.0,0.0,0.0,3984,12,36,24.0,12.0,3984,6012103.05185,166.0,2.08263,0.931381,-0.072832,144.0,166,BT-DoS
5.0,0.0,1.0,96.02871,96.02871,0.0,0.0,0.0,0.0,0.0,0.0,0.0,0.0,0.0,0.0,0.0,0.0,0.0,0.0,0.0,0.0,0.0,0.0,0.0,0.0,0.0,0.0,0.0,0.0,0.0,0.0,0.0,4256,19,50,44.333333,6.520268,4256,10523168.66423,96.0,4.573427,0.665472,0.035943,42.513889,96,Benign
5.0,0.0,1.0,149.687684,149.687684,0.0,0.0,0.0,0.0,0.0,0.0,0.0,0.0,0.0,0.0,0.0,0.0,0.0,0.0,0.0,0.0,0.0,0.0,0.0,0.0,0.0,0.0,0.0,0.0,0.0,0.0,0.0,3456,12,36,24.0,12.0,3456,6727293.654755,144.0,2.236068,1.0,-0.081686,144.0,144,BT-DoS
5.0,0.0,1.0,38.828399,38.828399,0.0,0.0,0.0,0.0,0.0,0.0,0.0,0.0,0.0,0.0,0.0,0.0,0.0,0.0,0.0,0.0,0.0,0.0,0.0,0.0,0.0,0.0,0.0,0.0,0.0,0.0,0.0,1728,20,50,45.473684,6.443017,1728,26450408.471597,38.0,7.450483,1.045195,-0.025474,41.512465,38,Benign
5.0,0.0,1.0,16.026591,16.026591,0.0,0.0,0.0,0.0,0.0,0.0,0.0,0.0,0.0,0.0,0.0,0.0,0.0,0.0,0.0,0.0,0.0,0.0,0.0,0.0,0.0,0.0,0.0,0.0,0.0,0.0,0.0,636,12,50,39.75,12.681187,636,66556056.340535,16.0,10.430949,3.170297,0.425172,160.8125,16,Benign
5.0,0.0,1.0,336.664531,336.664531,0.0,0.0,0.0,0.0,0.0,0.0,0.0,0.0,0.0,0.0,0.0,0.0,0.0,0.0,0.0,0.0,0.0,0.0,0.0,0.0,0.0,0.0,0.0,0.0,0.0,0.0,0.0,8064,12,36,24.0,12.0,8064,2979182.485324,336.0,1.46385,0.654654,-0.035699,144.0,336,BT-DoS
5.0,0.0,1.0,169.360805,169.360805,0.0,0.0,0.0,0.0,0.0,0.0,0.0,0.0,0.0,0.0,0.0,0.0,0.0,0.0,0.0,0.0,0.0,0.0,0.0,0.0,0.0,0.0,0.0,0.0,0.0,0.0,0.0,4032,12,36,24.0,12.0,4032,5939910.511771,168.0,2.070197,0.92582,-0.071961,144.0,168,BT-DoS
5.0,0.0,1.0,33.491079,33.491079,0.0,0.0,0.0,0.0,0.0,0.0,0.0,0.0,0.0,0.0,0.0,0.0,0.0,0.0,0.0,0.0,0.0,0.0,0.0,0.0,0.0,0.0,0.0,0.0,0.0,0.0,0.0,1465,18,50,44.393939,8.28997,1465,30791781.842709,33.0,7.861578,1.443099,0.081054,68.7236,33,Benign
5.0,0.0,0.1,75.821,75.821,0.0,0.0,0.0,0.0,0.0,0.0,0.0,0.0,0.0,0.0,0.0,0.0,0.0,0.0,0.0,0.0,0.0,0.0,0.0,0.0,0.0,0.0,0.0,0.0,0.0,0.0,0.0,89,12,36,22.25,9.010411,89,17585277.557373,4.0,12.002604,4.505205,0.120056,81.1875,4,Benign
5.0,0.0,1.0,25.624098,25.624098,0.0,0.0,0.0,0.0,0.0,0.0,0.0,0.0,0.0,0.0,0.0,0.0,0.0,0.0,0.0,0.0,0.0,0.0,0.0,0.0,0.0,0.0,0.0,0.0,0.0,0.0,0.0,975,8,50,39.0,12.824976,975,40651837.984721,25.0,8.21092,2.564995,-0.031891,164.48,25,Benign
5.0,0.0,1.0,49.668107,49.668107,0.0,0.0,0.0,0.0,0.0,0.0,0.0,0.0,0.0,0.0,0.0,0.0,0.0,0.0,0.0,0.0,0.0,0.0,0.0,0.0,0.0,0.0,0.0,0.0,0.0,0.0,0.0,2127,18,50,44.3125,8.744418,2127,20562019.753963,48.0,6.519302,1.262148,0.061006,76.464844,48,Benign
5.0,0.0,1.0,189.530094,189.530094,0.0,0.0,0.0,0.0,0.0,0.0,0.0,0.0,0.0,0.0,0.0,0.0,0.0,0.0,0.0,0.0,0.0,0.0,0.0,0.0,0.0,0.0,0.0,0.0,0.0,0.0,0.0,4512,12,36,24.0,12.0,4512,5304421.970551,188.0,1.956984,0.87519,-0.064155,144.0,188,BT-DoS
5.0,0.0,1.0,36.174503,36.174503,0.0,0.0,0.0,0.0,0.0,0.0,0.0,0.0,0.0,0.0,0.0,0.0,0.0,0.0,0.0,0.0,0.0,0.0,0.0,0.0,0.0,0.0,0.0,0.0,0.0,0.0,0.0,1605,20,50,44.583333,7.793783,1605,28433602.19683,36.0,7.54324,1.298964,-0.013031,60.743056,36,Benign
5.0,0.0,1.0,127.017795,127.017795,0.0,0.0,0.0,0.0,0.0,0.0,0.0,0.0,0.0,0.0,0.0,0.0,0.0,0.0,0.0,0.0,0.0,0.0,0.0,0.0,0.0,0.0,0.0,0.0,0.0,0.0,0.0,3024,12,36,24.0,12.0,3024,7935895.9198,126.0,2.390457,1.069045,-0.096579,144.0,126,BT-DoS
5.0,0.0,1.0,37.393224,37.393224,0.0,0.0,0.0,0.0,0.0,0.0,0.0,0.0,0.0,0.0,0.0,0.0,0.0,0.0,0.0,0.0,0.0,0.0,0.0,0.0,0.0,0.0,0.0,0.0,0.0,0.0,0.0,1689,19,50,45.648649,8.26656,1689,27485668.65921,37.0,7.626652,1.359014,0.01855,68.336012,37,Benign
5.0,0.0,1.0,171.542544,171.542544,0.0,0.0,0.0,0.0,0.0,0.0,0.0,0.0,0.0,0.0,0.0,0.0,0.0,0.0,0.0,0.0,0.0,0.0,0.0,0.0,0.0,0.0,0.0,0.0,0.0,0.0,0.0,4080,12,36,24.0,12.0,4080,5863951.50811,170.0,2.057983,0.920358,-0.071014,144.0,170,BT-DoS
5.0,0.0,0.5,3.800576,3.800576,0.0,0.0,0.0,0.0,0.0,0.0,0.0,0.0,0.0,0.0,0.0,0.0,0.0,0.0,0.0,0.0,0.0,0.0,0.0,0.0,0.0,0.0,0.0,0.0,0.0,0.0,0.0,36,18,18,18.0,0.0,36,526236057.281494,2.0,12.727922,0.0,0.0,0.0,2,Benign
5.0,0.0,0.9,22.604132,22.604132,0.0,0.0,0.0,0.0,0.0,0.0,0.0,0.0,0.0,0.0,0.0,0.0,0.0,0.0,0.0,0.0,0.0,0.0,0.0,0.0,0.0,0.0,0.0,0.0,0.0,0.0,0.0,540,12,36,27.0,9.949874,540,46568105.095311,20.0,6.434283,2.22486,-0.11885,99.0,20,Benign
5.0,0.0,0.7,41.004849,41.004849,0.0,0.0,0.0,0.0,0.0,0.0,0.0,0.0,0.0,0.0,0.0,0.0,0.0,0.0,0.0,0.0,0.0,0.0,0.0,0.0,0.0,0.0,0.0,0.0,0.0,0.0,0.0,1178,8,50,42.071429,11.439058,1178,25290595.16059,28.0,8.239403,2.161779,-0.07901,130.852041,28,Benign
5.0,0.0,0.9,154.505621,154.505621,0.0,0.0,0.0,0.0,0.0,0.0,0.0,0.0,0.0,0.0,0.0,0.0,0.0,0.0,0.0,0.0,0.0,0.0,0.0,0.0,0.0,0.0,0.0,0.0,0.0,0.0,0.0,3456,12,36,24.0,12.0,3456,6517516.983139,144.0,2.236068,1.0,-0.07912,144.0,144,BT-DoS
5.0,0.0,1.0,161.468549,161.468549,0.0,0.0,0.0,0.0,0.0,0.0,0.0,0.0,0.0,0.0,0.0,0.0,0.0,0.0,0.0,0.0,0.0,0.0,0.0,0.0,0.0,0.0,0.0,0.0,0.0,0.0,0.0,3840,12,36,24.0,12.0,3840,6232107.210459,160.0,2.12132,0.948683,-0.075536,144.0,160,BT-DoS
5.0,0.0,1.0,17.612348,17.612348,0.0,0.0,0.0,0.0,0.0,0.0,0.0,0.0,0.0,0.0,0.0,0.0,0.0,0.0,0.0,0.0,0.0,0.0,0.0,0.0,0.0,0.0,0.0,0.0,0.0,0.0,0.0,589,18,50,34.647059,12.480296,589,60326993.465424,17.0,8.93169,3.026916,0.673884,155.757785,17,Benign
5.0,0.0,1.0,6.106535,6.106535,0.0,0.0,0.0,0.0,0.0,0.0,0.0,0.0,0.0,0.0,0.0,0.0,0.0,0.0,0.0,0.0,0.0,0.0,0.0,0.0,0.0,0.0,0.0,0.0,0.0,0.0,0.0,286,43,50,47.666667,3.299832,286,196510791.778564,6.0,19.506409,1.347151,-0.178802,10.888889,6,Benign
5.0,0.0,1.0,165.32455,165.32455,0.0,0.0,0.0,0.0,0.0,0.0,0.0,0.0,0.0,0.0,0.0,0.0,0.0,0.0,0.0,0.0,0.0,0.0,0.0,0.0,0.0,0.0,0.0,0.0,0.0,0.0,0.0,3936,12,36,24.0,12.0,3936,6085817.067901,164.0,2.095291,0.937043,-0.073725,144.0,164,BT-DoS
5.0,0.0,1.0,125.007318,125.007318,0.0,0.0,0.0,0.0,0.0,0.0,0.0,0.0,0.0,0.0,0.0,0.0,0.0,0.0,0.0,0.0,0.0,0.0,0.0,0.0,0.0,0.0,0.0,0.0,0.0,0.0,0.0,2976,12,36,24.0,12.0,2976,8064568.527346,124.0,2.409658,1.077632,-0.098185,144.0,124,BT-DoS
5.0,0.0,1.0,348.685182,348.685182,0.0,0.0,0.0,0.0,0.0,0.0,0.0,0.0,0.0,0.0,0.0,0.0,0.0,0.0,0.0,0.0,0.0,0.0,0.0,0.0,0.0,0.0,0.0,0.0,0.0,0.0,0.0,8352,12,36,24.0,12.0,8352,2876181.423836,348.0,1.43839,0.643268,-0.034451,144.0,348,BT-DoS
5.0,0.0,1.0,298.595082,298.595082,0.0,0.0,0.0,0.0,0.0,0.0,0.0,0.0,0.0,0.0,0.0,0.0,0.0,0.0,0.0,0.0,0.0,0.0,0.0,0.0,0.0,0.0,0.0,0.0,0.0,0.0,0.0,7152,12,36,24.0,12.0,7152,3360293.128274,298.0,1.554383,0.695141,-0.040329,144.0,298,BT-DoS
5.0,0.0,1.0,41.538335,41.538335,0.0,0.0,0.0,0.0,0.0,0.0,0.0,0.0,0.0,0.0,0.0,0.0,0.0,0.0,0.0,0.0,0.0,0.0,0.0,0.0,0.0,0.0,0.0,0.0,0.0,0.0,0.0,1734,18,50,42.292683,10.080757,1734,24676001.07193,41.0,6.790044,1.57435,-0.008091,101.621654,41,Benign
5.0,0.0,1.0,44.019624,44.019624,0.0,0.0,0.0,0.0,0.0,0.0,0.0,0.0,0.0,0.0,0.0,0.0,0.0,0.0,0.0,0.0,0.0,0.0,0.0,0.0,0.0,0.0,0.0,0.0,0.0,0.0,0.0,1886,19,50,44.904762,8.546259,1886,23271217.578795,42.0,7.053328,1.318716,0.071468,73.038549,42,Benign
5.0,0.0,0.1,67.986708,67.986708,0.0,0.0,0.0,0.0,0.0,0.0,0.0,0.0,0.0,0.0,0.0,0.0,0.0,0.0,0.0,0.0,0.0,0.0,0.0,0.0,0.0,0.0,0.0,0.0,0.0,0.0,0.0,89,12,36,22.25,9.010411,89,19611676.534017,4.0,12.002604,4.505205,0.058964,81.1875,4,Benign
5.0,0.0,1.0,27.458026,27.458026,0.0,0.0,0.0,0.0,0.0,0.0,0.0,0.0,0.0,0.0,0.0,0.0,0.0,0.0,0.0,0.0,0.0,0.0,0.0,0.0,0.0,0.0,0.0,0.0,0.0,0.0,0.0,756,12,36,28.0,9.412364,756,37819963.235122,27.0,5.684914,1.81141,-0.140323,88.592593,27,Benign
5.0,0.0,1.0,141.124201,141.124201,0.0,0.0,0.0,0.0,0.0,0.0,0.0,0.0,0.0,0.0,0.0,0.0,0.0,0.0,0.0,0.0,0.0,0.0,0.0,0.0,0.0,0.0,0.0,0.0,0.0,0.0,0.0,3360,12,36,24.0,12.0,3360,7136934.95277,140.0,2.267787,1.014185,-0.086668,144.0,140,BT-DoS
5.0,0.0,1.0,155.240502,155.240502,0.0,0.0,0.0,0.0,0.0,0.0,0.0,0.0,0.0,0.0,0.0,0.0,0.0,0.0,0.0,0.0,0.0,0.0,0.0,0.0,0.0,0.0,0.0,0.0,0.0,0.0,0.0,3696,12,36,24.0,12.0,3696,6483720.018973,154.0,2.16225,0.966988,-0.078656,144.0,154,BT-DoS
5.0,0.0,1.0,372.745526,372.745526,0.0,0.0,0.0,0.0,0.0,0.0,0.0,0.0,0.0,0.0,0.0,0.0,0.0,0.0,0.0,0.0,0.0,0.0,0.0,0.0,0.0,0.0,0.0,0.0,0.0,0.0,0.0,8928,12,36,24.0,12.0,8928,2690026.702264,372.0,1.391217,0.622171,-0.032197,144.0,372,BT-DoS
5.0,0.0,1.0,129.029919,129.029919,0.0,0.0,0.0,0.0,0.0,0.0,0.0,0.0,0.0,0.0,0.0,0.0,0.0,0.0,0.0,0.0,0.0,0.0,0.0,0.0,0.0,0.0,0.0,0.0,0.0,0.0,0.0,3072,12,36,24.0,12.0,3072,7811165.231419,128.0,2.371708,1.06066,-0.095057,144.0,128,BT-DoS
5.0,0.0,1.0,360.709154,360.709154,0.0,0.0,0.0,0.0,0.0,0.0,0.0,0.0,0.0,0.0,0.0,0.0,0.0,0.0,0.0,0.0,0.0,0.0,0.0,0.0,0.0,0.0,0.0,0.0,0.0,0.0,0.0,8640,12,36,24.0,12.0,8640,2780038.99832,360.0,1.414214,0.632456,-0.033297,144.0,360,BT-DoS
5.0,0.0,1.0,33.245423,33.245423,0.0,0.0,0.0,0.0,0.0,0.0,0.0,0.0,0.0,0.0,0.0,0.0,0.0,0.0,0.0,0.0,0.0,0.0,0.0,0.0,0.0,0.0,0.0,0.0,0.0,0.0,0.0,1112,12,50,33.69697,12.664637,1112,31019307.672977,33.0,6.266503,2.20463,-0.026555,160.393021,33,Benign
5.0,0.0,0.9,37.674965,37.674965,0.0,0.0,0.0,0.0,0.0,0.0,0.0,0.0,0.0,0.0,0.0,0.0,0.0,0.0,0.0,0.0,0.0,0.0,0.0,0.0,0.0,0.0,0.0,0.0,0.0,0.0,0.0,1503,18,50,44.205882,8.284569,1503,27347152.883356,34.0,7.713232,1.420792,0.040752,68.634083,34,Benign
5.0,0.0,1.0,10.00061,10.00061,0.0,0.0,0.0,0.0,0.0,0.0,0.0,0.0,0.0,0.0,0.0,0.0,0.0,0.0,0.0,0.0,0.0,0.0,0.0,0.0,0.0,0.0,0.0,0.0,0.0,0.0,0.0,392,12,50,39.2,11.906301,392,111104329.427083,10.0,12.955308,3.765103,0.038736,141.76,10,Benign
5.0,0.0,1.0,173.391121,173.391121,0.0,0.0,0.0,0.0,0.0,0.0,0.0,0.0,0.0,0.0,0.0,0.0,0.0,0.0,0.0,0.0,0.0,0.0,0.0,0.0,0.0,0.0,0.0,0.0,0.0,0.0,0.0,4128,12,36,24.0,12.0,4128,5801034.949676,172.0,2.045983,0.914991,-0.070259,144.0,172,BT-DoS
5.0,0.0,0.1,48.206097,48.206097,0.0,0.0,0.0,0.0,0.0,0.0,0.0,0.0,0.0,0.0,0.0,0.0,0.0,0.0,0.0,0.0,0.0,0.0,0.0,0.0,0.0,0.0,0.0,0.0,0.0,0.0,0.0,89,12,36,22.25,9.010411,89,27659018.834432,4.0,12.002604,4.505205,0.32053,81.1875,4,Benign
5.0,0.0,1.0,155.24427,155.24427,0.0,0.0,0.0,0.0,0.0,0.0,0.0,0.0,0.0,0.0,0.0,0.0,0.0,0.0,0.0,0.0,0.0,0.0,0.0,0.0,0.0,0.0,0.0,0.0,0.0,0.0,0.0,3696,12,36,24.0,12.0,3696,6483562.631545,154.0,2.16225,0.966988,-0.078649,144.0,154,BT-DoS
5.0,0.0,1.0,31.112453,31.112453,0.0,0.0,0.0,0.0,0.0,0.0,0.0,0.0,0.0,0.0,0.0,0.0,0.0,0.0,0.0,0.0,0.0,0.0,0.0,0.0,0.0,0.0,0.0,0.0,0.0,0.0,0.0,1050,8,50,35.0,14.942111,1050,33249797.492192,30.0,6.948061,2.728044,0.298596,223.266667,30,Benign
5.0,0.0,0.5,18.946499,18.946499,0.0,0.0,0.0,0.0,0.0,0.0,0.0,0.0,0.0,0.0,0.0,0.0,0.0,0.0,0.0,0.0,0.0,0.0,0.0,0.0,0.0,0.0,0.0,0.0,0.0,0.0,0.0,401,18,50,40.1,10.133607,401,58644665.612115,10.0,13.079373,3.204528,-0.609716,102.69,10,Benign
5.0,0.0,0.9,39.528142,39.528142,0.0,0.0,0.0,0.0,0.0,0.0,0.0,0.0,0.0,0.0,0.0,0.0,0.0,0.0,0.0,0.0,0.0,0.0,0.0,0.0,0.0,0.0,0.0,0.0,0.0,0.0,0.0,1488,8,50,42.514286,11.613715,1488,26042503.469131,35.0,7.449531,1.963076,0.153089,134.878367,35,Benign
5.0,0.0,1.0,322.639771,322.639771,0.0,0.0,0.0,0.0,0.0,0.0,0.0,0.0,0.0,0.0,0.0,0.0,0.0,0.0,0.0,0.0,0.0,0.0,0.0,0.0,0.0,0.0,0.0,0.0,0.0,0.0,0.0,7728,12,36,24.0,12.0,7728,3109087.453824,322.0,1.495334,0.668734,-0.037283,144.0,322,BT-DoS
5.0,0.0,1.0,46.935326,46.935326,0.0,0.0,0.0,0.0,0.0,0.0,0.0,0.0,0.0,0.0,0.0,0.0,0.0,0.0,0.0,0.0,0.0,0.0,0.0,0.0,0.0,0.0,0.0,0.0,0.0,0.0,0.0,1128,10,50,24.521739,13.264433,1128,21779378.255208,46.0,4.110593,1.955734,0.084388,175.94518,46,Benign
5.0,0.0,0.1,62.014497,62.014497,0.0,0.0,0.0,0.0,0.0,0.0,0.0,0.0,0.0,0.0,0.0,0.0,0.0,0.0,0.0,0.0,0.0,0.0,0.0,0.0,0.0,0.0,0.0,0.0,0.0,0.0,0.0,89,12,36,22.25,9.010411,89,21500349.0448,4.0,12.002604,4.505205,0.059478,81.1875,4,Benign
5.0,0.0,1.0,356.720533,356.720533,0.0,0.0,0.0,0.0,0.0,0.0,0.0,0.0,0.0,0.0,0.0,0.0,0.0,0.0,0.0,0.0,0.0,0.0,0.0,0.0,0.0,0.0,0.0,0.0,0.0,0.0,0.0,8544,12,36,24.0,12.0,8544,2811211.599431,356.0,1.422136,0.635999,-0.033641,144.0,356,BT-DoS
5.0,0.0,1.0,46.187423,46.187423,0.0,0.0,0.0,0.0,0.0,0.0,0.0,0.0,0.0,0.0,0.0,0.0,0.0,0.0,0.0,0.0,0.0,0.0,0.0,0.0,0.0,0.0,0.0,0.0,0.0,0.0,0.0,2058,19,50,44.73913,8.72885,2058,22132047.017415,46.0,6.720803,1.286999,0.008367,76.192817,46,Benign
5.0,0.0,1.0,44.076819,44.076819,0.0,0.0,0.0,0.0,0.0,0.0,0.0,0.0,0.0,0.0,0.0,0.0,0.0,0.0,0.0,0.0,0.0,0.0,0.0,0.0,0.0,0.0,0.0,0.0,0.0,0.0,0.0,1975,18,50,44.886364,7.834121,1975,23215282.795041,44.0,6.869165,1.181038,-0.01252,61.37345,44,Benign
5.0,0.0,1.0,165.164733,165.164733,0.0,0.0,0.0,0.0,0.0,0.0,0.0,0.0,0.0,0.0,0.0,0.0,0.0,0.0,0.0,0.0,0.0,0.0,0.0,0.0,0.0,0.0,0.0,0.0,0.0,0.0,0.0,3936,12,36,24.0,12.0,3936,6091705.860536,164.0,2.095291,0.937043,-0.073719,144.0,164,BT-DoS
5.0,0.0,1.0,159.109322,159.109322,0.0,0.0,0.0,0.0,0.0,0.0,0.0,0.0,0.0,0.0,0.0,0.0,0.0,0.0,0.0,0.0,0.0,0.0,0.0,0.0,0.0,0.0,0.0,0.0,0.0,0.0,0.0,3792,12,36,24.0,12.0,3792,6325018.633703,158.0,2.134704,0.954669,-0.076606,144.0,158,BT-DoS
5.0,0.0,0.9,41.702763,41.702763,0.0,0.0,0.0,0.0,0.0,0.0,0.0,0.0,0.0,0.0,0.0,0.0,0.0,0.0,0.0,0.0,0.0,0.0,0.0,0.0,0.0,0.0,0.0,0.0,0.0,0.0,0.0,1551,8,50,43.083333,11.181272,1551,24664347.512381,36.0,7.418435,1.863545,0.051474,125.020833,36,Benign
5.0,0.0,0.5,32.90597,32.90597,0.0,0.0,0.0,0.0,0.0,0.0,0.0,0.0,0.0,0.0,0.0,0.0,0.0,0.0,0.0,0.0,0.0,0.0,0.0,0.0,0.0,0.0,0.0,0.0,0.0,0.0,0.0,626,11,50,39.125,14.421663,626,32415596.644084,16.0,10.42458,3.605416,0.296734,207.984375,16,Benign
5.0,0.0,0.1,43.038035,43.038035,0.0,0.0,0.0,0.0,0.0,0.0,0.0,0.0,0.0,0.0,0.0,0.0,0.0,0.0,0.0,0.0,0.0,0.0,0.0,0.0,0.0,0.0,0.0,0.0,0.0,0.0,0.0,89,12,36,22.25,9.010411,89,30980348.587036,4.0,12.002604,4.505205,-0.088792,81.1875,4,Benign
5.0,0.0,1.0,131.047618,131.047618,0.0,0.0,0.0,0.0,0.0,0.0,0.0,0.0,0.0,0.0,0.0,0.0,0.0,0.0,0.0,0.0,0.0,0.0,0.0,0.0,0.0,0.0,0.0,0.0,0.0,0.0,0.0,3120,12,36,24.0,12.0,3120,7689967.63599,130.0,2.353394,1.05247,-0.093525,144.0,130,BT-DoS
5.0,0.0,1.0,163.303805,163.303805,0.0,0.0,0.0,0.0,0.0,0.0,0.0,0.0,0.0,0.0,0.0,0.0,0.0,0.0,0.0,0.0,0.0,0.0,0.0,0.0,0.0,0.0,0.0,0.0,0.0,0.0,0.0,3888,12,36,24.0,12.0,3888,6161590.540631,162.0,2.108185,0.942809,-0.074668,144.0,162,BT-DoS
5.0,0.0,0.1,61.80364,61.80364,0.0,0.0,0.0,0.0,0.0,0.0,0.0,0.0,0.0,0.0,0.0,0.0,0.0,0.0,0.0,0.0,0.0,0.0,0.0,0.0,0.0,0.0,0.0,0.0,0.0,0.0,0.0,89,12,36,22.25,9.010411,89,21573702.494303,4.0,12.002604,4.505205,0.074565,81.1875,4,Benign
5.0,0.0,1.0,159.24884,159.24884,0.0,0.0,0.0,0.0,0.0,0.0,0.0,0.0,0.0,0.0,0.0,0.0,0.0,0.0,0.0,0.0,0.0,0.0,0.0,0.0,0.0,0.0,0.0,0.0,0.0,0.0,0.0,3792,12,36,24.0,12.0,3792,6319477.299976,158.0,2.134704,0.954669,-0.076624,144.0,158,BT-DoS
5.0,0.0,0.1,60.189265,60.189265,0.0,0.0,0.0,0.0,0.0,0.0,0.0,0.0,0.0,0.0,0.0,0.0,0.0,0.0,0.0,0.0,0.0,0.0,0.0,0.0,0.0,0.0,0.0,0.0,0.0,0.0,0.0,89,12,36,22.25,9.010411,89,22152344.385783,4.0,12.002604,4.505205,0.103535,81.1875,4,Benign
5.0,0.0,1.0,2.050853,2.050853,0.0,0.0,0.0,0.0,0.0,0.0,0.0,0.0,0.0,0.0,0.0,0.0,0.0,0.0,0.0,0.0,0.0,0.0,0.0,0.0,0.0,0.0,0.0,0.0,0.0,0.0,0.0,40,20,20,20.0,0.0,40,975203990.936279,2.0,14.142136,0.0,0.0,0.0,2,Benign
5.0,0.0,0.5,20.28675,20.28675,0.0,0.0,0.0,0.0,0.0,0.0,0.0,0.0,0.0,0.0,0.0,0.0,0.0,0.0,0.0,0.0,0.0,0.0,0.0,0.0,0.0,0.0,0.0,0.0,0.0,0.0,0.0,168,11,33,15.272727,6.23904,168,54222583.770752,11.0,4.974314,1.881141,0.272408,38.92562,11,Benign
5.0,0.0,1.0,155.082169,155.082169,0.0,0.0,0.0,0.0,0.0,0.0,0.0,0.0,0.0,0.0,0.0,0.0,0.0,0.0,0.0,0.0,0.0,0.0,0.0,0.0,0.0,0.0,0.0,0.0,0.0,0.0,0.0,3696,12,36,24.0,12.0,3696,6490339.640698,154.0,2.16225,0.966988,-0.078623,144.0,154,BT-DoS
5.0,0.0,1.0,35.198023,35.198023,0.0,0.0,0.0,0.0,0.0,0.0,0.0,0.0,0.0,0.0,0.0,0.0,0.0,0.0,0.0,0.0,0.0,0.0,0.0,0.0,0.0,0.0,0.0,0.0,0.0,0.0,0.0,1058,10,50,30.228571,14.002216,1058,29246295.199675,35.0,5.631109,2.366806,-0.018965,196.062041,35,Benign
5.0,0.0,0.9,36.045091,36.045091,0.0,0.0,0.0,0.0,0.0,0.0,0.0,0.0,0.0,0.0,0.0,0.0,0.0,0.0,0.0,0.0,0.0,0.0,0.0,0.0,0.0,0.0,0.0,0.0,0.0,0.0,0.0,1454,18,50,44.060606,8.101401,1454,28609998.524189,33.0,7.798542,1.410273,0.03788,65.632691,33,Benign
5.0,0.0,1.0,104.841345,104.841345,0.0,0.0,0.0,0.0,0.0,0.0,0.0,0.0,0.0,0.0,0.0,0.0,0.0,0.0,0.0,0.0,0.0,0.0,0.0,0.0,0.0,0.0,0.0,0.0,0.0,0.0,0.0,2496,12,36,24.0,12.0,2496,9630825.913068,104.0,2.631174,1.176697,-0.117664,144.0,104,BT-DoS
5.0,0.0,0.9,156.649008,156.649008,0.0,0.0,0.0,0.0,0.0,0.0,0.0,0.0,0.0,0.0,0.0,0.0,0.0,0.0,0.0,0.0,0.0,0.0,0.0,0.0,0.0,0.0,0.0,0.0,0.0,0.0,0.0,3504,12,36,24.0,12.0,3504,6427723.785927,146.0,2.2207,0.993127,-0.078008,144.0,146,BT-DoS
5.0,0.0,0.8,58.561271,58.561271,0.0,0.0,0.0,0.0,0.0,0.0,0.0,0.0,0.0,0.0,0.0,0.0,0.0,0.0,0.0,0.0,0.0,0.0,0.0,0.0,0.0,0.0,0.0,0.0,0.0,0.0,0.0,1795,19,50,39.888889,12.018915,1795,17464225.942438,45.0,6.210346,1.791674,0.091738,144.454321,45,Benign
5.0,0.0,0.1,58.591735,58.591735,0.0,0.0,0.0,0.0,0.0,0.0,0.0,0.0,0.0,0.0,0.0,0.0,0.0,0.0,0.0,0.0,0.0,0.0,0.0,0.0,0.0,0.0,0.0,0.0,0.0,0.0,0.0,89,12,36,22.25,9.010411,89,22756338.119507,4.0,12.002604,4.505205,0.02512,81.1875,4,Benign
5.0,0.0,1.0,98.793423,98.793423,0.0,0.0,0.0,0.0,0.0,0.0,0.0,0.0,0.0,0.0,0.0,0.0,0.0,0.0,0.0,0.0,0.0,0.0,0.0,0.0,0.0,0.0,0.0,0.0,0.0,0.0,0.0,2352,12,36,24.0,12.0,2352,10226483.197556,98.0,2.710524,1.212183,-0.125097,144.0,98,BT-DoS
5.0,0.0,0.0,94.892682,94.892682,0.0,0.0,0.0,0.0,0.0,0.0,0.0,0.0,0.0,0.0,0.0,0.0,0.0,0.0,0.0,0.0,0.0,0.0,0.0,0.0,0.0,0.0,0.0,0.0,0.0,0.0,0.0,89,12,36,22.25,9.010411,89,14050960.540771,4.0,12.002604,4.505205,0.179312,81.1875,4,Benign
5.0,0.0,1.0,172.565275,172.565275,0.0,0.0,0.0,0.0,0.0,0.0,0.0,0.0,0.0,0.0,0.0,0.0,0.0,0.0,0.0,0.0,0.0,0.0,0.0,0.0,0.0,0.0,0.0,0.0,0.0,0.0,0.0,3984,12,36,24.0,12.0,3984,5830029.285315,166.0,2.08263,0.931381,-0.070639,144.0,166,BT-DoS
5.0,0.0,1.0,29.713751,29.713751,0.0,0.0,0.0,0.0,0.0,0.0,0.0,0.0,0.0,0.0,0.0,0.0,0.0,0.0,0.0,0.0,0.0,0.0,0.0,0.0,0.0,0.0,0.0,0.0,0.0,0.0,0.0,1313,18,50,45.275862,8.328996,1313,34856396.062034,29.0,8.548595,1.546656,0.100611,69.372176,29,Benign
5.0,0.0,1.0,185.294093,185.294093,0.0,0.0,0.0,0.0,0.0,0.0,0.0,0.0,0.0,0.0,0.0,0.0,0.0,0.0,0.0,0.0,0.0,0.0,0.0,0.0,0.0,0.0,0.0,0.0,0.0,0.0,0.0,4416,12,36,24.0,12.0,4416,5426316.964822,184.0,1.978141,0.884652,-0.065576,144.0,184,BT-DoS
5.0,0.0,0.8,52.382311,52.382311,0.0,0.0,0.0,0.0,0.0,0.0,0.0,0.0,0.0,0.0,0.0,0.0,0.0,0.0,0.0,0.0,0.0,0.0,0.0,0.0,0.0,0.0,0.0,0.0,0.0,0.0,0.0,1636,8,50,39.902439,13.609188,1636,19567674.398422,41.0,6.584191,2.125398,0.125357,185.209994,41,Benign
5.0,0.0,1.0,45.008638,45.008638,0.0,0.0,0.0,0.0,0.0,0.0,0.0,0.0,0.0,0.0,0.0,0.0,0.0,0.0,0.0,0.0,0.0,0.0,0.0,0.0,0.0,0.0,0.0,0.0,0.0,0.0,0.0,1951,19,50,43.355556,9.953571,1951,22722910.750996,45.0,6.631202,1.483791,0.070616,99.07358,45,Benign
5.0,0.0,0.8,14.220402,14.220402,0.0,0.0,0.0,0.0,0.0,0.0,0.0,0.0,0.0,0.0,0.0,0.0,0.0,0.0,0.0,0.0,0.0,0.0,0.0,0.0,0.0,0.0,0.0,0.0,0.0,0.0,0.0,518,32,50,43.166667,6.841459,518,76714363.965121,12.0,12.616678,1.974959,0.032761,46.805556,12,Benign
5.0,0.0,1.0,330.653691,330.653691,0.0,0.0,0.0,0.0,0.0,0.0,0.0,0.0,0.0,0.0,0.0,0.0,0.0,0.0,0.0,0.0,0.0,0.0,0.0,0.0,0.0,0.0,0.0,0.0,0.0,0.0,0.0,7920,12,36,24.0,12.0,7920,3033504.660006,330.0,1.477098,0.660578,-0.036345,144.0,330,BT-DoS
5.0,0.0,1.0,185.497717,185.497717,0.0,0.0,0.0,0.0,0.0,0.0,0.0,0.0,0.0,0.0,0.0,0.0,0.0,0.0,0.0,0.0,0.0,0.0,0.0,0.0,0.0,0.0,0.0,0.0,0.0,0.0,0.0,4416,12,36,24.0,12.0,4416,5420360.408845,184.0,1.978141,0.884652,-0.065572,144.0,184,BT-DoS
5.0,0.0,1.0,37.614049,37.614049,0.0,0.0,0.0,0.0,0.0,0.0,0.0,0.0,0.0,0.0,0.0,0.0,0.0,0.0,0.0,0.0,0.0,0.0,0.0,0.0,0.0,0.0,0.0,0.0,0.0,0.0,0.0,1606,18,50,43.405405,9.195943,1606,27324305.640327,37.0,7.294194,1.511804,0.025934,84.565376,37,Benign
5.0,0.0,0.9,30.050178,30.050178,0.0,0.0,0.0,0.0,0.0,0.0,0.0,0.0,0.0,0.0,0.0,0.0,0.0,0.0,0.0,0.0,0.0,0.0,0.0,0.0,0.0,0.0,0.0,0.0,0.0,0.0,0.0,1291,27,50,46.107143,5.796177,1291,34510179.802223,28.0,8.782011,1.095374,-0.024687,33.595663,28,Benign
5.0,0.0,0.9,44.611527,44.611527,0.0,0.0,0.0,0.0,0.0,0.0,0.0,0.0,0.0,0.0,0.0,0.0,0.0,0.0,0.0,0.0,0.0,0.0,0.0,0.0,0.0,0.0,0.0,0.0,0.0,0.0,0.0,1373,12,50,33.487805,11.42979,1373,22976124.286652,41.0,5.526153,1.785033,-0.094413,130.640095,41,Benign
5.0,0.0,1.0,95.62037,95.62037,0.0,0.0,0.0,0.0,0.0,0.0,0.0,0.0,0.0,0.0,0.0,0.0,0.0,0.0,0.0,0.0,0.0,0.0,0.0,0.0,0.0,0.0,0.0,0.0,0.0,0.0,0.0,4154,19,50,43.726316,7.226329,4154,10569278.230058,95.0,4.547076,0.741406,0.029623,52.219834,95,Benign
5.0,0.0,1.0,151.511173,151.511173,0.0,0.0,0.0,0.0,0.0,0.0,0.0,0.0,0.0,0.0,0.0,0.0,0.0,0.0,0.0,0.0,0.0,0.0,0.0,0.0,0.0,0.0,0.0,0.0,0.0,0.0,0.0,3600,12,36,24.0,12.0,3600,6644469.77961,150.0,2.19089,0.979796,-0.08062,144.0,150,BT-DoS
5.0,0.0,0.5,3.790815,3.790815,0.0,0.0,0.0,0.0,0.0,0.0,0.0,0.0,0.0,0.0,0.0,0.0,0.0,0.0,0.0,0.0,0.0,0.0,0.0,0.0,0.0,0.0,0.0,0.0,0.0,0.0,0.0,36,18,18,18.0,0.0,36,527590990.066528,2.0,12.727922,0.0,0.0,0.0,2,Benign
5.0,0.0,1.0,173.211983,173.211983,0.0,0.0,0.0,0.0,0.0,0.0,0.0,0.0,0.0,0.0,0.0,0.0,0.0,0.0,0.0,0.0,0.0,0.0,0.0,0.0,0.0,0.0,0.0,0.0,0.0,0.0,0.0,4128,12,36,24.0,12.0,4128,5807034.453453,172.0,2.045983,0.914991,-0.07019,144.0,172,BT-DoS
5.0,0.0,0.9,36.023437,36.023437,0.0,0.0,0.0,0.0,0.0,0.0,0.0,0.0,0.0,0.0,0.0,0.0,0.0,0.0,0.0,0.0,0.0,0.0,0.0,0.0,0.0,0.0,0.0,0.0,0.0,0.0,0.0,1259,8,50,40.612903,12.36978,1259,28685029.347738,31.0,7.625127,2.221678,0.02261,153.011446,31,Benign
5.0,0.0,0.9,11.658411,11.658411,0.0,0.0,0.0,0.0,0.0,0.0,0.0,0.0,0.0,0.0,0.0,0.0,0.0,0.0,0.0,0.0,0.0,0.0,0.0,0.0,0.0,0.0,0.0,0.0,0.0,0.0,0.0,426,18,50,38.727273,13.498087,426,94352483.74939,11.0,12.365642,4.069826,0.05435,182.198347,11,Benign
5.0,0.0,1.0,161.287902,161.287902,0.0,0.0,0.0,0.0,0.0,0.0,0.0,0.0,0.0,0.0,0.0,0.0,0.0,0.0,0.0,0.0,0.0,0.0,0.0,0.0,0.0,0.0,0.0,0.0,0.0,0.0,0.0,3840,12,36,24.0,12.0,3840,6239087.326722,160.0,2.12132,0.948683,-0.075622,144.0,160,BT-DoS
5.0,0.0,0.7,24.607344,24.607344,0.0,0.0,0.0,0.0,0.0,0.0,0.0,0.0,0.0,0.0,0.0,0.0,0.0,0.0,0.0,0.0,0.0,0.0,0.0,0.0,0.0,0.0,0.0,0.0,0.0,0.0,0.0,690,18,50,38.333333,12.596296,690,43028761.358822,18.0,9.510553,2.968975,0.431675,158.666667,18,Benign
5.0,0.0,1.0,346.698554,346.698554,0.0,0.0,0.0,0.0,0.0,0.0,0.0,0.0,0.0,0.0,0.0,0.0,0.0,0.0,0.0,0.0,0.0,0.0,0.0,0.0,0.0,0.0,0.0,0.0,0.0,0.0,0.0,8304,12,36,24.0,12.0,8304,2892710.506052,346.0,1.442541,0.645124,-0.034674,144.0,346,BT-DoS
5.0,0.0,0.6,33.881593,33.881593,0.0,0.0,0.0,0.0,0.0,0.0,0.0,0.0,0.0,0.0,0.0,0.0,0.0,0.0,0.0,0.0,0.0,0.0,0.0,0.0,0.0,0.0,0.0,0.0,0.0,0.0,0.0,945,8,50,42.954545,12.159834,945,30920005.979992,22.0,9.517817,2.592485,0.068421,147.86157,22,Benign
5.0,0.0,0.9,38.280811,38.280811,0.0,0.0,0.0,0.0,0.0,0.0,0.0,0.0,0.0,0.0,0.0,0.0,0.0,0.0,0.0,0.0,0.0,0.0,0.0,0.0,0.0,0.0,0.0,0.0,0.0,0.0,0.0,1582,19,50,43.944444,7.97198,1582,26869113.104684,36.0,7.443615,1.328663,0.010324,63.552469,36,Benign
5.0,0.0,1.0,15.069727,15.069727,0.0,0.0,0.0,0.0,0.0,0.0,0.0,0.0,0.0,0.0,0.0,0.0,0.0,0.0,0.0,0.0,0.0,0.0,0.0,0.0,0.0,0.0,0.0,0.0,0.0,0.0,0.0,696,32,50,46.4,5.986652,696,71098072.188241,15.0,12.079735,1.545747,0.210929,35.84,15,Benign
5.0,0.0,1.0,163.318642,163.318642,0.0,0.0,0.0,0.0,0.0,0.0,0.0,0.0,0.0,0.0,0.0,0.0,0.0,0.0,0.0,0.0,0.0,0.0,0.0,0.0,0.0,0.0,0.0,0.0,0.0,0.0,0.0,3888,12,36,24.0,12.0,3888,6161030.775272,162.0,2.108185,0.942809,-0.074687,144.0,162,BT-DoS
5.0,0.0,1.0,13.359476,13.359476,0.0,0.0,0.0,0.0,0.0,0.0,0.0,0.0,0.0,0.0,0.0,0.0,0.0,0.0,0.0,0.0,0.0,0.0,0.0,0.0,0.0,0.0,0.0,0.0,0.0,0.0,0.0,202,11,33,15.538462,5.732705,202,81091006.596883,13.0,4.593538,1.589966,0.209677,32.863905,13,Benign
5.0,0.0,0.7,6.975419,6.975419,0.0,0.0,0.0,0.0,0.0,0.0,0.0,0.0,0.0,0.0,0.0,0.0,0.0,0.0,0.0,0.0,0.0,0.0,0.0,0.0,0.0,0.0,0.0,0.0,0.0,0.0,0.0,93,8,38,18.6,10.461357,93,179200708.866119,5.0,9.543584,4.678461,-0.777119,109.44,5,Benign
5.0,0.0,1.0,21.840193,21.840193,0.0,0.0,0.0,0.0,0.0,0.0,0.0,0.0,0.0,0.0,0.0,0.0,0.0,0.0,0.0,0.0,0.0,0.0,0.0,0.0,0.0,0.0,0.0,0.0,0.0,0.0,0.0,556,12,36,26.47619,9.544976,556,48076498.508453,21.0,6.141565,2.082885,-0.080961,91.106576,21,Benign
5.0,0.0,1.0,137.36057,137.36057,0.0,0.0,0.0,0.0,0.0,0.0,0.0,0.0,0.0,0.0,0.0,0.0,0.0,0.0,0.0,0.0,0.0,0.0,0.0,0.0,0.0,0.0,0.0,0.0,0.0,0.0,0.0,3264,12,36,24.0,12.0,3264,7334036.297268,136.0,2.300895,1.028992,-0.089133,144.0,136,BT-DoS
5.0,0.0,0.9,29.754528,29.754528,0.0,0.0,0.0,0.0,0.0,0.0,0.0,0.0,0.0,0.0,0.0,0.0,0.0,0.0,0.0,0.0,0.0,0.0,0.0,0.0,0.0,0.0,0.0,0.0,0.0,0.0,0.0,754,12,36,27.925926,9.482639,754,34900958.721454,27.0,5.675737,1.824935,-0.108824,89.920439,27,Benign
5.0,0.0,1.0,276.553925,276.553925,0.0,0.0,0.0,0.0,0.0,0.0,0.0,0.0,0.0,0.0,0.0,0.0,0.0,0.0,0.0,0.0,0.0,0.0,0.0,0.0,0.0,0.0,0.0,0.0,0.0,0.0,0.0,6624,12,36,24.0,12.0,6624,3629080.165516,276.0,1.615146,0.722315,-0.043595,144.0,276,BT-DoS
5.0,0.0,1.0,161.124834,161.124834,0.0,0.0,0.0,0.0,0.0,0.0,0.0,0.0,0.0,0.0,0.0,0.0,0.0,0.0,0.0,0.0,0.0,0.0,0.0,0.0,0.0,0.0,0.0,0.0,0.0,0.0,0.0,3840,12,36,24.0,12.0,3840,6245401.670348,160.0,2.12132,0.948683,-0.075643,144.0,160,BT-DoS
5.0,0.0,1.0,159.279307,159.279307,0.0,0.0,0.0,0.0,0.0,0.0,0.0,0.0,0.0,0.0,0.0,0.0,0.0,0.0,0.0,0.0,0.0,0.0,0.0,0.0,0.0,0.0,0.0,0.0,0.0,0.0,0.0,3792,12,36,24.0,12.0,3792,6318268.502594,158.0,2.134704,0.954669,-0.076615,144.0,158,BT-DoS
5.0,0.0,1.0,44.006741,44.006741,0.0,0.0,0.0,0.0,0.0,0.0,0.0,0.0,0.0,0.0,0.0,0.0,0.0,0.0,0.0,0.0,0.0,0.0,0.0,0.0,0.0,0.0,0.0,0.0,0.0,0.0,0.0,1925,19,50,44.767442,8.32714,1925,23264833.859035,43.0,6.944071,1.269877,0.029737,69.341266,43,Benign
5.0,0.0,0.1,929.856866,929.856866,0.0,0.0,0.0,0.0,0.0,0.0,0.0,0.0,0.0,0.0,0.0,0.0,0.0,0.0,0.0,0.0,0.0,0.0,0.0,0.0,0.0,0.0,0.0,0.0,0.0,0.0,0.0,6659,8,259,48.963235,86.371752,6659,1083400.514391,136.0,8.513604,7.406317,-0.002992,7460.079531,136,BT-DoS
5.0,0.0,1.0,304.611357,304.611357,0.0,0.0,0.0,0.0,0.0,0.0,0.0,0.0,0.0,0.0,0.0,0.0,0.0,0.0,0.0,0.0,0.0,0.0,0.0,0.0,0.0,0.0,0.0,0.0,0.0,0.0,0.0,7296,12,36,24.0,12.0,7296,3293706.245548,304.0,1.538968,0.688247,-0.039523,144.0,304,BT-DoS
5.0,0.0,1.0,189.515198,189.515198,0.0,0.0,0.0,0.0,0.0,0.0,0.0,0.0,0.0,0.0,0.0,0.0,0.0,0.0,0.0,0.0,0.0,0.0,0.0,0.0,0.0,0.0,0.0,0.0,0.0,0.0,0.0,4512,12,36,24.0,12.0,4512,5304838.884323,188.0,1.956984,0.87519,-0.064164,144.0,188,BT-DoS
5.0,0.0,0.8,25.028574,25.028574,0.0,0.0,0.0,0.0,0.0,0.0,0.0,0.0,0.0,0.0,0.0,0.0,0.0,0.0,0.0,0.0,0.0,0.0,0.0,0.0,0.0,0.0,0.0,0.0,0.0,0.0,0.0,556,12,36,26.47619,9.67874,556,41952049.732208,21.0,6.151526,2.112074,-0.097893,93.678005,21,Benign
5.0,0.0,1.0,177.427737,177.427737,0.0,0.0,0.0,0.0,0.0,0.0,0.0,0.0,0.0,0.0,0.0,0.0,0.0,0.0,0.0,0.0,0.0,0.0,0.0,0.0,0.0,0.0,0.0,0.0,0.0,0.0,0.0,4224,12,36,24.0,12.0,4224,5668303.625924,176.0,2.0226,0.904534,-0.068626,144.0,176,BT-DoS
5.0,0.0,1.0,380.752826,380.752826,0.0,0.0,0.0,0.0,0.0,0.0,0.0,0.0,0.0,0.0,0.0,0.0,0.0,0.0,0.0,0.0,0.0,0.0,0.0,0.0,0.0,0.0,0.0,0.0,0.0,0.0,0.0,9120,12,36,24.0,12.0,9120,2633305.526975,380.0,1.376494,0.615587,-0.031518,144.0,380,BT-DoS
5.0,0.0,1.0,143.004471,143.004471,0.0,0.0,0.0,0.0,0.0,0.0,0.0,0.0,0.0,0.0,0.0,0.0,0.0,0.0,0.0,0.0,0.0,0.0,0.0,0.0,0.0,0.0,0.0,0.0,0.0,0.0,0.0,3408,12,36,24.0,12.0,3408,7042382.625823,142.0,2.25176,1.007018,-0.085527,144.0,142,BT-DoS
5.0,0.0,0.1,74.350943,74.350943,0.0,0.0,0.0,0.0,0.0,0.0,0.0,0.0,0.0,0.0,0.0,0.0,0.0,0.0,0.0,0.0,0.0,0.0,0.0,0.0,0.0,0.0,0.0,0.0,0.0,0.0,0.0,89,12,36,22.25,9.010411,89,17932971.318563,4.0,12.002604,4.505205,0.115083,81.1875,4,Benign
5.0,0.0,1.0,185.291335,185.291335,0.0,0.0,0.0,0.0,0.0,0.0,0.0,0.0,0.0,0.0,0.0,0.0,0.0,0.0,0.0,0.0,0.0,0.0,0.0,0.0,0.0,0.0,0.0,0.0,0.0,0.0,0.0,4416,12,36,24.0,12.0,4416,5426397.740515,184.0,1.978141,0.884652,-0.065607,144.0,184,BT-DoS
5.0,0.0,0.9,33.907828,33.907828,0.0,0.0,0.0,0.0,0.0,0.0,0.0,0.0,0.0,0.0,0.0,0.0,0.0,0.0,0.0,0.0,0.0,0.0,0.0,0.0,0.0,0.0,0.0,0.0,0.0,0.0,0.0,1209,8,50,37.78125,12.213554,1209,30443060.782648,32.0,7.019156,2.159072,0.266882,149.170898,32,Benign
5.0,0.0,1.0,170.477302,170.477302,0.0,0.0,0.0,0.0,0.0,0.0,0.0,0.0,0.0,0.0,0.0,0.0,0.0,0.0,0.0,0.0,0.0,0.0,0.0,0.0,0.0,0.0,0.0,0.0,0.0,0.0,0.0,3936,12,36,24.0,12.0,3936,5901870.552016,164.0,2.095291,0.937043,-0.07151,144.0,164,BT-DoS
5.0,0.0,1.0,12.318812,12.318812,0.0,0.0,0.0,0.0,0.0,0.0,0.0,0.0,0.0,0.0,0.0,0.0,0.0,0.0,0.0,0.0,0.0,0.0,0.0,0.0,0.0,0.0,0.0,0.0,0.0,0.0,0.0,420,18,50,35.0,14.456832,420,88556354.6961,12.0,10.931606,4.173328,-0.583233,209.0,12,Benign
5.0,0.0,0.9,20.43567,20.43567,0.0,0.0,0.0,0.0,0.0,0.0,0.0,0.0,0.0,0.0,0.0,0.0,0.0,0.0,0.0,0.0,0.0,0.0,0.0,0.0,0.0,0.0,0.0,0.0,0.0,0.0,0.0,751,12,50,39.526316,12.317589,751,51652603.679233,19.0,9.498068,2.825849,0.347293,151.722992,19,Benign
5.0,0.0,0.9,41.810385,41.810385,0.0,0.0,0.0,0.0,0.0,0.0,0.0,0.0,0.0,0.0,0.0,0.0,0.0,0.0,0.0,0.0,0.0,0.0,0.0,0.0,0.0,0.0,0.0,0.0,0.0,0.0,0.0,1432,8,50,39.777778,12.156642,1432,24600860.050746,36.0,6.932323,2.026107,0.026286,147.783951,36,Benign
5.0,0.0,1.0,139.113323,139.113323,0.0,0.0,0.0,0.0,0.0,0.0,0.0,0.0,0.0,0.0,0.0,0.0,0.0,0.0,0.0,0.0,0.0,0.0,0.0,0.0,0.0,0.0,0.0,0.0,0.0,0.0,0.0,3312,12,36,24.0,12.0,3312,7240854.04055,138.0,2.284161,1.021508,-0.087987,144.0,138,BT-DoS
5.0,0.0,0.9,6.332908,6.332908,0.0,0.0,0.0,0.0,0.0,0.0,0.0,0.0,0.0,0.0,0.0,0.0,0.0,0.0,0.0,0.0,0.0,0.0,0.0,0.0,0.0,0.0,0.0,0.0,0.0,0.0,0.0,99,10,26,16.5,5.090841,99,189486408.233643,6.0,7.049429,2.078327,-0.10749,25.916667,6,Benign
5.0,0.0,0.1,33.07889,33.07889,0.0,0.0,0.0,0.0,0.0,0.0,0.0,0.0,0.0,0.0,0.0,0.0,0.0,0.0,0.0,0.0,0.0,0.0,0.0,0.0,0.0,0.0,0.0,0.0,0.0,0.0,0.0,89,12,36,22.25,9.010411,89,40307680.765788,4.0,12.002604,4.505205,0.501441,81.1875,4,Benign
5.0,0.0,0.0,91.673766,91.673766,0.0,0.0,0.0,0.0,0.0,0.0,0.0,0.0,0.0,0.0,0.0,0.0,0.0,0.0,0.0,0.0,0.0,0.0,0.0,0.0,0.0,0.0,0.0,0.0,0.0,0.0,0.0,89,12,36,22.25,9.010411,89,14544328.053792,4.0,12.002604,4.505205,0.120059,81.1875,4,Benign
5.0,0.0,0.9,383.261223,383.261223,0.0,0.0,0.0,0.0,0.0,0.0,0.0,0.0,0.0,0.0,0.0,0.0,0.0,0.0,0.0,0.0,0.0,0.0,0.0,0.0,0.0,0.0,0.0,0.0,0.0,0.0,0.0,8352,12,36,24.0,12.0,8352,2616705.743311,348.0,1.43839,0.643268,-0.031318,144.0,348,BT-DoS
5.0,0.0,0.1,32.85939,32.85939,0.0,0.0,0.0,0.0,0.0,0.0,0.0,0.0,0.0,0.0,0.0,0.0,0.0,0.0,0.0,0.0,0.0,0.0,0.0,0.0,0.0,0.0,0.0,0.0,0.0,0.0,0.0,89,12,36,22.25,9.010411,89,40576934.814453,4.0,12.002604,4.505205,-0.159749,81.1875,4,Benign
5.0,0.0,0.9,8.661703,8.661703,0.0,0.0,0.0,0.0,0.0,0.0,0.0,0.0,0.0,0.0,0.0,0.0,0.0,0.0,0.0,0.0,0.0,0.0,0.0,0.0,0.0,0.0,0.0,0.0,0.0,0.0,0.0,318,18,50,39.75,10.034316,318,131943702.697754,8.0,14.494611,3.547666,-0.088037,100.6875,8,Benign
5.0,0.0,1.0,53.096113,53.096113,0.0,0.0,0.0,0.0,0.0,0.0,0.0,0.0,0.0,0.0,0.0,0.0,0.0,0.0,0.0,0.0,0.0,0.0,0.0,0.0,0.0,0.0,0.0,0.0,0.0,0.0,0.0,2250,19,50,43.269231,9.019456,2250,19203059.813556,52.0,6.129338,1.250774,0.074348,81.350592,52,Benign
5.0,0.0,1.0,6.14962,6.14962,0.0,0.0,0.0,0.0,0.0,0.0,0.0,0.0,0.0,0.0,0.0,0.0,0.0,0.0,0.0,0.0,0.0,0.0,0.0,0.0,0.0,0.0,0.0,0.0,0.0,0.0,0.0,111,8,38,18.5,9.552487,111,195134019.851685,6.0,8.5,3.899786,-1.044112,91.25,6,Benign
5.0,0.0,0.9,39.499404,39.499404,0.0,0.0,0.0,0.0,0.0,0.0,0.0,0.0,0.0,0.0,0.0,0.0,0.0,0.0,0.0,0.0,0.0,0.0,0.0,0.0,0.0,0.0,0.0,0.0,0.0,0.0,0.0,1597,19,50,43.162162,9.312919,1597,26020083.16252,37.0,7.259109,1.531034,0.000327,86.73046,37,Benign
5.0,0.0,1.0,158.002531,158.002531,0.0,0.0,0.0,0.0,0.0,0.0,0.0,0.0,0.0,0.0,0.0,0.0,0.0,0.0,0.0,0.0,0.0,0.0,0.0,0.0,0.0,0.0,0.0,0.0,0.0,0.0,0.0,3648,12,36,24.0,12.0,3648,6370926.534893,152.0,2.176429,0.973329,-0.077255,144.0,152,BT-DoS
5.0,0.0,0.9,15.949521,15.949521,0.0,0.0,0.0,0.0,0.0,0.0,0.0,0.0,0.0,0.0,0.0,0.0,0.0,0.0,0.0,0.0,0.0,0.0,0.0,0.0,0.0,0.0,0.0,0.0,0.0,0.0,0.0,568,12,50,37.866667,12.403584,568,67176222.801208,15.0,10.288289,3.202592,0.018893,153.848889,15,Benign
5.0,0.0,1.0,53.198516,53.198516,0.0,0.0,0.0,0.0,0.0,0.0,0.0,0.0,0.0,0.0,0.0,0.0,0.0,0.0,0.0,0.0,0.0,0.0,0.0,0.0,0.0,0.0,0.0,0.0,0.0,0.0,0.0,2159,8,50,41.519231,10.77299,2159,19166095.584047,52.0,5.948341,1.493945,0.084473,116.057322,52,Benign
5.0,0.0,1.0,338.69632,338.69632,0.0,0.0,0.0,0.0,0.0,0.0,0.0,0.0,0.0,0.0,0.0,0.0,0.0,0.0,0.0,0.0,0.0,0.0,0.0,0.0,0.0,0.0,0.0,0.0,0.0,0.0,0.0,8112,12,36,24.0,12.0,8112,2961258.506209,338.0,1.459513,0.652714,-0.035462,144.0,338,BT-DoS
5.0,0.0,1.0,175.403966,175.403966,0.0,0.0,0.0,0.0,0.0,0.0,0.0,0.0,0.0,0.0,0.0,0.0,0.0,0.0,0.0,0.0,0.0,0.0,0.0,0.0,0.0,0.0,0.0,0.0,0.0,0.0,0.0,4176,12,36,24.0,12.0,4176,5734079.835043,174.0,2.034191,0.909718,-0.069419,144.0,174,BT-DoS
5.0,0.0,0.9,22.873952,22.873952,0.0,0.0,0.0,0.0,0.0,0.0,0.0,0.0,0.0,0.0,0.0,0.0,0.0,0.0,0.0,0.0,0.0,0.0,0.0,0.0,0.0,0.0,0.0,0.0,0.0,0.0,0.0,540,12,36,27.0,9.949874,540,46018788.689061,20.0,6.434283,2.22486,-0.126079,99.0,20,Benign
5.0,0.0,1.0,246.495953,246.495953,0.0,0.0,0.0,0.0,0.0,0.0,0.0,0.0,0.0,0.0,0.0,0.0,0.0,0.0,0.0,0.0,0.0,0.0,0.0,0.0,0.0,0.0,0.0,0.0,0.0,0.0,0.0,5904,12,36,24.0,12.0,5904,4073420.349432,246.0,1.710798,0.765092,-0.048994,144.0,246,BT-DoS
5.0,0.0,1.0,163.31189,163.31189,0.0,0.0,0.0,0.0,0.0,0.0,0.0,0.0,0.0,0.0,0.0,0.0,0.0,0.0,0.0,0.0,0.0,0.0,0.0,0.0,0.0,0.0,0.0,0.0,0.0,0.0,0.0,3888,12,36,24.0,12.0,3888,6161285.483319,162.0,2.108185,0.942809,-0.074689,144.0,162,BT-DoS
5.0,0.0,1.0,35.131705,35.131705,0.0,0.0,0.0,0.0,0.0,0.0,0.0,0.0,0.0,0.0,0.0,0.0,0.0,0.0,0.0,0.0,0.0,0.0,0.0,0.0,0.0,0.0,0.0,0.0,0.0,0.0,0.0,1241,11,50,35.457143,15.558815,1241,29301503.125359,35.0,6.544978,2.62992,0.100592,242.076735,35,Benign
5.0,0.0,1.0,153.069952,153.069952,0.0,0.0,0.0,0.0,0.0,0.0,0.0,0.0,0.0,0.0,0.0,0.0,0.0,0.0,0.0,0.0,0.0,0.0,0.0,0.0,0.0,0.0,0.0,0.0,0.0,0.0,0.0,3648,12,36,24.0,12.0,3648,6576225.457602,152.0,2.176429,0.973329,-0.079694,144.0,152,BT-DoS
5.0,0.0,1.0,171.717335,171.717335,0.0,0.0,0.0,0.0,0.0,0.0,0.0,0.0,0.0,0.0,0.0,0.0,0.0,0.0,0.0,0.0,0.0,0.0,0.0,0.0,0.0,0.0,0.0,0.0,0.0,0.0,0.0,4080,12,36,24.0,12.0,4080,5857982.579068,170.0,2.057983,0.920358,-0.070935,144.0,170,BT-DoS
5.0,0.0,0.2,20.900208,20.900208,0.0,0.0,0.0,0.0,0.0,0.0,0.0,0.0,0.0,0.0,0.0,0.0,0.0,0.0,0.0,0.0,0.0,0.0,0.0,0.0,0.0,0.0,0.0,0.0,0.0,0.0,0.0,98,10,40,19.6,11.808472,98,59808015.823364,5.0,10.233279,5.280909,-0.269556,139.44,5,BT-DoS
5.0,0.0,1.0,47.364183,47.364183,0.0,0.0,0.0,0.0,0.0,0.0,0.0,0.0,0.0,0.0,0.0,0.0,0.0,0.0,0.0,0.0,0.0,0.0,0.0,0.0,0.0,0.0,0.0,0.0,0.0,0.0,0.0,2068,19,50,44.0,8.452621,2068,21571978.278782,47.0,6.535414,1.232942,0.044275,71.446809,47,Benign
5.0,0.0,1.0,318.957259,318.957259,0.0,0.0,0.0,0.0,0.0,0.0,0.0,0.0,0.0,0.0,0.0,0.0,0.0,0.0,0.0,0.0,0.0,0.0,0.0,0.0,0.0,0.0,0.0,0.0,0.0,0.0,0.0,7632,12,36,24.0,12.0,7632,3145106.583364,318.0,1.50471,0.672927,-0.037731,144.0,318,BT-DoS
5.0,0.0,1.0,191.51912,191.51912,0.0,0.0,0.0,0.0,0.0,0.0,0.0,0.0,0.0,0.0,0.0,0.0,0.0,0.0,0.0,0.0,0.0,0.0,0.0,0.0,0.0,0.0,0.0,0.0,0.0,0.0,0.0,4560,12,36,24.0,12.0,4560,5249037.313714,190.0,1.946657,0.870572,-0.063454,144.0,190,BT-DoS
5.0,0.0,0.1,58.854043,58.854043,0.0,0.0,0.0,0.0,0.0,0.0,0.0,0.0,0.0,0.0,0.0,0.0,0.0,0.0,0.0,0.0,0.0,0.0,0.0,0.0,0.0,0.0,0.0,0.0,0.0,0.0,0.0,146,11,50,29.2,16.96349,146,21238982.67746,5.0,15.102318,7.586303,0.357772,287.76,5,Benign
5.0,0.0,1.0,153.069805,153.069805,0.0,0.0,0.0,0.0,0.0,0.0,0.0,0.0,0.0,0.0,0.0,0.0,0.0,0.0,0.0,0.0,0.0,0.0,0.0,0.0,0.0,0.0,0.0,0.0,0.0,0.0,0.0,3648,12,36,24.0,12.0,3648,6576231.773326,152.0,2.176429,0.973329,-0.079661,144.0,152,BT-DoS
5.0,0.0,1.0,352.697271,352.697271,0.0,0.0,0.0,0.0,0.0,0.0,0.0,0.0,0.0,0.0,0.0,0.0,0.0,0.0,0.0,0.0,0.0,0.0,0.0,0.0,0.0,0.0,0.0,0.0,0.0,0.0,0.0,8448,12,36,24.0,12.0,8448,2843370.464792,352.0,1.430194,0.639602,-0.034078,144.0,352,BT-DoS
5.0,0.0,1.0,37.427151,37.427151,0.0,0.0,0.0,0.0,0.0,0.0,0.0,0.0,0.0,0.0,0.0,0.0,0.0,0.0,0.0,0.0,0.0,0.0,0.0,0.0,0.0,0.0,0.0,0.0,0.0,0.0,0.0,1580,8,50,42.702703,11.845549,1580,27460753.917694,37.0,7.285376,1.947396,0.137515,140.31702,37,Benign
5.0,0.0,1.0,151.214386,151.214386,0.0,0.0,0.0,0.0,0.0,0.0,0.0,0.0,0.0,0.0,0.0,0.0,0.0,0.0,0.0,0.0,0.0,0.0,0.0,0.0,0.0,0.0,0.0,0.0,0.0,0.0,0.0,3600,12,36,24.0,12.0,3600,6657510.795849,150.0,2.19089,0.979796,-0.080775,144.0,150,BT-DoS
5.0,0.0,1.0,43.53038,43.53038,0.0,0.0,0.0,0.0,0.0,0.0,0.0,0.0,0.0,0.0,0.0,0.0,0.0,0.0,0.0,0.0,0.0,0.0,0.0,0.0,0.0,0.0,0.0,0.0,0.0,0.0,0.0,1632,11,50,37.953488,15.181006,1632,23519425.165086,43.0,6.233686,2.315082,-0.089449,230.462953,43,Benign
5.0,0.0,1.0,129.029919,129.029919,0.0,0.0,0.0,0.0,0.0,0.0,0.0,0.0,0.0,0.0,0.0,0.0,0.0,0.0,0.0,0.0,0.0,0.0,0.0,0.0,0.0,0.0,0.0,0.0,0.0,0.0,0.0,3072,12,36,24.0,12.0,3072,7811165.231419,128.0,2.371708,1.06066,-0.09503,144.0,128,BT-DoS
5.0,0.0,1.0,34.068843,34.068843,0.0,0.0,0.0,0.0,0.0,0.0,0.0,0.0,0.0,0.0,0.0,0.0,0.0,0.0,0.0,0.0,0.0,0.0,0.0,0.0,0.0,0.0,0.0,0.0,0.0,0.0,0.0,1434,19,50,43.454545,9.280448,1434,30269593.000412,33.0,7.735053,1.615519,0.016962,86.126722,33,Benign
5.0,0.0,0.9,28.873927,28.873927,0.0,0.0,0.0,0.0,0.0,0.0,0.0,0.0,0.0,0.0,0.0,0.0,0.0,0.0,0.0,0.0,0.0,0.0,0.0,0.0,0.0,0.0,0.0,0.0,0.0,0.0,0.0,724,11,50,28.96,15.690711,724,36076376.835505,25.0,6.587503,3.138142,0.257563,246.1984,25,Benign
5.0,0.0,1.0,180.890282,180.890282,0.0,0.0,0.0,0.0,0.0,0.0,0.0,0.0,0.0,0.0,0.0,0.0,0.0,0.0,0.0,0.0,0.0,0.0,0.0,0.0,0.0,0.0,0.0,0.0,0.0,0.0,0.0,4176,12,36,24.0,12.0,4176,5560167.95208,174.0,2.034191,0.909718,-0.067316,144.0,174,BT-DoS
5.0,0.0,1.0,195.580901,195.580901,0.0,0.0,0.0,0.0,0.0,0.0,0.0,0.0,0.0,0.0,0.0,0.0,0.0,0.0,0.0,0.0,0.0,0.0,0.0,0.0,0.0,0.0,0.0,0.0,0.0,0.0,0.0,4656,12,36,24.0,12.0,4656,5139465.77675,194.0,1.926484,0.86155,-0.062138,144.0,194,BT-DoS
5.0,0.0,1.0,173.382745,173.382745,0.0,0.0,0.0,0.0,0.0,0.0,0.0,0.0,0.0,0.0,0.0,0.0,0.0,0.0,0.0,0.0,0.0,0.0,0.0,0.0,0.0,0.0,0.0,0.0,0.0,0.0,0.0,4128,12,36,24.0,12.0,4128,5801315.196076,172.0,2.045983,0.914991,-0.07024,144.0,172,BT-DoS
5.0,0.0,1.0,171.557774,171.557774,0.0,0.0,0.0,0.0,0.0,0.0,0.0,0.0,0.0,0.0,0.0,0.0,0.0,0.0,0.0,0.0,0.0,0.0,0.0,0.0,0.0,0.0,0.0,0.0,0.0,0.0,0.0,4080,12,36,24.0,12.0,4080,5863430.937366,170.0,2.057983,0.920358,-0.071008,144.0,170,BT-DoS
5.0,0.0,1.0,354.701317,354.701317,0.0,0.0,0.0,0.0,0.0,0.0,0.0,0.0,0.0,0.0,0.0,0.0,0.0,0.0,0.0,0.0,0.0,0.0,0.0,0.0,0.0,0.0,0.0,0.0,0.0,0.0,0.0,8496,12,36,24.0,12.0,8496,2827260.04171,354.0,1.426148,0.637793,-0.033852,144.0,354,BT-DoS
5.0,0.0,0.1,42.927584,42.927584,0.0,0.0,0.0,0.0,0.0,0.0,0.0,0.0,0.0,0.0,0.0,0.0,0.0,0.0,0.0,0.0,0.0,0.0,0.0,0.0,0.0,0.0,0.0,0.0,0.0,0.0,0.0,89,12,36,22.25,9.010411,89,31060059.865316,4.0,12.002604,4.505205,-0.089574,81.1875,4,Benign
5.0,0.0,0.9,24.523798,24.523798,0.0,0.0,0.0,0.0,0.0,0.0,0.0,0.0,0.0,0.0,0.0,0.0,0.0,0.0,0.0,0.0,0.0,0.0,0.0,0.0,0.0,0.0,0.0,0.0,0.0,0.0,0.0,556,12,36,26.47619,9.579835,556,42815554.141998,21.0,6.144149,2.090491,-0.112911,91.773243,21,Benign
5.0,0.0,1.0,76.047975,76.047975,0.0,0.0,0.0,0.0,0.0,0.0,0.0,0.0,0.0,0.0,0.0,0.0,0.0,0.0,0.0,0.0,0.0,0.0,0.0,0.0,0.0,0.0,0.0,0.0,0.0,0.0,0.0,3343,19,50,43.986842,6.400028,3343,13324921.925863,76.0,5.098765,0.734134,0.037151,40.960353,76,Benign
5.0,0.0,0.1,60.089885,60.089885,0.0,0.0,0.0,0.0,0.0,0.0,0.0,0.0,0.0,0.0,0.0,0.0,0.0,0.0,0.0,0.0,0.0,0.0,0.0,0.0,0.0,0.0,0.0,0.0,0.0,0.0,0.0,89,12,36,22.25,9.010411,89,22188981.374105,4.0,12.002604,4.505205,0.031412,81.1875,4,Benign
5.0,0.0,0.1,49.046579,49.046579,0.0,0.0,0.0,0.0,0.0,0.0,0.0,0.0,0.0,0.0,0.0,0.0,0.0,0.0,0.0,0.0,0.0,0.0,0.0,0.0,0.0,0.0,0.0,0.0,0.0,0.0,0.0,89,12,36,22.25,9.010411,89,27185042.699178,4.0,12.002604,4.505205,0.076813,81.1875,4,Benign
5.0,0.0,1.0,129.245026,129.245026,0.0,0.0,0.0,0.0,0.0,0.0,0.0,0.0,0.0,0.0,0.0,0.0,0.0,0.0,0.0,0.0,0.0,0.0,0.0,0.0,0.0,0.0,0.0,0.0,0.0,0.0,0.0,4573,8,249,35.726562,23.849369,4573,7798164.848268,128.0,3.796771,2.108006,0.070385,568.792419,128,Benign
5.0,0.0,1.0,135.08706,135.08706,0.0,0.0,0.0,0.0,0.0,0.0,0.0,0.0,0.0,0.0,0.0,0.0,0.0,0.0,0.0,0.0,0.0,0.0,0.0,0.0,0.0,0.0,0.0,0.0,0.0,0.0,0.0,3216,12,36,24.0,12.0,3216,7458292.452016,134.0,2.318002,1.036642,-0.090656,144.0,134,BT-DoS
5.0,0.0,0.9,41.315176,41.315176,0.0,0.0,0.0,0.0,0.0,0.0,0.0,0.0,0.0,0.0,0.0,0.0,0.0,0.0,0.0,0.0,0.0,0.0,0.0,0.0,0.0,0.0,0.0,0.0,0.0,0.0,0.0,662,10,36,16.974359,6.704331,662,24841132.916902,39.0,2.922402,1.073552,0.183056,44.94806,39,BT-DoS
5.0,0.0,1.0,137.097617,137.097617,0.0,0.0,0.0,0.0,0.0,0.0,0.0,0.0,0.0,0.0,0.0,0.0,0.0,0.0,0.0,0.0,0.0,0.0,0.0,0.0,0.0,0.0,0.0,0.0,0.0,0.0,0.0,3264,12,36,24.0,12.0,3264,7348102.993435,136.0,2.300895,1.028992,-0.089165,144.0,136,BT-DoS
5.0,0.0,1.0,172.558432,172.558432,0.0,0.0,0.0,0.0,0.0,0.0,0.0,0.0,0.0,0.0,0.0,0.0,0.0,0.0,0.0,0.0,0.0,0.0,0.0,0.0,0.0,0.0,0.0,0.0,0.0,0.0,0.0,3984,12,36,24.0,12.0,3984,5830260.479089,166.0,2.08263,0.931381,-0.070618,144.0,166,BT-DoS
5.0,0.0,1.0,49.732764,49.732764,0.0,0.0,0.0,0.0,0.0,0.0,0.0,0.0,0.0,0.0,0.0,0.0,0.0,0.0,0.0,0.0,0.0,0.0,0.0,0.0,0.0,0.0,0.0,0.0,0.0,0.0,0.0,1877,11,50,38.306122,14.135213,1877,20526374.379794,49.0,5.832987,2.019316,0.174215,199.804248,49,Benign
5.0,0.0,1.0,167.338531,167.338531,0.0,0.0,0.0,0.0,0.0,0.0,0.0,0.0,0.0,0.0,0.0,0.0,0.0,0.0,0.0,0.0,0.0,0.0,0.0,0.0,0.0,0.0,0.0,0.0,0.0,0.0,0.0,3984,12,36,24.0,12.0,3984,6012127.616189,166.0,2.08263,0.931381,-0.07283,144.0,166,BT-DoS
5.0,0.0,1.0,175.413832,175.413832,0.0,0.0,0.0,0.0,0.0,0.0,0.0,0.0,0.0,0.0,0.0,0.0,0.0,0.0,0.0,0.0,0.0,0.0,0.0,0.0,0.0,0.0,0.0,0.0,0.0,0.0,0.0,4176,12,36,24.0,12.0,4176,5733757.349797,174.0,2.034191,0.909718,-0.069416,144.0,174,BT-DoS
5.0,0.0,0.1,52.113189,52.113189,0.0,0.0,0.0,0.0,0.0,0.0,0.0,0.0,0.0,0.0,0.0,0.0,0.0,0.0,0.0,0.0,0.0,0.0,0.0,0.0,0.0,0.0,0.0,0.0,0.0,0.0,0.0,89,12,36,22.25,9.010411,89,25585333.506266,4.0,12.002604,4.505205,-0.008234,81.1875,4,Benign
5.0,0.0,1.0,183.462564,183.462564,0.0,0.0,0.0,0.0,0.0,0.0,0.0,0.0,0.0,0.0,0.0,0.0,0.0,0.0,0.0,0.0,0.0,0.0,0.0,0.0,0.0,0.0,0.0,0.0,0.0,0.0,0.0,4368,12,36,24.0,12.0,4368,5480817.668346,182.0,1.988981,0.889499,-0.066331,144.0,182,BT-DoS
5.0,0.0,0.8,40.171127,40.171127,0.0,0.0,0.0,0.0,0.0,0.0,0.0,0.0,0.0,0.0,0.0,0.0,0.0,0.0,0.0,0.0,0.0,0.0,0.0,0.0,0.0,0.0,0.0,0.0,0.0,0.0,0.0,1585,32,50,46.617647,5.620418,1585,25647849.747629,34.0,8.052756,0.963894,0.031037,31.5891,34,Benign
5.0,0.0,1.0,90.858982,90.858982,0.0,0.0,0.0,0.0,0.0,0.0,0.0,0.0,0.0,0.0,0.0,0.0,0.0,0.0,0.0,0.0,0.0,0.0,0.0,0.0,0.0,0.0,0.0,0.0,0.0,0.0,0.0,4022,19,50,44.688889,5.541048,4022,11129730.203178,90.0,4.746695,0.584078,0.019266,30.70321,90,Benign
5.0,0.0,1.0,37.840053,37.840053,0.0,0.0,0.0,0.0,0.0,0.0,0.0,0.0,0.0,0.0,0.0,0.0,0.0,0.0,0.0,0.0,0.0,0.0,0.0,0.0,0.0,0.0,0.0,0.0,0.0,0.0,0.0,1703,32,50,46.027027,5.644833,1703,27161108.122932,37.0,7.62349,0.928005,0.047954,31.864134,37,Benign
5.0,0.0,1.0,165.322921,165.322921,0.0,0.0,0.0,0.0,0.0,0.0,0.0,0.0,0.0,0.0,0.0,0.0,0.0,0.0,0.0,0.0,0.0,0.0,0.0,0.0,0.0,0.0,0.0,0.0,0.0,0.0,0.0,3936,12,36,24.0,12.0,3936,6085877.038218,164.0,2.095291,0.937043,-0.073743,144.0,164,BT-DoS
5.0,0.0,1.0,175.406243,175.406243,0.0,0.0,0.0,0.0,0.0,0.0,0.0,0.0,0.0,0.0,0.0,0.0,0.0,0.0,0.0,0.0,0.0,0.0,0.0,0.0,0.0,0.0,0.0,0.0,0.0,0.0,0.0,4176,12,36,24.0,12.0,4176,5734005.415371,174.0,2.034191,0.909718,-0.069412,144.0,174,BT-DoS
5.0,0.0,1.0,42.362376,42.362376,0.0,0.0,0.0,0.0,0.0,0.0,0.0,0.0,0.0,0.0,0.0,0.0,0.0,0.0,0.0,0.0,0.0,0.0,0.0,0.0,0.0,0.0,0.0,0.0,0.0,0.0,0.0,1879,19,50,45.829268,7.401063,1879,24195998.907089,41.0,7.250059,1.155852,0.053919,54.775729,41,Benign
5.0,0.0,1.0,344.696328,344.696328,0.0,0.0,0.0,0.0,0.0,0.0,0.0,0.0,0.0,0.0,0.0,0.0,0.0,0.0,0.0,0.0,0.0,0.0,0.0,0.0,0.0,0.0,0.0,0.0,0.0,0.0,0.0,8256,12,36,24.0,12.0,8256,2909562.330552,344.0,1.446728,0.646997,-0.034859,144.0,344,BT-DoS
5.0,0.0,1.0,25.034397,25.034397,0.0,0.0,0.0,0.0,0.0,0.0,0.0,0.0,0.0,0.0,0.0,0.0,0.0,0.0,0.0,0.0,0.0,0.0,0.0,0.0,0.0,0.0,0.0,0.0,0.0,0.0,0.0,991,8,50,39.64,13.451781,991,41609416.40536,25.0,8.372049,2.690356,0.0816,180.9504,25,Benign
5.0,0.0,1.0,45.942509,45.942509,0.0,0.0,0.0,0.0,0.0,0.0,0.0,0.0,0.0,0.0,0.0,0.0,0.0,0.0,0.0,0.0,0.0,0.0,0.0,0.0,0.0,0.0,0.0,0.0,0.0,0.0,0.0,2013,19,50,44.733333,7.683749,2013,22261023.521423,45.0,6.76611,1.145426,0.059408,59.04,45,Benign
5.0,0.0,1.0,75.577802,75.577802,0.0,0.0,0.0,0.0,0.0,0.0,0.0,0.0,0.0,0.0,0.0,0.0,0.0,0.0,0.0,0.0,0.0,0.0,0.0,0.0,0.0,0.0,0.0,0.0,0.0,0.0,0.0,3299,19,50,45.191781,6.094366,3299,13415167.72906,73.0,5.337177,0.713292,0.038988,37.141302,73,Benign
5.0,0.0,0.9,43.209978,43.209978,0.0,0.0,0.0,0.0,0.0,0.0,0.0,0.0,0.0,0.0,0.0,0.0,0.0,0.0,0.0,0.0,0.0,0.0,0.0,0.0,0.0,0.0,0.0,0.0,0.0,0.0,0.0,1481,8,50,36.121951,16.050523,1481,23721373.081207,41.0,6.173141,2.50667,0.088071,257.619274,41,Benign
5.0,0.0,1.0,48.241643,48.241643,0.0,0.0,0.0,0.0,0.0,0.0,0.0,0.0,0.0,0.0,0.0,0.0,0.0,0.0,0.0,0.0,0.0,0.0,0.0,0.0,0.0,0.0,0.0,0.0,0.0,0.0,0.0,2106,19,50,44.808511,7.353211,2106,21179608.676745,47.0,6.623415,1.072576,0.073851,54.069715,47,Benign
5.0,0.0,1.0,46.086188,46.086188,0.0,0.0,0.0,0.0,0.0,0.0,0.0,0.0,0.0,0.0,0.0,0.0,0.0,0.0,0.0,0.0,0.0,0.0,0.0,0.0,0.0,0.0,0.0,0.0,0.0,0.0,0.0,1974,18,50,42.913043,9.940751,1974,22180663.214789,46.0,6.494727,1.465684,0.020257,98.818526,46,Benign
5.0,0.0,0.8,18.205893,18.205893,0.0,0.0,0.0,0.0,0.0,0.0,0.0,0.0,0.0,0.0,0.0,0.0,0.0,0.0,0.0,0.0,0.0,0.0,0.0,0.0,0.0,0.0,0.0,0.0,0.0,0.0,0.0,253,12,22,16.866667,3.87929,253,58850646.018982,15.0,4.468656,1.001628,-0.17986,15.048889,15,BT-DoS
5.0,0.0,1.0,44.749855,44.749855,0.0,0.0,0.0,0.0,0.0,0.0,0.0,0.0,0.0,0.0,0.0,0.0,0.0,0.0,0.0,0.0,0.0,0.0,0.0,0.0,0.0,0.0,0.0,0.0,0.0,0.0,0.0,1883,18,50,43.790698,8.326361,1883,22878499.258132,43.0,6.797663,1.269758,-0.003711,69.328286,43,Benign
5.0,0.0,1.0,180.874142,180.874142,0.0,0.0,0.0,0.0,0.0,0.0,0.0,0.0,0.0,0.0,0.0,0.0,0.0,0.0,0.0,0.0,0.0,0.0,0.0,0.0,0.0,0.0,0.0,0.0,0.0,0.0,0.0,4176,12,36,24.0,12.0,4176,5560664.083227,174.0,2.034191,0.909718,-0.0673,144.0,174,BT-DoS
5.0,0.0,1.0,296.961899,296.961899,0.0,0.0,0.0,0.0,0.0,0.0,0.0,0.0,0.0,0.0,0.0,0.0,0.0,0.0,0.0,0.0,0.0,0.0,0.0,0.0,0.0,0.0,0.0,0.0,0.0,0.0,0.0,7056,12,36,24.0,12.0,7056,3378928.317959,294.0,1.564922,0.699854,-0.040594,144.0,294,BT-DoS
5.0,0.0,1.0,44.818884,44.818884,0.0,0.0,0.0,0.0,0.0,0.0,0.0,0.0,0.0,0.0,0.0,0.0,0.0,0.0,0.0,0.0,0.0,0.0,0.0,0.0,0.0,0.0,0.0,0.0,0.0,0.0,0.0,1978,19,50,44.954545,7.954286,1978,22830907.688584,44.0,6.882425,1.199154,0.040291,63.270661,44,Benign
5.0,0.0,1.0,47.618519,47.618519,0.0,0.0,0.0,0.0,0.0,0.0,0.0,0.0,0.0,0.0,0.0,0.0,0.0,0.0,0.0,0.0,0.0,0.0,0.0,0.0,0.0,0.0,0.0,0.0,0.0,0.0,0.0,1930,8,50,41.06383,12.069663,1930,21456759.908925,47.0,6.243149,1.760541,0.159384,145.676777,47,Benign
5.0,0.0,1.0,125.003502,125.003502,0.0,0.0,0.0,0.0,0.0,0.0,0.0,0.0,0.0,0.0,0.0,0.0,0.0,0.0,0.0,0.0,0.0,0.0,0.0,0.0,0.0,0.0,0.0,0.0,0.0,0.0,0.0,2976,12,36,24.0,12.0,2976,8064814.699375,124.0,2.409658,1.077632,-0.098171,144.0,124,BT-DoS
5.0,0.0,0.9,158.586645,158.586645,0.0,0.0,0.0,0.0,0.0,0.0,0.0,0.0,0.0,0.0,0.0,0.0,0.0,0.0,0.0,0.0,0.0,0.0,0.0,0.0,0.0,0.0,0.0,0.0,0.0,0.0,0.0,3456,12,36,24.0,12.0,3456,6349797.015424,144.0,2.236068,1.0,-0.076983,144.0,144,BT-DoS
5.0,0.0,0.9,52.137363,52.137363,0.0,0.0,0.0,0.0,0.0,0.0,0.0,0.0,0.0,0.0,0.0,0.0,0.0,0.0,0.0,0.0,0.0,0.0,0.0,0.0,0.0,0.0,0.0,0.0,0.0,0.0,0.0,1914,11,50,39.061224,14.106603,1914,19579688.707987,49.0,5.932917,2.015229,0.101904,198.996252,49,Benign
5.0,0.0,1.0,143.150066,143.150066,0.0,0.0,0.0,0.0,0.0,0.0,0.0,0.0,0.0,0.0,0.0,0.0,0.0,0.0,0.0,0.0,0.0,0.0,0.0,0.0,0.0,0.0,0.0,0.0,0.0,0.0,0.0,3408,12,36,24.0,12.0,3408,7035219.922979,142.0,2.25176,1.007018,-0.085419,144.0,142,BT-DoS
5.0,0.0,1.0,171.193903,171.193903,0.0,0.0,0.0,0.0,0.0,0.0,0.0,0.0,0.0,0.0,0.0,0.0,0.0,0.0,0.0,0.0,0.0,0.0,0.0,0.0,0.0,0.0,0.0,0.0,0.0,0.0,0.0,4080,12,36,24.0,12.0,4080,5875893.598478,170.0,2.057983,0.920358,-0.071075,144.0,170,BT-DoS
5.0,0.0,1.0,16.064256,16.064256,0.0,0.0,0.0,0.0,0.0,0.0,0.0,0.0,0.0,0.0,0.0,0.0,0.0,0.0,0.0,0.0,0.0,0.0,0.0,0.0,0.0,0.0,0.0,0.0,0.0,0.0,0.0,636,12,50,39.75,13.455947,636,66400003.433228,16.0,10.49144,3.363987,-0.050233,181.0625,16,Benign
5.0,0.0,1.0,135.214912,135.214912,0.0,0.0,0.0,0.0,0.0,0.0,0.0,0.0,0.0,0.0,0.0,0.0,0.0,0.0,0.0,0.0,0.0,0.0,0.0,0.0,0.0,0.0,0.0,0.0,0.0,0.0,0.0,3216,12,36,24.0,12.0,3216,7451240.281413,134.0,2.318002,1.036642,-0.09047,144.0,134,BT-DoS
5.0,0.0,1.0,376.740312,376.740312,0.0,0.0,0.0,0.0,0.0,0.0,0.0,0.0,0.0,0.0,0.0,0.0,0.0,0.0,0.0,0.0,0.0,0.0,0.0,0.0,0.0,0.0,0.0,0.0,0.0,0.0,0.0,9024,12,36,24.0,12.0,9024,2661426.544189,376.0,1.383797,0.618853,-0.03187,144.0,376,BT-DoS
5.0,0.0,1.0,141.409577,141.409577,0.0,0.0,0.0,0.0,0.0,0.0,0.0,0.0,0.0,0.0,0.0,0.0,0.0,0.0,0.0,0.0,0.0,0.0,0.0,0.0,0.0,0.0,0.0,0.0,0.0,0.0,0.0,3360,12,36,24.0,12.0,3360,7122532.069254,140.0,2.267787,1.014185,-0.086511,144.0,140,BT-DoS
5.0,0.0,1.0,175.407971,175.407971,0.0,0.0,0.0,0.0,0.0,0.0,0.0,0.0,0.0,0.0,0.0,0.0,0.0,0.0,0.0,0.0,0.0,0.0,0.0,0.0,0.0,0.0,0.0,0.0,0.0,0.0,0.0,4176,12,36,24.0,12.0,4176,5733948.911546,174.0,2.034191,0.909718,-0.069413,144.0,174,BT-DoS
5.0,0.0,1.0,3.076153,3.076153,0.0,0.0,0.0,0.0,0.0,0.0,0.0,0.0,0.0,0.0,0.0,0.0,0.0,0.0,0.0,0.0,0.0,0.0,0.0,0.0,0.0,0.0,0.0,0.0,0.0,0.0,0.0,54,18,18,18.0,0.0,54,487622022.628784,3.0,10.392305,0.0,0.0,0.0,3,Benign
5.0,0.0,1.0,153.237244,153.237244,0.0,0.0,0.0,0.0,0.0,0.0,0.0,0.0,0.0,0.0,0.0,0.0,0.0,0.0,0.0,0.0,0.0,0.0,0.0,0.0,0.0,0.0,0.0,0.0,0.0,0.0,0.0,3648,12,36,24.0,12.0,3648,6569046.058402,152.0,2.176429,0.973329,-0.07969,144.0,152,BT-DoS
5.0,0.0,0.9,43.037174,43.037174,0.0,0.0,0.0,0.0,0.0,0.0,0.0,0.0,0.0,0.0,0.0,0.0,0.0,0.0,0.0,0.0,0.0,0.0,0.0,0.0,0.0,0.0,0.0,0.0,0.0,0.0,0.0,1653,8,50,41.325,11.518219,1653,23831514.211801,40.0,6.783113,1.82119,-0.018072,132.669375,40,Benign
5.0,0.0,0.9,24.320895,24.320895,0.0,0.0,0.0,0.0,0.0,0.0,0.0,0.0,0.0,0.0,0.0,0.0,0.0,0.0,0.0,0.0,0.0,0.0,0.0,0.0,0.0,0.0,0.0,0.0,0.0,0.0,0.0,868,8,50,41.333333,12.623988,868,43172752.857208,21.0,9.430976,2.75478,0.268558,159.365079,21,Benign
5.0,0.0,1.0,89.24721,89.24721,0.0,0.0,0.0,0.0,0.0,0.0,0.0,0.0,0.0,0.0,0.0,0.0,0.0,0.0,0.0,0.0,0.0,0.0,0.0,0.0,0.0,0.0,0.0,0.0,0.0,0.0,0.0,3959,19,50,44.483146,7.511957,3959,11332159.692591,89.0,4.781965,0.796266,0.03975,56.429491,89,Benign
5.0,0.0,1.0,163.318132,163.318132,0.0,0.0,0.0,0.0,0.0,0.0,0.0,0.0,0.0,0.0,0.0,0.0,0.0,0.0,0.0,0.0,0.0,0.0,0.0,0.0,0.0,0.0,0.0,0.0,0.0,0.0,0.0,3888,12,36,24.0,12.0,3888,6161050.026461,162.0,2.108185,0.942809,-0.07468,144.0,162,BT-DoS
5.0,0.0,0.0,165.838483,165.838483,0.0,0.0,0.0,0.0,0.0,0.0,0.0,0.0,0.0,0.0,0.0,0.0,0.0,0.0,0.0,0.0,0.0,0.0,0.0,0.0,0.0,0.0,0.0,0.0,0.0,0.0,0.0,35,8,27,17.5,9.5,35,12059926.986694,2.0,14.080128,6.717514,0.0,90.25,2,Benign
5.0,0.0,1.0,167.343277,167.343277,0.0,0.0,0.0,0.0,0.0,0.0,0.0,0.0,0.0,0.0,0.0,0.0,0.0,0.0,0.0,0.0,0.0,0.0,0.0,0.0,0.0,0.0,0.0,0.0,0.0,0.0,0.0,3984,12,36,24.0,12.0,3984,6011957.110781,166.0,2.08263,0.931381,-0.072845,144.0,166,BT-DoS
5.0,0.0,1.0,17.184165,17.184165,0.0,0.0,0.0,0.0,0.0,0.0,0.0,0.0,0.0,0.0,0.0,0.0,0.0,0.0,0.0,0.0,0.0,0.0,0.0,0.0,0.0,0.0,0.0,0.0,0.0,0.0,0.0,655,12,50,38.529412,12.15642,655,61830177.903175,17.0,9.798842,2.948365,0.041644,147.778547,17,Benign
5.0,0.0,1.0,159.279958,159.279958,0.0,0.0,0.0,0.0,0.0,0.0,0.0,0.0,0.0,0.0,0.0,0.0,0.0,0.0,0.0,0.0,0.0,0.0,0.0,0.0,0.0,0.0,0.0,0.0,0.0,0.0,0.0,3792,12,36,24.0,12.0,3792,6318242.686569,158.0,2.134704,0.954669,-0.076619,144.0,158,BT-DoS
5.0,0.0,1.0,130.98367,130.98367,0.0,0.0,0.0,0.0,0.0,0.0,0.0,0.0,0.0,0.0,0.0,0.0,0.0,0.0,0.0,0.0,0.0,0.0,0.0,0.0,0.0,0.0,0.0,0.0,0.0,0.0,0.0,3024,12,36,24.0,12.0,3024,7695615.768433,126.0,2.390457,1.069045,-0.093647,144.0,126,BT-DoS
5.0,0.0,1.0,27.232295,27.232295,0.0,0.0,0.0,0.0,0.0,0.0,0.0,0.0,0.0,0.0,0.0,0.0,0.0,0.0,0.0,0.0,0.0,0.0,0.0,0.0,0.0,0.0,0.0,0.0,0.0,0.0,0.0,752,12,36,27.851852,9.551822,752,38133456.156804,27.0,5.666546,1.838249,-0.151838,91.237311,27,Benign
5.0,0.0,1.0,21.095501,21.095501,0.0,0.0,0.0,0.0,0.0,0.0,0.0,0.0,0.0,0.0,0.0,0.0,0.0,0.0,0.0,0.0,0.0,0.0,0.0,0.0,0.0,0.0,0.0,0.0,0.0,0.0,0.0,832,18,50,39.619048,11.858195,832,49773645.401001,21.0,9.024532,2.58767,-0.139623,140.61678,21,Benign
5.0,0.0,1.0,39.655469,39.655469,0.0,0.0,0.0,0.0,0.0,0.0,0.0,0.0,0.0,0.0,0.0,0.0,0.0,0.0,0.0,0.0,0.0,0.0,0.0,0.0,0.0,0.0,0.0,0.0,0.0,0.0,0.0,1737,19,50,44.538462,8.245733,1737,25880813.598633,39.0,7.253057,1.320374,-0.035927,67.99211,39,Benign
5.0,0.0,0.1,45.030802,45.030802,0.0,0.0,0.0,0.0,0.0,0.0,0.0,0.0,0.0,0.0,0.0,0.0,0.0,0.0,0.0,0.0,0.0,0.0,0.0,0.0,0.0,0.0,0.0,0.0,0.0,0.0,0.0,89,12,36,22.25,9.010411,89,29609362.284342,4.0,12.002604,4.505205,-0.0858,81.1875,4,Benign
5.0,0.0,0.6,18.707739,18.707739,0.0,0.0,0.0,0.0,0.0,0.0,0.0,0.0,0.0,0.0,0.0,0.0,0.0,0.0,0.0,0.0,0.0,0.0,0.0,0.0,0.0,0.0,0.0,0.0,0.0,0.0,0.0,496,36,50,45.090909,5.451514,496,58799195.289612,11.0,13.694422,1.643693,-0.048985,29.719008,11,Benign
5.0,0.0,1.0,108.004856,108.004856,0.0,0.0,0.0,0.0,0.0,0.0,0.0,0.0,0.0,0.0,0.0,0.0,0.0,0.0,0.0,0.0,0.0,0.0,0.0,0.0,0.0,0.0,0.0,0.0,0.0,0.0,0.0,4490,10,50,41.962617,11.021581,4490,9346190.488563,107.0,4.194273,1.065496,0.036865,121.475238,107,Benign
5.0,0.0,1.0,43.72594,43.72594,0.0,0.0,0.0,0.0,0.0,0.0,0.0,0.0,0.0,0.0,0.0,0.0,0.0,0.0,0.0,0.0,0.0,0.0,0.0,0.0,0.0,0.0,0.0,0.0,0.0,0.0,0.0,1928,22,50,44.837209,6.360965,1928,23414237.158639,43.0,6.906076,0.970038,-0.015574,40.461871,43,Benign
5.0,0.0,1.0,386.767023,386.767023,0.0,0.0,0.0,0.0,0.0,0.0,0.0,0.0,0.0,0.0,0.0,0.0,0.0,0.0,0.0,0.0,0.0,0.0,0.0,0.0,0.0,0.0,0.0,0.0,0.0,0.0,0.0,9264,12,36,24.0,12.0,9264,2592251.517556,386.0,1.365754,0.610784,-0.031037,144.0,386,BT-DoS
5.0,0.0,1.0,44.577596,44.577596,0.0,0.0,0.0,0.0,0.0,0.0,0.0,0.0,0.0,0.0,0.0,0.0,0.0,0.0,0.0,0.0,0.0,0.0,0.0,0.0,0.0,0.0,0.0,0.0,0.0,0.0,0.0,1703,11,50,38.704545,14.70711,1703,22954486.137213,44.0,6.241978,2.21718,0.095627,216.29907,44,Benign
5.0,0.0,1.0,37.409942,37.409942,0.0,0.0,0.0,0.0,0.0,0.0,0.0,0.0,0.0,0.0,0.0,0.0,0.0,0.0,0.0,0.0,0.0,0.0,0.0,0.0,0.0,0.0,0.0,0.0,0.0,0.0,0.0,1607,19,50,44.638889,8.670361,1607,27494600.840977,36.0,7.578855,1.44506,-0.015254,75.175154,36,Benign
5.0,0.0,1.0,49.616841,49.616841,0.0,0.0,0.0,0.0,0.0,0.0,0.0,0.0,0.0,0.0,0.0,0.0,0.0,0.0,0.0,0.0,0.0,0.0,0.0,0.0,0.0,0.0,0.0,0.0,0.0,0.0,0.0,1788,11,50,36.489796,14.315857,1788,20574331.283569,49.0,5.599652,2.045122,0.140117,204.943773,49,Benign
5.0,0.0,0.0,2396.174625,2396.174625,0.0,0.0,0.0,0.0,0.0,0.0,0.0,0.0,0.0,0.0,0.0,0.0,0.0,0.0,0.0,0.0,0.0,0.0,0.0,0.0,0.0,0.0,0.0,0.0,0.0,0.0,0.0,288,12,36,24.0,12.0,288,455271.114003,12.0,7.745967,3.464102,-0.006335,144.0,12,BT-DoS
5.0,0.0,0.2,60.452212,60.452212,0.0,0.0,0.0,0.0,0.0,0.0,0.0,0.0,0.0,0.0,0.0,0.0,0.0,0.0,0.0,0.0,0.0,0.0,0.0,0.0,0.0,0.0,0.0,0.0,0.0,0.0,0.0,223,8,38,15.928571,8.430085,223,17814452.831562,14.0,4.816532,2.253035,-0.122614,71.066327,14,Benign
5.0,0.0,1.0,360.704501,360.704501,0.0,0.0,0.0,0.0,0.0,0.0,0.0,0.0,0.0,0.0,0.0,0.0,0.0,0.0,0.0,0.0,0.0,0.0,0.0,0.0,0.0,0.0,0.0,0.0,0.0,0.0,0.0,8640,12,36,24.0,12.0,8640,2780074.860724,360.0,1.414214,0.632456,-0.033322,144.0,360,BT-DoS
5.0,0.0,0.5,4.090055,4.090055,0.0,0.0,0.0,0.0,0.0,0.0,0.0,0.0,0.0,0.0,0.0,0.0,0.0,0.0,0.0,0.0,0.0,0.0,0.0,0.0,0.0,0.0,0.0,0.0,0.0,0.0,0.0,36,18,18,18.0,0.0,36,488991022.109985,2.0,12.727922,0.0,0.0,0.0,2,Benign
5.0,0.0,1.0,274.548796,274.548796,0.0,0.0,0.0,0.0,0.0,0.0,0.0,0.0,0.0,0.0,0.0,0.0,0.0,0.0,0.0,0.0,0.0,0.0,0.0,0.0,0.0,0.0,0.0,0.0,0.0,0.0,0.0,6576,12,36,24.0,12.0,6576,3655681.679974,274.0,1.62103,0.724947,-0.04392,144.0,274,BT-DoS
5.0,0.0,1.0,175.397727,175.397727,0.0,0.0,0.0,0.0,0.0,0.0,0.0,0.0,0.0,0.0,0.0,0.0,0.0,0.0,0.0,0.0,0.0,0.0,0.0,0.0,0.0,0.0,0.0,0.0,0.0,0.0,0.0,4176,12,36,24.0,12.0,4176,5734283.80007,174.0,2.034191,0.909718,-0.069431,144.0,174,BT-DoS
5.0,0.0,0.9,154.669069,154.669069,0.0,0.0,0.0,0.0,0.0,0.0,0.0,0.0,0.0,0.0,0.0,0.0,0.0,0.0,0.0,0.0,0.0,0.0,0.0,0.0,0.0,0.0,0.0,0.0,0.0,0.0,0.0,3456,12,36,24.0,12.0,3456,6510629.52055,144.0,2.236068,1.0,-0.079057,144.0,144,BT-DoS
5.0,0.0,0.9,264.270852,264.270852,0.0,0.0,0.0,0.0,0.0,0.0,0.0,0.0,0.0,0.0,0.0,0.0,0.0,0.0,0.0,0.0,0.0,0.0,0.0,0.0,0.0,0.0,0.0,0.0,0.0,0.0,0.0,6000,12,36,24.0,12.0,6000,3799193.355453,250.0,1.697056,0.758947,-0.045701,144.0,250,BT-DoS
5.0,0.0,1.0,129.160513,129.160513,0.0,0.0,0.0,0.0,0.0,0.0,0.0,0.0,0.0,0.0,0.0,0.0,0.0,0.0,0.0,0.0,0.0,0.0,0.0,0.0,0.0,0.0,0.0,0.0,0.0,0.0,0.0,3072,12,36,24.0,12.0,3072,7803267.381323,128.0,2.371708,1.06066,-0.094938,144.0,128,BT-DoS
5.0,0.0,1.0,145.155728,145.155728,0.0,0.0,0.0,0.0,0.0,0.0,0.0,0.0,0.0,0.0,0.0,0.0,0.0,0.0,0.0,0.0,0.0,0.0,0.0,0.0,0.0,0.0,0.0,0.0,0.0,0.0,0.0,3456,12,36,24.0,12.0,3456,6937328.752104,144.0,2.236068,1.0,-0.084146,144.0,144,BT-DoS
5.0,0.0,0.0,80.086382,80.086382,0.0,0.0,0.0,0.0,0.0,0.0,0.0,0.0,0.0,0.0,0.0,0.0,0.0,0.0,0.0,0.0,0.0,0.0,0.0,0.0,0.0,0.0,0.0,0.0,0.0,0.0,0.0,89,12,36,22.25,9.010411,89,16648689.905802,4.0,12.002604,4.505205,-0.233454,81.1875,4,Benign
5.0,0.0,0.9,169.527001,169.527001,0.0,0.0,0.0,0.0,0.0,0.0,0.0,0.0,0.0,0.0,0.0,0.0,0.0,0.0,0.0,0.0,0.0,0.0,0.0,0.0,0.0,0.0,0.0,0.0,0.0,0.0,0.0,3792,12,36,24.0,12.0,3792,5936337.12477,158.0,2.134704,0.954669,-0.071972,144.0,158,BT-DoS
5.0,0.0,1.0,165.327212,165.327212,0.0,0.0,0.0,0.0,0.0,0.0,0.0,0.0,0.0,0.0,0.0,0.0,0.0,0.0,0.0,0.0,0.0,0.0,0.0,0.0,0.0,0.0,0.0,0.0,0.0,0.0,0.0,3767,9,40,22.969512,12.109976,3767,6085719.067626,164.0,2.027629,0.94563,-0.066547,146.65151,164,BT-DoS
5.0,0.0,0.9,37.283506,37.283506,0.0,0.0,0.0,0.0,0.0,0.0,0.0,0.0,0.0,0.0,0.0,0.0,0.0,0.0,0.0,0.0,0.0,0.0,0.0,0.0,0.0,0.0,0.0,0.0,0.0,0.0,0.0,1073,12,50,32.515152,12.675725,1073,27659684.419632,33.0,6.075059,2.206561,-0.163349,160.674013,33,Benign
5.0,0.0,1.0,34.25337,34.25337,0.0,0.0,0.0,0.0,0.0,0.0,0.0,0.0,0.0,0.0,0.0,0.0,0.0,0.0,0.0,0.0,0.0,0.0,0.0,0.0,0.0,0.0,0.0,0.0,0.0,0.0,0.0,1426,18,50,41.941176,10.657616,1426,30078880.714648,34.0,7.421446,1.827766,0.13671,113.584775,34,Benign
5.0,0.0,1.0,38.007177,38.007177,0.0,0.0,0.0,0.0,0.0,0.0,0.0,0.0,0.0,0.0,0.0,0.0,0.0,0.0,0.0,0.0,0.0,0.0,0.0,0.0,0.0,0.0,0.0,0.0,0.0,0.0,0.0,1346,11,50,35.421053,15.303305,1346,27021923.580685,38.0,6.259397,2.482524,0.190714,234.191136,38,Benign
5.0,0.0,0.9,47.885127,47.885127,0.0,0.0,0.0,0.0,0.0,0.0,0.0,0.0,0.0,0.0,0.0,0.0,0.0,0.0,0.0,0.0,0.0,0.0,0.0,0.0,0.0,0.0,0.0,0.0,0.0,0.0,0.0,1921,8,50,42.688889,11.240447,1921,21357931.874015,45.0,6.580592,1.675627,0.105567,126.347654,45,Benign
5.0,0.0,0.9,36.164945,36.164945,0.0,0.0,0.0,0.0,0.0,0.0,0.0,0.0,0.0,0.0,0.0,0.0,0.0,0.0,0.0,0.0,0.0,0.0,0.0,0.0,0.0,0.0,0.0,0.0,0.0,0.0,0.0,1551,19,50,45.617647,8.206936,1551,28488997.257117,34.0,7.948961,1.407478,0.062728,67.353806,34,Benign
5.0,0.0,1.0,49.14251,49.14251,0.0,0.0,0.0,0.0,0.0,0.0,0.0,0.0,0.0,0.0,0.0,0.0,0.0,0.0,0.0,0.0,0.0,0.0,0.0,0.0,0.0,0.0,0.0,0.0,0.0,0.0,0.0,1787,10,50,37.229167,14.863601,1787,20781938.065874,48.0,5.786006,2.145376,0.077652,220.926649,48,Benign
5.0,0.0,1.0,364.71198,364.71198,0.0,0.0,0.0,0.0,0.0,0.0,0.0,0.0,0.0,0.0,0.0,0.0,0.0,0.0,0.0,0.0,0.0,0.0,0.0,0.0,0.0,0.0,0.0,0.0,0.0,0.0,0.0,8736,12,36,24.0,12.0,8736,2749443.054199,364.0,1.406422,0.628971,-0.032928,144.0,364,BT-DoS
5.0,0.0,1.0,54.645325,54.645325,0.0,0.0,0.0,0.0,0.0,0.0,0.0,0.0,0.0,0.0,0.0,0.0,0.0,0.0,0.0,0.0,0.0,0.0,0.0,0.0,0.0,0.0,0.0,0.0,0.0,0.0,0.0,1880,10,50,35.471698,14.812799,1880,18651746.786558,53.0,5.280188,2.034694,0.037823,219.41901,53,Benign
5.0,0.0,1.0,153.228295,153.228295,0.0,0.0,0.0,0.0,0.0,0.0,0.0,0.0,0.0,0.0,0.0,0.0,0.0,0.0,0.0,0.0,0.0,0.0,0.0,0.0,0.0,0.0,0.0,0.0,0.0,0.0,0.0,3648,12,36,24.0,12.0,3648,6569429.738632,152.0,2.176429,0.973329,-0.079692,144.0,152,BT-DoS
5.0,0.0,0.9,3.200997,3.200997,0.0,0.0,0.0,0.0,0.0,0.0,0.0,0.0,0.0,0.0,0.0,0.0,0.0,0.0,0.0,0.0,0.0,0.0,0.0,0.0,0.0,0.0,0.0,0.0,0.0,0.0,0.0,54,18,18,18.0,0.0,54,468603968.6203,3.0,10.392305,0.0,0.0,0.0,3,Benign
5.0,0.0,1.0,122.985129,122.985129,0.0,0.0,0.0,0.0,0.0,0.0,0.0,0.0,0.0,0.0,0.0,0.0,0.0,0.0,0.0,0.0,0.0,0.0,0.0,0.0,0.0,0.0,0.0,0.0,0.0,0.0,0.0,2928,12,36,24.0,12.0,2928,8198263.231388,122.0,2.429329,1.086429,-0.099853,144.0,122,BT-DoS
5.0,0.0,1.0,96.240736,96.240736,0.0,0.0,0.0,0.0,0.0,0.0,0.0,0.0,0.0,0.0,0.0,0.0,0.0,0.0,0.0,0.0,0.0,0.0,0.0,0.0,0.0,0.0,0.0,0.0,0.0,0.0,0.0,4178,19,50,43.978947,6.721496,4178,10501148.852896,95.0,4.564539,0.689611,0.035304,45.178504,95,Benign
5.0,0.0,1.0,52.120188,52.120188,0.0,0.0,0.0,0.0,0.0,0.0,0.0,0.0,0.0,0.0,0.0,0.0,0.0,0.0,0.0,0.0,0.0,0.0,0.0,0.0,0.0,0.0,0.0,0.0,0.0,0.0,0.0,2214,19,50,42.576923,9.019948,2214,19562627.754959,52.0,6.035399,1.250842,0.053941,81.359467,52,Benign
5.0,0.0,0.0,62601.552239,62601.552239,0.0,0.0,0.0,0.0,0.0,0.0,0.0,0.0,0.0,0.0,0.0,0.0,0.0,0.0,0.0,0.0,0.0,0.0,0.0,0.0,0.0,0.0,0.0,0.0,0.0,0.0,0.0,48,12,36,24.0,12.0,48,31948.0896,2.0,18.973666,8.485281,0.0,144.0,2,BT-DoS
5.0,0.0,1.0,52.558807,52.558807,0.0,0.0,0.0,0.0,0.0,0.0,0.0,0.0,0.0,0.0,0.0,0.0,0.0,0.0,0.0,0.0,0.0,0.0,0.0,0.0,0.0,0.0,0.0,0.0,0.0,0.0,0.0,2202,8,249,42.346154,44.152221,2202,19399371.801638,52.0,8.483712,6.122811,-0.015407,1949.418639,52,Benign
5.0,0.0,1.0,43.71549,43.71549,0.0,0.0,0.0,0.0,0.0,0.0,0.0,0.0,0.0,0.0,0.0,0.0,0.0,0.0,0.0,0.0,0.0,0.0,0.0,0.0,0.0,0.0,0.0,0.0,0.0,0.0,0.0,1550,11,50,36.046512,14.807216,1550,23419834.318615,43.0,5.942759,2.258079,0.220347,219.253651,43,Benign
5.0,0.0,1.0,195.766767,195.766767,0.0,0.0,0.0,0.0,0.0,0.0,0.0,0.0,0.0,0.0,0.0,0.0,0.0,0.0,0.0,0.0,0.0,0.0,0.0,0.0,0.0,0.0,0.0,0.0,0.0,0.0,0.0,4656,12,36,24.0,12.0,4656,5134586.22552,194.0,1.926484,0.86155,-0.062068,144.0,194,BT-DoS
5.0,0.0,1.0,315.26865,315.26865,0.0,0.0,0.0,0.0,0.0,0.0,0.0,0.0,0.0,0.0,0.0,0.0,0.0,0.0,0.0,0.0,0.0,0.0,0.0,0.0,0.0,0.0,0.0,0.0,0.0,0.0,0.0,7536,12,36,24.0,12.0,7536,3182031.856939,314.0,1.514263,0.677199,-0.03816,144.0,314,BT-DoS
5.0,0.0,0.8,44.33263,44.33263,0.0,0.0,0.0,0.0,0.0,0.0,0.0,0.0,0.0,0.0,0.0,0.0,0.0,0.0,0.0,0.0,0.0,0.0,0.0,0.0,0.0,0.0,0.0,0.0,0.0,0.0,0.0,1441,10,50,40.027778,12.395084,1441,23201227.18811,36.0,6.983833,2.065847,0.094815,153.638117,36,Benign
5.0,0.0,1.0,45.006707,45.006707,0.0,0.0,0.0,0.0,0.0,0.0,0.0,0.0,0.0,0.0,0.0,0.0,0.0,0.0,0.0,0.0,0.0,0.0,0.0,0.0,0.0,0.0,0.0,0.0,0.0,0.0,0.0,2030,19,50,45.111111,6.467774,2030,22723886.099729,45.0,6.793534,0.964159,0.015269,41.832099,45,Benign
5.0,0.0,1.0,132.929169,132.929169,0.0,0.0,0.0,0.0,0.0,0.0,0.0,0.0,0.0,0.0,0.0,0.0,0.0,0.0,0.0,0.0,0.0,0.0,0.0,0.0,0.0,0.0,0.0,0.0,0.0,0.0,0.0,3168,12,36,24.0,12.0,3168,7580229.344259,132.0,2.335497,1.044466,-0.092076,144.0,132,BT-DoS
5.0,0.0,1.0,27.648378,27.648378,0.0,0.0,0.0,0.0,0.0,0.0,0.0,0.0,0.0,0.0,0.0,0.0,0.0,0.0,0.0,0.0,0.0,0.0,0.0,0.0,0.0,0.0,0.0,0.0,0.0,0.0,0.0,668,8,50,24.740741,14.861316,668,37559582.636907,27.0,5.554321,2.860062,-0.398659,220.858711,27,Benign
5.0,0.0,0.9,301.370506,301.370506,0.0,0.0,0.0,0.0,0.0,0.0,0.0,0.0,0.0,0.0,0.0,0.0,0.0,0.0,0.0,0.0,0.0,0.0,0.0,0.0,0.0,0.0,0.0,0.0,0.0,0.0,0.0,6864,12,36,24.0,12.0,6864,3329817.45402,286.0,1.586658,0.709575,-0.039995,144.0,286,BT-DoS
5.0,0.0,1.0,128.902807,128.902807,0.0,0.0,0.0,0.0,0.0,0.0,0.0,0.0,0.0,0.0,0.0,0.0,0.0,0.0,0.0,0.0,0.0,0.0,0.0,0.0,0.0,0.0,0.0,0.0,0.0,0.0,0.0,2976,12,36,24.0,12.0,2976,7820854.342081,124.0,2.409658,1.077632,-0.095214,144.0,124,BT-DoS
5.0,0.0,1.0,20.205942,20.205942,0.0,0.0,0.0,0.0,0.0,0.0,0.0,0.0,0.0,0.0,0.0,0.0,0.0,0.0,0.0,0.0,0.0,0.0,0.0,0.0,0.0,0.0,0.0,0.0,0.0,0.0,0.0,540,12,36,27.0,9.949874,540,52095149.692736,20.0,6.434283,2.22486,-0.068149,99.0,20,Benign
5.0,0.0,1.0,175.406791,175.406791,0.0,0.0,0.0,0.0,0.0,0.0,0.0,0.0,0.0,0.0,0.0,0.0,0.0,0.0,0.0,0.0,0.0,0.0,0.0,0.0,0.0,0.0,0.0,0.0,0.0,0.0,0.0,4176,12,36,24.0,12.0,4176,5733987.499524,174.0,2.034191,0.909718,-0.069416,144.0,174,BT-DoS
5.0,0.0,1.0,175.403587,175.403587,0.0,0.0,0.0,0.0,0.0,0.0,0.0,0.0,0.0,0.0,0.0,0.0,0.0,0.0,0.0,0.0,0.0,0.0,0.0,0.0,0.0,0.0,0.0,0.0,0.0,0.0,0.0,4176,12,36,24.0,12.0,4176,5734092.238321,174.0,2.034191,0.909718,-0.069425,144.0,174,BT-DoS
5.0,0.0,1.0,149.68364,149.68364,0.0,0.0,0.0,0.0,0.0,0.0,0.0,0.0,0.0,0.0,0.0,0.0,0.0,0.0,0.0,0.0,0.0,0.0,0.0,0.0,0.0,0.0,0.0,0.0,0.0,0.0,0.0,3456,12,36,24.0,12.0,3456,6727475.386399,144.0,2.236068,1.0,-0.08167,144.0,144,BT-DoS
5.0,0.0,1.0,135.075891,135.075891,0.0,0.0,0.0,0.0,0.0,0.0,0.0,0.0,0.0,0.0,0.0,0.0,0.0,0.0,0.0,0.0,0.0,0.0,0.0,0.0,0.0,0.0,0.0,0.0,0.0,0.0,0.0,3216,12,36,24.0,12.0,3216,7458909.113604,134.0,2.318002,1.036642,-0.090679,144.0,134,BT-DoS
5.0,0.0,0.1,44.892476,44.892476,0.0,0.0,0.0,0.0,0.0,0.0,0.0,0.0,0.0,0.0,0.0,0.0,0.0,0.0,0.0,0.0,0.0,0.0,0.0,0.0,0.0,0.0,0.0,0.0,0.0,0.0,0.0,89,12,36,22.25,9.010411,89,29700597.127279,4.0,12.002604,4.505205,-0.066552,81.1875,4,Benign
5.0,0.0,1.0,49.028732,49.028732,0.0,0.0,0.0,0.0,0.0,0.0,0.0,0.0,0.0,0.0,0.0,0.0,0.0,0.0,0.0,0.0,0.0,0.0,0.0,0.0,0.0,0.0,0.0,0.0,0.0,0.0,0.0,1862,11,50,38.0,14.304274,1862,20821124.315262,49.0,5.800444,2.043468,-0.023329,204.612245,49,Benign
5.0,0.0,1.0,39.511359,39.511359,0.0,0.0,0.0,0.0,0.0,0.0,0.0,0.0,0.0,0.0,0.0,0.0,0.0,0.0,0.0,0.0,0.0,0.0,0.0,0.0,0.0,0.0,0.0,0.0,0.0,0.0,0.0,1358,8,50,34.820513,16.54345,1358,25975208.533438,39.0,6.173047,2.649072,0.274456,273.685733,39,Benign
5.0,0.0,0.9,333.684977,333.684977,0.0,0.0,0.0,0.0,0.0,0.0,0.0,0.0,0.0,0.0,0.0,0.0,0.0,0.0,0.0,0.0,0.0,0.0,0.0,0.0,0.0,0.0,0.0,0.0,0.0,0.0,0.0,7584,12,36,24.0,12.0,7584,3006352.318658,316.0,1.509464,0.675053,-0.036064,144.0,316,BT-DoS
5.0,0.0,1.0,91.037606,91.037606,0.0,0.0,0.0,0.0,0.0,0.0,0.0,0.0,0.0,0.0,0.0,0.0,0.0,0.0,0.0,0.0,0.0,0.0,0.0,0.0,0.0,0.0,0.0,0.0,0.0,0.0,0.0,4002,19,50,44.966292,6.594941,4002,11109295.216474,89.0,4.817408,0.699062,0.033135,43.493246,89,Benign
5.0,0.0,1.0,147.177263,147.177263,0.0,0.0,0.0,0.0,0.0,0.0,0.0,0.0,0.0,0.0,0.0,0.0,0.0,0.0,0.0,0.0,0.0,0.0,0.0,0.0,0.0,0.0,0.0,0.0,0.0,0.0,0.0,3504,12,36,24.0,12.0,3504,6841386.597732,146.0,2.2207,0.993127,-0.083047,144.0,146,BT-DoS
5.0,0.0,1.0,295.484501,295.484501,0.0,0.0,0.0,0.0,0.0,0.0,0.0,0.0,0.0,0.0,0.0,0.0,0.0,0.0,0.0,0.0,0.0,0.0,0.0,0.0,0.0,0.0,0.0,0.0,0.0,0.0,0.0,7056,12,36,24.0,12.0,7056,3395822.674748,294.0,1.564922,0.699854,-0.040787,144.0,294,BT-DoS
5.0,0.0,1.0,185.498653,185.498653,0.0,0.0,0.0,0.0,0.0,0.0,0.0,0.0,0.0,0.0,0.0,0.0,0.0,0.0,0.0,0.0,0.0,0.0,0.0,0.0,0.0,0.0,0.0,0.0,0.0,0.0,0.0,4416,12,36,24.0,12.0,4416,5420333.049336,184.0,1.978141,0.884652,-0.065557,144.0,184,BT-DoS
5.0,0.0,0.9,9.619135,9.619135,0.0,0.0,0.0,0.0,0.0,0.0,0.0,0.0,0.0,0.0,0.0,0.0,0.0,0.0,0.0,0.0,0.0,0.0,0.0,0.0,0.0,0.0,0.0,0.0,0.0,0.0,0.0,148,11,22,16.444444,3.593547,148,116954386.234283,9.0,5.610836,1.197849,0.700584,12.91358,9,BT-DoS
5.0,0.0,1.0,165.152122,165.152122,0.0,0.0,0.0,0.0,0.0,0.0,0.0,0.0,0.0,0.0,0.0,0.0,0.0,0.0,0.0,0.0,0.0,0.0,0.0,0.0,0.0,0.0,0.0,0.0,0.0,0.0,0.0,3936,12,36,24.0,12.0,3936,6092170.996169,164.0,2.095291,0.937043,-0.073725,144.0,164,BT-DoS
5.0,0.0,1.0,36.371213,36.371213,0.0,0.0,0.0,0.0,0.0,0.0,0.0,0.0,0.0,0.0,0.0,0.0,0.0,0.0,0.0,0.0,0.0,0.0,0.0,0.0,0.0,0.0,0.0,0.0,0.0,0.0,0.0,1666,19,50,46.277778,6.610644,1666,28279822.213309,36.0,7.791258,1.101774,0.035393,43.700617,36,Benign
5.0,0.0,1.0,364.73019,364.73019,0.0,0.0,0.0,0.0,0.0,0.0,0.0,0.0,0.0,0.0,0.0,0.0,0.0,0.0,0.0,0.0,0.0,0.0,0.0,0.0,0.0,0.0,0.0,0.0,0.0,0.0,0.0,8736,12,36,24.0,12.0,8736,2749305.782896,364.0,1.406422,0.628971,-0.032948,144.0,364,BT-DoS
5.0,0.0,1.0,356.49152,356.49152,0.0,0.0,0.0,0.0,0.0,0.0,0.0,0.0,0.0,0.0,0.0,0.0,0.0,0.0,0.0,0.0,0.0,0.0,0.0,0.0,0.0,0.0,0.0,0.0,0.0,0.0,0.0,8496,12,36,24.0,12.0,8496,2813062.316635,354.0,1.426148,0.637793,-0.033726,144.0,354,BT-DoS
5.0,0.0,0.9,23.049863,23.049863,0.0,0.0,0.0,0.0,0.0,0.0,0.0,0.0,0.0,0.0,0.0,0.0,0.0,0.0,0.0,0.0,0.0,0.0,0.0,0.0,0.0,0.0,0.0,0.0,0.0,0.0,0.0,540,12,36,27.0,9.949874,540,45667585.573698,20.0,6.434283,2.22486,-0.235242,99.0,20,Benign
5.0,0.0,1.0,152.908746,152.908746,0.0,0.0,0.0,0.0,0.0,0.0,0.0,0.0,0.0,0.0,0.0,0.0,0.0,0.0,0.0,0.0,0.0,0.0,0.0,0.0,0.0,0.0,0.0,0.0,0.0,0.0,0.0,3648,12,36,24.0,12.0,3648,6583158.543568,152.0,2.176429,0.973329,-0.079775,144.0,152,BT-DoS
5.0,0.0,1.0,139.256203,139.256203,0.0,0.0,0.0,0.0,0.0,0.0,0.0,0.0,0.0,0.0,0.0,0.0,0.0,0.0,0.0,0.0,0.0,0.0,0.0,0.0,0.0,0.0,0.0,0.0,0.0,0.0,0.0,3312,12,36,24.0,12.0,3312,7233424.778402,138.0,2.284161,1.021508,-0.087886,144.0,138,BT-DoS
5.0,0.0,1.0,42.313802,42.313802,0.0,0.0,0.0,0.0,0.0,0.0,0.0,0.0,0.0,0.0,0.0,0.0,0.0,0.0,0.0,0.0,0.0,0.0,0.0,0.0,0.0,0.0,0.0,0.0,0.0,0.0,0.0,1789,19,50,43.634146,8.792336,1789,24223774.671555,41.0,6.951476,1.373132,-0.01966,77.305175,41,Benign
5.0,0.0,1.0,31.291918,31.291918,0.0,0.0,0.0,0.0,0.0,0.0,0.0,0.0,0.0,0.0,0.0,0.0,0.0,0.0,0.0,0.0,0.0,0.0,0.0,0.0,0.0,0.0,0.0,0.0,0.0,0.0,0.0,1199,18,50,39.966667,10.609692,1199,33059103.735562,30.0,7.549614,1.937056,0.126112,112.565556,30,Benign
5.0,0.0,0.9,47.591422,47.591422,0.0,0.0,0.0,0.0,0.0,0.0,0.0,0.0,0.0,0.0,0.0,0.0,0.0,0.0,0.0,0.0,0.0,0.0,0.0,0.0,0.0,0.0,0.0,0.0,0.0,0.0,0.0,1916,8,50,44.55814,9.805794,1916,21512480.00917,43.0,6.957648,1.49537,0.041879,96.153597,43,Benign
5.0,0.0,1.0,129.030818,129.030818,0.0,0.0,0.0,0.0,0.0,0.0,0.0,0.0,0.0,0.0,0.0,0.0,0.0,0.0,0.0,0.0,0.0,0.0,0.0,0.0,0.0,0.0,0.0,0.0,0.0,0.0,0.0,3072,12,36,24.0,12.0,3072,7811110.789382,128.0,2.371708,1.06066,-0.094964,144.0,128,BT-DoS
5.0,0.0,1.0,75.468667,75.468667,0.0,0.0,0.0,0.0,0.0,0.0,0.0,0.0,0.0,0.0,0.0,0.0,0.0,0.0,0.0,0.0,0.0,0.0,0.0,0.0,0.0,0.0,0.0,0.0,0.0,0.0,0.0,3346,19,50,44.613333,6.912584,3346,13429593.395542,75.0,5.212975,0.798196,0.021559,47.783822,75,Benign
5.0,0.0,1.0,173.382578,173.382578,0.0,0.0,0.0,0.0,0.0,0.0,0.0,0.0,0.0,0.0,0.0,0.0,0.0,0.0,0.0,0.0,0.0,0.0,0.0,0.0,0.0,0.0,0.0,0.0,0.0,0.0,0.0,4128,12,36,24.0,12.0,4128,5801320.773119,172.0,2.045983,0.914991,-0.070258,144.0,172,BT-DoS
5.0,0.0,0.9,22.946697,22.946697,0.0,0.0,0.0,0.0,0.0,0.0,0.0,0.0,0.0,0.0,0.0,0.0,0.0,0.0,0.0,0.0,0.0,0.0,0.0,0.0,0.0,0.0,0.0,0.0,0.0,0.0,0.0,540,12,36,27.0,9.949874,540,45872901.615344,20.0,6.434283,2.22486,-0.131126,99.0,20,Benign
5.0,0.0,1.0,39.931077,39.931077,0.0,0.0,0.0,0.0,0.0,0.0,0.0,0.0,0.0,0.0,0.0,0.0,0.0,0.0,0.0,0.0,0.0,0.0,0.0,0.0,0.0,0.0,0.0,0.0,0.0,0.0,0.0,1786,20,50,45.794872,6.775444,1786,25702181.615328,39.0,7.412873,1.084939,-0.002188,45.90664,39,Benign
5.0,0.0,1.0,48.182976,48.182976,0.0,0.0,0.0,0.0,0.0,0.0,0.0,0.0,0.0,0.0,0.0,0.0,0.0,0.0,0.0,0.0,0.0,0.0,0.0,0.0,0.0,0.0,0.0,0.0,0.0,0.0,0.0,2040,19,50,44.347826,8.658289,2040,21215422.948201,46.0,6.662183,1.276595,0.017274,74.965974,46,Benign
5.0,0.0,0.1,63.063706,63.063706,0.0,0.0,0.0,0.0,0.0,0.0,0.0,0.0,0.0,0.0,0.0,0.0,0.0,0.0,0.0,0.0,0.0,0.0,0.0,0.0,0.0,0.0,0.0,0.0,0.0,0.0,0.0,89,12,36,22.25,9.010411,89,21142641.703288,4.0,12.002604,4.505205,0.02554,81.1875,4,Benign
5.0,0.0,1.0,40.001726,40.001726,0.0,0.0,0.0,0.0,0.0,0.0,0.0,0.0,0.0,0.0,0.0,0.0,0.0,0.0,0.0,0.0,0.0,0.0,0.0,0.0,0.0,0.0,0.0,0.0,0.0,0.0,0.0,1654,18,50,41.35,9.786598,1654,25639919.134287,40.0,6.718631,1.547397,0.070425,95.7775,40,Benign
5.0,0.0,1.0,81.925018,81.925018,0.0,0.0,0.0,0.0,0.0,0.0,0.0,0.0,0.0,0.0,0.0,0.0,0.0,0.0,0.0,0.0,0.0,0.0,0.0,0.0,0.0,0.0,0.0,0.0,0.0,0.0,0.0,3585,19,50,44.259259,7.157449,3585,12358862.161636,81.0,4.981585,0.795272,0.038534,51.229081,81,Benign
5.0,0.0,0.9,39.382057,39.382057,0.0,0.0,0.0,0.0,0.0,0.0,0.0,0.0,0.0,0.0,0.0,0.0,0.0,0.0,0.0,0.0,0.0,0.0,0.0,0.0,0.0,0.0,0.0,0.0,0.0,0.0,0.0,1540,18,50,41.621622,10.868629,1540,26097615.559896,37.0,7.071997,1.786792,0.101422,118.1271,37,Benign
5.0,0.0,1.0,47.688142,47.688142,0.0,0.0,0.0,0.0,0.0,0.0,0.0,0.0,0.0,0.0,0.0,0.0,0.0,0.0,0.0,0.0,0.0,0.0,0.0,0.0,0.0,0.0,0.0,0.0,0.0,0.0,0.0,2139,18,50,45.510638,7.783978,2139,21425433.780836,47.0,6.734807,1.13541,0.010458,60.590312,47,Benign
5.0,0.0,1.0,62.908723,62.908723,0.0,0.0,0.0,0.0,0.0,0.0,0.0,0.0,0.0,0.0,0.0,0.0,0.0,0.0,0.0,0.0,0.0,0.0,0.0,0.0,0.0,0.0,0.0,0.0,0.0,0.0,0.0,2626,19,50,43.04918,8.76548,2626,16160980.860392,61.0,5.624982,1.122305,0.030654,76.833647,61,Benign
5.0,0.0,1.0,175.405864,175.405864,0.0,0.0,0.0,0.0,0.0,0.0,0.0,0.0,0.0,0.0,0.0,0.0,0.0,0.0,0.0,0.0,0.0,0.0,0.0,0.0,0.0,0.0,0.0,0.0,0.0,0.0,0.0,4176,12,36,24.0,12.0,4176,5734017.818649,174.0,2.034191,0.909718,-0.069381,144.0,174,BT-DoS
5.0,0.0,1.0,18.034338,18.034338,0.0,0.0,0.0,0.0,0.0,0.0,0.0,0.0,0.0,0.0,0.0,0.0,0.0,0.0,0.0,0.0,0.0,0.0,0.0,0.0,0.0,0.0,0.0,0.0,0.0,0.0,0.0,786,19,50,43.666667,7.852813,786,58711528.778076,18.0,10.457439,1.850926,0.327567,61.666667,18,Benign
5.0,0.0,1.0,171.714565,171.714565,0.0,0.0,0.0,0.0,0.0,0.0,0.0,0.0,0.0,0.0,0.0,0.0,0.0,0.0,0.0,0.0,0.0,0.0,0.0,0.0,0.0,0.0,0.0,0.0,0.0,0.0,0.0,4080,12,36,24.0,12.0,4080,5858077.100043,170.0,2.057983,0.920358,-0.070948,144.0,170,BT-DoS
5.0,0.0,0.0,2325.923156,2325.923156,0.0,0.0,0.0,0.0,0.0,0.0,0.0,0.0,0.0,0.0,0.0,0.0,0.0,0.0,0.0,0.0,0.0,0.0,0.0,0.0,0.0,0.0,0.0,0.0,0.0,0.0,0.0,336,12,36,24.0,12.0,336,463008.880615,14.0,7.171372,3.207135,-0.00626,144.0,14,BT-DoS
5.0,0.0,0.0,81.499767,81.499767,0.0,0.0,0.0,0.0,0.0,0.0,0.0,0.0,0.0,0.0,0.0,0.0,0.0,0.0,0.0,0.0,0.0,0.0,0.0,0.0,0.0,0.0,0.0,0.0,0.0,0.0,0.0,89,12,36,22.25,9.010411,89,16359965.00651,4.0,12.002604,4.505205,0.138772,81.1875,4,Benign
5.0,0.0,1.0,71.862216,71.862216,0.0,0.0,0.0,0.0,0.0,0.0,0.0,0.0,0.0,0.0,0.0,0.0,0.0,0.0,0.0,0.0,0.0,0.0,0.0,0.0,0.0,0.0,0.0,0.0,0.0,0.0,0.0,3940,12,132,55.492958,49.974606,3940,14114311.763218,71.0,8.862748,5.930895,-0.575938,2497.461218,71,BT-DoS
5.0,0.0,0.9,56.469557,56.469557,0.0,0.0,0.0,0.0,0.0,0.0,0.0,0.0,0.0,0.0,0.0,0.0,0.0,0.0,0.0,0.0,0.0,0.0,0.0,0.0,0.0,0.0,0.0,0.0,0.0,0.0,0.0,2063,8,50,42.102041,10.433942,2063,18077587.087949,49.0,6.196525,1.490563,0.082709,108.867139,49,Benign
5.0,0.0,1.0,151.215913,151.215913,0.0,0.0,0.0,0.0,0.0,0.0,0.0,0.0,0.0,0.0,0.0,0.0,0.0,0.0,0.0,0.0,0.0,0.0,0.0,0.0,0.0,0.0,0.0,0.0,0.0,0.0,0.0,3600,12,36,24.0,12.0,3600,6657443.590612,150.0,2.19089,0.979796,-0.080792,144.0,150,BT-DoS
5.0,0.0,1.0,172.56258,172.56258,0.0,0.0,0.0,0.0,0.0,0.0,0.0,0.0,0.0,0.0,0.0,0.0,0.0,0.0,0.0,0.0,0.0,0.0,0.0,0.0,0.0,0.0,0.0,0.0,0.0,0.0,0.0,3984,12,36,24.0,12.0,3984,5830120.317864,166.0,2.08263,0.931381,-0.07063,144.0,166,BT-DoS
5.0,0.0,1.0,16.447759,16.447759,0.0,0.0,0.0,0.0,0.0,0.0,0.0,0.0,0.0,0.0,0.0,0.0,0.0,0.0,0.0,0.0,0.0,0.0,0.0,0.0,0.0,0.0,0.0,0.0,0.0,0.0,0.0,638,12,50,39.875,13.54564,638,64851792.653402,16.0,10.528236,3.38641,0.189164,183.484375,16,Benign
5.0,0.0,1.0,48.950569,48.950569,0.0,0.0,0.0,0.0,0.0,0.0,0.0,0.0,0.0,0.0,0.0,0.0,0.0,0.0,0.0,0.0,0.0,0.0,0.0,0.0,0.0,0.0,0.0,0.0,0.0,0.0,0.0,2105,18,50,43.854167,9.876297,2105,20863426.492569,48.0,6.488338,1.425521,0.046245,97.541233,48,Benign
5.0,0.0,0.7,42.436715,42.436715,0.0,0.0,0.0,0.0,0.0,0.0,0.0,0.0,0.0,0.0,0.0,0.0,0.0,0.0,0.0,0.0,0.0,0.0,0.0,0.0,0.0,0.0,0.0,0.0,0.0,0.0,0.0,1164,11,50,41.571429,11.428125,1164,24437259.744715,28.0,8.147712,2.159713,-0.022975,130.602041,28,Benign
5.0,0.0,1.0,28.288885,28.288885,0.0,0.0,0.0,0.0,0.0,0.0,0.0,0.0,0.0,0.0,0.0,0.0,0.0,0.0,0.0,0.0,0.0,0.0,0.0,0.0,0.0,0.0,0.0,0.0,0.0,0.0,0.0,768,12,36,27.428571,9.290658,768,36658816.867405,28.0,5.472799,1.755769,-0.084319,86.316327,28,Benign
5.0,0.0,1.0,135.111156,135.111156,0.0,0.0,0.0,0.0,0.0,0.0,0.0,0.0,0.0,0.0,0.0,0.0,0.0,0.0,0.0,0.0,0.0,0.0,0.0,0.0,0.0,0.0,0.0,0.0,0.0,0.0,0.0,3216,12,36,24.0,12.0,3216,7456962.327312,134.0,2.318002,1.036642,-0.090644,144.0,134,BT-DoS
5.0,0.0,1.0,147.026658,147.026658,0.0,0.0,0.0,0.0,0.0,0.0,0.0,0.0,0.0,0.0,0.0,0.0,0.0,0.0,0.0,0.0,0.0,0.0,0.0,0.0,0.0,0.0,0.0,0.0,0.0,0.0,0.0,3504,12,36,24.0,12.0,3504,6848394.459692,146.0,2.2207,0.993127,-0.083071,144.0,146,BT-DoS
5.0,0.0,0.9,169.53845,169.53845,0.0,0.0,0.0,0.0,0.0,0.0,0.0,0.0,0.0,0.0,0.0,0.0,0.0,0.0,0.0,0.0,0.0,0.0,0.0,0.0,0.0,0.0,0.0,0.0,0.0,0.0,0.0,3792,12,36,24.0,12.0,3792,5935936.217095,158.0,2.134704,0.954669,-0.071937,144.0,158,BT-DoS
5.0,0.0,1.0,82.779806,82.779806,0.0,0.0,0.0,0.0,0.0,0.0,0.0,0.0,0.0,0.0,0.0,0.0,0.0,0.0,0.0,0.0,0.0,0.0,0.0,0.0,0.0,0.0,0.0,0.0,0.0,0.0,0.0,3534,19,50,44.734177,6.515238,3534,12235115.735959,79.0,5.086088,0.733022,0.041569,42.448326,79,Benign
5.0,0.0,0.8,42.732139,42.732139,0.0,0.0,0.0,0.0,0.0,0.0,0.0,0.0,0.0,0.0,0.0,0.0,0.0,0.0,0.0,0.0,0.0,0.0,0.0,0.0,0.0,0.0,0.0,0.0,0.0,0.0,0.0,1401,8,50,41.205882,12.041056,1401,24110729.044134,34.0,7.362288,2.065024,0.009883,144.987024,34,Benign
5.0,0.0,0.9,35.673557,35.673557,0.0,0.0,0.0,0.0,0.0,0.0,0.0,0.0,0.0,0.0,0.0,0.0,0.0,0.0,0.0,0.0,0.0,0.0,0.0,0.0,0.0,0.0,0.0,0.0,0.0,0.0,0.0,1526,19,50,47.6875,5.965722,1526,28936224.599038,32.0,8.495748,1.054601,0.012496,35.589844,32,Benign
5.0,0.0,1.0,149.197477,149.197477,0.0,0.0,0.0,0.0,0.0,0.0,0.0,0.0,0.0,0.0,0.0,0.0,0.0,0.0,0.0,0.0,0.0,0.0,0.0,0.0,0.0,0.0,0.0,0.0,0.0,0.0,0.0,3552,12,36,24.0,12.0,3552,6748121.611926,148.0,2.205644,0.986394,-0.081887,144.0,148,BT-DoS
5.0,0.0,0.1,56.326979,56.326979,0.0,0.0,0.0,0.0,0.0,0.0,0.0,0.0,0.0,0.0,0.0,0.0,0.0,0.0,0.0,0.0,0.0,0.0,0.0,0.0,0.0,0.0,0.0,0.0,0.0,0.0,0.0,89,12,36,22.25,9.010411,89,23671309.153239,4.0,12.002604,4.505205,0.017905,81.1875,4,Benign
5.0,0.0,1.0,45.331238,45.331238,0.0,0.0,0.0,0.0,0.0,0.0,0.0,0.0,0.0,0.0,0.0,0.0,0.0,0.0,0.0,0.0,0.0,0.0,0.0,0.0,0.0,0.0,0.0,0.0,0.0,0.0,0.0,2011,19,50,44.688889,8.074162,2011,22561203.34972,45.0,6.769686,1.203625,0.042374,65.192099,45,Benign
5.0,0.0,1.0,155.072005,155.072005,0.0,0.0,0.0,0.0,0.0,0.0,0.0,0.0,0.0,0.0,0.0,0.0,0.0,0.0,0.0,0.0,0.0,0.0,0.0,0.0,0.0,0.0,0.0,0.0,0.0,0.0,0.0,3696,12,36,24.0,12.0,3696,6490765.054242,154.0,2.16225,0.966988,-0.078647,144.0,154,BT-DoS
5.0,0.0,1.0,173.387621,173.387621,0.0,0.0,0.0,0.0,0.0,0.0,0.0,0.0,0.0,0.0,0.0,0.0,0.0,0.0,0.0,0.0,0.0,0.0,0.0,0.0,0.0,0.0,0.0,0.0,0.0,0.0,0.0,4128,12,36,24.0,12.0,4128,5801152.067575,172.0,2.045983,0.914991,-0.070237,144.0,172,BT-DoS
5.0,0.0,0.9,45.918152,45.918152,0.0,0.0,0.0,0.0,0.0,0.0,0.0,0.0,0.0,0.0,0.0,0.0,0.0,0.0,0.0,0.0,0.0,0.0,0.0,0.0,0.0,0.0,0.0,0.0,0.0,0.0,0.0,1812,19,50,44.195122,8.551764,1812,22322326.898575,41.0,7.030147,1.335561,0.086717,73.132659,41,Benign
5.0,0.0,1.0,171.367696,171.367696,0.0,0.0,0.0,0.0,0.0,0.0,0.0,0.0,0.0,0.0,0.0,0.0,0.0,0.0,0.0,0.0,0.0,0.0,0.0,0.0,0.0,0.0,0.0,0.0,0.0,0.0,0.0,4080,12,36,24.0,12.0,4080,5869934.544761,170.0,2.057983,0.920358,-0.071087,144.0,170,BT-DoS
5.0,0.0,0.1,73.386331,73.386331,0.0,0.0,0.0,0.0,0.0,0.0,0.0,0.0,0.0,0.0,0.0,0.0,0.0,0.0,0.0,0.0,0.0,0.0,0.0,0.0,0.0,0.0,0.0,0.0,0.0,0.0,0.0,89,12,36,22.25,9.010411,89,18168687.820435,4.0,12.002604,4.505205,0.097111,81.1875,4,Benign
5.0,0.0,0.9,44.106819,44.106819,0.0,0.0,0.0,0.0,0.0,0.0,0.0,0.0,0.0,0.0,0.0,0.0,0.0,0.0,0.0,0.0,0.0,0.0,0.0,0.0,0.0,0.0,0.0,0.0,0.0,0.0,0.0,1704,18,50,43.692308,9.565305,1704,23268869.048671,39.0,7.162067,1.531675,-0.004181,91.495069,39,Benign
5.0,0.0,1.0,48.062477,48.062477,0.0,0.0,0.0,0.0,0.0,0.0,0.0,0.0,0.0,0.0,0.0,0.0,0.0,0.0,0.0,0.0,0.0,0.0,0.0,0.0,0.0,0.0,0.0,0.0,0.0,0.0,0.0,2007,18,50,42.702128,9.969987,2007,21258561.507515,47.0,6.396263,1.454272,0.041153,99.400634,47,Benign
5.0,0.0,1.0,72.139075,72.139075,0.0,0.0,0.0,0.0,0.0,0.0,0.0,0.0,0.0,0.0,0.0,0.0,0.0,0.0,0.0,0.0,0.0,0.0,0.0,0.0,0.0,0.0,0.0,0.0,0.0,0.0,0.0,3204,19,50,45.126761,6.335524,3204,14060143.062047,71.0,5.408084,0.751888,0.039881,40.138861,71,Benign
5.0,0.0,1.0,173.393246,173.393246,0.0,0.0,0.0,0.0,0.0,0.0,0.0,0.0,0.0,0.0,0.0,0.0,0.0,0.0,0.0,0.0,0.0,0.0,0.0,0.0,0.0,0.0,0.0,0.0,0.0,0.0,0.0,4128,12,36,24.0,12.0,4128,5800963.842381,172.0,2.045983,0.914991,-0.070225,144.0,172,BT-DoS
5.0,0.0,1.0,151.051014,151.051014,0.0,0.0,0.0,0.0,0.0,0.0,0.0,0.0,0.0,0.0,0.0,0.0,0.0,0.0,0.0,0.0,0.0,0.0,0.0,0.0,0.0,0.0,0.0,0.0,0.0,0.0,0.0,3600,12,36,24.0,12.0,3600,6664711.356963,150.0,2.19089,0.979796,-0.080781,144.0,150,BT-DoS
5.0,0.0,0.9,23.430014,23.430014,0.0,0.0,0.0,0.0,0.0,0.0,0.0,0.0,0.0,0.0,0.0,0.0,0.0,0.0,0.0,0.0,0.0,0.0,0.0,0.0,0.0,0.0,0.0,0.0,0.0,0.0,0.0,540,12,36,27.0,9.949874,540,44926630.823236,20.0,6.434283,2.22486,-0.080991,99.0,20,Benign
5.0,0.0,0.1,49.92075,49.92075,0.0,0.0,0.0,0.0,0.0,0.0,0.0,0.0,0.0,0.0,0.0,0.0,0.0,0.0,0.0,0.0,0.0,0.0,0.0,0.0,0.0,0.0,0.0,0.0,0.0,0.0,0.0,89,12,36,22.25,9.010411,89,26709000.269572,4.0,12.002604,4.505205,-0.00983,81.1875,4,Benign
5.0,0.0,1.0,163.308593,163.308593,0.0,0.0,0.0,0.0,0.0,0.0,0.0,0.0,0.0,0.0,0.0,0.0,0.0,0.0,0.0,0.0,0.0,0.0,0.0,0.0,0.0,0.0,0.0,0.0,0.0,0.0,0.0,3888,12,36,24.0,12.0,3888,6161409.875621,162.0,2.108185,0.942809,-0.074673,144.0,162,BT-DoS
5.0,0.0,0.9,29.505938,29.505938,0.0,0.0,0.0,0.0,0.0,0.0,0.0,0.0,0.0,0.0,0.0,0.0,0.0,0.0,0.0,0.0,0.0,0.0,0.0,0.0,0.0,0.0,0.0,0.0,0.0,0.0,0.0,754,12,36,27.925926,9.606811,754,35195002.189049,27.0,5.683466,1.848832,-0.058627,92.290809,27,Benign
5.0,0.0,1.0,157.255856,157.255856,0.0,0.0,0.0,0.0,0.0,0.0,0.0,0.0,0.0,0.0,0.0,0.0,0.0,0.0,0.0,0.0,0.0,0.0,0.0,0.0,0.0,0.0,0.0,0.0,0.0,0.0,0.0,3744,12,36,24.0,12.0,3744,6400089.87919,156.0,2.148345,0.960769,-0.077618,144.0,156,BT-DoS
5.0,0.0,1.0,8.050752,8.050752,0.0,0.0,0.0,0.0,0.0,0.0,0.0,0.0,0.0,0.0,0.0,0.0,0.0,0.0,0.0,0.0,0.0,0.0,0.0,0.0,0.0,0.0,0.0,0.0,0.0,0.0,0.0,288,12,50,36.0,15.157506,288,141956567.764282,8.0,13.810096,5.358988,2.088323,229.75,8,Benign
5.0,0.0,1.0,30.2019,30.2019,0.0,0.0,0.0,0.0,0.0,0.0,0.0,0.0,0.0,0.0,0.0,0.0,0.0,0.0,0.0,0.0,0.0,0.0,0.0,0.0,0.0,0.0,0.0,0.0,0.0,0.0,0.0,1394,18,50,46.466667,6.950939,1394,34252240.74002,30.0,8.578008,1.269062,0.075812,48.315556,30,Benign
5.0,0.0,1.0,382.782393,382.782393,0.0,0.0,0.0,0.0,0.0,0.0,0.0,0.0,0.0,0.0,0.0,0.0,0.0,0.0,0.0,0.0,0.0,0.0,0.0,0.0,0.0,0.0,0.0,0.0,0.0,0.0,0.0,9168,12,36,24.0,12.0,9168,2619307.185095,382.0,1.372886,0.613973,-0.031333,144.0,382,BT-DoS
5.0,0.0,1.0,141.127457,141.127457,0.0,0.0,0.0,0.0,0.0,0.0,0.0,0.0,0.0,0.0,0.0,0.0,0.0,0.0,0.0,0.0,0.0,0.0,0.0,0.0,0.0,0.0,0.0,0.0,0.0,0.0,0.0,3360,12,36,24.0,12.0,3360,7136770.289579,140.0,2.267787,1.014185,-0.086697,144.0,140,BT-DoS
5.0,0.0,1.0,50.086588,50.086588,0.0,0.0,0.0,0.0,0.0,0.0,0.0,0.0,0.0,0.0,0.0,0.0,0.0,0.0,0.0,0.0,0.0,0.0,0.0,0.0,0.0,0.0,0.0,0.0,0.0,0.0,0.0,2246,19,50,45.836735,7.363304,2246,20381371.180216,49.0,6.632056,1.051901,0.051343,54.218242,49,Benign
5.0,0.0,1.0,3.077384,3.077384,0.0,0.0,0.0,0.0,0.0,0.0,0.0,0.0,0.0,0.0,0.0,0.0,0.0,0.0,0.0,0.0,0.0,0.0,0.0,0.0,0.0,0.0,0.0,0.0,0.0,0.0,0.0,54,18,18,18.0,0.0,54,487426996.231079,3.0,10.392305,0.0,0.0,0.0,3,Benign
5.0,0.0,1.0,55.987617,55.987617,0.0,0.0,0.0,0.0,0.0,0.0,0.0,0.0,0.0,0.0,0.0,0.0,0.0,0.0,0.0,0.0,0.0,0.0,0.0,0.0,0.0,0.0,0.0,0.0,0.0,0.0,0.0,1931,8,50,35.759259,15.422369,1931,18198094.278012,54.0,5.2995,2.098719,0.10808,237.849451,54,Benign
5.0,0.0,0.0,80.345649,80.345649,0.0,0.0,0.0,0.0,0.0,0.0,0.0,0.0,0.0,0.0,0.0,0.0,0.0,0.0,0.0,0.0,0.0,0.0,0.0,0.0,0.0,0.0,0.0,0.0,0.0,0.0,0.0,89,12,36,22.25,9.010411,89,16594966.252645,4.0,12.002604,4.505205,0.100236,81.1875,4,Benign
5.0,0.0,1.0,195.428639,195.428639,0.0,0.0,0.0,0.0,0.0,0.0,0.0,0.0,0.0,0.0,0.0,0.0,0.0,0.0,0.0,0.0,0.0,0.0,0.0,0.0,0.0,0.0,0.0,0.0,0.0,0.0,0.0,4512,12,36,24.0,12.0,4512,5144320.70727,188.0,1.956984,0.87519,-0.062191,144.0,188,BT-DoS
5.0,0.0,0.9,47.086138,47.086138,0.0,0.0,0.0,0.0,0.0,0.0,0.0,0.0,0.0,0.0,0.0,0.0,0.0,0.0,0.0,0.0,0.0,0.0,0.0,0.0,0.0,0.0,0.0,0.0,0.0,0.0,0.0,1970,27,50,45.813953,5.98547,1970,21743331.636701,43.0,7.045936,0.912776,0.017405,35.825852,43,Benign
5.0,0.0,0.9,90.886433,90.886433,0.0,0.0,0.0,0.0,0.0,0.0,0.0,0.0,0.0,0.0,0.0,0.0,0.0,0.0,0.0,0.0,0.0,0.0,0.0,0.0,0.0,0.0,0.0,0.0,0.0,0.0,0.0,3402,19,50,43.615385,7.540031,3402,11145635.084672,78.0,5.011722,0.85374,0.025097,56.852071,78,Benign
5.0,0.0,1.0,16.675073,16.675073,0.0,0.0,0.0,0.0,0.0,0.0,0.0,0.0,0.0,0.0,0.0,0.0,0.0,0.0,0.0,0.0,0.0,0.0,0.0,0.0,0.0,0.0,0.0,0.0,0.0,0.0,0.0,637,18,50,39.8125,10.812139,637,63967736.562093,16.0,10.313636,2.703035,0.258207,116.902344,16,Benign
5.0,0.0,0.9,152.517919,152.517919,0.0,0.0,0.0,0.0,0.0,0.0,0.0,0.0,0.0,0.0,0.0,0.0,0.0,0.0,0.0,0.0,0.0,0.0,0.0,0.0,0.0,0.0,0.0,0.0,0.0,0.0,0.0,3408,12,36,24.0,12.0,3408,6603107.384756,142.0,2.25176,1.007018,-0.080175,144.0,142,BT-DoS
5.0,0.0,1.0,47.241457,47.241457,0.0,0.0,0.0,0.0,0.0,0.0,0.0,0.0,0.0,0.0,0.0,0.0,0.0,0.0,0.0,0.0,0.0,0.0,0.0,0.0,0.0,0.0,0.0,0.0,0.0,0.0,0.0,2003,19,50,43.543478,9.166827,2003,21638245.052762,46.0,6.560861,1.351575,0.015273,84.030718,46,Benign
5.0,0.0,1.0,44.144174,44.144174,0.0,0.0,0.0,0.0,0.0,0.0,0.0,0.0,0.0,0.0,0.0,0.0,0.0,0.0,0.0,0.0,0.0,0.0,0.0,0.0,0.0,0.0,0.0,0.0,0.0,0.0,0.0,1867,19,50,44.452381,8.38991,1867,23205559.428145,42.0,6.980252,1.294591,0.071598,70.39059,42,Benign
5.0,0.0,1.0,33.042486,33.042486,0.0,0.0,0.0,0.0,0.0,0.0,0.0,0.0,0.0,0.0,0.0,0.0,0.0,0.0,0.0,0.0,0.0,0.0,0.0,0.0,0.0,0.0,0.0,0.0,0.0,0.0,0.0,1402,18,50,42.484848,10.589077,1402,31209819.018841,33.0,7.62192,1.843322,0.123191,112.128558,33,Benign
5.0,0.0,0.1,44.370084,44.370084,0.0,0.0,0.0,0.0,0.0,0.0,0.0,0.0,0.0,0.0,0.0,0.0,0.0,0.0,0.0,0.0,0.0,0.0,0.0,0.0,0.0,0.0,0.0,0.0,0.0,0.0,0.0,89,12,36,22.25,9.010411,89,30050277.709961,4.0,12.002604,4.505205,-0.356319,81.1875,4,Benign
5.0,0.0,1.0,185.482336,185.482336,0.0,0.0,0.0,0.0,0.0,0.0,0.0,0.0,0.0,0.0,0.0,0.0,0.0,0.0,0.0,0.0,0.0,0.0,0.0,0.0,0.0,0.0,0.0,0.0,0.0,0.0,0.0,4416,12,36,24.0,12.0,4416,5420809.886495,184.0,1.978141,0.884652,-0.065576,144.0,184,BT-DoS
5.0,0.0,1.0,173.384662,173.384662,0.0,0.0,0.0,0.0,0.0,0.0,0.0,0.0,0.0,0.0,0.0,0.0,0.0,0.0,0.0,0.0,0.0,0.0,0.0,0.0,0.0,0.0,0.0,0.0,0.0,0.0,0.0,4128,12,36,24.0,12.0,4128,5801251.060084,172.0,2.045983,0.914991,-0.070254,144.0,172,BT-DoS
5.0,0.0,1.0,122.990568,122.990568,0.0,0.0,0.0,0.0,0.0,0.0,0.0,0.0,0.0,0.0,0.0,0.0,0.0,0.0,0.0,0.0,0.0,0.0,0.0,0.0,0.0,0.0,0.0,0.0,0.0,0.0,0.0,2928,12,36,24.0,12.0,2928,8197900.677515,122.0,2.429329,1.086429,-0.099829,144.0,122,BT-DoS
5.0,0.0,0.1,74.974934,74.974934,0.0,0.0,0.0,0.0,0.0,0.0,0.0,0.0,0.0,0.0,0.0,0.0,0.0,0.0,0.0,0.0,0.0,0.0,0.0,0.0,0.0,0.0,0.0,0.0,0.0,0.0,0.0,89,12,36,22.25,9.010411,89,17783721.288045,4.0,12.002604,4.505205,0.081352,81.1875,4,Benign
5.0,0.0,0.7,28.076272,28.076272,0.0,0.0,0.0,0.0,0.0,0.0,0.0,0.0,0.0,0.0,0.0,0.0,0.0,0.0,0.0,0.0,0.0,0.0,0.0,0.0,0.0,0.0,0.0,0.0,0.0,0.0,0.0,780,19,50,41.052632,10.654743,780,37596000.565423,19.0,9.730154,2.444366,-0.055632,113.523546,19,Benign
5.0,0.0,1.0,108.472184,108.472184,0.0,0.0,0.0,0.0,0.0,0.0,0.0,0.0,0.0,0.0,0.0,0.0,0.0,0.0,0.0,0.0,0.0,0.0,0.0,0.0,0.0,0.0,0.0,0.0,0.0,0.0,0.0,4657,19,50,43.12037,7.382057,4657,9305111.715727,108.0,4.209624,0.710339,0.02359,54.49477,108,Benign
5.0,0.0,0.0,117.87216,117.87216,0.0,0.0,0.0,0.0,0.0,0.0,0.0,0.0,0.0,0.0,0.0,0.0,0.0,0.0,0.0,0.0,0.0,0.0,0.0,0.0,0.0,0.0,0.0,0.0,0.0,0.0,0.0,89,12,36,22.25,9.010411,89,11311690.012614,4.0,12.002604,4.505205,0.190995,81.1875,4,Benign
5.0,0.0,1.0,354.690895,354.690895,0.0,0.0,0.0,0.0,0.0,0.0,0.0,0.0,0.0,0.0,0.0,0.0,0.0,0.0,0.0,0.0,0.0,0.0,0.0,0.0,0.0,0.0,0.0,0.0,0.0,0.0,0.0,8496,12,36,24.0,12.0,8496,2827343.116739,354.0,1.426148,0.637793,-0.033843,144.0,354,BT-DoS
5.0,0.0,1.0,157.260921,157.260921,0.0,0.0,0.0,0.0,0.0,0.0,0.0,0.0,0.0,0.0,0.0,0.0,0.0,0.0,0.0,0.0,0.0,0.0,0.0,0.0,0.0,0.0,0.0,0.0,0.0,0.0,0.0,3744,12,36,24.0,12.0,3744,6399883.762483,156.0,2.148345,0.960769,-0.077599,144.0,156,BT-DoS
5.0,0.0,1.0,81.699773,81.699773,0.0,0.0,0.0,0.0,0.0,0.0,0.0,0.0,0.0,0.0,0.0,0.0,0.0,0.0,0.0,0.0,0.0,0.0,0.0,0.0,0.0,0.0,0.0,0.0,0.0,0.0,0.0,3537,19,50,45.346154,6.348484,3537,12398896.279273,78.0,5.184515,0.718824,0.044189,40.303254,78,Benign
5.0,0.0,0.1,50.963132,50.963132,0.0,0.0,0.0,0.0,0.0,0.0,0.0,0.0,0.0,0.0,0.0,0.0,0.0,0.0,0.0,0.0,0.0,0.0,0.0,0.0,0.0,0.0,0.0,0.0,0.0,0.0,0.0,89,12,36,22.25,9.010411,89,26162703.831991,4.0,12.002604,4.505205,0.01032,81.1875,4,Benign
5.0,0.0,1.0,31.398753,31.398753,0.0,0.0,0.0,0.0,0.0,0.0,0.0,0.0,0.0,0.0,0.0,0.0,0.0,0.0,0.0,0.0,0.0,0.0,0.0,0.0,0.0,0.0,0.0,0.0,0.0,0.0,0.0,1364,18,50,45.466667,6.785933,1364,32946619.494208,30.0,8.392986,1.238936,-0.061689,46.048889,30,Benign
5.0,0.0,1.0,14.058698,14.058698,0.0,0.0,0.0,0.0,0.0,0.0,0.0,0.0,0.0,0.0,0.0,0.0,0.0,0.0,0.0,0.0,0.0,0.0,0.0,0.0,0.0,0.0,0.0,0.0,0.0,0.0,0.0,442,10,50,31.571429,15.388838,442,76601908.757136,14.0,9.386812,4.11284,-1.581183,236.816327,14,Benign
5.0,0.0,1.0,39.139058,39.139058,0.0,0.0,0.0,0.0,0.0,0.0,0.0,0.0,0.0,0.0,0.0,0.0,0.0,0.0,0.0,0.0,0.0,0.0,0.0,0.0,0.0,0.0,0.0,0.0,0.0,0.0,0.0,1688,18,50,43.282051,8.433598,1688,26222291.745638,39.0,7.061019,1.350456,0.055759,71.125575,39,Benign
5.0,0.0,1.0,195.570042,195.570042,0.0,0.0,0.0,0.0,0.0,0.0,0.0,0.0,0.0,0.0,0.0,0.0,0.0,0.0,0.0,0.0,0.0,0.0,0.0,0.0,0.0,0.0,0.0,0.0,0.0,0.0,0.0,4656,12,36,24.0,12.0,4656,5139751.137847,194.0,1.926484,0.86155,-0.062149,144.0,194,BT-DoS
5.0,0.0,1.0,139.111919,139.111919,0.0,0.0,0.0,0.0,0.0,0.0,0.0,0.0,0.0,0.0,0.0,0.0,0.0,0.0,0.0,0.0,0.0,0.0,0.0,0.0,0.0,0.0,0.0,0.0,0.0,0.0,0.0,3312,12,36,24.0,12.0,3312,7240927.132377,138.0,2.284161,1.021508,-0.087899,144.0,138,BT-DoS
5.0,0.0,0.1,37.55796,37.55796,0.0,0.0,0.0,0.0,0.0,0.0,0.0,0.0,0.0,0.0,0.0,0.0,0.0,0.0,0.0,0.0,0.0,0.0,0.0,0.0,0.0,0.0,0.0,0.0,0.0,0.0,0.0,89,12,36,22.25,9.010411,89,35500685.373942,4.0,12.002604,4.505205,0.195835,81.1875,4,Benign
5.0,0.0,1.0,151.209226,151.209226,0.0,0.0,0.0,0.0,0.0,0.0,0.0,0.0,0.0,0.0,0.0,0.0,0.0,0.0,0.0,0.0,0.0,0.0,0.0,0.0,0.0,0.0,0.0,0.0,0.0,0.0,0.0,3600,12,36,24.0,12.0,3600,6657738.013556,150.0,2.19089,0.979796,-0.080771,144.0,150,BT-DoS
5.0,0.0,1.0,163.308436,163.308436,0.0,0.0,0.0,0.0,0.0,0.0,0.0,0.0,0.0,0.0,0.0,0.0,0.0,0.0,0.0,0.0,0.0,0.0,0.0,0.0,0.0,0.0,0.0,0.0,0.0,0.0,0.0,3888,12,36,24.0,12.0,3888,6161415.799064,162.0,2.108185,0.942809,-0.074676,144.0,162,BT-DoS
5.0,0.0,1.0,45.136907,45.136907,0.0,0.0,0.0,0.0,0.0,0.0,0.0,0.0,0.0,0.0,0.0,0.0,0.0,0.0,0.0,0.0,0.0,0.0,0.0,0.0,0.0,0.0,0.0,0.0,0.0,0.0,0.0,2001,19,50,45.477273,7.290993,2001,22670047.227726,44.0,6.943507,1.099159,0.073947,53.158574,44,Benign
5.0,0.0,0.0,83.008268,83.008268,0.0,0.0,0.0,0.0,0.0,0.0,0.0,0.0,0.0,0.0,0.0,0.0,0.0,0.0,0.0,0.0,0.0,0.0,0.0,0.0,0.0,0.0,0.0,0.0,0.0,0.0,0.0,89,12,36,22.25,9.010411,89,16062657.038371,4.0,12.002604,4.505205,0.124404,81.1875,4,Benign
5.0,0.0,1.0,38.812618,38.812618,0.0,0.0,0.0,0.0,0.0,0.0,0.0,0.0,0.0,0.0,0.0,0.0,0.0,0.0,0.0,0.0,0.0,0.0,0.0,0.0,0.0,0.0,0.0,0.0,0.0,0.0,0.0,1692,18,50,44.526316,7.936381,1692,26461163.082638,38.0,7.336963,1.287451,0.002436,62.98615,38,Benign
5.0,0.0,0.1,41.714445,41.714445,0.0,0.0,0.0,0.0,0.0,0.0,0.0,0.0,0.0,0.0,0.0,0.0,0.0,0.0,0.0,0.0,0.0,0.0,0.0,0.0,0.0,0.0,0.0,0.0,0.0,0.0,0.0,89,12,36,22.25,9.010411,89,31963348.388672,4.0,12.002604,4.505205,0.254386,81.1875,4,Benign
5.0,0.0,1.0,163.309418,163.309418,0.0,0.0,0.0,0.0,0.0,0.0,0.0,0.0,0.0,0.0,0.0,0.0,0.0,0.0,0.0,0.0,0.0,0.0,0.0,0.0,0.0,0.0,0.0,0.0,0.0,0.0,0.0,3888,12,36,24.0,12.0,3888,6161378.777545,162.0,2.108185,0.942809,-0.07464,144.0,162,BT-DoS
5.0,0.0,1.0,143.611466,143.611466,0.0,0.0,0.0,0.0,0.0,0.0,0.0,0.0,0.0,0.0,0.0,0.0,0.0,0.0,0.0,0.0,0.0,0.0,0.0,0.0,0.0,0.0,0.0,0.0,0.0,0.0,0.0,3312,12,36,24.0,12.0,3312,7014058.80225,138.0,2.284161,1.021508,-0.085222,144.0,138,BT-DoS
5.0,0.0,1.0,137.099132,137.099132,0.0,0.0,0.0,0.0,0.0,0.0,0.0,0.0,0.0,0.0,0.0,0.0,0.0,0.0,0.0,0.0,0.0,0.0,0.0,0.0,0.0,0.0,0.0,0.0,0.0,0.0,0.0,3264,12,36,24.0,12.0,3264,7348021.754512,136.0,2.300895,1.028992,-0.089247,144.0,136,BT-DoS
5.0,0.0,1.0,159.274828,159.274828,0.0,0.0,0.0,0.0,0.0,0.0,0.0,0.0,0.0,0.0,0.0,0.0,0.0,0.0,0.0,0.0,0.0,0.0,0.0,0.0,0.0,0.0,0.0,0.0,0.0,0.0,0.0,3792,12,36,24.0,12.0,3792,6318446.177586,158.0,2.134704,0.954669,-0.076603,144.0,158,BT-DoS
5.0,0.0,1.0,31.478552,31.478552,0.0,0.0,0.0,0.0,0.0,0.0,0.0,0.0,0.0,0.0,0.0,0.0,0.0,0.0,0.0,0.0,0.0,0.0,0.0,0.0,0.0,0.0,0.0,0.0,0.0,0.0,0.0,1375,32,50,45.833333,5.871305,1375,32863098.99955,30.0,8.436363,1.071949,0.027002,34.472222,30,Benign
5.0,0.0,0.7,62.815563,62.815563,0.0,0.0,0.0,0.0,0.0,0.0,0.0,0.0,0.0,0.0,0.0,0.0,0.0,0.0,0.0,0.0,0.0,0.0,0.0,0.0,0.0,0.0,0.0,0.0,0.0,0.0,0.0,1837,10,50,40.822222,12.771999,1837,16281431.371515,45.0,6.376306,1.903937,0.101946,163.123951,45,Benign
5.0,0.0,1.0,7.039314,7.039314,0.0,0.0,0.0,0.0,0.0,0.0,0.0,0.0,0.0,0.0,0.0,0.0,0.0,0.0,0.0,0.0,0.0,0.0,0.0,0.0,0.0,0.0,0.0,0.0,0.0,0.0,0.0,226,12,49,32.285714,13.79145,226,165735840.797424,7.0,13.269575,5.212678,2.157074,190.204082,7,Benign
5.0,0.0,1.0,165.316763,165.316763,0.0,0.0,0.0,0.0,0.0,0.0,0.0,0.0,0.0,0.0,0.0,0.0,0.0,0.0,0.0,0.0,0.0,0.0,0.0,0.0,0.0,0.0,0.0,0.0,0.0,0.0,0.0,3936,12,36,24.0,12.0,3936,6086103.755272,164.0,2.095291,0.937043,-0.073738,144.0,164,BT-DoS
5.0,0.0,1.0,9.232994,9.232994,0.0,0.0,0.0,0.0,0.0,0.0,0.0,0.0,0.0,0.0,0.0,0.0,0.0,0.0,0.0,0.0,0.0,0.0,0.0,0.0,0.0,0.0,0.0,0.0,0.0,0.0,0.0,421,36,50,46.777778,4.39135,421,121845632.791519,9.0,15.66115,1.463783,0.033019,19.283951,9,Benign
5.0,0.0,1.0,171.373545,171.373545,0.0,0.0,0.0,0.0,0.0,0.0,0.0,0.0,0.0,0.0,0.0,0.0,0.0,0.0,0.0,0.0,0.0,0.0,0.0,0.0,0.0,0.0,0.0,0.0,0.0,0.0,0.0,4080,12,36,24.0,12.0,4080,5869734.216724,170.0,2.057983,0.920358,-0.07108,144.0,170,BT-DoS
5.0,0.0,0.0,84.923849,84.923849,0.0,0.0,0.0,0.0,0.0,0.0,0.0,0.0,0.0,0.0,0.0,0.0,0.0,0.0,0.0,0.0,0.0,0.0,0.0,0.0,0.0,0.0,0.0,0.0,0.0,0.0,0.0,89,12,36,22.25,9.010411,89,15700340.270996,4.0,12.002604,4.505205,0.133938,81.1875,4,Benign
5.0,0.0,1.0,82.330712,82.330712,0.0,0.0,0.0,0.0,0.0,0.0,0.0,0.0,0.0,0.0,0.0,0.0,0.0,0.0,0.0,0.0,0.0,0.0,0.0,0.0,0.0,0.0,0.0,0.0,0.0,0.0,0.0,3627,19,50,44.231707,7.153881,3627,12296087.947893,82.0,4.94805,0.790014,0.04117,51.178019,82,Benign
5.0,0.0,1.0,135.151831,135.151831,0.0,0.0,0.0,0.0,0.0,0.0,0.0,0.0,0.0,0.0,0.0,0.0,0.0,0.0,0.0,0.0,0.0,0.0,0.0,0.0,0.0,0.0,0.0,0.0,0.0,0.0,0.0,3120,12,36,24.0,12.0,3120,7456443.106481,130.0,2.353394,1.05247,-0.090683,144.0,130,BT-DoS
5.0,0.0,1.0,46.288388,46.288388,0.0,0.0,0.0,0.0,0.0,0.0,0.0,0.0,0.0,0.0,0.0,0.0,0.0,0.0,0.0,0.0,0.0,0.0,0.0,0.0,0.0,0.0,0.0,0.0,0.0,0.0,0.0,2051,19,50,45.577778,7.365049,2051,22094683.213667,45.0,6.88247,1.097917,0.027932,54.243951,45,Benign
5.0,0.0,0.1,62.64082,62.64082,0.0,0.0,0.0,0.0,0.0,0.0,0.0,0.0,0.0,0.0,0.0,0.0,0.0,0.0,0.0,0.0,0.0,0.0,0.0,0.0,0.0,0.0,0.0,0.0,0.0,0.0,0.0,89,12,36,22.25,9.010411,89,21285374.95931,4.0,12.002604,4.505205,0.070949,81.1875,4,Benign
5.0,0.0,0.9,54.998693,54.998693,0.0,0.0,0.0,0.0,0.0,0.0,0.0,0.0,0.0,0.0,0.0,0.0,0.0,0.0,0.0,0.0,0.0,0.0,0.0,0.0,0.0,0.0,0.0,0.0,0.0,0.0,0.0,1106,11,36,21.269231,9.255176,1106,18538764.878815,52.0,3.216659,1.283462,0.008716,85.658284,52,Benign
5.0,0.0,0.1,57.628513,57.628513,0.0,0.0,0.0,0.0,0.0,0.0,0.0,0.0,0.0,0.0,0.0,0.0,0.0,0.0,0.0,0.0,0.0,0.0,0.0,0.0,0.0,0.0,0.0,0.0,0.0,0.0,0.0,89,12,36,22.25,9.010411,89,23136695.226034,4.0,12.002604,4.505205,0.393823,81.1875,4,Benign
5.0,0.0,1.0,167.333826,167.333826,0.0,0.0,0.0,0.0,0.0,0.0,0.0,0.0,0.0,0.0,0.0,0.0,0.0,0.0,0.0,0.0,0.0,0.0,0.0,0.0,0.0,0.0,0.0,0.0,0.0,0.0,0.0,3984,12,36,24.0,12.0,3984,6012296.676636,166.0,2.08263,0.931381,-0.072831,144.0,166,BT-DoS
5.0,0.0,1.0,157.092866,157.092866,0.0,0.0,0.0,0.0,0.0,0.0,0.0,0.0,0.0,0.0,0.0,0.0,0.0,0.0,0.0,0.0,0.0,0.0,0.0,0.0,0.0,0.0,0.0,0.0,0.0,0.0,0.0,3744,12,36,24.0,12.0,3744,6406730.221164,156.0,2.148345,0.960769,-0.077596,144.0,156,BT-DoS
5.0,0.0,0.4,76.008424,76.008424,0.0,0.0,0.0,0.0,0.0,0.0,0.0,0.0,0.0,0.0,0.0,0.0,0.0,0.0,0.0,0.0,0.0,0.0,0.0,0.0,0.0,0.0,0.0,0.0,0.0,0.0,0.0,849,10,50,26.53125,14.999967,849,13580837.557393,32.0,5.387794,2.651645,0.038114,224.999023,32,BT-DoS
5.0,0.0,0.9,20.677009,20.677009,0.0,0.0,0.0,0.0,0.0,0.0,0.0,0.0,0.0,0.0,0.0,0.0,0.0,0.0,0.0,0.0,0.0,0.0,0.0,0.0,0.0,0.0,0.0,0.0,0.0,0.0,0.0,859,18,50,45.210526,8.787425,859,51049722.565545,19.0,10.566109,2.015974,0.066947,77.218837,19,Benign
5.0,0.0,1.0,38.241146,38.241146,0.0,0.0,0.0,0.0,0.0,0.0,0.0,0.0,0.0,0.0,0.0,0.0,0.0,0.0,0.0,0.0,0.0,0.0,0.0,0.0,0.0,0.0,0.0,0.0,0.0,0.0,0.0,1591,8,50,41.868421,11.272162,1591,26856596.405442,38.0,7.033802,1.828586,-0.076591,127.061634,38,Benign
5.0,0.0,1.0,362.718553,362.718553,0.0,0.0,0.0,0.0,0.0,0.0,0.0,0.0,0.0,0.0,0.0,0.0,0.0,0.0,0.0,0.0,0.0,0.0,0.0,0.0,0.0,0.0,0.0,0.0,0.0,0.0,0.0,8688,12,36,24.0,12.0,8688,2764595.512538,362.0,1.410301,0.630706,-0.033141,144.0,362,BT-DoS
5.0,0.0,1.0,308.615346,308.615346,0.0,0.0,0.0,0.0,0.0,0.0,0.0,0.0,0.0,0.0,0.0,0.0,0.0,0.0,0.0,0.0,0.0,0.0,0.0,0.0,0.0,0.0,0.0,0.0,0.0,0.0,0.0,7392,12,36,24.0,12.0,7392,3250834.219619,308.0,1.528942,0.683763,-0.039001,144.0,308,BT-DoS
5.0,0.0,1.0,88.50801,88.50801,0.0,0.0,0.0,0.0,0.0,0.0,0.0,0.0,0.0,0.0,0.0,0.0,0.0,0.0,0.0,0.0,0.0,0.0,0.0,0.0,0.0,0.0,0.0,0.0,0.0,0.0,0.0,3729,19,50,43.870588,6.917647,3729,11432917.345138,85.0,4.817227,0.750324,0.039644,47.853841,85,Benign
5.0,0.0,1.0,118.934707,118.934707,0.0,0.0,0.0,0.0,0.0,0.0,0.0,0.0,0.0,0.0,0.0,0.0,0.0,0.0,0.0,0.0,0.0,0.0,0.0,0.0,0.0,0.0,0.0,0.0,0.0,0.0,0.0,2832,12,36,24.0,12.0,2832,8479837.678437,118.0,2.470161,1.10469,-0.103318,144.0,118,BT-DoS
5.0,0.0,0.0,116.829726,116.829726,0.0,0.0,0.0,0.0,0.0,0.0,0.0,0.0,0.0,0.0,0.0,0.0,0.0,0.0,0.0,0.0,0.0,0.0,0.0,0.0,0.0,0.0,0.0,0.0,0.0,0.0,0.0,89,12,36,22.25,9.010411,89,11412620.544434,4.0,12.002604,4.505205,0.190268,81.1875,4,Benign
5.0,0.0,1.0,161.295694,161.295694,0.0,0.0,0.0,0.0,0.0,0.0,0.0,0.0,0.0,0.0,0.0,0.0,0.0,0.0,0.0,0.0,0.0,0.0,0.0,0.0,0.0,0.0,0.0,0.0,0.0,0.0,0.0,3840,12,36,24.0,12.0,3840,6238785.92965,160.0,2.12132,0.948683,-0.075635,144.0,160,BT-DoS
5.0,0.0,1.0,45.791265,45.791265,0.0,0.0,0.0,0.0,0.0,0.0,0.0,0.0,0.0,0.0,0.0,0.0,0.0,0.0,0.0,0.0,0.0,0.0,0.0,0.0,0.0,0.0,0.0,0.0,0.0,0.0,0.0,1630,11,50,37.045455,14.477184,1630,22346091.824909,44.0,5.996125,2.182518,0.09583,209.588843,44,Benign
5.0,0.0,1.0,88.505907,88.505907,0.0,0.0,0.0,0.0,0.0,0.0,0.0,0.0,0.0,0.0,0.0,0.0,0.0,0.0,0.0,0.0,0.0,0.0,0.0,0.0,0.0,0.0,0.0,0.0,0.0,0.0,0.0,3910,19,50,44.431818,6.632899,3910,11428550.742138,88.0,4.788934,0.707069,0.035111,43.995351,88,Benign
5.0,0.0,1.0,80.828013,80.828013,0.0,0.0,0.0,0.0,0.0,0.0,0.0,0.0,0.0,0.0,0.0,0.0,0.0,0.0,0.0,0.0,0.0,0.0,0.0,0.0,0.0,0.0,0.0,0.0,0.0,0.0,0.0,3528,19,50,44.1,7.205206,3528,12528555.30268,80.0,4.995905,0.805567,0.044911,51.915,80,Benign
5.0,0.0,1.0,30.809299,30.809299,0.0,0.0,0.0,0.0,0.0,0.0,0.0,0.0,0.0,0.0,0.0,0.0,0.0,0.0,0.0,0.0,0.0,0.0,0.0,0.0,0.0,0.0,0.0,0.0,0.0,0.0,0.0,1344,18,50,44.8,8.498627,1344,33576965.332031,30.0,8.325196,1.55163,0.086894,72.226667,30,Benign
5.0,0.0,1.0,135.08693,135.08693,0.0,0.0,0.0,0.0,0.0,0.0,0.0,0.0,0.0,0.0,0.0,0.0,0.0,0.0,0.0,0.0,0.0,0.0,0.0,0.0,0.0,0.0,0.0,0.0,0.0,0.0,0.0,3216,12,36,24.0,12.0,3216,7458299.6225,134.0,2.318002,1.036642,-0.090681,144.0,134,BT-DoS
5.0,0.0,1.0,165.336591,165.336591,0.0,0.0,0.0,0.0,0.0,0.0,0.0,0.0,0.0,0.0,0.0,0.0,0.0,0.0,0.0,0.0,0.0,0.0,0.0,0.0,0.0,0.0,0.0,0.0,0.0,0.0,0.0,3936,12,36,24.0,12.0,3936,6085373.872628,164.0,2.095291,0.937043,-0.073689,144.0,164,BT-DoS
5.0,0.0,1.0,133.063159,133.063159,0.0,0.0,0.0,0.0,0.0,0.0,0.0,0.0,0.0,0.0,0.0,0.0,0.0,0.0,0.0,0.0,0.0,0.0,0.0,0.0,0.0,0.0,0.0,0.0,0.0,0.0,0.0,3168,12,36,24.0,12.0,3168,7572596.309749,132.0,2.335497,1.044466,-0.092109,144.0,132,BT-DoS
5.0,0.0,1.0,183.474602,183.474602,0.0,0.0,0.0,0.0,0.0,0.0,0.0,0.0,0.0,0.0,0.0,0.0,0.0,0.0,0.0,0.0,0.0,0.0,0.0,0.0,0.0,0.0,0.0,0.0,0.0,0.0,0.0,4368,12,36,24.0,12.0,4368,5480458.064633,182.0,1.988981,0.889499,-0.066325,144.0,182,BT-DoS
5.0,0.0,1.0,147.180092,147.180092,0.0,0.0,0.0,0.0,0.0,0.0,0.0,0.0,0.0,0.0,0.0,0.0,0.0,0.0,0.0,0.0,0.0,0.0,0.0,0.0,0.0,0.0,0.0,0.0,0.0,0.0,0.0,3504,12,36,24.0,12.0,3504,6841255.056447,146.0,2.2207,0.993127,-0.083041,144.0,146,BT-DoS
5.0,0.0,1.0,50.2506,50.2506,0.0,0.0,0.0,0.0,0.0,0.0,0.0,0.0,0.0,0.0,0.0,0.0,0.0,0.0,0.0,0.0,0.0,0.0,0.0,0.0,0.0,0.0,0.0,0.0,0.0,0.0,0.0,2255,19,50,45.1,6.331666,2255,20306387.726141,50.0,6.440652,0.895433,0.027585,40.09,50,Benign
5.0,0.0,1.0,34.166323,34.166323,0.0,0.0,0.0,0.0,0.0,0.0,0.0,0.0,0.0,0.0,0.0,0.0,0.0,0.0,0.0,0.0,0.0,0.0,0.0,0.0,0.0,0.0,0.0,0.0,0.0,0.0,0.0,1526,20,50,44.882353,8.046792,1526,30155514.225815,34.0,7.81999,1.380013,0.039364,64.750865,34,Benign
5.0,0.0,0.9,25.715204,25.715204,0.0,0.0,0.0,0.0,0.0,0.0,0.0,0.0,0.0,0.0,0.0,0.0,0.0,0.0,0.0,0.0,0.0,0.0,0.0,0.0,0.0,0.0,0.0,0.0,0.0,0.0,0.0,1075,19,50,44.791667,7.713512,1075,40578261.665676,24.0,9.277643,1.574514,0.070343,59.498264,24,Benign
5.0,0.0,1.0,78.350947,78.350947,0.0,0.0,0.0,0.0,0.0,0.0,0.0,0.0,0.0,0.0,0.0,0.0,0.0,0.0,0.0,0.0,0.0,0.0,0.0,0.0,0.0,0.0,0.0,0.0,0.0,0.0,0.0,3489,19,50,44.730769,7.039582,3489,12928841.950057,78.0,5.127099,0.797076,0.037068,49.55572,78,Benign
5.0,0.0,1.0,171.377375,171.377375,0.0,0.0,0.0,0.0,0.0,0.0,0.0,0.0,0.0,0.0,0.0,0.0,0.0,0.0,0.0,0.0,0.0,0.0,0.0,0.0,0.0,0.0,0.0,0.0,0.0,0.0,0.0,4080,12,36,24.0,12.0,4080,5869603.015967,170.0,2.057983,0.920358,-0.07107,144.0,170,BT-DoS
5.0,0.0,1.0,43.021417,43.021417,0.0,0.0,0.0,0.0,0.0,0.0,0.0,0.0,0.0,0.0,0.0,0.0,0.0,0.0,0.0,0.0,0.0,0.0,0.0,0.0,0.0,0.0,0.0,0.0,0.0,0.0,0.0,1819,10,50,42.302326,11.496278,1819,23797671.000163,43.0,6.685025,1.753166,0.087836,132.164413,43,Benign
5.0,0.0,1.0,151.206028,151.206028,0.0,0.0,0.0,0.0,0.0,0.0,0.0,0.0,0.0,0.0,0.0,0.0,0.0,0.0,0.0,0.0,0.0,0.0,0.0,0.0,0.0,0.0,0.0,0.0,0.0,0.0,0.0,3600,12,36,24.0,12.0,3600,6657878.824528,150.0,2.19089,0.979796,-0.08079,144.0,150,BT-DoS
5.0,0.0,1.0,137.092641,137.092641,0.0,0.0,0.0,0.0,0.0,0.0,0.0,0.0,0.0,0.0,0.0,0.0,0.0,0.0,0.0,0.0,0.0,0.0,0.0,0.0,0.0,0.0,0.0,0.0,0.0,0.0,0.0,3264,12,36,24.0,12.0,3264,7348369.669031,136.0,2.300895,1.028992,-0.089311,144.0,136,BT-DoS
5.0,0.0,1.0,85.970863,85.970863,0.0,0.0,0.0,0.0,0.0,0.0,0.0,0.0,0.0,0.0,0.0,0.0,0.0,0.0,0.0,0.0,0.0,0.0,0.0,0.0,0.0,0.0,0.0,0.0,0.0,0.0,0.0,2952,12,36,34.729412,4.878255,2952,11770322.209313,85.0,3.803913,0.529121,-0.007247,23.79737,85,Benign
5.0,0.0,1.0,175.405526,175.405526,0.0,0.0,0.0,0.0,0.0,0.0,0.0,0.0,0.0,0.0,0.0,0.0,0.0,0.0,0.0,0.0,0.0,0.0,0.0,0.0,0.0,0.0,0.0,0.0,0.0,0.0,0.0,4176,12,36,24.0,12.0,4176,5734028.843786,174.0,2.034191,0.909718,-0.069436,144.0,174,BT-DoS
5.0,0.0,0.9,51.230109,51.230109,0.0,0.0,0.0,0.0,0.0,0.0,0.0,0.0,0.0,0.0,0.0,0.0,0.0,0.0,0.0,0.0,0.0,0.0,0.0,0.0,0.0,0.0,0.0,0.0,0.0,0.0,0.0,1984,8,50,41.333333,11.188412,1984,19935085.418377,48.0,6.180657,1.614908,0.065042,125.180556,48,Benign
5.0,0.0,0.0,509.419323,509.419323,0.0,0.0,0.0,0.0,0.0,0.0,0.0,0.0,0.0,0.0,0.0,0.0,0.0,0.0,0.0,0.0,0.0,0.0,0.0,0.0,0.0,0.0,0.0,0.0,0.0,0.0,0.0,25,11,14,12.5,1.5,25,3926038.742065,2.0,8.902247,1.06066,0.0,2.25,2,Benign
5.0,0.0,0.1,69.305001,69.305001,0.0,0.0,0.0,0.0,0.0,0.0,0.0,0.0,0.0,0.0,0.0,0.0,0.0,0.0,0.0,0.0,0.0,0.0,0.0,0.0,0.0,0.0,0.0,0.0,0.0,0.0,0.0,89,12,36,22.25,9.010411,89,19238630.930583,4.0,12.002604,4.505205,0.08416,81.1875,4,Benign
5.0,0.0,1.0,129.034602,129.034602,0.0,0.0,0.0,0.0,0.0,0.0,0.0,0.0,0.0,0.0,0.0,0.0,0.0,0.0,0.0,0.0,0.0,0.0,0.0,0.0,0.0,0.0,0.0,0.0,0.0,0.0,0.0,3072,12,36,24.0,12.0,3072,7810881.757361,128.0,2.371708,1.06066,-0.095028,144.0,128,BT-DoS
5.0,0.0,1.0,70.025802,70.025802,0.0,0.0,0.0,0.0,0.0,0.0,0.0,0.0,0.0,0.0,0.0,0.0,0.0,0.0,0.0,0.0,0.0,0.0,0.0,0.0,0.0,0.0,0.0,0.0,0.0,0.0,0.0,3054,19,50,44.26087,7.088779,3054,14490457.142101,69.0,5.396289,0.853389,0.045684,50.250788,69,Benign
5.0,0.0,1.0,145.012316,145.012316,0.0,0.0,0.0,0.0,0.0,0.0,0.0,0.0,0.0,0.0,0.0,0.0,0.0,0.0,0.0,0.0,0.0,0.0,0.0,0.0,0.0,0.0,0.0,0.0,0.0,0.0,0.0,3456,12,36,24.0,12.0,3456,6944189.538489,144.0,2.236068,1.0,-0.084265,144.0,144,BT-DoS
5.0,0.0,0.1,74.771775,74.771775,0.0,0.0,0.0,0.0,0.0,0.0,0.0,0.0,0.0,0.0,0.0,0.0,0.0,0.0,0.0,0.0,0.0,0.0,0.0,0.0,0.0,0.0,0.0,0.0,0.0,0.0,0.0,89,12,36,22.25,9.010411,89,17832040.786743,4.0,12.002604,4.505205,0.102966,81.1875,4,Benign
5.0,0.0,1.0,36.717953,36.717953,0.0,0.0,0.0,0.0,0.0,0.0,0.0,0.0,0.0,0.0,0.0,0.0,0.0,0.0,0.0,0.0,0.0,0.0,0.0,0.0,0.0,0.0,0.0,0.0,0.0,0.0,0.0,1552,18,50,43.111111,9.421541,1552,28012766.156878,36.0,7.354767,1.570257,0.096163,88.765432,36,Benign
5.0,0.0,1.0,50.249043,50.249043,0.0,0.0,0.0,0.0,0.0,0.0,0.0,0.0,0.0,0.0,0.0,0.0,0.0,0.0,0.0,0.0,0.0,0.0,0.0,0.0,0.0,0.0,0.0,0.0,0.0,0.0,0.0,2177,19,50,44.428571,7.645193,2177,20315478.245417,49.0,6.440223,1.09217,0.034837,58.44898,49,Benign
5.0,0.0,1.0,10.230599,10.230599,0.0,0.0,0.0,0.0,0.0,0.0,0.0,0.0,0.0,0.0,0.0,0.0,0.0,0.0,0.0,0.0,0.0,0.0,0.0,0.0,0.0,0.0,0.0,0.0,0.0,0.0,0.0,455,32,50,45.5,6.152235,455,108606656.392415,10.0,14.519298,1.945508,0.502698,37.85,10,Benign
5.0,0.0,1.0,147.17935,147.17935,0.0,0.0,0.0,0.0,0.0,0.0,0.0,0.0,0.0,0.0,0.0,0.0,0.0,0.0,0.0,0.0,0.0,0.0,0.0,0.0,0.0,0.0,0.0,0.0,0.0,0.0,0.0,3504,12,36,24.0,12.0,3504,6841289.586034,146.0,2.2207,0.993127,-0.083052,144.0,146,BT-DoS
5.0,0.0,1.0,155.237703,155.237703,0.0,0.0,0.0,0.0,0.0,0.0,0.0,0.0,0.0,0.0,0.0,0.0,0.0,0.0,0.0,0.0,0.0,0.0,0.0,0.0,0.0,0.0,0.0,0.0,0.0,0.0,0.0,3696,12,36,24.0,12.0,3696,6483836.890825,154.0,2.16225,0.966988,-0.078609,144.0,154,BT-DoS
5.0,0.0,1.0,131.872452,131.872452,0.0,0.0,0.0,0.0,0.0,0.0,0.0,0.0,0.0,0.0,0.0,0.0,0.0,0.0,0.0,0.0,0.0,0.0,0.0,0.0,0.0,0.0,0.0,0.0,0.0,0.0,0.0,5482,10,132,41.847328,40.367108,5482,7641416.329604,131.0,5.080048,3.526891,-0.199217,1629.503409,131,BT-DoS
5.0,0.0,0.9,31.272408,31.272408,0.0,0.0,0.0,0.0,0.0,0.0,0.0,0.0,0.0,0.0,0.0,0.0,0.0,0.0,0.0,0.0,0.0,0.0,0.0,0.0,0.0,0.0,0.0,0.0,0.0,0.0,0.0,754,12,36,27.925926,9.606811,754,33206958.037156,27.0,5.683466,1.848832,-0.124522,92.290809,27,Benign
5.0,0.0,0.0,113.575207,113.575207,0.0,0.0,0.0,0.0,0.0,0.0,0.0,0.0,0.0,0.0,0.0,0.0,0.0,0.0,0.0,0.0,0.0,0.0,0.0,0.0,0.0,0.0,0.0,0.0,0.0,0.0,0.0,89,12,36,22.25,9.010411,89,11739651.362101,4.0,12.002604,4.505205,0.192748,81.1875,4,Benign
5.0,0.0,1.0,169.35299,169.35299,0.0,0.0,0.0,0.0,0.0,0.0,0.0,0.0,0.0,0.0,0.0,0.0,0.0,0.0,0.0,0.0,0.0,0.0,0.0,0.0,0.0,0.0,0.0,0.0,0.0,0.0,0.0,4032,12,36,24.0,12.0,4032,5940184.621754,168.0,2.070197,0.92582,-0.071942,144.0,168,BT-DoS
5.0,0.0,1.0,96.062265,96.062265,0.0,0.0,0.0,0.0,0.0,0.0,0.0,0.0,0.0,0.0,0.0,0.0,0.0,0.0,0.0,0.0,0.0,0.0,0.0,0.0,0.0,0.0,0.0,0.0,0.0,0.0,0.0,3892,10,50,40.968421,11.828113,3892,10520658.594497,95.0,4.374948,1.213539,0.056093,139.904266,95,Benign
5.0,0.0,1.0,327.325674,327.325674,0.0,0.0,0.0,0.0,0.0,0.0,0.0,0.0,0.0,0.0,0.0,0.0,0.0,0.0,0.0,0.0,0.0,0.0,0.0,0.0,0.0,0.0,0.0,0.0,0.0,0.0,0.0,7824,12,36,24.0,12.0,7824,3064461.48799,326.0,1.486132,0.664619,-0.036765,144.0,326,BT-DoS
5.0,0.0,0.1,50.207735,50.207735,0.0,0.0,0.0,0.0,0.0,0.0,0.0,0.0,0.0,0.0,0.0,0.0,0.0,0.0,0.0,0.0,0.0,0.0,0.0,0.0,0.0,0.0,0.0,0.0,0.0,0.0,0.0,89,12,36,22.25,9.010411,89,26556332.906087,4.0,12.002604,4.505205,-0.015686,81.1875,4,Benign
5.0,0.0,1.0,52.056014,52.056014,0.0,0.0,0.0,0.0,0.0,0.0,0.0,0.0,0.0,0.0,0.0,0.0,0.0,0.0,0.0,0.0,0.0,0.0,0.0,0.0,0.0,0.0,0.0,0.0,0.0,0.0,0.0,2222,19,50,44.44,7.879492,2222,19602118.706217,50.0,6.382789,1.114328,0.037584,62.0864,50,Benign
5.0,0.0,1.0,165.6507,165.6507,0.0,0.0,0.0,0.0,0.0,0.0,0.0,0.0,0.0,0.0,0.0,0.0,0.0,0.0,0.0,0.0,0.0,0.0,0.0,0.0,0.0,0.0,0.0,0.0,0.0,0.0,0.0,3936,12,36,24.0,12.0,3936,6073834.705938,164.0,2.095291,0.937043,-0.073608,144.0,164,BT-DoS
5.0,0.0,1.0,137.098968,137.098968,0.0,0.0,0.0,0.0,0.0,0.0,0.0,0.0,0.0,0.0,0.0,0.0,0.0,0.0,0.0,0.0,0.0,0.0,0.0,0.0,0.0,0.0,0.0,0.0,0.0,0.0,0.0,3264,12,36,24.0,12.0,3264,7348030.58483,136.0,2.300895,1.028992,-0.089308,144.0,136,BT-DoS
5.0,0.0,1.0,11.086396,11.086396,0.0,0.0,0.0,0.0,0.0,0.0,0.0,0.0,0.0,0.0,0.0,0.0,0.0,0.0,0.0,0.0,0.0,0.0,0.0,0.0,0.0,0.0,0.0,0.0,0.0,0.0,0.0,400,12,50,36.363636,13.240933,400,99220705.032349,11.0,11.66828,3.992292,-0.027471,175.322314,11,Benign
5.0,0.0,0.9,21.481887,21.481887,0.0,0.0,0.0,0.0,0.0,0.0,0.0,0.0,0.0,0.0,0.0,0.0,0.0,0.0,0.0,0.0,0.0,0.0,0.0,0.0,0.0,0.0,0.0,0.0,0.0,0.0,0.0,540,12,36,27.0,9.949874,540,49000890.631425,20.0,6.434283,2.22486,-0.094925,99.0,20,Benign
5.0,0.0,0.1,76.206382,76.206382,0.0,0.0,0.0,0.0,0.0,0.0,0.0,0.0,0.0,0.0,0.0,0.0,0.0,0.0,0.0,0.0,0.0,0.0,0.0,0.0,0.0,0.0,0.0,0.0,0.0,0.0,0.0,89,12,36,22.25,9.010411,89,17496347.427368,4.0,12.002604,4.505205,0.113166,81.1875,4,Benign
5.0,0.0,0.0,84.81909,84.81909,0.0,0.0,0.0,0.0,0.0,0.0,0.0,0.0,0.0,0.0,0.0,0.0,0.0,0.0,0.0,0.0,0.0,0.0,0.0,0.0,0.0,0.0,0.0,0.0,0.0,0.0,0.0,89,12,36,22.25,9.010411,89,15719731.648763,4.0,12.002604,4.505205,0.094475,81.1875,4,Benign
5.0,0.0,1.0,24.502797,24.502797,0.0,0.0,0.0,0.0,0.0,0.0,0.0,0.0,0.0,0.0,0.0,0.0,0.0,0.0,0.0,0.0,0.0,0.0,0.0,0.0,0.0,0.0,0.0,0.0,0.0,0.0,0.0,816,8,50,34.0,15.467708,816,42586088.180542,24.0,7.624658,3.157333,-0.352752,239.25,24,Benign
5.0,0.0,1.0,38.863752,38.863752,0.0,0.0,0.0,0.0,0.0,0.0,0.0,0.0,0.0,0.0,0.0,0.0,0.0,0.0,0.0,0.0,0.0,0.0,0.0,0.0,0.0,0.0,0.0,0.0,0.0,0.0,0.0,1332,11,50,35.052632,15.291806,1332,26426347.526344,38.0,6.203832,2.480659,0.207831,233.839335,38,Benign
5.0,0.0,1.0,177.41827,177.41827,0.0,0.0,0.0,0.0,0.0,0.0,0.0,0.0,0.0,0.0,0.0,0.0,0.0,0.0,0.0,0.0,0.0,0.0,0.0,0.0,0.0,0.0,0.0,0.0,0.0,0.0,0.0,4224,12,36,24.0,12.0,4224,5668606.076922,176.0,2.0226,0.904534,-0.068619,144.0,176,BT-DoS
5.0,0.0,1.0,165.154938,165.154938,0.0,0.0,0.0,0.0,0.0,0.0,0.0,0.0,0.0,0.0,0.0,0.0,0.0,0.0,0.0,0.0,0.0,0.0,0.0,0.0,0.0,0.0,0.0,0.0,0.0,0.0,0.0,3936,12,36,24.0,12.0,3936,6092067.145131,164.0,2.095291,0.937043,-0.073725,144.0,164,BT-DoS
5.0,0.0,1.0,195.565295,195.565295,0.0,0.0,0.0,0.0,0.0,0.0,0.0,0.0,0.0,0.0,0.0,0.0,0.0,0.0,0.0,0.0,0.0,0.0,0.0,0.0,0.0,0.0,0.0,0.0,0.0,0.0,0.0,4656,12,36,24.0,12.0,4656,5139875.906119,194.0,1.926484,0.86155,-0.062147,144.0,194,BT-DoS
5.0,0.0,1.0,314.948004,314.948004,0.0,0.0,0.0,0.0,0.0,0.0,0.0,0.0,0.0,0.0,0.0,0.0,0.0,0.0,0.0,0.0,0.0,0.0,0.0,0.0,0.0,0.0,0.0,0.0,0.0,0.0,0.0,7536,12,36,24.0,12.0,7536,3185271.455076,314.0,1.514263,0.677199,-0.03822,144.0,314,BT-DoS
5.0,0.0,1.0,345.045509,345.045509,0.0,0.0,0.0,0.0,0.0,0.0,0.0,0.0,0.0,0.0,0.0,0.0,0.0,0.0,0.0,0.0,0.0,0.0,0.0,0.0,0.0,0.0,0.0,0.0,0.0,0.0,0.0,8256,12,36,24.0,12.0,8256,2906617.895855,344.0,1.446728,0.646997,-0.034838,144.0,344,BT-DoS
5.0,0.0,0.9,36.357955,36.357955,0.0,0.0,0.0,0.0,0.0,0.0,0.0,0.0,0.0,0.0,0.0,0.0,0.0,0.0,0.0,0.0,0.0,0.0,0.0,0.0,0.0,0.0,0.0,0.0,0.0,0.0,0.0,1511,19,50,44.441176,8.117487,1511,28337760.405107,34.0,7.747698,1.392138,0.044518,65.893599,34,Benign
5.0,0.0,0.5,21.946904,21.946904,0.0,0.0,0.0,0.0,0.0,0.0,0.0,0.0,0.0,0.0,0.0,0.0,0.0,0.0,0.0,0.0,0.0,0.0,0.0,0.0,0.0,0.0,0.0,0.0,0.0,0.0,0.0,517,19,50,43.083333,11.361179,517,49706740.812822,12.0,12.862251,3.27969,0.351004,129.076389,12,Benign
5.0,0.0,1.0,139.115129,139.115129,0.0,0.0,0.0,0.0,0.0,0.0,0.0,0.0,0.0,0.0,0.0,0.0,0.0,0.0,0.0,0.0,0.0,0.0,0.0,0.0,0.0,0.0,0.0,0.0,0.0,0.0,0.0,3312,12,36,24.0,12.0,3312,7240760.065343,138.0,2.284161,1.021508,-0.08786,144.0,138,BT-DoS
5.0,0.0,0.6,45.236023,45.236023,0.0,0.0,0.0,0.0,0.0,0.0,0.0,0.0,0.0,0.0,0.0,0.0,0.0,0.0,0.0,0.0,0.0,0.0,0.0,0.0,0.0,0.0,0.0,0.0,0.0,0.0,0.0,593,12,36,23.72,11.837297,593,23027370.373408,25.0,5.301924,2.367459,-0.288176,140.1216,25,BT-DoS
5.0,0.0,1.0,25.728927,25.728927,0.0,0.0,0.0,0.0,0.0,0.0,0.0,0.0,0.0,0.0,0.0,0.0,0.0,0.0,0.0,0.0,0.0,0.0,0.0,0.0,0.0,0.0,0.0,0.0,0.0,0.0,0.0,823,10,50,32.92,15.202421,823,40486206.610998,25.0,7.252145,3.040484,0.34509,231.1136,25,Benign
5.0,0.0,1.0,133.064662,133.064662,0.0,0.0,0.0,0.0,0.0,0.0,0.0,0.0,0.0,0.0,0.0,0.0,0.0,0.0,0.0,0.0,0.0,0.0,0.0,0.0,0.0,0.0,0.0,0.0,0.0,0.0,0.0,3168,12,36,24.0,12.0,3168,7572510.770259,132.0,2.335497,1.044466,-0.092093,144.0,132,BT-DoS
5.0,0.0,0.9,15.093963,15.093963,0.0,0.0,0.0,0.0,0.0,0.0,0.0,0.0,0.0,0.0,0.0,0.0,0.0,0.0,0.0,0.0,0.0,0.0,0.0,0.0,0.0,0.0,0.0,0.0,0.0,0.0,0.0,225,8,38,16.071429,8.480771,225,71347933.549147,14.0,4.856618,2.266581,0.051555,71.923469,14,Benign
5.0,0.0,1.0,137.1019,137.1019,0.0,0.0,0.0,0.0,0.0,0.0,0.0,0.0,0.0,0.0,0.0,0.0,0.0,0.0,0.0,0.0,0.0,0.0,0.0,0.0,0.0,0.0,0.0,0.0,0.0,0.0,0.0,3264,12,36,24.0,12.0,3264,7347873.405174,136.0,2.300895,1.028992,-0.08922,144.0,136,BT-DoS
5.0,0.0,1.0,163.310085,163.310085,0.0,0.0,0.0,0.0,0.0,0.0,0.0,0.0,0.0,0.0,0.0,0.0,0.0,0.0,0.0,0.0,0.0,0.0,0.0,0.0,0.0,0.0,0.0,0.0,0.0,0.0,0.0,3888,12,36,24.0,12.0,3888,6161353.602913,162.0,2.108185,0.942809,-0.074674,144.0,162,BT-DoS
5.0,0.0,1.0,334.661295,334.661295,0.0,0.0,0.0,0.0,0.0,0.0,0.0,0.0,0.0,0.0,0.0,0.0,0.0,0.0,0.0,0.0,0.0,0.0,0.0,0.0,0.0,0.0,0.0,0.0,0.0,0.0,0.0,8016,12,36,24.0,12.0,8016,2997069.029479,334.0,1.468226,0.656611,-0.035959,144.0,334,BT-DoS
5.0,0.0,1.0,137.378864,137.378864,0.0,0.0,0.0,0.0,0.0,0.0,0.0,0.0,0.0,0.0,0.0,0.0,0.0,0.0,0.0,0.0,0.0,0.0,0.0,0.0,0.0,0.0,0.0,0.0,0.0,0.0,0.0,3264,12,36,24.0,12.0,3264,7333059.664126,136.0,2.300895,1.028992,-0.089121,144.0,136,BT-DoS
5.0,0.0,1.0,149.196868,149.196868,0.0,0.0,0.0,0.0,0.0,0.0,0.0,0.0,0.0,0.0,0.0,0.0,0.0,0.0,0.0,0.0,0.0,0.0,0.0,0.0,0.0,0.0,0.0,0.0,0.0,0.0,0.0,3552,12,36,24.0,12.0,3552,6748149.184143,148.0,2.205644,0.986394,-0.081888,144.0,148,BT-DoS
5.0,0.0,0.9,46.674391,46.674391,0.0,0.0,0.0,0.0,0.0,0.0,0.0,0.0,0.0,0.0,0.0,0.0,0.0,0.0,0.0,0.0,0.0,0.0,0.0,0.0,0.0,0.0,0.0,0.0,0.0,0.0,0.0,1533,11,50,34.840909,14.675185,1533,21923281.425654,44.0,5.699382,2.212367,0.105151,215.361054,44,Benign
5.0,0.0,1.0,330.676284,330.676284,0.0,0.0,0.0,0.0,0.0,0.0,0.0,0.0,0.0,0.0,0.0,0.0,0.0,0.0,0.0,0.0,0.0,0.0,0.0,0.0,0.0,0.0,0.0,0.0,0.0,0.0,0.0,7920,12,36,24.0,12.0,7920,3033297.402518,330.0,1.477098,0.660578,-0.036375,144.0,330,BT-DoS
5.0,0.0,0.1,54.43366,54.43366,0.0,0.0,0.0,0.0,0.0,0.0,0.0,0.0,0.0,0.0,0.0,0.0,0.0,0.0,0.0,0.0,0.0,0.0,0.0,0.0,0.0,0.0,0.0,0.0,0.0,0.0,0.0,89,12,36,22.25,9.010411,89,24494647.979736,4.0,12.002604,4.505205,0.007168,81.1875,4,Benign
5.0,0.0,1.0,127.014223,127.014223,0.0,0.0,0.0,0.0,0.0,0.0,0.0,0.0,0.0,0.0,0.0,0.0,0.0,0.0,0.0,0.0,0.0,0.0,0.0,0.0,0.0,0.0,0.0,0.0,0.0,0.0,0.0,3024,12,36,24.0,12.0,3024,7936119.07959,126.0,2.390457,1.069045,-0.096466,144.0,126,BT-DoS
5.0,0.0,1.0,52.424367,52.424367,0.0,0.0,0.0,0.0,0.0,0.0,0.0,0.0,0.0,0.0,0.0,0.0,0.0,0.0,0.0,0.0,0.0,0.0,0.0,0.0,0.0,0.0,0.0,0.0,0.0,0.0,0.0,2225,19,50,43.627451,8.891416,2225,19456601.142883,51.0,6.234647,1.245047,0.042504,79.057286,51,Benign
5.0,0.0,0.9,52.502773,52.502773,0.0,0.0,0.0,0.0,0.0,0.0,0.0,0.0,0.0,0.0,0.0,0.0,0.0,0.0,0.0,0.0,0.0,0.0,0.0,0.0,0.0,0.0,0.0,0.0,0.0,0.0,0.0,2002,8,50,40.857143,12.86349,2002,19443417.58887,49.0,6.119183,1.837641,0.025749,165.469388,49,Benign
5.0,0.0,0.5,3.797264,3.797264,0.0,0.0,0.0,0.0,0.0,0.0,0.0,0.0,0.0,0.0,0.0,0.0,0.0,0.0,0.0,0.0,0.0,0.0,0.0,0.0,0.0,0.0,0.0,0.0,0.0,0.0,0.0,36,18,18,18.0,0.0,36,526695013.046265,2.0,12.727922,0.0,0.0,0.0,2,Benign
5.0,0.0,1.0,173.201129,173.201129,0.0,0.0,0.0,0.0,0.0,0.0,0.0,0.0,0.0,0.0,0.0,0.0,0.0,0.0,0.0,0.0,0.0,0.0,0.0,0.0,0.0,0.0,0.0,0.0,0.0,0.0,0.0,4128,12,36,24.0,12.0,4128,5807398.355495,172.0,2.045983,0.914991,-0.070224,144.0,172,BT-DoS
5.0,0.0,1.0,187.495114,187.495114,0.0,0.0,0.0,0.0,0.0,0.0,0.0,0.0,0.0,0.0,0.0,0.0,0.0,0.0,0.0,0.0,0.0,0.0,0.0,0.0,0.0,0.0,0.0,0.0,0.0,0.0,0.0,4464,12,36,24.0,12.0,4464,5362301.903802,186.0,1.967478,0.879883,-0.064841,144.0,186,BT-DoS
5.0,0.0,1.0,38.607411,38.607411,0.0,0.0,0.0,0.0,0.0,0.0,0.0,0.0,0.0,0.0,0.0,0.0,0.0,0.0,0.0,0.0,0.0,0.0,0.0,0.0,0.0,0.0,0.0,0.0,0.0,0.0,0.0,1615,19,50,42.5,9.599205,1615,26601810.713072,38.0,7.06808,1.557197,0.072779,92.144737,38,Benign
5.0,0.0,0.9,15.813058,15.813058,0.0,0.0,0.0,0.0,0.0,0.0,0.0,0.0,0.0,0.0,0.0,0.0,0.0,0.0,0.0,0.0,0.0,0.0,0.0,0.0,0.0,0.0,0.0,0.0,0.0,0.0,0.0,659,32,50,43.933333,5.579327,659,67755937.576294,15.0,11.434645,1.440576,0.301356,31.128889,15,BT-DoS
5.0,0.0,1.0,344.684553,344.684553,0.0,0.0,0.0,0.0,0.0,0.0,0.0,0.0,0.0,0.0,0.0,0.0,0.0,0.0,0.0,0.0,0.0,0.0,0.0,0.0,0.0,0.0,0.0,0.0,0.0,0.0,0.0,8256,12,36,24.0,12.0,8256,2909661.729551,344.0,1.446728,0.646997,-0.034885,144.0,344,BT-DoS
5.0,0.0,1.0,47.98754,47.98754,0.0,0.0,0.0,0.0,0.0,0.0,0.0,0.0,0.0,0.0,0.0,0.0,0.0,0.0,0.0,0.0,0.0,0.0,0.0,0.0,0.0,0.0,0.0,0.0,0.0,0.0,0.0,2050,19,50,43.617021,8.5042,2050,21291758.703149,47.0,6.481998,1.240465,0.022802,72.321412,47,Benign
5.0,0.0,1.0,42.339534,42.339534,0.0,0.0,0.0,0.0,0.0,0.0,0.0,0.0,0.0,0.0,0.0,0.0,0.0,0.0,0.0,0.0,0.0,0.0,0.0,0.0,0.0,0.0,0.0,0.0,0.0,0.0,0.0,1872,19,50,45.658537,6.968955,1872,24209052.324295,41.0,7.213247,1.088368,0.057971,48.56633,41,Benign
5.0,0.0,0.1,42.203011,42.203011,0.0,0.0,0.0,0.0,0.0,0.0,0.0,0.0,0.0,0.0,0.0,0.0,0.0,0.0,0.0,0.0,0.0,0.0,0.0,0.0,0.0,0.0,0.0,0.0,0.0,0.0,0.0,89,12,36,22.25,9.010411,89,31593322.753906,4.0,12.002604,4.505205,-0.097327,81.1875,4,Benign
5.0,0.0,0.9,31.403049,31.403049,0.0,0.0,0.0,0.0,0.0,0.0,0.0,0.0,0.0,0.0,0.0,0.0,0.0,0.0,0.0,0.0,0.0,0.0,0.0,0.0,0.0,0.0,0.0,0.0,0.0,0.0,0.0,754,12,36,27.925926,9.606811,754,33068812.810458,27.0,5.683466,1.848832,-0.08586,92.290809,27,Benign
5.0,0.0,0.9,44.959364,44.959364,0.0,0.0,0.0,0.0,0.0,0.0,0.0,0.0,0.0,0.0,0.0,0.0,0.0,0.0,0.0,0.0,0.0,0.0,0.0,0.0,0.0,0.0,0.0,0.0,0.0,0.0,0.0,1286,12,50,32.974359,11.930326,1286,22827631.548831,39.0,5.615092,1.910381,-0.105419,142.332676,39,Benign
5.0,0.0,1.0,35.917588,35.917588,0.0,0.0,0.0,0.0,0.0,0.0,0.0,0.0,0.0,0.0,0.0,0.0,0.0,0.0,0.0,0.0,0.0,0.0,0.0,0.0,0.0,0.0,0.0,0.0,0.0,0.0,0.0,1402,8,50,40.057143,13.752803,1402,28660381.541533,35.0,7.158839,2.324648,-0.063548,189.139592,35,Benign
5.0,0.0,0.0,86.854776,86.854776,0.0,0.0,0.0,0.0,0.0,0.0,0.0,0.0,0.0,0.0,0.0,0.0,0.0,0.0,0.0,0.0,0.0,0.0,0.0,0.0,0.0,0.0,0.0,0.0,0.0,0.0,0.0,89,12,36,22.25,9.010411,89,15351295.471191,4.0,12.002604,4.505205,0.172001,81.1875,4,Benign
5.0,0.0,0.0,86.673948,86.673948,0.0,0.0,0.0,0.0,0.0,0.0,0.0,0.0,0.0,0.0,0.0,0.0,0.0,0.0,0.0,0.0,0.0,0.0,0.0,0.0,0.0,0.0,0.0,0.0,0.0,0.0,0.0,89,12,36,22.25,9.010411,89,15383323.033651,4.0,12.002604,4.505205,0.142863,81.1875,4,Benign
5.0,0.0,1.0,40.171209,40.171209,0.0,0.0,0.0,0.0,0.0,0.0,0.0,0.0,0.0,0.0,0.0,0.0,0.0,0.0,0.0,0.0,0.0,0.0,0.0,0.0,0.0,0.0,0.0,0.0,0.0,0.0,0.0,1812,19,50,45.3,7.242928,1812,25531744.345641,40.0,7.253534,1.145207,0.02828,52.46,40,Benign
5.0,0.0,1.0,155.250539,155.250539,0.0,0.0,0.0,0.0,0.0,0.0,0.0,0.0,0.0,0.0,0.0,0.0,0.0,0.0,0.0,0.0,0.0,0.0,0.0,0.0,0.0,0.0,0.0,0.0,0.0,0.0,0.0,3696,12,36,24.0,12.0,3696,6483300.838595,154.0,2.16225,0.966988,-0.078618,144.0,154,BT-DoS
5.0,0.0,1.0,55.097734,55.097734,0.0,0.0,0.0,0.0,0.0,0.0,0.0,0.0,0.0,0.0,0.0,0.0,0.0,0.0,0.0,0.0,0.0,0.0,0.0,0.0,0.0,0.0,0.0,0.0,0.0,0.0,0.0,2386,19,50,43.381818,9.074421,2386,18485669.736509,55.0,5.976206,1.223595,0.077564,82.345124,55,Benign
5.0,0.0,0.9,251.103829,251.103829,0.0,0.0,0.0,0.0,0.0,0.0,0.0,0.0,0.0,0.0,0.0,0.0,0.0,0.0,0.0,0.0,0.0,0.0,0.0,0.0,0.0,0.0,0.0,0.0,0.0,0.0,0.0,5472,12,36,24.0,12.0,5472,3999960.05491,228.0,1.777047,0.794719,-0.048165,144.0,228,BT-DoS
5.0,0.0,0.0,101.114469,101.114469,0.0,0.0,0.0,0.0,0.0,0.0,0.0,0.0,0.0,0.0,0.0,0.0,0.0,0.0,0.0,0.0,0.0,0.0,0.0,0.0,0.0,0.0,0.0,0.0,0.0,0.0,0.0,89,12,36,22.25,9.010411,89,13186375.30009,4.0,12.002604,4.505205,0.174882,81.1875,4,Benign
5.0,0.0,1.0,145.00403,145.00403,0.0,0.0,0.0,0.0,0.0,0.0,0.0,0.0,0.0,0.0,0.0,0.0,0.0,0.0,0.0,0.0,0.0,0.0,0.0,0.0,0.0,0.0,0.0,0.0,0.0,0.0,0.0,3456,12,36,24.0,12.0,3456,6944586.347033,144.0,2.236068,1.0,-0.084205,144.0,144,BT-DoS
5.0,0.0,0.3,47.265051,47.265051,0.0,0.0,0.0,0.0,0.0,0.0,0.0,0.0,0.0,0.0,0.0,0.0,0.0,0.0,0.0,0.0,0.0,0.0,0.0,0.0,0.0,0.0,0.0,0.0,0.0,0.0,0.0,209,8,36,14.928571,7.146071,209,22784764.950092,14.0,4.423384,1.909868,0.179521,51.066327,14,Benign
5.0,0.0,1.0,171.37997,171.37997,0.0,0.0,0.0,0.0,0.0,0.0,0.0,0.0,0.0,0.0,0.0,0.0,0.0,0.0,0.0,0.0,0.0,0.0,0.0,0.0,0.0,0.0,0.0,0.0,0.0,0.0,0.0,4080,12,36,24.0,12.0,4080,5869514.138036,170.0,2.057983,0.920358,-0.071092,144.0,170,BT-DoS
5.0,0.0,0.8,12.021718,12.021718,0.0,0.0,0.0,0.0,0.0,0.0,0.0,0.0,0.0,0.0,0.0,0.0,0.0,0.0,0.0,0.0,0.0,0.0,0.0,0.0,0.0,0.0,0.0,0.0,0.0,0.0,0.0,180,12,24,18.0,6.0,180,92425319.883558,10.0,6.0,1.897367,0.520129,36.0,10,Benign
5.0,0.0,1.0,312.6146,312.6146,0.0,0.0,0.0,0.0,0.0,0.0,0.0,0.0,0.0,0.0,0.0,0.0,0.0,0.0,0.0,0.0,0.0,0.0,0.0,0.0,0.0,0.0,0.0,0.0,0.0,0.0,0.0,7488,12,36,24.0,12.0,7488,3209112.541469,312.0,1.519109,0.679366,-0.038489,144.0,312,BT-DoS
5.0,0.0,1.0,14.247565,14.247565,0.0,0.0,0.0,0.0,0.0,0.0,0.0,0.0,0.0,0.0,0.0,0.0,0.0,0.0,0.0,0.0,0.0,0.0,0.0,0.0,0.0,0.0,0.0,0.0,0.0,0.0,0.0,609,19,50,43.5,8.89422,609,75586465.688852,14.0,11.866391,2.37708,0.323414,79.107143,14,Benign
5.0,0.0,1.0,183.476454,183.476454,0.0,0.0,0.0,0.0,0.0,0.0,0.0,0.0,0.0,0.0,0.0,0.0,0.0,0.0,0.0,0.0,0.0,0.0,0.0,0.0,0.0,0.0,0.0,0.0,0.0,0.0,0.0,4368,12,36,24.0,12.0,4368,5480402.740984,182.0,1.988981,0.889499,-0.066328,144.0,182,BT-DoS
5.0,0.0,1.0,19.367362,19.367362,0.0,0.0,0.0,0.0,0.0,0.0,0.0,0.0,0.0,0.0,0.0,0.0,0.0,0.0,0.0,0.0,0.0,0.0,0.0,0.0,0.0,0.0,0.0,0.0,0.0,0.0,0.0,725,18,50,38.157895,13.354531,725,54501771.92688,19.0,9.274664,3.063739,-0.594116,178.34349,19,Benign
5.0,0.0,0.1,45.180931,45.180931,0.0,0.0,0.0,0.0,0.0,0.0,0.0,0.0,0.0,0.0,0.0,0.0,0.0,0.0,0.0,0.0,0.0,0.0,0.0,0.0,0.0,0.0,0.0,0.0,0.0,0.0,0.0,89,12,36,22.25,9.010411,89,29510974.884033,4.0,12.002604,4.505205,-0.069668,81.1875,4,Benign
5.0,0.0,0.1,69.895747,69.895747,0.0,0.0,0.0,0.0,0.0,0.0,0.0,0.0,0.0,0.0,0.0,0.0,0.0,0.0,0.0,0.0,0.0,0.0,0.0,0.0,0.0,0.0,0.0,0.0,0.0,0.0,0.0,89,12,36,22.25,9.010411,89,19076029.459635,4.0,12.002604,4.505205,0.082701,81.1875,4,Benign
5.0,0.0,1.0,48.782309,48.782309,0.0,0.0,0.0,0.0,0.0,0.0,0.0,0.0,0.0,0.0,0.0,0.0,0.0,0.0,0.0,0.0,0.0,0.0,0.0,0.0,0.0,0.0,0.0,0.0,0.0,0.0,0.0,2085,19,50,44.361702,7.837242,2085,20944870.036581,47.0,6.571024,1.143179,0.025639,61.422363,47,Benign
5.0,0.0,1.0,83.3341,83.3341,0.0,0.0,0.0,0.0,0.0,0.0,0.0,0.0,0.0,0.0,0.0,0.0,0.0,0.0,0.0,0.0,0.0,0.0,0.0,0.0,0.0,0.0,0.0,0.0,0.0,0.0,0.0,3557,19,50,43.91358,7.751061,3557,12149888.277054,81.0,4.95471,0.861229,0.034301,60.078951,81,Benign
5.0,0.0,0.9,70.914326,70.914326,0.0,0.0,0.0,0.0,0.0,0.0,0.0,0.0,0.0,0.0,0.0,0.0,0.0,0.0,0.0,0.0,0.0,0.0,0.0,0.0,0.0,0.0,0.0,0.0,0.0,0.0,0.0,3003,19,50,44.820896,7.12558,3003,14315182.512457,67.0,5.54451,0.870528,0.046931,50.773892,67,Benign
5.0,0.0,1.0,53.053049,53.053049,0.0,0.0,0.0,0.0,0.0,0.0,0.0,0.0,0.0,0.0,0.0,0.0,0.0,0.0,0.0,0.0,0.0,0.0,0.0,0.0,0.0,0.0,0.0,0.0,0.0,0.0,0.0,2294,18,50,43.283019,9.623825,2294,19211539.85537,53.0,6.090571,1.321934,0.049785,92.618014,53,Benign
5.0,0.0,0.1,77.414606,77.414606,0.0,0.0,0.0,0.0,0.0,0.0,0.0,0.0,0.0,0.0,0.0,0.0,0.0,0.0,0.0,0.0,0.0,0.0,0.0,0.0,0.0,0.0,0.0,0.0,0.0,0.0,0.0,89,12,36,22.25,9.010411,89,17223278.681437,4.0,12.002604,4.505205,0.121439,81.1875,4,Benign
5.0,0.0,0.9,21.272379,21.272379,0.0,0.0,0.0,0.0,0.0,0.0,0.0,0.0,0.0,0.0,0.0,0.0,0.0,0.0,0.0,0.0,0.0,0.0,0.0,0.0,0.0,0.0,0.0,0.0,0.0,0.0,0.0,773,12,50,40.684211,11.248638,773,49620946.248372,19.0,9.683781,2.580615,-0.08578,126.531856,19,Benign
5.0,0.0,0.8,10.808864,10.808864,0.0,0.0,0.0,0.0,0.0,0.0,0.0,0.0,0.0,0.0,0.0,0.0,0.0,0.0,0.0,0.0,0.0,0.0,0.0,0.0,0.0,0.0,0.0,0.0,0.0,0.0,0.0,354,18,50,39.333333,12.89272,354,104081243.276596,9.0,13.797477,4.297573,-0.662111,166.222222,9,Benign
5.0,0.0,1.0,37.647258,37.647258,0.0,0.0,0.0,0.0,0.0,0.0,0.0,0.0,0.0,0.0,0.0,0.0,0.0,0.0,0.0,0.0,0.0,0.0,0.0,0.0,0.0,0.0,0.0,0.0,0.0,0.0,0.0,1515,18,50,42.083333,9.733604,1515,27321284.157889,36.0,7.199055,1.622267,0.087425,94.743056,36,Benign
5.0,0.0,1.0,334.662334,334.662334,0.0,0.0,0.0,0.0,0.0,0.0,0.0,0.0,0.0,0.0,0.0,0.0,0.0,0.0,0.0,0.0,0.0,0.0,0.0,0.0,0.0,0.0,0.0,0.0,0.0,0.0,0.0,8016,12,36,24.0,12.0,8016,2997059.721846,334.0,1.468226,0.656611,-0.03596,144.0,334,BT-DoS
5.0,0.0,0.9,61.137002,61.137002,0.0,0.0,0.0,0.0,0.0,0.0,0.0,0.0,0.0,0.0,0.0,0.0,0.0,0.0,0.0,0.0,0.0,0.0,0.0,0.0,0.0,0.0,0.0,0.0,0.0,0.0,0.0,2176,8,50,37.517241,14.466658,2176,16643666.384513,58.0,5.279805,1.899565,0.068631,209.284185,58,Benign
5.0,0.0,0.9,29.677698,29.677698,0.0,0.0,0.0,0.0,0.0,0.0,0.0,0.0,0.0,0.0,0.0,0.0,0.0,0.0,0.0,0.0,0.0,0.0,0.0,0.0,0.0,0.0,0.0,0.0,0.0,0.0,0.0,754,12,36,27.925926,9.372639,754,34991310.192988,27.0,5.668966,1.803765,-0.167312,87.846365,27,Benign
5.0,0.0,1.0,272.530662,272.530662,0.0,0.0,0.0,0.0,0.0,0.0,0.0,0.0,0.0,0.0,0.0,0.0,0.0,0.0,0.0,0.0,0.0,0.0,0.0,0.0,0.0,0.0,0.0,0.0,0.0,0.0,0.0,6528,12,36,24.0,12.0,6528,3682851.791382,272.0,1.626978,0.727607,-0.044243,144.0,272,BT-DoS
5.0,0.0,1.0,23.29982,23.29982,0.0,0.0,0.0,0.0,0.0,0.0,0.0,0.0,0.0,0.0,0.0,0.0,0.0,0.0,0.0,0.0,0.0,0.0,0.0,0.0,0.0,0.0,0.0,0.0,0.0,0.0,0.0,441,10,48,19.173913,9.954908,441,44869639.65676,23.0,4.504776,2.075742,0.471958,99.100189,23,BT-DoS
5.0,0.0,0.0,102.31507,102.31507,0.0,0.0,0.0,0.0,0.0,0.0,0.0,0.0,0.0,0.0,0.0,0.0,0.0,0.0,0.0,0.0,0.0,0.0,0.0,0.0,0.0,0.0,0.0,0.0,0.0,0.0,0.0,89,12,36,22.25,9.010411,89,13031641.642253,4.0,12.002604,4.505205,0.176205,81.1875,4,Benign
5.0,0.0,0.5,40.722169,40.722169,0.0,0.0,0.0,0.0,0.0,0.0,0.0,0.0,0.0,0.0,0.0,0.0,0.0,0.0,0.0,0.0,0.0,0.0,0.0,0.0,0.0,0.0,0.0,0.0,0.0,0.0,0.0,735,8,50,36.75,16.096195,735,25849103.927612,20.0,8.971204,3.599219,-0.027547,259.0875,20,Benign
5.0,0.0,1.0,372.750691,372.750691,0.0,0.0,0.0,0.0,0.0,0.0,0.0,0.0,0.0,0.0,0.0,0.0,0.0,0.0,0.0,0.0,0.0,0.0,0.0,0.0,0.0,0.0,0.0,0.0,0.0,0.0,0.0,8928,12,36,24.0,12.0,8928,2689989.429279,372.0,1.391217,0.622171,-0.03219,144.0,372,BT-DoS
5.0,0.0,0.1,62.316941,62.316941,0.0,0.0,0.0,0.0,0.0,0.0,0.0,0.0,0.0,0.0,0.0,0.0,0.0,0.0,0.0,0.0,0.0,0.0,0.0,0.0,0.0,0.0,0.0,0.0,0.0,0.0,0.0,89,12,36,22.25,9.010411,89,21396001.180013,4.0,12.002604,4.505205,0.051235,81.1875,4,Benign
5.0,0.0,1.0,165.655726,165.655726,0.0,0.0,0.0,0.0,0.0,0.0,0.0,0.0,0.0,0.0,0.0,0.0,0.0,0.0,0.0,0.0,0.0,0.0,0.0,0.0,0.0,0.0,0.0,0.0,0.0,0.0,0.0,3936,12,36,24.0,12.0,3936,6073650.406914,164.0,2.095291,0.937043,-0.073513,144.0,164,BT-DoS
5.0,0.0,1.0,36.254689,36.254689,0.0,0.0,0.0,0.0,0.0,0.0,0.0,0.0,0.0,0.0,0.0,0.0,0.0,0.0,0.0,0.0,0.0,0.0,0.0,0.0,0.0,0.0,0.0,0.0,0.0,0.0,0.0,1468,10,50,40.777778,12.243164,1468,28370714.187622,36.0,7.096013,2.040527,0.063346,149.895062,36,Benign
5.0,0.0,1.0,20.191458,20.191458,0.0,0.0,0.0,0.0,0.0,0.0,0.0,0.0,0.0,0.0,0.0,0.0,0.0,0.0,0.0,0.0,0.0,0.0,0.0,0.0,0.0,0.0,0.0,0.0,0.0,0.0,0.0,544,12,36,27.2,9.201087,544,52132518.667924,20.0,6.42067,2.057426,-0.129925,84.66,20,Benign
5.0,0.0,1.0,151.21882,151.21882,0.0,0.0,0.0,0.0,0.0,0.0,0.0,0.0,0.0,0.0,0.0,0.0,0.0,0.0,0.0,0.0,0.0,0.0,0.0,0.0,0.0,0.0,0.0,0.0,0.0,0.0,0.0,3600,12,36,24.0,12.0,3600,6657315.580637,150.0,2.19089,0.979796,-0.080779,144.0,150,BT-DoS
5.0,0.0,0.7,26.78125,26.78125,0.0,0.0,0.0,0.0,0.0,0.0,0.0,0.0,0.0,0.0,0.0,0.0,0.0,0.0,0.0,0.0,0.0,0.0,0.0,0.0,0.0,0.0,0.0,0.0,0.0,0.0,0.0,854,19,50,42.7,8.1,854,39304796.018099,20.0,9.718282,1.811215,0.042008,65.61,20,Benign
5.0,0.0,1.0,13.303192,13.303192,0.0,0.0,0.0,0.0,0.0,0.0,0.0,0.0,0.0,0.0,0.0,0.0,0.0,0.0,0.0,0.0,0.0,0.0,0.0,0.0,0.0,0.0,0.0,0.0,0.0,0.0,0.0,202,11,33,15.538462,5.732705,202,81434090.93221,13.0,4.593538,1.589966,0.103908,32.863905,13,Benign
5.0,0.0,1.0,143.145146,143.145146,0.0,0.0,0.0,0.0,0.0,0.0,0.0,0.0,0.0,0.0,0.0,0.0,0.0,0.0,0.0,0.0,0.0,0.0,0.0,0.0,0.0,0.0,0.0,0.0,0.0,0.0,0.0,3408,12,36,24.0,12.0,3408,7035461.723382,142.0,2.25176,1.007018,-0.085457,144.0,142,BT-DoS
5.0,0.0,0.7,5.681786,5.681786,0.0,0.0,0.0,0.0,0.0,0.0,0.0,0.0,0.0,0.0,0.0,0.0,0.0,0.0,0.0,0.0,0.0,0.0,0.0,0.0,0.0,0.0,0.0,0.0,0.0,0.0,0.0,155,27,50,38.75,8.166241,155,234668016.433716,4.0,19.800568,4.083121,-0.901049,66.6875,4,BT-DoS
5.0,0.0,1.0,43.757299,43.757299,0.0,0.0,0.0,0.0,0.0,0.0,0.0,0.0,0.0,0.0,0.0,0.0,0.0,0.0,0.0,0.0,0.0,0.0,0.0,0.0,0.0,0.0,0.0,0.0,0.0,0.0,0.0,1966,18,50,45.72093,7.601486,1966,23397457.031977,43.0,7.068084,1.159216,0.033287,57.782585,43,Benign
5.0,0.0,1.0,173.209197,173.209197,0.0,0.0,0.0,0.0,0.0,0.0,0.0,0.0,0.0,0.0,0.0,0.0,0.0,0.0,0.0,0.0,0.0,0.0,0.0,0.0,0.0,0.0,0.0,0.0,0.0,0.0,0.0,4128,12,36,24.0,12.0,4128,5807127.86892,172.0,2.045983,0.914991,-0.070254,144.0,172,BT-DoS
5.0,0.0,1.0,47.240646,47.240646,0.0,0.0,0.0,0.0,0.0,0.0,0.0,0.0,0.0,0.0,0.0,0.0,0.0,0.0,0.0,0.0,0.0,0.0,0.0,0.0,0.0,0.0,0.0,0.0,0.0,0.0,0.0,2174,28,50,46.255319,5.912367,2174,21628390.187803,47.0,6.801925,0.862407,0.012957,34.956089,47,Benign
5.0,0.0,0.9,16.83339,16.83339,0.0,0.0,0.0,0.0,0.0,0.0,0.0,0.0,0.0,0.0,0.0,0.0,0.0,0.0,0.0,0.0,0.0,0.0,0.0,0.0,0.0,0.0,0.0,0.0,0.0,0.0,0.0,515,11,36,34.333333,6.236096,515,63649007.252284,15.0,9.009871,1.610153,-1.507095,38.888889,15,Benign
5.0,0.0,1.0,374.744968,374.744968,0.0,0.0,0.0,0.0,0.0,0.0,0.0,0.0,0.0,0.0,0.0,0.0,0.0,0.0,0.0,0.0,0.0,0.0,0.0,0.0,0.0,0.0,0.0,0.0,0.0,0.0,0.0,8976,12,36,24.0,12.0,8976,2675635.565382,374.0,1.387492,0.620505,-0.032051,144.0,374,BT-DoS
5.0,0.0,0.0,102.838747,102.838747,0.0,0.0,0.0,0.0,0.0,0.0,0.0,0.0,0.0,0.0,0.0,0.0,0.0,0.0,0.0,0.0,0.0,0.0,0.0,0.0,0.0,0.0,0.0,0.0,0.0,0.0,0.0,89,12,36,22.25,9.010411,89,12965281.804403,4.0,12.002604,4.505205,0.175621,81.1875,4,Benign
5.0,0.0,1.0,47.228299,47.228299,0.0,0.0,0.0,0.0,0.0,0.0,0.0,0.0,0.0,0.0,0.0,0.0,0.0,0.0,0.0,0.0,0.0,0.0,0.0,0.0,0.0,0.0,0.0,0.0,0.0,0.0,0.0,2081,19,50,44.276596,8.695076,2081,21634044.854537,47.0,6.581763,1.268307,0.038107,75.604346,47,Benign
5.0,0.0,0.9,23.204141,23.204141,0.0,0.0,0.0,0.0,0.0,0.0,0.0,0.0,0.0,0.0,0.0,0.0,0.0,0.0,0.0,0.0,0.0,0.0,0.0,0.0,0.0,0.0,0.0,0.0,0.0,0.0,0.0,540,12,36,27.0,9.949874,540,45363953.239039,20.0,6.434283,2.22486,-0.122499,99.0,20,Benign
5.0,0.0,0.9,150.25516,150.25516,0.0,0.0,0.0,0.0,0.0,0.0,0.0,0.0,0.0,0.0,0.0,0.0,0.0,0.0,0.0,0.0,0.0,0.0,0.0,0.0,0.0,0.0,0.0,0.0,0.0,0.0,0.0,3408,12,36,24.0,12.0,3408,6702546.532272,142.0,2.25176,1.007018,-0.081306,144.0,142,BT-DoS
5.0,0.0,1.0,246.498427,246.498427,0.0,0.0,0.0,0.0,0.0,0.0,0.0,0.0,0.0,0.0,0.0,0.0,0.0,0.0,0.0,0.0,0.0,0.0,0.0,0.0,0.0,0.0,0.0,0.0,0.0,0.0,0.0,5904,12,36,24.0,12.0,5904,4073379.477676,246.0,1.710798,0.765092,-0.049033,144.0,246,BT-DoS
5.0,0.0,1.0,157.260467,157.260467,0.0,0.0,0.0,0.0,0.0,0.0,0.0,0.0,0.0,0.0,0.0,0.0,0.0,0.0,0.0,0.0,0.0,0.0,0.0,0.0,0.0,0.0,0.0,0.0,0.0,0.0,0.0,3744,12,36,24.0,12.0,3744,6399902.220695,156.0,2.148345,0.960769,-0.077634,144.0,156,BT-DoS
5.0,0.0,1.0,53.105951,53.105951,0.0,0.0,0.0,0.0,0.0,0.0,0.0,0.0,0.0,0.0,0.0,0.0,0.0,0.0,0.0,0.0,0.0,0.0,0.0,0.0,0.0,0.0,0.0,0.0,0.0,0.0,0.0,2273,19,50,42.886792,9.620459,2273,19192402.179425,53.0,6.037353,1.321472,0.071951,92.553222,53,Benign
5.0,0.0,1.0,143.167822,143.167822,0.0,0.0,0.0,0.0,0.0,0.0,0.0,0.0,0.0,0.0,0.0,0.0,0.0,0.0,0.0,0.0,0.0,0.0,0.0,0.0,0.0,0.0,0.0,0.0,0.0,0.0,0.0,3408,12,36,24.0,12.0,3408,7034347.412434,142.0,2.25176,1.007018,-0.085444,144.0,142,BT-DoS
5.0,0.0,1.0,79.704193,79.704193,0.0,0.0,0.0,0.0,0.0,0.0,0.0,0.0,0.0,0.0,0.0,0.0,0.0,0.0,0.0,0.0,0.0,0.0,0.0,0.0,0.0,0.0,0.0,0.0,0.0,0.0,0.0,2582,12,39,32.683544,7.285401,2582,12707242.5989,79.0,3.767434,0.819672,-0.002651,53.077071,79,Benign
5.0,0.0,1.0,9.209725,9.209725,0.0,0.0,0.0,0.0,0.0,0.0,0.0,0.0,0.0,0.0,0.0,0.0,0.0,0.0,0.0,0.0,0.0,0.0,0.0,0.0,0.0,0.0,0.0,0.0,0.0,0.0,0.0,213,10,49,23.666667,13.670731,213,122153490.781784,9.0,9.110434,4.55691,-0.70576,186.888889,9,Benign
5.0,0.0,0.1,57.883806,57.883806,0.0,0.0,0.0,0.0,0.0,0.0,0.0,0.0,0.0,0.0,0.0,0.0,0.0,0.0,0.0,0.0,0.0,0.0,0.0,0.0,0.0,0.0,0.0,0.0,0.0,0.0,0.0,89,12,36,22.25,9.010411,89,23034652.074178,4.0,12.002604,4.505205,0.392474,81.1875,4,Benign
5.0,0.0,1.0,308.614462,308.614462,0.0,0.0,0.0,0.0,0.0,0.0,0.0,0.0,0.0,0.0,0.0,0.0,0.0,0.0,0.0,0.0,0.0,0.0,0.0,0.0,0.0,0.0,0.0,0.0,0.0,0.0,0.0,7392,12,36,24.0,12.0,7392,3250843.538912,308.0,1.528942,0.683763,-0.039047,144.0,308,BT-DoS
5.0,0.0,0.1,69.914097,69.914097,0.0,0.0,0.0,0.0,0.0,0.0,0.0,0.0,0.0,0.0,0.0,0.0,0.0,0.0,0.0,0.0,0.0,0.0,0.0,0.0,0.0,0.0,0.0,0.0,0.0,0.0,0.0,89,12,36,22.25,9.010411,89,19071022.669474,4.0,12.002604,4.505205,0.108674,81.1875,4,Benign
5.0,0.0,1.0,37.936968,37.936968,0.0,0.0,0.0,0.0,0.0,0.0,0.0,0.0,0.0,0.0,0.0,0.0,0.0,0.0,0.0,0.0,0.0,0.0,0.0,0.0,0.0,0.0,0.0,0.0,0.0,0.0,0.0,1610,18,50,43.513514,9.942053,1610,27091721.693675,37.0,7.337925,1.634463,0.07516,98.844412,37,Benign
5.0,0.0,0.1,56.620294,56.620294,0.0,0.0,0.0,0.0,0.0,0.0,0.0,0.0,0.0,0.0,0.0,0.0,0.0,0.0,0.0,0.0,0.0,0.0,0.0,0.0,0.0,0.0,0.0,0.0,0.0,0.0,0.0,89,12,36,22.25,9.010411,89,23548682.530721,4.0,12.002604,4.505205,0.08892,81.1875,4,Benign
5.0,0.0,1.0,28.063141,28.063141,0.0,0.0,0.0,0.0,0.0,0.0,0.0,0.0,0.0,0.0,0.0,0.0,0.0,0.0,0.0,0.0,0.0,0.0,0.0,0.0,0.0,0.0,0.0,0.0,0.0,0.0,0.0,778,12,36,27.785714,9.461792,778,36953705.328482,28.0,5.547108,1.788111,-0.141313,89.52551,28,Benign
5.0,0.0,1.0,52.916527,52.916527,0.0,0.0,0.0,0.0,0.0,0.0,0.0,0.0,0.0,0.0,0.0,0.0,0.0,0.0,0.0,0.0,0.0,0.0,0.0,0.0,0.0,0.0,0.0,0.0,0.0,0.0,0.0,1946,11,50,38.156863,14.502701,1946,19275641.441345,51.0,5.715947,2.030784,0.130096,210.328335,51,Benign
5.0,0.0,1.0,174.624033,174.624033,0.0,0.0,0.0,0.0,0.0,0.0,0.0,0.0,0.0,0.0,0.0,0.0,0.0,0.0,0.0,0.0,0.0,0.0,0.0,0.0,0.0,0.0,0.0,0.0,0.0,0.0,0.0,4032,12,36,24.0,12.0,4032,5760879.573708,168.0,2.070197,0.92582,-0.069767,144.0,168,BT-DoS
5.0,0.0,1.0,149.197621,149.197621,0.0,0.0,0.0,0.0,0.0,0.0,0.0,0.0,0.0,0.0,0.0,0.0,0.0,0.0,0.0,0.0,0.0,0.0,0.0,0.0,0.0,0.0,0.0,0.0,0.0,0.0,0.0,3552,12,36,24.0,12.0,3552,6748115.124346,148.0,2.205644,0.986394,-0.081886,144.0,148,BT-DoS
5.0,0.0,1.0,135.091281,135.091281,0.0,0.0,0.0,0.0,0.0,0.0,0.0,0.0,0.0,0.0,0.0,0.0,0.0,0.0,0.0,0.0,0.0,0.0,0.0,0.0,0.0,0.0,0.0,0.0,0.0,0.0,0.0,3216,12,36,24.0,12.0,3216,7458059.4113,134.0,2.318002,1.036642,-0.09066,144.0,134,BT-DoS
5.0,0.0,1.0,8.098421,8.098421,0.0,0.0,0.0,0.0,0.0,0.0,0.0,0.0,0.0,0.0,0.0,0.0,0.0,0.0,0.0,0.0,0.0,0.0,0.0,0.0,0.0,0.0,0.0,0.0,0.0,0.0,0.0,288,12,50,36.0,15.157506,288,141120978.764125,8.0,13.810096,5.358988,1.840379,229.75,8,Benign
5.0,0.0,1.0,9.010886,9.010886,0.0,0.0,0.0,0.0,0.0,0.0,0.0,0.0,0.0,0.0,0.0,0.0,0.0,0.0,0.0,0.0,0.0,0.0,0.0,0.0,0.0,0.0,0.0,0.0,0.0,0.0,0.0,319,12,50,35.444444,13.549179,319,124848991.632462,9.0,12.648623,4.516393,1.086891,183.580247,9,Benign
5.0,0.0,1.0,33.712928,33.712928,0.0,0.0,0.0,0.0,0.0,0.0,0.0,0.0,0.0,0.0,0.0,0.0,0.0,0.0,0.0,0.0,0.0,0.0,0.0,0.0,0.0,0.0,0.0,0.0,0.0,0.0,0.0,1504,22,50,45.575758,6.564507,1504,30589155.852795,33.0,8.015595,1.142734,0.031021,43.092746,33,Benign
5.0,0.0,0.0,96.763346,96.763346,0.0,0.0,0.0,0.0,0.0,0.0,0.0,0.0,0.0,0.0,0.0,0.0,0.0,0.0,0.0,0.0,0.0,0.0,0.0,0.0,0.0,0.0,0.0,0.0,0.0,0.0,0.0,89,12,36,22.25,9.010411,89,13779322.306315,4.0,12.002604,4.505205,0.142139,81.1875,4,Benign
5.0,0.0,1.0,94.25382,94.25382,0.0,0.0,0.0,0.0,0.0,0.0,0.0,0.0,0.0,0.0,0.0,0.0,0.0,0.0,0.0,0.0,0.0,0.0,0.0,0.0,0.0,0.0,0.0,0.0,0.0,0.0,0.0,4206,29,50,44.744681,5.315446,4206,10723731.851065,94.0,4.647512,0.548246,0.013766,28.253961,94,Benign
5.0,0.0,1.0,51.505879,51.505879,0.0,0.0,0.0,0.0,0.0,0.0,0.0,0.0,0.0,0.0,0.0,0.0,0.0,0.0,0.0,0.0,0.0,0.0,0.0,0.0,0.0,0.0,0.0,0.0,0.0,0.0,0.0,2337,32,50,46.74,3.933497,2337,19811489.14415,50.0,6.6334,0.556281,0.018321,15.4724,50,Benign
5.0,0.0,1.0,153.225938,153.225938,0.0,0.0,0.0,0.0,0.0,0.0,0.0,0.0,0.0,0.0,0.0,0.0,0.0,0.0,0.0,0.0,0.0,0.0,0.0,0.0,0.0,0.0,0.0,0.0,0.0,0.0,0.0,3648,12,36,24.0,12.0,3648,6569530.790215,152.0,2.176429,0.973329,-0.079699,144.0,152,BT-DoS
5.0,0.0,1.0,131.181139,131.181139,0.0,0.0,0.0,0.0,0.0,0.0,0.0,0.0,0.0,0.0,0.0,0.0,0.0,0.0,0.0,0.0,0.0,0.0,0.0,0.0,0.0,0.0,0.0,0.0,0.0,0.0,0.0,3120,12,36,24.0,12.0,3120,7682140.483413,130.0,2.353394,1.05247,-0.093454,144.0,130,BT-DoS
5.0,0.0,1.0,157.097468,157.097468,0.0,0.0,0.0,0.0,0.0,0.0,0.0,0.0,0.0,0.0,0.0,0.0,0.0,0.0,0.0,0.0,0.0,0.0,0.0,0.0,0.0,0.0,0.0,0.0,0.0,0.0,0.0,3744,12,36,24.0,12.0,3744,6406542.562669,156.0,2.148345,0.960769,-0.077614,144.0,156,BT-DoS
5.0,0.0,1.0,165.322762,165.322762,0.0,0.0,0.0,0.0,0.0,0.0,0.0,0.0,0.0,0.0,0.0,0.0,0.0,0.0,0.0,0.0,0.0,0.0,0.0,0.0,0.0,0.0,0.0,0.0,0.0,0.0,0.0,3936,12,36,24.0,12.0,3936,6085882.888981,164.0,2.095291,0.937043,-0.073755,144.0,164,BT-DoS
5.0,0.0,1.0,177.423473,177.423473,0.0,0.0,0.0,0.0,0.0,0.0,0.0,0.0,0.0,0.0,0.0,0.0,0.0,0.0,0.0,0.0,0.0,0.0,0.0,0.0,0.0,0.0,0.0,0.0,0.0,0.0,0.0,4224,12,36,24.0,12.0,4224,5668439.865112,176.0,2.0226,0.904534,-0.068618,144.0,176,BT-DoS
5.0,0.0,0.4,38.193875,38.193875,0.0,0.0,0.0,0.0,0.0,0.0,0.0,0.0,0.0,0.0,0.0,0.0,0.0,0.0,0.0,0.0,0.0,0.0,0.0,0.0,0.0,0.0,0.0,0.0,0.0,0.0,0.0,400,12,36,28.571429,9.178502,400,28196224.799523,14.0,8.020382,2.453058,-0.040068,84.244898,14,Benign
5.0,0.0,1.0,193.548972,193.548972,0.0,0.0,0.0,0.0,0.0,0.0,0.0,0.0,0.0,0.0,0.0,0.0,0.0,0.0,0.0,0.0,0.0,0.0,0.0,0.0,0.0,0.0,0.0,0.0,0.0,0.0,0.0,4608,12,36,24.0,12.0,4608,5193701.589295,192.0,1.936492,0.866025,-0.062793,144.0,192,BT-DoS
5.0,0.0,1.0,143.142566,143.142566,0.0,0.0,0.0,0.0,0.0,0.0,0.0,0.0,0.0,0.0,0.0,0.0,0.0,0.0,0.0,0.0,0.0,0.0,0.0,0.0,0.0,0.0,0.0,0.0,0.0,0.0,0.0,3408,12,36,24.0,12.0,3408,7035588.541775,142.0,2.25176,1.007018,-0.08544,144.0,142,BT-DoS
5.0,0.0,1.0,133.328773,133.328773,0.0,0.0,0.0,0.0,0.0,0.0,0.0,0.0,0.0,0.0,0.0,0.0,0.0,0.0,0.0,0.0,0.0,0.0,0.0,0.0,0.0,0.0,0.0,0.0,0.0,0.0,0.0,3168,12,36,24.0,12.0,3168,7557510.419656,132.0,2.335497,1.044466,-0.091912,144.0,132,BT-DoS
5.0,0.0,0.9,25.832808,25.832808,0.0,0.0,0.0,0.0,0.0,0.0,0.0,0.0,0.0,0.0,0.0,0.0,0.0,0.0,0.0,0.0,0.0,0.0,0.0,0.0,0.0,0.0,0.0,0.0,0.0,0.0,0.0,1061,18,50,44.208333,8.855221,1061,40393528.730973,24.0,9.203241,1.807564,-0.149163,78.414931,24,Benign
5.0,0.0,1.0,39.446092,39.446092,0.0,0.0,0.0,0.0,0.0,0.0,0.0,0.0,0.0,0.0,0.0,0.0,0.0,0.0,0.0,0.0,0.0,0.0,0.0,0.0,0.0,0.0,0.0,0.0,0.0,0.0,0.0,1677,19,50,44.131579,9.076201,1677,26036217.405989,38.0,7.308923,1.472354,0.053151,82.377424,38,Benign
5.0,0.0,1.0,124.993078,124.993078,0.0,0.0,0.0,0.0,0.0,0.0,0.0,0.0,0.0,0.0,0.0,0.0,0.0,0.0,0.0,0.0,0.0,0.0,0.0,0.0,0.0,0.0,0.0,0.0,0.0,0.0,0.0,2976,12,36,24.0,12.0,2976,8065487.311138,124.0,2.409658,1.077632,-0.098103,144.0,124,BT-DoS
5.0,0.0,0.9,34.014943,34.014943,0.0,0.0,0.0,0.0,0.0,0.0,0.0,0.0,0.0,0.0,0.0,0.0,0.0,0.0,0.0,0.0,0.0,0.0,0.0,0.0,0.0,0.0,0.0,0.0,0.0,0.0,0.0,1478,36,50,46.1875,5.03387,1478,30347193.441083,32.0,8.213223,0.889871,0.005642,25.339844,32,Benign
5.0,0.0,1.0,22.654324,22.654324,0.0,0.0,0.0,0.0,0.0,0.0,0.0,0.0,0.0,0.0,0.0,0.0,0.0,0.0,0.0,0.0,0.0,0.0,0.0,0.0,0.0,0.0,0.0,0.0,0.0,0.0,0.0,576,12,36,26.181818,9.998347,576,46243667.602539,22.0,5.975155,2.131655,-0.052665,99.966942,22,Benign
5.0,0.0,1.0,46.515664,46.515664,0.0,0.0,0.0,0.0,0.0,0.0,0.0,0.0,0.0,0.0,0.0,0.0,0.0,0.0,0.0,0.0,0.0,0.0,0.0,0.0,0.0,0.0,0.0,0.0,0.0,0.0,0.0,1974,18,50,43.866667,8.629665,1974,21986728.364771,45.0,6.664592,1.286434,0.056138,74.471111,45,Benign
5.0,0.0,1.0,31.861114,31.861114,0.0,0.0,0.0,0.0,0.0,0.0,0.0,0.0,0.0,0.0,0.0,0.0,0.0,0.0,0.0,0.0,0.0,0.0,0.0,0.0,0.0,0.0,0.0,0.0,0.0,0.0,0.0,1319,18,50,42.548387,9.43172,1319,32432428.995768,31.0,7.827418,1.693987,0.065367,88.957336,31,Benign
5.0,0.0,1.0,51.750538,51.750538,0.0,0.0,0.0,0.0,0.0,0.0,0.0,0.0,0.0,0.0,0.0,0.0,0.0,0.0,0.0,0.0,0.0,0.0,0.0,0.0,0.0,0.0,0.0,0.0,0.0,0.0,0.0,2208,18,50,43.294118,8.805734,2208,19709939.956665,51.0,6.186515,1.233049,0.036573,77.540946,51,Benign
5.0,0.0,1.0,145.162147,145.162147,0.0,0.0,0.0,0.0,0.0,0.0,0.0,0.0,0.0,0.0,0.0,0.0,0.0,0.0,0.0,0.0,0.0,0.0,0.0,0.0,0.0,0.0,0.0,0.0,0.0,0.0,0.0,3456,12,36,24.0,12.0,3456,6937021.975751,144.0,2.236068,1.0,-0.08423,144.0,144,BT-DoS
5.0,0.0,1.0,95.20001,95.20001,0.0,0.0,0.0,0.0,0.0,0.0,0.0,0.0,0.0,0.0,0.0,0.0,0.0,0.0,0.0,0.0,0.0,0.0,0.0,0.0,0.0,0.0,0.0,0.0,0.0,0.0,0.0,4316,19,50,45.431579,6.079565,4316,10615947.398734,95.0,4.702731,0.62375,0.02593,36.961108,95,Benign
5.0,0.0,0.9,33.800729,33.800729,0.0,0.0,0.0,0.0,0.0,0.0,0.0,0.0,0.0,0.0,0.0,0.0,0.0,0.0,0.0,0.0,0.0,0.0,0.0,0.0,0.0,0.0,0.0,0.0,0.0,0.0,0.0,929,8,50,29.03125,15.164688,929,30539520.325199,32.0,5.790027,2.680763,0.249079,229.967773,32,Benign
5.0,0.0,0.1,53.751249,53.751249,0.0,0.0,0.0,0.0,0.0,0.0,0.0,0.0,0.0,0.0,0.0,0.0,0.0,0.0,0.0,0.0,0.0,0.0,0.0,0.0,0.0,0.0,0.0,0.0,0.0,0.0,0.0,89,12,36,22.25,9.010411,89,24805625.279744,4.0,12.002604,4.505205,0.36256,81.1875,4,Benign
5.0,0.0,1.0,13.466437,13.466437,0.0,0.0,0.0,0.0,0.0,0.0,0.0,0.0,0.0,0.0,0.0,0.0,0.0,0.0,0.0,0.0,0.0,0.0,0.0,0.0,0.0,0.0,0.0,0.0,0.0,0.0,0.0,506,12,50,38.923077,13.390361,506,80446918.80544,13.0,11.416276,3.713818,0.482051,179.301775,13,Benign
5.0,0.0,0.5,3.809836,3.809836,0.0,0.0,0.0,0.0,0.0,0.0,0.0,0.0,0.0,0.0,0.0,0.0,0.0,0.0,0.0,0.0,0.0,0.0,0.0,0.0,0.0,0.0,0.0,0.0,0.0,0.0,0.0,36,18,18,18.0,0.0,36,524956941.604614,2.0,12.727922,0.0,0.0,0.0,2,Benign
5.0,0.0,0.1,48.681397,48.681397,0.0,0.0,0.0,0.0,0.0,0.0,0.0,0.0,0.0,0.0,0.0,0.0,0.0,0.0,0.0,0.0,0.0,0.0,0.0,0.0,0.0,0.0,0.0,0.0,0.0,0.0,0.0,89,12,36,22.25,9.010411,89,27388970.05717,4.0,12.002604,4.505205,0.329174,81.1875,4,Benign
5.0,0.0,0.1,67.683087,67.683087,0.0,0.0,0.0,0.0,0.0,0.0,0.0,0.0,0.0,0.0,0.0,0.0,0.0,0.0,0.0,0.0,0.0,0.0,0.0,0.0,0.0,0.0,0.0,0.0,0.0,0.0,0.0,89,12,36,22.25,9.010411,89,19699652.989705,4.0,12.002604,4.505205,0.073567,81.1875,4,Benign
5.0,0.0,1.0,157.259636,157.259636,0.0,0.0,0.0,0.0,0.0,0.0,0.0,0.0,0.0,0.0,0.0,0.0,0.0,0.0,0.0,0.0,0.0,0.0,0.0,0.0,0.0,0.0,0.0,0.0,0.0,0.0,0.0,3744,12,36,24.0,12.0,3744,6399936.060752,156.0,2.148345,0.960769,-0.077626,144.0,156,BT-DoS
5.0,0.0,1.0,51.369086,51.369086,0.0,0.0,0.0,0.0,0.0,0.0,0.0,0.0,0.0,0.0,0.0,0.0,0.0,0.0,0.0,0.0,0.0,0.0,0.0,0.0,0.0,0.0,0.0,0.0,0.0,0.0,0.0,2125,10,50,41.666667,11.780121,2125,19856300.354004,51.0,6.0632,1.649547,0.079951,138.771242,51,Benign
5.0,0.0,0.0,60787.014493,60787.014493,0.0,0.0,0.0,0.0,0.0,0.0,0.0,0.0,0.0,0.0,0.0,0.0,0.0,0.0,0.0,0.0,0.0,0.0,0.0,0.0,0.0,0.0,0.0,0.0,0.0,0.0,0.0,48,12,36,24.0,12.0,48,32901.763916,2.0,18.973666,8.485281,0.0,144.0,2,BT-DoS
5.0,0.0,1.0,96.549089,96.549089,0.0,0.0,0.0,0.0,0.0,0.0,0.0,0.0,0.0,0.0,0.0,0.0,0.0,0.0,0.0,0.0,0.0,0.0,0.0,0.0,0.0,0.0,0.0,0.0,0.0,0.0,0.0,4091,19,50,43.521277,7.562124,4091,10468795.735349,94.0,4.556136,0.779974,0.039624,57.185718,94,Benign
5.0,0.0,0.8,5.327374,5.327374,0.0,0.0,0.0,0.0,0.0,0.0,0.0,0.0,0.0,0.0,0.0,0.0,0.0,0.0,0.0,0.0,0.0,0.0,0.0,0.0,0.0,0.0,0.0,0.0,0.0,0.0,0.0,169,40,43,42.25,1.299038,169,250279664.993286,4.0,21.134983,0.649519,0.374063,1.6875,4,Benign
5.0,0.0,1.0,40.879002,40.879002,0.0,0.0,0.0,0.0,0.0,0.0,0.0,0.0,0.0,0.0,0.0,0.0,0.0,0.0,0.0,0.0,0.0,0.0,0.0,0.0,0.0,0.0,0.0,0.0,0.0,0.0,0.0,1684,19,50,43.179487,9.040853,1684,25106185.360959,39.0,7.064184,1.447695,0.071109,81.737015,39,Benign
5.0,0.0,1.0,191.535553,191.535553,0.0,0.0,0.0,0.0,0.0,0.0,0.0,0.0,0.0,0.0,0.0,0.0,0.0,0.0,0.0,0.0,0.0,0.0,0.0,0.0,0.0,0.0,0.0,0.0,0.0,0.0,0.0,4560,12,36,24.0,12.0,4560,5248586.967509,190.0,1.946657,0.870572,-0.063464,144.0,190,BT-DoS
5.0,0.0,1.0,179.242513,179.242513,0.0,0.0,0.0,0.0,0.0,0.0,0.0,0.0,0.0,0.0,0.0,0.0,0.0,0.0,0.0,0.0,0.0,0.0,0.0,0.0,0.0,0.0,0.0,0.0,0.0,0.0,0.0,4272,12,36,24.0,12.0,4272,5610553.558263,178.0,2.011205,0.899438,-0.067822,144.0,178,BT-DoS
5.0,0.0,1.0,183.49511,183.49511,0.0,0.0,0.0,0.0,0.0,0.0,0.0,0.0,0.0,0.0,0.0,0.0,0.0,0.0,0.0,0.0,0.0,0.0,0.0,0.0,0.0,0.0,0.0,0.0,0.0,0.0,0.0,4368,12,36,24.0,12.0,4368,5479845.552813,182.0,1.988981,0.889499,-0.066314,144.0,182,BT-DoS
5.0,0.0,1.0,155.235353,155.235353,0.0,0.0,0.0,0.0,0.0,0.0,0.0,0.0,0.0,0.0,0.0,0.0,0.0,0.0,0.0,0.0,0.0,0.0,0.0,0.0,0.0,0.0,0.0,0.0,0.0,0.0,0.0,3696,12,36,24.0,12.0,3696,6483935.063181,154.0,2.16225,0.966988,-0.078638,144.0,154,BT-DoS
5.0,0.0,1.0,33.189448,33.189448,0.0,0.0,0.0,0.0,0.0,0.0,0.0,0.0,0.0,0.0,0.0,0.0,0.0,0.0,0.0,0.0,0.0,0.0,0.0,0.0,0.0,0.0,0.0,0.0,0.0,0.0,0.0,1426,19,50,44.5625,8.496093,1426,31101995.898831,32.0,8.019507,1.501911,0.108338,72.183594,32,Benign
5.0,0.0,1.0,3.078299,3.078299,0.0,0.0,0.0,0.0,0.0,0.0,0.0,0.0,0.0,0.0,0.0,0.0,0.0,0.0,0.0,0.0,0.0,0.0,0.0,0.0,0.0,0.0,0.0,0.0,0.0,0.0,0.0,54,18,18,18.0,0.0,54,487282037.734985,3.0,10.392305,0.0,0.0,0.0,3,Benign
5.0,0.0,0.8,50.007578,50.007578,0.0,0.0,0.0,0.0,0.0,0.0,0.0,0.0,0.0,0.0,0.0,0.0,0.0,0.0,0.0,0.0,0.0,0.0,0.0,0.0,0.0,0.0,0.0,0.0,0.0,0.0,0.0,1465,8,50,38.552632,13.965554,1465,20537427.953772,38.0,6.651755,2.265512,0.075478,195.036704,38,Benign
5.0,0.0,0.1,48.997448,48.997448,0.0,0.0,0.0,0.0,0.0,0.0,0.0,0.0,0.0,0.0,0.0,0.0,0.0,0.0,0.0,0.0,0.0,0.0,0.0,0.0,0.0,0.0,0.0,0.0,0.0,0.0,0.0,89,12,36,22.25,9.010411,89,27212301.890055,4.0,12.002604,4.505205,-0.029262,81.1875,4,Benign
5.0,0.0,0.8,21.557864,21.557864,0.0,0.0,0.0,0.0,0.0,0.0,0.0,0.0,0.0,0.0,0.0,0.0,0.0,0.0,0.0,0.0,0.0,0.0,0.0,0.0,0.0,0.0,0.0,0.0,0.0,0.0,0.0,690,12,50,38.333333,13.759845,690,49115419.387817,18.0,9.599704,3.243227,-0.135452,189.333333,18,Benign
5.0,0.0,1.0,179.432964,179.432964,0.0,0.0,0.0,0.0,0.0,0.0,0.0,0.0,0.0,0.0,0.0,0.0,0.0,0.0,0.0,0.0,0.0,0.0,0.0,0.0,0.0,0.0,0.0,0.0,0.0,0.0,0.0,4272,12,36,24.0,12.0,4272,5604598.481776,178.0,2.011205,0.899438,-0.067849,144.0,178,BT-DoS
5.0,0.0,0.9,30.579996,30.579996,0.0,0.0,0.0,0.0,0.0,0.0,0.0,0.0,0.0,0.0,0.0,0.0,0.0,0.0,0.0,0.0,0.0,0.0,0.0,0.0,0.0,0.0,0.0,0.0,0.0,0.0,0.0,822,12,50,31.615385,12.282185,822,34009160.995483,26.0,6.651734,2.408735,-0.13306,150.852071,26,Benign
5.0,0.0,1.0,52.05994,52.05994,0.0,0.0,0.0,0.0,0.0,0.0,0.0,0.0,0.0,0.0,0.0,0.0,0.0,0.0,0.0,0.0,0.0,0.0,0.0,0.0,0.0,0.0,0.0,0.0,0.0,0.0,0.0,2061,11,50,40.411765,14.053367,2061,19592800.140381,51.0,5.991183,1.967865,0.149756,197.497116,51,Benign
5.0,0.0,0.5,20.057256,20.057256,0.0,0.0,0.0,0.0,0.0,0.0,0.0,0.0,0.0,0.0,0.0,0.0,0.0,0.0,0.0,0.0,0.0,0.0,0.0,0.0,0.0,0.0,0.0,0.0,0.0,0.0,0.0,420,12,50,38.181818,13.55003,420,54842996.59729,11.0,12.215692,4.085488,0.418761,183.603306,11,Benign
5.0,0.0,1.0,32.823333,32.823333,0.0,0.0,0.0,0.0,0.0,0.0,0.0,0.0,0.0,0.0,0.0,0.0,0.0,0.0,0.0,0.0,0.0,0.0,0.0,0.0,0.0,0.0,0.0,0.0,0.0,0.0,0.0,1210,8,50,37.8125,15.067427,1210,31448910.313268,32.0,7.195512,2.66357,-0.093969,227.027344,32,Benign
5.0,0.0,1.0,7.211156,7.211156,0.0,0.0,0.0,0.0,0.0,0.0,0.0,0.0,0.0,0.0,0.0,0.0,0.0,0.0,0.0,0.0,0.0,0.0,0.0,0.0,0.0,0.0,0.0,0.0,0.0,0.0,0.0,228,12,50,32.571429,14.039303,228,161786357.561747,7.0,13.405756,5.306358,2.746489,197.102041,7,Benign
5.0,0.0,0.1,79.83372,79.83372,0.0,0.0,0.0,0.0,0.0,0.0,0.0,0.0,0.0,0.0,0.0,0.0,0.0,0.0,0.0,0.0,0.0,0.0,0.0,0.0,0.0,0.0,0.0,0.0,0.0,0.0,0.0,89,12,36,22.25,9.010411,89,16701380.411784,4.0,12.002604,4.505205,0.139842,81.1875,4,Benign
5.0,0.0,0.1,63.674999,63.674999,0.0,0.0,0.0,0.0,0.0,0.0,0.0,0.0,0.0,0.0,0.0,0.0,0.0,0.0,0.0,0.0,0.0,0.0,0.0,0.0,0.0,0.0,0.0,0.0,0.0,0.0,0.0,89,12,36,22.25,9.010411,89,20939668.019613,4.0,12.002604,4.505205,0.056332,81.1875,4,Benign
5.0,0.0,0.1,64.919267,64.919267,0.0,0.0,0.0,0.0,0.0,0.0,0.0,0.0,0.0,0.0,0.0,0.0,0.0,0.0,0.0,0.0,0.0,0.0,0.0,0.0,0.0,0.0,0.0,0.0,0.0,0.0,0.0,89,12,36,22.25,9.010411,89,20538330.078125,4.0,12.002604,4.505205,0.036326,81.1875,4,Benign
5.0,0.0,1.0,48.637626,48.637626,0.0,0.0,0.0,0.0,0.0,0.0,0.0,0.0,0.0,0.0,0.0,0.0,0.0,0.0,0.0,0.0,0.0,0.0,0.0,0.0,0.0,0.0,0.0,0.0,0.0,0.0,0.0,1815,12,50,38.617021,12.31597,1815,21007175.030916,47.0,5.912406,1.796469,0.042078,151.683115,47,Benign
5.0,0.0,0.9,25.813531,25.813531,0.0,0.0,0.0,0.0,0.0,0.0,0.0,0.0,0.0,0.0,0.0,0.0,0.0,0.0,0.0,0.0,0.0,0.0,0.0,0.0,0.0,0.0,0.0,0.0,0.0,0.0,0.0,1076,19,50,44.833333,7.509254,1076,40423693.864242,24.0,9.279046,1.53282,0.00996,56.388889,24,Benign
5.0,0.0,1.0,43.678234,43.678234,0.0,0.0,0.0,0.0,0.0,0.0,0.0,0.0,0.0,0.0,0.0,0.0,0.0,0.0,0.0,0.0,0.0,0.0,0.0,0.0,0.0,0.0,0.0,0.0,0.0,0.0,0.0,1934,19,50,44.976744,7.934289,1934,23439810.389564,43.0,6.964796,1.209968,0.032562,62.952948,43,Benign
5.0,0.0,1.0,161.613903,161.613903,0.0,0.0,0.0,0.0,0.0,0.0,0.0,0.0,0.0,0.0,0.0,0.0,0.0,0.0,0.0,0.0,0.0,0.0,0.0,0.0,0.0,0.0,0.0,0.0,0.0,0.0,0.0,3840,12,36,24.0,12.0,3840,6226502.124618,160.0,2.12132,0.948683,-0.07548,144.0,160,BT-DoS
5.0,0.0,0.1,42.85182,42.85182,0.0,0.0,0.0,0.0,0.0,0.0,0.0,0.0,0.0,0.0,0.0,0.0,0.0,0.0,0.0,0.0,0.0,0.0,0.0,0.0,0.0,0.0,0.0,0.0,0.0,0.0,0.0,89,12,36,22.25,9.010411,89,31114975.611369,4.0,12.002604,4.505205,-0.048676,81.1875,4,Benign
5.0,0.0,0.1,49.029952,49.029952,0.0,0.0,0.0,0.0,0.0,0.0,0.0,0.0,0.0,0.0,0.0,0.0,0.0,0.0,0.0,0.0,0.0,0.0,0.0,0.0,0.0,0.0,0.0,0.0,0.0,0.0,0.0,89,12,36,22.25,9.010411,89,27194261.550903,4.0,12.002604,4.505205,0.330959,81.1875,4,Benign
5.0,0.0,1.0,173.216308,173.216308,0.0,0.0,0.0,0.0,0.0,0.0,0.0,0.0,0.0,0.0,0.0,0.0,0.0,0.0,0.0,0.0,0.0,0.0,0.0,0.0,0.0,0.0,0.0,0.0,0.0,0.0,0.0,4128,12,36,24.0,12.0,4128,5806889.450341,172.0,2.045983,0.914991,-0.070263,144.0,172,BT-DoS
5.0,0.0,1.0,181.460229,181.460229,0.0,0.0,0.0,0.0,0.0,0.0,0.0,0.0,0.0,0.0,0.0,0.0,0.0,0.0,0.0,0.0,0.0,0.0,0.0,0.0,0.0,0.0,0.0,0.0,0.0,0.0,0.0,4320,12,36,24.0,12.0,4320,5541636.291163,180.0,2.0,0.894427,-0.067087,144.0,180,BT-DoS
5.0,0.0,1.0,68.127197,68.127197,0.0,0.0,0.0,0.0,0.0,0.0,0.0,0.0,0.0,0.0,0.0,0.0,0.0,0.0,0.0,0.0,0.0,0.0,0.0,0.0,0.0,0.0,0.0,0.0,0.0,0.0,0.0,3070,19,50,45.147059,6.325171,3070,14897506.628464,68.0,5.528356,0.76704,0.046522,40.007785,68,Benign
5.0,0.0,0.9,12.808362,12.808362,0.0,0.0,0.0,0.0,0.0,0.0,0.0,0.0,0.0,0.0,0.0,0.0,0.0,0.0,0.0,0.0,0.0,0.0,0.0,0.0,0.0,0.0,0.0,0.0,0.0,0.0,0.0,465,18,50,38.75,12.904295,465,85171634.500677,12.0,11.790121,3.725149,0.257153,166.520833,12,Benign
5.0,0.0,0.1,61.562117,61.562117,0.0,0.0,0.0,0.0,0.0,0.0,0.0,0.0,0.0,0.0,0.0,0.0,0.0,0.0,0.0,0.0,0.0,0.0,0.0,0.0,0.0,0.0,0.0,0.0,0.0,0.0,0.0,89,12,36,22.25,9.010411,89,21658341.089884,4.0,12.002604,4.505205,0.055018,81.1875,4,Benign
5.0,0.0,0.0,109.051304,109.051304,0.0,0.0,0.0,0.0,0.0,0.0,0.0,0.0,0.0,0.0,0.0,0.0,0.0,0.0,0.0,0.0,0.0,0.0,0.0,0.0,0.0,0.0,0.0,0.0,0.0,0.0,0.0,89,12,36,22.25,9.010411,89,12226661.046346,4.0,12.002604,4.505205,0.212125,81.1875,4,Benign
5.0,0.0,1.0,168.395514,168.395514,0.0,0.0,0.0,0.0,0.0,0.0,0.0,0.0,0.0,0.0,0.0,0.0,0.0,0.0,0.0,0.0,0.0,0.0,0.0,0.0,0.0,0.0,0.0,0.0,0.0,0.0,0.0,3888,12,36,24.0,12.0,3888,5975284.931823,162.0,2.108185,0.942809,-0.072401,144.0,162,BT-DoS
5.0,0.0,1.0,42.829082,42.829082,0.0,0.0,0.0,0.0,0.0,0.0,0.0,0.0,0.0,0.0,0.0,0.0,0.0,0.0,0.0,0.0,0.0,0.0,0.0,0.0,0.0,0.0,0.0,0.0,0.0,0.0,0.0,1967,19,50,46.833333,6.217934,1967,23918099.519683,42.0,7.289954,0.959448,0.045597,38.662698,42,Benign
5.0,0.0,1.0,157.28485,157.28485,0.0,0.0,0.0,0.0,0.0,0.0,0.0,0.0,0.0,0.0,0.0,0.0,0.0,0.0,0.0,0.0,0.0,0.0,0.0,0.0,0.0,0.0,0.0,0.0,0.0,0.0,0.0,3744,12,36,24.0,12.0,3744,6398910.091769,156.0,2.148345,0.960769,-0.077589,144.0,156,BT-DoS
5.0,0.0,1.0,8.215358,8.215358,0.0,0.0,0.0,0.0,0.0,0.0,0.0,0.0,0.0,0.0,0.0,0.0,0.0,0.0,0.0,0.0,0.0,0.0,0.0,0.0,0.0,0.0,0.0,0.0,0.0,0.0,0.0,286,12,50,35.75,14.956186,286,139112268.175398,8.0,13.701049,5.28781,2.041015,223.6875,8,Benign
5.0,0.0,1.0,28.395861,28.395861,0.0,0.0,0.0,0.0,0.0,0.0,0.0,0.0,0.0,0.0,0.0,0.0,0.0,0.0,0.0,0.0,0.0,0.0,0.0,0.0,0.0,0.0,0.0,0.0,0.0,0.0,0.0,881,11,50,31.464286,14.974937,881,36520710.69788,28.0,6.585292,2.829997,0.119485,224.248724,28,Benign
5.0,0.0,1.0,149.193389,149.193389,0.0,0.0,0.0,0.0,0.0,0.0,0.0,0.0,0.0,0.0,0.0,0.0,0.0,0.0,0.0,0.0,0.0,0.0,0.0,0.0,0.0,0.0,0.0,0.0,0.0,0.0,0.0,3552,12,36,24.0,12.0,3552,6748306.507967,148.0,2.205644,0.986394,-0.081919,144.0,148,BT-DoS
5.0,0.0,0.1,78.853641,78.853641,0.0,0.0,0.0,0.0,0.0,0.0,0.0,0.0,0.0,0.0,0.0,0.0,0.0,0.0,0.0,0.0,0.0,0.0,0.0,0.0,0.0,0.0,0.0,0.0,0.0,0.0,0.0,89,12,36,22.25,9.010411,89,16908963.521322,4.0,12.002604,4.505205,0.115741,81.1875,4,Benign
5.0,0.0,1.0,161.285305,161.285305,0.0,0.0,0.0,0.0,0.0,0.0,0.0,0.0,0.0,0.0,0.0,0.0,0.0,0.0,0.0,0.0,0.0,0.0,0.0,0.0,0.0,0.0,0.0,0.0,0.0,0.0,0.0,3840,12,36,24.0,12.0,3840,6239187.792412,160.0,2.12132,0.948683,-0.075644,144.0,160,BT-DoS
5.0,0.0,1.0,43.140909,43.140909,0.0,0.0,0.0,0.0,0.0,0.0,0.0,0.0,0.0,0.0,0.0,0.0,0.0,0.0,0.0,0.0,0.0,0.0,0.0,0.0,0.0,0.0,0.0,0.0,0.0,0.0,0.0,1817,18,50,43.261905,9.751824,1817,23745216.974398,42.0,6.84295,1.504739,0.056262,95.098073,42,Benign
5.0,0.0,1.0,20.189767,20.189767,0.0,0.0,0.0,0.0,0.0,0.0,0.0,0.0,0.0,0.0,0.0,0.0,0.0,0.0,0.0,0.0,0.0,0.0,0.0,0.0,0.0,0.0,0.0,0.0,0.0,0.0,0.0,540,12,36,27.0,9.949874,540,52136885.492425,20.0,6.434283,2.22486,-0.13332,99.0,20,Benign
5.0,0.0,1.0,161.125608,161.125608,0.0,0.0,0.0,0.0,0.0,0.0,0.0,0.0,0.0,0.0,0.0,0.0,0.0,0.0,0.0,0.0,0.0,0.0,0.0,0.0,0.0,0.0,0.0,0.0,0.0,0.0,0.0,3840,12,36,24.0,12.0,3840,6245371.68059,160.0,2.12132,0.948683,-0.075633,144.0,160,BT-DoS
5.0,0.0,0.1,52.398507,52.398507,0.0,0.0,0.0,0.0,0.0,0.0,0.0,0.0,0.0,0.0,0.0,0.0,0.0,0.0,0.0,0.0,0.0,0.0,0.0,0.0,0.0,0.0,0.0,0.0,0.0,0.0,0.0,89,12,36,22.25,9.010411,89,25446017.583211,4.0,12.002604,4.505205,-0.000958,81.1875,4,Benign
5.0,0.0,0.9,40.332744,40.332744,0.0,0.0,0.0,0.0,0.0,0.0,0.0,0.0,0.0,0.0,0.0,0.0,0.0,0.0,0.0,0.0,0.0,0.0,0.0,0.0,0.0,0.0,0.0,0.0,0.0,0.0,0.0,1420,8,50,39.444444,12.863481,1420,25502143.587385,36.0,6.914826,2.143913,0.15916,165.469136,36,Benign
5.0,0.0,1.0,284.573108,284.573108,0.0,0.0,0.0,0.0,0.0,0.0,0.0,0.0,0.0,0.0,0.0,0.0,0.0,0.0,0.0,0.0,0.0,0.0,0.0,0.0,0.0,0.0,0.0,0.0,0.0,0.0,0.0,6816,12,36,24.0,12.0,6816,3526452.573365,284.0,1.592235,0.712069,-0.042373,144.0,284,BT-DoS
5.0,0.0,1.0,336.671689,336.671689,0.0,0.0,0.0,0.0,0.0,0.0,0.0,0.0,0.0,0.0,0.0,0.0,0.0,0.0,0.0,0.0,0.0,0.0,0.0,0.0,0.0,0.0,0.0,0.0,0.0,0.0,0.0,8064,12,36,24.0,12.0,8064,2979119.144269,336.0,1.46385,0.654654,-0.035706,144.0,336,BT-DoS
5.0,0.0,1.0,28.036417,28.036417,0.0,0.0,0.0,0.0,0.0,0.0,0.0,0.0,0.0,0.0,0.0,0.0,0.0,0.0,0.0,0.0,0.0,0.0,0.0,0.0,0.0,0.0,0.0,0.0,0.0,0.0,0.0,1185,18,50,42.321429,9.145856,1185,36988929.465965,28.0,8.182625,1.728404,-0.032614,83.646684,28,Benign
5.0,0.0,1.0,354.707334,354.707334,0.0,0.0,0.0,0.0,0.0,0.0,0.0,0.0,0.0,0.0,0.0,0.0,0.0,0.0,0.0,0.0,0.0,0.0,0.0,0.0,0.0,0.0,0.0,0.0,0.0,0.0,0.0,8496,12,36,24.0,12.0,8496,2827212.087831,354.0,1.426148,0.637793,-0.03389,144.0,354,BT-DoS
5.0,0.0,1.0,12.163796,12.163796,0.0,0.0,0.0,0.0,0.0,0.0,0.0,0.0,0.0,0.0,0.0,0.0,0.0,0.0,0.0,0.0,0.0,0.0,0.0,0.0,0.0,0.0,0.0,0.0,0.0,0.0,0.0,378,10,50,31.5,15.750661,378,89684919.877486,12.0,10.166667,4.546824,-1.679693,248.083333,12,Benign
5.0,0.0,1.0,174.648876,174.648876,0.0,0.0,0.0,0.0,0.0,0.0,0.0,0.0,0.0,0.0,0.0,0.0,0.0,0.0,0.0,0.0,0.0,0.0,0.0,0.0,0.0,0.0,0.0,0.0,0.0,0.0,0.0,4032,12,36,24.0,12.0,4032,5760060.099071,168.0,2.070197,0.92582,-0.069767,144.0,168,BT-DoS
5.0,0.0,1.0,139.261296,139.261296,0.0,0.0,0.0,0.0,0.0,0.0,0.0,0.0,0.0,0.0,0.0,0.0,0.0,0.0,0.0,0.0,0.0,0.0,0.0,0.0,0.0,0.0,0.0,0.0,0.0,0.0,0.0,3312,12,36,24.0,12.0,3312,7233160.255599,138.0,2.284161,1.021508,-0.087895,144.0,138,BT-DoS
5.0,0.0,1.0,69.869524,69.869524,0.0,0.0,0.0,0.0,0.0,0.0,0.0,0.0,0.0,0.0,0.0,0.0,0.0,0.0,0.0,0.0,0.0,0.0,0.0,0.0,0.0,0.0,0.0,0.0,0.0,0.0,0.0,2980,19,50,43.188406,8.145907,2980,14522868.044236,69.0,5.290947,0.980652,0.05871,66.355808,69,Benign
5.0,0.0,1.0,74.628747,74.628747,0.0,0.0,0.0,0.0,0.0,0.0,0.0,0.0,0.0,0.0,0.0,0.0,0.0,0.0,0.0,0.0,0.0,0.0,0.0,0.0,0.0,0.0,0.0,0.0,0.0,0.0,0.0,2432,12,39,32.864865,7.138257,2432,13583219.214661,74.0,3.909541,0.829806,-0.012914,50.954711,74,Benign
5.0,0.0,1.0,171.370991,171.370991,0.0,0.0,0.0,0.0,0.0,0.0,0.0,0.0,0.0,0.0,0.0,0.0,0.0,0.0,0.0,0.0,0.0,0.0,0.0,0.0,0.0,0.0,0.0,0.0,0.0,0.0,0.0,4080,12,36,24.0,12.0,4080,5869821.683895,170.0,2.057983,0.920358,-0.071088,144.0,170,BT-DoS
5.0,0.0,1.0,82.852226,82.852226,0.0,0.0,0.0,0.0,0.0,0.0,0.0,0.0,0.0,0.0,0.0,0.0,0.0,0.0,0.0,0.0,0.0,0.0,0.0,0.0,0.0,0.0,0.0,0.0,0.0,0.0,0.0,3586,19,50,43.731707,7.195949,3586,12218690.212862,82.0,4.894302,0.79466,0.035545,51.781678,82,Benign
5.0,0.0,1.0,171.195095,171.195095,0.0,0.0,0.0,0.0,0.0,0.0,0.0,0.0,0.0,0.0,0.0,0.0,0.0,0.0,0.0,0.0,0.0,0.0,0.0,0.0,0.0,0.0,0.0,0.0,0.0,0.0,0.0,4080,12,36,24.0,12.0,4080,5875852.686414,170.0,2.057983,0.920358,-0.071091,144.0,170,BT-DoS
5.0,0.0,1.0,46.315828,46.315828,0.0,0.0,0.0,0.0,0.0,0.0,0.0,0.0,0.0,0.0,0.0,0.0,0.0,0.0,0.0,0.0,0.0,0.0,0.0,0.0,0.0,0.0,0.0,0.0,0.0,0.0,0.0,2062,19,50,44.826087,8.225899,2062,22070688.671536,46.0,6.719607,1.212843,0.039793,67.665406,46,Benign
5.0,0.0,1.0,151.762129,151.762129,0.0,0.0,0.0,0.0,0.0,0.0,0.0,0.0,0.0,0.0,0.0,0.0,0.0,0.0,0.0,0.0,0.0,0.0,0.0,0.0,0.0,0.0,0.0,0.0,0.0,0.0,0.0,3504,12,36,24.0,12.0,3504,6634702.353642,146.0,2.2207,0.993127,-0.080473,144.0,146,BT-DoS
5.0,0.0,1.0,139.126063,139.126063,0.0,0.0,0.0,0.0,0.0,0.0,0.0,0.0,0.0,0.0,0.0,0.0,0.0,0.0,0.0,0.0,0.0,0.0,0.0,0.0,0.0,0.0,0.0,0.0,0.0,0.0,0.0,3312,12,36,24.0,12.0,3312,7240190.99326,138.0,2.284161,1.021508,-0.087967,144.0,138,BT-DoS
5.0,0.0,1.0,153.221777,153.221777,0.0,0.0,0.0,0.0,0.0,0.0,0.0,0.0,0.0,0.0,0.0,0.0,0.0,0.0,0.0,0.0,0.0,0.0,0.0,0.0,0.0,0.0,0.0,0.0,0.0,0.0,0.0,3648,12,36,24.0,12.0,3648,6569709.209417,152.0,2.176429,0.973329,-0.0797,144.0,152,BT-DoS
5.0,0.0,1.0,50.738755,50.738755,0.0,0.0,0.0,0.0,0.0,0.0,0.0,0.0,0.0,0.0,0.0,0.0,0.0,0.0,0.0,0.0,0.0,0.0,0.0,0.0,0.0,0.0,0.0,0.0,0.0,0.0,0.0,2217,19,50,44.34,7.350129,2217,20111020.730466,50.0,6.356194,1.039465,0.039176,54.0244,50,Benign
5.0,0.0,1.0,83.760137,83.760137,0.0,0.0,0.0,0.0,0.0,0.0,0.0,0.0,0.0,0.0,0.0,0.0,0.0,0.0,0.0,0.0,0.0,0.0,0.0,0.0,0.0,0.0,0.0,0.0,0.0,0.0,0.0,3642,19,50,43.879518,7.517686,3642,12084449.209818,83.0,4.886578,0.825173,0.036358,56.515605,83,Benign
5.0,0.0,0.9,30.877748,30.877748,0.0,0.0,0.0,0.0,0.0,0.0,0.0,0.0,0.0,0.0,0.0,0.0,0.0,0.0,0.0,0.0,0.0,0.0,0.0,0.0,0.0,0.0,0.0,0.0,0.0,0.0,0.0,754,12,36,27.925926,9.482639,754,33631388.957684,27.0,5.675737,1.824935,-0.156453,89.920439,27,Benign
5.0,0.0,1.0,165.152915,165.152915,0.0,0.0,0.0,0.0,0.0,0.0,0.0,0.0,0.0,0.0,0.0,0.0,0.0,0.0,0.0,0.0,0.0,0.0,0.0,0.0,0.0,0.0,0.0,0.0,0.0,0.0,0.0,3936,12,36,24.0,12.0,3936,6092141.742355,164.0,2.095291,0.937043,-0.073771,144.0,164,BT-DoS
5.0,0.0,1.0,165.320775,165.320775,0.0,0.0,0.0,0.0,0.0,0.0,0.0,0.0,0.0,0.0,0.0,0.0,0.0,0.0,0.0,0.0,0.0,0.0,0.0,0.0,0.0,0.0,0.0,0.0,0.0,0.0,0.0,3936,12,36,24.0,12.0,3936,6085956.023515,164.0,2.095291,0.937043,-0.073682,144.0,164,BT-DoS
5.0,0.0,1.0,336.664612,336.664612,0.0,0.0,0.0,0.0,0.0,0.0,0.0,0.0,0.0,0.0,0.0,0.0,0.0,0.0,0.0,0.0,0.0,0.0,0.0,0.0,0.0,0.0,0.0,0.0,0.0,0.0,0.0,8064,12,36,24.0,12.0,8064,2979181.773627,336.0,1.46385,0.654654,-0.035724,144.0,336,BT-DoS
5.0,0.0,1.0,179.43801,179.43801,0.0,0.0,0.0,0.0,0.0,0.0,0.0,0.0,0.0,0.0,0.0,0.0,0.0,0.0,0.0,0.0,0.0,0.0,0.0,0.0,0.0,0.0,0.0,0.0,0.0,0.0,0.0,4272,12,36,24.0,12.0,4272,5604440.883055,178.0,2.011205,0.899438,-0.06784,144.0,178,BT-DoS
5.0,0.0,1.0,124.998605,124.998605,0.0,0.0,0.0,0.0,0.0,0.0,0.0,0.0,0.0,0.0,0.0,0.0,0.0,0.0,0.0,0.0,0.0,0.0,0.0,0.0,0.0,0.0,0.0,0.0,0.0,0.0,0.0,2976,12,36,24.0,12.0,2976,8065130.652451,124.0,2.409658,1.077632,-0.098179,144.0,124,BT-DoS
5.0,0.0,1.0,195.569055,195.569055,0.0,0.0,0.0,0.0,0.0,0.0,0.0,0.0,0.0,0.0,0.0,0.0,0.0,0.0,0.0,0.0,0.0,0.0,0.0,0.0,0.0,0.0,0.0,0.0,0.0,0.0,0.0,4656,12,36,24.0,12.0,4656,5139777.079765,194.0,1.926484,0.86155,-0.062143,144.0,194,BT-DoS
5.0,0.0,0.1,36.864981,36.864981,0.0,0.0,0.0,0.0,0.0,0.0,0.0,0.0,0.0,0.0,0.0,0.0,0.0,0.0,0.0,0.0,0.0,0.0,0.0,0.0,0.0,0.0,0.0,0.0,0.0,0.0,0.0,89,12,36,22.25,9.010411,89,36168018.976847,4.0,12.002604,4.505205,-0.15853,81.1875,4,Benign
5.0,0.0,1.0,36.825634,36.825634,0.0,0.0,0.0,0.0,0.0,0.0,0.0,0.0,0.0,0.0,0.0,0.0,0.0,0.0,0.0,0.0,0.0,0.0,0.0,0.0,0.0,0.0,0.0,0.0,0.0,0.0,0.0,1538,18,50,43.942857,8.854193,1538,27953673.81152,35.0,7.576979,1.496632,-0.014443,78.396735,35,Benign
5.0,0.0,0.1,61.974179,61.974179,0.0,0.0,0.0,0.0,0.0,0.0,0.0,0.0,0.0,0.0,0.0,0.0,0.0,0.0,0.0,0.0,0.0,0.0,0.0,0.0,0.0,0.0,0.0,0.0,0.0,0.0,0.0,89,12,36,22.25,9.010411,89,21514336.268107,4.0,12.002604,4.505205,0.078838,81.1875,4,Benign
5.0,0.0,1.0,155.255726,155.255726,0.0,0.0,0.0,0.0,0.0,0.0,0.0,0.0,0.0,0.0,0.0,0.0,0.0,0.0,0.0,0.0,0.0,0.0,0.0,0.0,0.0,0.0,0.0,0.0,0.0,0.0,0.0,3696,12,36,24.0,12.0,3696,6483084.236095,154.0,2.16225,0.966988,-0.078628,144.0,154,BT-DoS
5.0,0.0,1.0,5.250254,5.250254,0.0,0.0,0.0,0.0,0.0,0.0,0.0,0.0,0.0,0.0,0.0,0.0,0.0,0.0,0.0,0.0,0.0,0.0,0.0,0.0,0.0,0.0,0.0,0.0,0.0,0.0,0.0,235,36,50,47.0,5.51362,235,238083720.207214,5.0,21.163176,2.465766,0.878511,30.4,5,Benign
5.0,0.0,1.0,185.468384,185.468384,0.0,0.0,0.0,0.0,0.0,0.0,0.0,0.0,0.0,0.0,0.0,0.0,0.0,0.0,0.0,0.0,0.0,0.0,0.0,0.0,0.0,0.0,0.0,0.0,0.0,0.0,0.0,4416,12,36,24.0,12.0,4416,5421217.673463,184.0,1.978141,0.884652,-0.065578,144.0,184,BT-DoS
5.0,0.0,1.0,163.311066,163.311066,0.0,0.0,0.0,0.0,0.0,0.0,0.0,0.0,0.0,0.0,0.0,0.0,0.0,0.0,0.0,0.0,0.0,0.0,0.0,0.0,0.0,0.0,0.0,0.0,0.0,0.0,0.0,3888,12,36,24.0,12.0,3888,6161316.581394,162.0,2.108185,0.942809,-0.074664,144.0,162,BT-DoS
5.0,0.0,0.0,88.705447,88.705447,0.0,0.0,0.0,0.0,0.0,0.0,0.0,0.0,0.0,0.0,0.0,0.0,0.0,0.0,0.0,0.0,0.0,0.0,0.0,0.0,0.0,0.0,0.0,0.0,0.0,0.0,0.0,89,12,36,22.25,9.010411,89,15031019.846598,4.0,12.002604,4.505205,0.184574,81.1875,4,Benign
5.0,0.0,1.0,41.182677,41.182677,0.0,0.0,0.0,0.0,0.0,0.0,0.0,0.0,0.0,0.0,0.0,0.0,0.0,0.0,0.0,0.0,0.0,0.0,0.0,0.0,0.0,0.0,0.0,0.0,0.0,0.0,0.0,1549,11,50,37.780488,14.657908,1549,24889105.558395,41.0,6.328834,2.289181,0.150983,214.854253,41,Benign
5.0,0.0,1.0,39.005859,39.005859,0.0,0.0,0.0,0.0,0.0,0.0,0.0,0.0,0.0,0.0,0.0,0.0,0.0,0.0,0.0,0.0,0.0,0.0,0.0,0.0,0.0,0.0,0.0,0.0,0.0,0.0,0.0,1831,20,50,46.948718,6.16004,1831,26311836.74461,39.0,7.582247,0.986396,0.011695,37.946088,39,Benign
5.0,0.0,0.6,21.816595,21.816595,0.0,0.0,0.0,0.0,0.0,0.0,0.0,0.0,0.0,0.0,0.0,0.0,0.0,0.0,0.0,0.0,0.0,0.0,0.0,0.0,0.0,0.0,0.0,0.0,0.0,0.0,0.0,475,12,50,39.583333,12.65213,475,50003636.967052,12.0,11.996238,3.652355,0.459196,160.076389,12,Benign
5.0,0.0,0.1,62.645965,62.645965,0.0,0.0,0.0,0.0,0.0,0.0,0.0,0.0,0.0,0.0,0.0,0.0,0.0,0.0,0.0,0.0,0.0,0.0,0.0,0.0,0.0,0.0,0.0,0.0,0.0,0.0,0.0,89,12,36,22.25,9.010411,89,21283626.556396,4.0,12.002604,4.505205,0.072285,81.1875,4,Benign
5.0,0.0,0.9,38.990032,38.990032,0.0,0.0,0.0,0.0,0.0,0.0,0.0,0.0,0.0,0.0,0.0,0.0,0.0,0.0,0.0,0.0,0.0,0.0,0.0,0.0,0.0,0.0,0.0,0.0,0.0,0.0,0.0,1554,8,50,43.166667,10.054021,1554,26380368.641445,36.0,7.387009,1.67567,0.056669,101.083333,36,Benign
5.0,0.0,1.0,159.430245,159.430245,0.0,0.0,0.0,0.0,0.0,0.0,0.0,0.0,0.0,0.0,0.0,0.0,0.0,0.0,0.0,0.0,0.0,0.0,0.0,0.0,0.0,0.0,0.0,0.0,0.0,0.0,0.0,3792,12,36,24.0,12.0,3792,6312286.777861,158.0,2.134704,0.954669,-0.076544,144.0,158,BT-DoS
5.0,0.0,1.0,42.899871,42.899871,0.0,0.0,0.0,0.0,0.0,0.0,0.0,0.0,0.0,0.0,0.0,0.0,0.0,0.0,0.0,0.0,0.0,0.0,0.0,0.0,0.0,0.0,0.0,0.0,0.0,0.0,0.0,1417,8,50,33.738095,15.470493,1417,23878632.522211,42.0,5.727119,2.387149,0.216925,239.336168,42,Benign
5.0,0.0,1.0,82.859851,82.859851,0.0,0.0,0.0,0.0,0.0,0.0,0.0,0.0,0.0,0.0,0.0,0.0,0.0,0.0,0.0,0.0,0.0,0.0,0.0,0.0,0.0,0.0,0.0,0.0,0.0,0.0,0.0,2844,12,36,34.682927,4.960522,2844,12217565.819069,82.0,3.869065,0.547798,-0.011884,24.606782,82,Benign
5.0,0.0,1.0,34.048073,34.048073,0.0,0.0,0.0,0.0,0.0,0.0,0.0,0.0,0.0,0.0,0.0,0.0,0.0,0.0,0.0,0.0,0.0,0.0,0.0,0.0,0.0,0.0,0.0,0.0,0.0,0.0,0.0,1417,8,50,41.676471,11.888503,1417,30260245.00529,34.0,7.432569,2.038861,-0.02239,141.336505,34,Benign
5.0,0.0,1.0,163.308593,163.308593,0.0,0.0,0.0,0.0,0.0,0.0,0.0,0.0,0.0,0.0,0.0,0.0,0.0,0.0,0.0,0.0,0.0,0.0,0.0,0.0,0.0,0.0,0.0,0.0,0.0,0.0,0.0,3888,12,36,24.0,12.0,3888,6161409.875621,162.0,2.108185,0.942809,-0.074667,144.0,162,BT-DoS
5.0,0.0,1.0,133.067445,133.067445,0.0,0.0,0.0,0.0,0.0,0.0,0.0,0.0,0.0,0.0,0.0,0.0,0.0,0.0,0.0,0.0,0.0,0.0,0.0,0.0,0.0,0.0,0.0,0.0,0.0,0.0,0.0,3168,12,36,24.0,12.0,3168,7572352.431203,132.0,2.335497,1.044466,-0.09209,144.0,132,BT-DoS
5.0,0.0,1.0,161.303991,161.303991,0.0,0.0,0.0,0.0,0.0,0.0,0.0,0.0,0.0,0.0,0.0,0.0,0.0,0.0,0.0,0.0,0.0,0.0,0.0,0.0,0.0,0.0,0.0,0.0,0.0,0.0,0.0,3840,12,36,24.0,12.0,3840,6238465.039235,160.0,2.12132,0.948683,-0.075597,144.0,160,BT-DoS
5.0,0.0,1.0,41.165859,41.165859,0.0,0.0,0.0,0.0,0.0,0.0,0.0,0.0,0.0,0.0,0.0,0.0,0.0,0.0,0.0,0.0,0.0,0.0,0.0,0.0,0.0,0.0,0.0,0.0,0.0,0.0,0.0,1834,19,50,44.731707,8.337469,1834,24899274.110794,41.0,7.106231,1.302094,0.034044,69.513385,41,Benign
5.0,0.0,0.0,106.67779,106.67779,0.0,0.0,0.0,0.0,0.0,0.0,0.0,0.0,0.0,0.0,0.0,0.0,0.0,0.0,0.0,0.0,0.0,0.0,0.0,0.0,0.0,0.0,0.0,0.0,0.0,0.0,0.0,89,12,36,22.25,9.010411,89,12498696.645101,4.0,12.002604,4.505205,0.191774,81.1875,4,Benign
5.0,0.0,0.0,84.364851,84.364851,0.0,0.0,0.0,0.0,0.0,0.0,0.0,0.0,0.0,0.0,0.0,0.0,0.0,0.0,0.0,0.0,0.0,0.0,0.0,0.0,0.0,0.0,0.0,0.0,0.0,0.0,0.0,89,12,36,22.25,9.010411,89,15804370.244344,4.0,12.002604,4.505205,0.123465,81.1875,4,Benign
5.0,0.0,0.0,106.112379,106.112379,0.0,0.0,0.0,0.0,0.0,0.0,0.0,0.0,0.0,0.0,0.0,0.0,0.0,0.0,0.0,0.0,0.0,0.0,0.0,0.0,0.0,0.0,0.0,0.0,0.0,0.0,0.0,89,12,36,22.25,9.010411,89,12565294.90153,4.0,12.002604,4.505205,0.202557,81.1875,4,Benign
5.0,0.0,1.0,10.269188,10.269188,0.0,0.0,0.0,0.0,0.0,0.0,0.0,0.0,0.0,0.0,0.0,0.0,0.0,0.0,0.0,0.0,0.0,0.0,0.0,0.0,0.0,0.0,0.0,0.0,0.0,0.0,0.0,355,12,50,35.5,13.507405,355,108198536.7669,10.0,12.011245,4.271417,0.346889,182.45,10,Benign
5.0,0.0,0.6,28.07801,28.07801,0.0,0.0,0.0,0.0,0.0,0.0,0.0,0.0,0.0,0.0,0.0,0.0,0.0,0.0,0.0,0.0,0.0,0.0,0.0,0.0,0.0,0.0,0.0,0.0,0.0,0.0,0.0,685,12,50,38.055556,11.895248,685,37710063.597735,18.0,9.39776,2.803737,-0.333629,141.496914,18,Benign
5.0,0.0,1.0,173.383787,173.383787,0.0,0.0,0.0,0.0,0.0,0.0,0.0,0.0,0.0,0.0,0.0,0.0,0.0,0.0,0.0,0.0,0.0,0.0,0.0,0.0,0.0,0.0,0.0,0.0,0.0,0.0,0.0,4128,12,36,24.0,12.0,4128,5801280.339559,172.0,2.045983,0.914991,-0.070256,144.0,172,BT-DoS
5.0,0.0,0.3,29.734263,29.734263,0.0,0.0,0.0,0.0,0.0,0.0,0.0,0.0,0.0,0.0,0.0,0.0,0.0,0.0,0.0,0.0,0.0,0.0,0.0,0.0,0.0,0.0,0.0,0.0,0.0,0.0,0.0,329,18,50,41.125,9.930225,329,38435697.555542,8.0,14.957753,3.510865,-0.024007,98.609375,8,Benign
5.0,0.0,1.0,33.440006,33.440006,0.0,0.0,0.0,0.0,0.0,0.0,0.0,0.0,0.0,0.0,0.0,0.0,0.0,0.0,0.0,0.0,0.0,0.0,0.0,0.0,0.0,0.0,0.0,0.0,0.0,0.0,0.0,1559,32,50,47.242424,4.899167,1559,30838809.907436,33.0,8.267953,0.852835,0.011638,24.001837,33,Benign
5.0,0.0,0.1,51.007291,51.007291,0.0,0.0,0.0,0.0,0.0,0.0,0.0,0.0,0.0,0.0,0.0,0.0,0.0,0.0,0.0,0.0,0.0,0.0,0.0,0.0,0.0,0.0,0.0,0.0,0.0,0.0,0.0,89,12,36,22.25,9.010411,89,26140054.066976,4.0,12.002604,4.505205,0.342991,81.1875,4,Benign
5.0,0.0,0.9,29.581292,29.581292,0.0,0.0,0.0,0.0,0.0,0.0,0.0,0.0,0.0,0.0,0.0,0.0,0.0,0.0,0.0,0.0,0.0,0.0,0.0,0.0,0.0,0.0,0.0,0.0,0.0,0.0,0.0,754,12,36,27.925926,9.482639,754,35105347.633362,27.0,5.675737,1.824935,-0.09445,89.920439,27,Benign
5.0,0.0,1.0,40.154152,40.154152,0.0,0.0,0.0,0.0,0.0,0.0,0.0,0.0,0.0,0.0,0.0,0.0,0.0,0.0,0.0,0.0,0.0,0.0,0.0,0.0,0.0,0.0,0.0,0.0,0.0,0.0,0.0,1810,19,50,45.25,7.999219,1810,25542589.334341,40.0,7.265587,1.264788,0.090543,63.9875,40,Benign
5.0,0.0,1.0,48.371351,48.371351,0.0,0.0,0.0,0.0,0.0,0.0,0.0,0.0,0.0,0.0,0.0,0.0,0.0,0.0,0.0,0.0,0.0,0.0,0.0,0.0,0.0,0.0,0.0,0.0,0.0,0.0,0.0,1763,11,50,38.326087,15.085343,1763,21132802.963257,46.0,6.072849,2.224213,0.145713,227.56758,46,Benign
5.0,0.0,1.0,379.154919,379.154919,0.0,0.0,0.0,0.0,0.0,0.0,0.0,0.0,0.0,0.0,0.0,0.0,0.0,0.0,0.0,0.0,0.0,0.0,0.0,0.0,0.0,0.0,0.0,0.0,0.0,0.0,0.0,9072,12,36,24.0,12.0,9072,2644440.223431,378.0,1.380131,0.617213,-0.031657,144.0,378,BT-DoS
5.0,0.0,1.0,362.724012,362.724012,0.0,0.0,0.0,0.0,0.0,0.0,0.0,0.0,0.0,0.0,0.0,0.0,0.0,0.0,0.0,0.0,0.0,0.0,0.0,0.0,0.0,0.0,0.0,0.0,0.0,0.0,0.0,8688,12,36,24.0,12.0,8688,2764553.904864,362.0,1.410301,0.630706,-0.033106,144.0,362,BT-DoS
5.0,0.0,0.1,39.841027,39.841027,0.0,0.0,0.0,0.0,0.0,0.0,0.0,0.0,0.0,0.0,0.0,0.0,0.0,0.0,0.0,0.0,0.0,0.0,0.0,0.0,0.0,0.0,0.0,0.0,0.0,0.0,0.0,89,12,36,22.25,9.010411,89,33466339.111328,4.0,12.002604,4.505205,-0.135114,81.1875,4,Benign
5.0,0.0,1.0,143.15423,143.15423,0.0,0.0,0.0,0.0,0.0,0.0,0.0,0.0,0.0,0.0,0.0,0.0,0.0,0.0,0.0,0.0,0.0,0.0,0.0,0.0,0.0,0.0,0.0,0.0,0.0,0.0,0.0,3408,12,36,24.0,12.0,3408,7035015.322638,142.0,2.25176,1.007018,-0.08546,144.0,142,BT-DoS
5.0,0.0,1.0,181.442131,181.442131,0.0,0.0,0.0,0.0,0.0,0.0,0.0,0.0,0.0,0.0,0.0,0.0,0.0,0.0,0.0,0.0,0.0,0.0,0.0,0.0,0.0,0.0,0.0,0.0,0.0,0.0,0.0,4320,12,36,24.0,12.0,4320,5542189.049321,180.0,2.0,0.894427,-0.067063,144.0,180,BT-DoS
5.0,0.0,0.9,38.718685,38.718685,0.0,0.0,0.0,0.0,0.0,0.0,0.0,0.0,0.0,0.0,0.0,0.0,0.0,0.0,0.0,0.0,0.0,0.0,0.0,0.0,0.0,0.0,0.0,0.0,0.0,0.0,0.0,1105,12,50,32.5,12.231228,1105,26609969.86158,34.0,5.955356,2.097638,-0.097628,149.602941,34,Benign
5.0,0.0,1.0,342.681883,342.681883,0.0,0.0,0.0,0.0,0.0,0.0,0.0,0.0,0.0,0.0,0.0,0.0,0.0,0.0,0.0,0.0,0.0,0.0,0.0,0.0,0.0,0.0,0.0,0.0,0.0,0.0,0.0,8208,12,36,24.0,12.0,8208,2926716.007445,342.0,1.450953,0.648886,-0.035104,144.0,342,BT-DoS
5.0,0.0,1.0,165.154581,165.154581,0.0,0.0,0.0,0.0,0.0,0.0,0.0,0.0,0.0,0.0,0.0,0.0,0.0,0.0,0.0,0.0,0.0,0.0,0.0,0.0,0.0,0.0,0.0,0.0,0.0,0.0,0.0,3936,12,36,24.0,12.0,3936,6092080.309347,164.0,2.095291,0.937043,-0.073758,144.0,164,BT-DoS
5.0,0.0,0.9,24.636609,24.636609,0.0,0.0,0.0,0.0,0.0,0.0,0.0,0.0,0.0,0.0,0.0,0.0,0.0,0.0,0.0,0.0,0.0,0.0,0.0,0.0,0.0,0.0,0.0,0.0,0.0,0.0,0.0,556,12,36,26.47619,9.815532,556,42619502.544403,21.0,6.161839,2.141925,-0.066392,96.344671,21,Benign
5.0,0.0,1.0,143.140399,143.140399,0.0,0.0,0.0,0.0,0.0,0.0,0.0,0.0,0.0,0.0,0.0,0.0,0.0,0.0,0.0,0.0,0.0,0.0,0.0,0.0,0.0,0.0,0.0,0.0,0.0,0.0,0.0,3408,12,36,24.0,12.0,3408,7035695.069225,142.0,2.25176,1.007018,-0.085441,144.0,142,BT-DoS
5.0,0.0,0.5,40.076612,40.076612,0.0,0.0,0.0,0.0,0.0,0.0,0.0,0.0,0.0,0.0,0.0,0.0,0.0,0.0,0.0,0.0,0.0,0.0,0.0,0.0,0.0,0.0,0.0,0.0,0.0,0.0,0.0,541,11,50,27.05,16.466557,541,26265483.153494,20.0,7.081137,3.682034,-0.309378,271.1475,20,Benign
5.0,0.0,1.0,139.114293,139.114293,0.0,0.0,0.0,0.0,0.0,0.0,0.0,0.0,0.0,0.0,0.0,0.0,0.0,0.0,0.0,0.0,0.0,0.0,0.0,0.0,0.0,0.0,0.0,0.0,0.0,0.0,0.0,3312,12,36,24.0,12.0,3312,7240803.572383,138.0,2.284161,1.021508,-0.087883,144.0,138,BT-DoS
5.0,0.0,1.0,36.281215,36.281215,0.0,0.0,0.0,0.0,0.0,0.0,0.0,0.0,0.0,0.0,0.0,0.0,0.0,0.0,0.0,0.0,0.0,0.0,0.0,0.0,0.0,0.0,0.0,0.0,0.0,0.0,0.0,1616,18,50,44.888889,8.221847,1616,28349971.77124,36.0,7.605939,1.370308,0.068918,67.598765,36,Benign
5.0,0.0,1.0,147.174008,147.174008,0.0,0.0,0.0,0.0,0.0,0.0,0.0,0.0,0.0,0.0,0.0,0.0,0.0,0.0,0.0,0.0,0.0,0.0,0.0,0.0,0.0,0.0,0.0,0.0,0.0,0.0,0.0,3504,12,36,24.0,12.0,3504,6841537.87021,146.0,2.2207,0.993127,-0.083041,144.0,146,BT-DoS
5.0,0.0,0.1,63.097622,63.097622,0.0,0.0,0.0,0.0,0.0,0.0,0.0,0.0,0.0,0.0,0.0,0.0,0.0,0.0,0.0,0.0,0.0,0.0,0.0,0.0,0.0,0.0,0.0,0.0,0.0,0.0,0.0,89,12,36,22.25,9.010411,89,21131277.084351,4.0,12.002604,4.505205,0.055949,81.1875,4,Benign
5.0,0.0,1.0,26.245819,26.245819,0.0,0.0,0.0,0.0,0.0,0.0,0.0,0.0,0.0,0.0,0.0,0.0,0.0,0.0,0.0,0.0,0.0,0.0,0.0,0.0,0.0,0.0,0.0,0.0,0.0,0.0,0.0,780,8,50,30.0,16.002404,780,39625358.581543,26.0,6.66817,3.13833,-0.17875,256.076923,26,Benign
5.0,0.0,1.0,153.85639,153.85639,0.0,0.0,0.0,0.0,0.0,0.0,0.0,0.0,0.0,0.0,0.0,0.0,0.0,0.0,0.0,0.0,0.0,0.0,0.0,0.0,0.0,0.0,0.0,0.0,0.0,0.0,0.0,3552,12,36,24.0,12.0,3552,6543782.29258,148.0,2.205644,0.986394,-0.079392,144.0,148,BT-DoS
5.0,0.0,1.0,374.719098,374.719098,0.0,0.0,0.0,0.0,0.0,0.0,0.0,0.0,0.0,0.0,0.0,0.0,0.0,0.0,0.0,0.0,0.0,0.0,0.0,0.0,0.0,0.0,0.0,0.0,0.0,0.0,0.0,8976,12,36,24.0,12.0,8976,2675820.291841,374.0,1.387492,0.620505,-0.032021,144.0,374,BT-DoS
5.0,0.0,0.9,3.201315,3.201315,0.0,0.0,0.0,0.0,0.0,0.0,0.0,0.0,0.0,0.0,0.0,0.0,0.0,0.0,0.0,0.0,0.0,0.0,0.0,0.0,0.0,0.0,0.0,0.0,0.0,0.0,0.0,54,18,18,18.0,0.0,54,468557476.997376,3.0,10.392305,0.0,0.0,0.0,3,Benign
5.0,0.0,0.5,24.694546,24.694546,0.0,0.0,0.0,0.0,0.0,0.0,0.0,0.0,0.0,0.0,0.0,0.0,0.0,0.0,0.0,0.0,0.0,0.0,0.0,0.0,0.0,0.0,0.0,0.0,0.0,0.0,0.0,525,12,50,40.384615,13.194046,525,43869336.446126,13.0,11.7833,3.65937,0.197652,174.08284,13,Benign
5.0,0.0,1.0,29.291556,29.291556,0.0,0.0,0.0,0.0,0.0,0.0,0.0,0.0,0.0,0.0,0.0,0.0,0.0,0.0,0.0,0.0,0.0,0.0,0.0,0.0,0.0,0.0,0.0,0.0,0.0,0.0,0.0,770,12,36,27.5,9.556225,770,35403958.073369,28.0,5.501855,1.805957,-0.0778,91.321429,28,Benign
5.0,0.0,0.1,62.738265,62.738265,0.0,0.0,0.0,0.0,0.0,0.0,0.0,0.0,0.0,0.0,0.0,0.0,0.0,0.0,0.0,0.0,0.0,0.0,0.0,0.0,0.0,0.0,0.0,0.0,0.0,0.0,0.0,89,12,36,22.25,9.010411,89,21252314.249674,4.0,12.002604,4.505205,0.068536,81.1875,4,Benign
5.0,0.0,1.0,356.759507,356.759507,0.0,0.0,0.0,0.0,0.0,0.0,0.0,0.0,0.0,0.0,0.0,0.0,0.0,0.0,0.0,0.0,0.0,0.0,0.0,0.0,0.0,0.0,0.0,0.0,0.0,0.0,0.0,8160,12,36,24.0,12.0,8160,2811277.158844,340.0,1.455214,0.650791,-0.033705,144.0,340,BT-DoS
5.0,0.0,1.0,47.395328,47.395328,0.0,0.0,0.0,0.0,0.0,0.0,0.0,0.0,0.0,0.0,0.0,0.0,0.0,0.0,0.0,0.0,0.0,0.0,0.0,0.0,0.0,0.0,0.0,0.0,0.0,0.0,0.0,1779,8,50,37.851064,15.134825,1779,21557802.739351,47.0,5.946152,2.207641,0.088818,229.062924,47,Benign
5.0,0.0,0.1,67.036465,67.036465,0.0,0.0,0.0,0.0,0.0,0.0,0.0,0.0,0.0,0.0,0.0,0.0,0.0,0.0,0.0,0.0,0.0,0.0,0.0,0.0,0.0,0.0,0.0,0.0,0.0,0.0,0.0,89,12,36,22.25,9.010411,89,19889672.597249,4.0,12.002604,4.505205,0.105244,81.1875,4,Benign
5.0,0.0,1.0,42.805739,42.805739,0.0,0.0,0.0,0.0,0.0,0.0,0.0,0.0,0.0,0.0,0.0,0.0,0.0,0.0,0.0,0.0,0.0,0.0,0.0,0.0,0.0,0.0,0.0,0.0,0.0,0.0,0.0,1493,8,50,35.547619,15.81922,1493,23931142.760486,42.0,6.003731,2.440959,0.002086,250.247732,42,Benign
5.0,0.0,0.8,20.070799,20.070799,0.0,0.0,0.0,0.0,0.0,0.0,0.0,0.0,0.0,0.0,0.0,0.0,0.0,0.0,0.0,0.0,0.0,0.0,0.0,0.0,0.0,0.0,0.0,0.0,0.0,0.0,0.0,542,8,50,33.875,16.605251,542,53145202.000936,16.0,9.431496,4.151313,-0.671449,275.734375,16,Benign
5.0,0.0,1.0,122.916143,122.916143,0.0,0.0,0.0,0.0,0.0,0.0,0.0,0.0,0.0,0.0,0.0,0.0,0.0,0.0,0.0,0.0,0.0,0.0,0.0,0.0,0.0,0.0,0.0,0.0,0.0,0.0,0.0,2832,12,36,24.0,12.0,2832,8205163.173186,118.0,2.470161,1.10469,-0.099977,144.0,118,BT-DoS
5.0,0.0,0.9,27.631575,27.631575,0.0,0.0,0.0,0.0,0.0,0.0,0.0,0.0,0.0,0.0,0.0,0.0,0.0,0.0,0.0,0.0,0.0,0.0,0.0,0.0,0.0,0.0,0.0,0.0,0.0,0.0,0.0,742,11,50,29.68,15.914069,742,37698417.901993,25.0,6.735458,3.182814,-0.021603,253.2576,25,Benign
5.0,0.0,0.9,175.101971,175.101971,0.0,0.0,0.0,0.0,0.0,0.0,0.0,0.0,0.0,0.0,0.0,0.0,0.0,0.0,0.0,0.0,0.0,0.0,0.0,0.0,0.0,0.0,0.0,0.0,0.0,0.0,0.0,3984,12,36,24.0,12.0,3984,5745569.864909,166.0,2.08263,0.931381,-0.069514,144.0,166,BT-DoS
5.0,0.0,1.0,10.267004,10.267004,0.0,0.0,0.0,0.0,0.0,0.0,0.0,0.0,0.0,0.0,0.0,0.0,0.0,0.0,0.0,0.0,0.0,0.0,0.0,0.0,0.0,0.0,0.0,0.0,0.0,0.0,0.0,388,12,50,38.8,14.668333,388,108221557.40526,10.0,13.117164,4.638534,1.044599,215.16,10,Benign
5.0,0.0,1.0,46.207423,46.207423,0.0,0.0,0.0,0.0,0.0,0.0,0.0,0.0,0.0,0.0,0.0,0.0,0.0,0.0,0.0,0.0,0.0,0.0,0.0,0.0,0.0,0.0,0.0,0.0,0.0,0.0,0.0,2044,20,50,44.434783,8.507419,2044,22122467.888726,46.0,6.670549,1.254351,0.051671,72.376181,46,Benign
5.0,0.0,1.0,189.516337,189.516337,0.0,0.0,0.0,0.0,0.0,0.0,0.0,0.0,0.0,0.0,0.0,0.0,0.0,0.0,0.0,0.0,0.0,0.0,0.0,0.0,0.0,0.0,0.0,0.0,0.0,0.0,0.0,4512,12,36,24.0,12.0,4512,5304807.010181,188.0,1.956984,0.87519,-0.064168,144.0,188,BT-DoS
5.0,0.0,1.0,162.159608,162.159608,0.0,0.0,0.0,0.0,0.0,0.0,0.0,0.0,0.0,0.0,0.0,0.0,0.0,0.0,0.0,0.0,0.0,0.0,0.0,0.0,0.0,0.0,0.0,0.0,0.0,0.0,0.0,3744,12,36,24.0,12.0,3744,6206549.367597,156.0,2.148345,0.960769,-0.075279,144.0,156,BT-DoS
5.0,0.0,0.9,27.654924,27.654924,0.0,0.0,0.0,0.0,0.0,0.0,0.0,0.0,0.0,0.0,0.0,0.0,0.0,0.0,0.0,0.0,0.0,0.0,0.0,0.0,0.0,0.0,0.0,0.0,0.0,0.0,0.0,1001,8,50,40.04,12.72,1001,37666589.021683,25.0,8.402381,2.544,0.275531,161.7984,25,Benign
5.0,0.0,0.9,21.915634,21.915634,0.0,0.0,0.0,0.0,0.0,0.0,0.0,0.0,0.0,0.0,0.0,0.0,0.0,0.0,0.0,0.0,0.0,0.0,0.0,0.0,0.0,0.0,0.0,0.0,0.0,0.0,0.0,738,12,50,38.842105,12.733144,738,48164500.130547,19.0,9.377583,2.921184,0.073919,162.132964,19,Benign
5.0,0.0,1.0,39.040311,39.040311,0.0,0.0,0.0,0.0,0.0,0.0,0.0,0.0,0.0,0.0,0.0,0.0,0.0,0.0,0.0,0.0,0.0,0.0,0.0,0.0,0.0,0.0,0.0,0.0,0.0,0.0,0.0,1614,10,50,42.473684,11.757947,1614,26306835.38076,38.0,7.149279,1.907391,0.091108,138.249307,38,Benign
5.0,0.0,1.0,50.332047,50.332047,0.0,0.0,0.0,0.0,0.0,0.0,0.0,0.0,0.0,0.0,0.0,0.0,0.0,0.0,0.0,0.0,0.0,0.0,0.0,0.0,0.0,0.0,0.0,0.0,0.0,0.0,0.0,2189,19,50,44.673469,8.077148,2189,20281975.468,49.0,6.485398,1.153878,0.055215,65.240317,49,Benign
5.0,0.0,1.0,149.195505,149.195505,0.0,0.0,0.0,0.0,0.0,0.0,0.0,0.0,0.0,0.0,0.0,0.0,0.0,0.0,0.0,0.0,0.0,0.0,0.0,0.0,0.0,0.0,0.0,0.0,0.0,0.0,0.0,3552,12,36,24.0,12.0,3552,6748210.816156,148.0,2.205644,0.986394,-0.081899,144.0,148,BT-DoS
5.0,0.0,1.0,143.152372,143.152372,0.0,0.0,0.0,0.0,0.0,0.0,0.0,0.0,0.0,0.0,0.0,0.0,0.0,0.0,0.0,0.0,0.0,0.0,0.0,0.0,0.0,0.0,0.0,0.0,0.0,0.0,0.0,3408,12,36,24.0,12.0,3408,7035106.631881,142.0,2.25176,1.007018,-0.085422,144.0,142,BT-DoS
5.0,0.0,0.7,25.051424,25.051424,0.0,0.0,0.0,0.0,0.0,0.0,0.0,0.0,0.0,0.0,0.0,0.0,0.0,0.0,0.0,0.0,0.0,0.0,0.0,0.0,0.0,0.0,0.0,0.0,0.0,0.0,0.0,679,19,50,39.941176,10.913945,679,42412757.873535,17.0,10.042298,2.64702,0.184279,119.114187,17,Benign
5.0,0.0,1.0,13.213678,13.213678,0.0,0.0,0.0,0.0,0.0,0.0,0.0,0.0,0.0,0.0,0.0,0.0,0.0,0.0,0.0,0.0,0.0,0.0,0.0,0.0,0.0,0.0,0.0,0.0,0.0,0.0,0.0,504,12,50,38.769231,12.896952,504,81985751.787821,13.0,11.331999,3.576971,0.943428,166.331361,13,Benign
5.0,0.0,1.0,185.522421,185.522421,0.0,0.0,0.0,0.0,0.0,0.0,0.0,0.0,0.0,0.0,0.0,0.0,0.0,0.0,0.0,0.0,0.0,0.0,0.0,0.0,0.0,0.0,0.0,0.0,0.0,0.0,0.0,4416,12,36,24.0,12.0,4416,5419638.638939,184.0,1.978141,0.884652,-0.065571,144.0,184,BT-DoS
5.0,0.0,0.9,18.605992,18.605992,0.0,0.0,0.0,0.0,0.0,0.0,0.0,0.0,0.0,0.0,0.0,0.0,0.0,0.0,0.0,0.0,0.0,0.0,0.0,0.0,0.0,0.0,0.0,0.0,0.0,0.0,0.0,657,10,50,38.647059,13.190644,657,57105258.107185,17.0,9.904213,3.199201,0.048232,173.99308,17,BT-DoS
5.0,0.0,1.0,183.651783,183.651783,0.0,0.0,0.0,0.0,0.0,0.0,0.0,0.0,0.0,0.0,0.0,0.0,0.0,0.0,0.0,0.0,0.0,0.0,0.0,0.0,0.0,0.0,0.0,0.0,0.0,0.0,0.0,4368,12,36,24.0,12.0,4368,5475170.704541,182.0,1.988981,0.889499,-0.066251,144.0,182,BT-DoS
5.0,0.0,1.0,141.132138,141.132138,0.0,0.0,0.0,0.0,0.0,0.0,0.0,0.0,0.0,0.0,0.0,0.0,0.0,0.0,0.0,0.0,0.0,0.0,0.0,0.0,0.0,0.0,0.0,0.0,0.0,0.0,0.0,3311,10,36,23.65,12.006501,3311,7136533.586241,140.0,2.241617,1.014735,-0.085014,144.156071,140,BT-DoS
5.0,0.0,1.0,127.015231,127.015231,0.0,0.0,0.0,0.0,0.0,0.0,0.0,0.0,0.0,0.0,0.0,0.0,0.0,0.0,0.0,0.0,0.0,0.0,0.0,0.0,0.0,0.0,0.0,0.0,0.0,0.0,0.0,3024,12,36,24.0,12.0,3024,7936056.137085,126.0,2.390457,1.069045,-0.096471,144.0,126,BT-DoS
5.0,0.0,1.0,139.250474,139.250474,0.0,0.0,0.0,0.0,0.0,0.0,0.0,0.0,0.0,0.0,0.0,0.0,0.0,0.0,0.0,0.0,0.0,0.0,0.0,0.0,0.0,0.0,0.0,0.0,0.0,0.0,0.0,3312,12,36,24.0,12.0,3312,7233722.366556,138.0,2.284161,1.021508,-0.087783,144.0,138,BT-DoS
5.0,0.0,1.0,337.88644,337.88644,0.0,0.0,0.0,0.0,0.0,0.0,0.0,0.0,0.0,0.0,0.0,0.0,0.0,0.0,0.0,0.0,0.0,0.0,0.0,0.0,0.0,0.0,0.0,0.0,0.0,0.0,0.0,7728,12,36,24.0,12.0,7728,2968794.088869,322.0,1.495334,0.668734,-0.035581,144.0,322,BT-DoS
5.0,0.0,1.0,49.204075,49.204075,0.0,0.0,0.0,0.0,0.0,0.0,0.0,0.0,0.0,0.0,0.0,0.0,0.0,0.0,0.0,0.0,0.0,0.0,0.0,0.0,0.0,0.0,0.0,0.0,0.0,0.0,0.0,1844,11,50,38.416667,14.285531,1844,20755935.222545,48.0,5.915933,2.061939,0.044564,204.076389,48,Benign
5.0,0.0,1.0,189.519161,189.519161,0.0,0.0,0.0,0.0,0.0,0.0,0.0,0.0,0.0,0.0,0.0,0.0,0.0,0.0,0.0,0.0,0.0,0.0,0.0,0.0,0.0,0.0,0.0,0.0,0.0,0.0,0.0,4512,12,36,24.0,12.0,4512,5304727.96231,188.0,1.956984,0.87519,-0.064159,144.0,188,BT-DoS
5.0,0.0,1.0,163.141362,163.141362,0.0,0.0,0.0,0.0,0.0,0.0,0.0,0.0,0.0,0.0,0.0,0.0,0.0,0.0,0.0,0.0,0.0,0.0,0.0,0.0,0.0,0.0,0.0,0.0,0.0,0.0,0.0,3888,12,36,24.0,12.0,3888,6167725.746676,162.0,2.108185,0.942809,-0.074638,144.0,162,BT-DoS
5.0,0.0,1.0,167.341588,167.341588,0.0,0.0,0.0,0.0,0.0,0.0,0.0,0.0,0.0,0.0,0.0,0.0,0.0,0.0,0.0,0.0,0.0,0.0,0.0,0.0,0.0,0.0,0.0,0.0,0.0,0.0,0.0,3984,12,36,24.0,12.0,3984,6012017.799146,166.0,2.08263,0.931381,-0.072835,144.0,166,BT-DoS
5.0,0.0,0.9,29.599848,29.599848,0.0,0.0,0.0,0.0,0.0,0.0,0.0,0.0,0.0,0.0,0.0,0.0,0.0,0.0,0.0,0.0,0.0,0.0,0.0,0.0,0.0,0.0,0.0,0.0,0.0,0.0,0.0,754,12,36,27.925926,9.482639,754,35083339.764522,27.0,5.675737,1.824935,-0.148218,89.920439,27,Benign
5.0,0.0,0.5,4.112172,4.112172,0.0,0.0,0.0,0.0,0.0,0.0,0.0,0.0,0.0,0.0,0.0,0.0,0.0,0.0,0.0,0.0,0.0,0.0,0.0,0.0,0.0,0.0,0.0,0.0,0.0,0.0,0.0,36,18,18,18.0,0.0,36,486361026.763916,2.0,12.727922,0.0,0.0,0.0,2,Benign
5.0,0.0,1.0,149.210531,149.210531,0.0,0.0,0.0,0.0,0.0,0.0,0.0,0.0,0.0,0.0,0.0,0.0,0.0,0.0,0.0,0.0,0.0,0.0,0.0,0.0,0.0,0.0,0.0,0.0,0.0,0.0,0.0,3552,12,36,24.0,12.0,3552,6747531.242111,148.0,2.205644,0.986394,-0.08189,144.0,148,BT-DoS
5.0,0.0,0.1,75.169769,75.169769,0.0,0.0,0.0,0.0,0.0,0.0,0.0,0.0,0.0,0.0,0.0,0.0,0.0,0.0,0.0,0.0,0.0,0.0,0.0,0.0,0.0,0.0,0.0,0.0,0.0,0.0,0.0,89,12,36,22.25,9.010411,89,17737627.029419,4.0,12.002604,4.505205,0.103796,81.1875,4,Benign
5.0,0.0,1.0,133.062104,133.062104,0.0,0.0,0.0,0.0,0.0,0.0,0.0,0.0,0.0,0.0,0.0,0.0,0.0,0.0,0.0,0.0,0.0,0.0,0.0,0.0,0.0,0.0,0.0,0.0,0.0,0.0,0.0,3168,12,36,24.0,12.0,3168,7572656.369391,132.0,2.335497,1.044466,-0.09209,144.0,132,BT-DoS
5.0,0.0,0.9,31.705734,31.705734,0.0,0.0,0.0,0.0,0.0,0.0,0.0,0.0,0.0,0.0,0.0,0.0,0.0,0.0,0.0,0.0,0.0,0.0,0.0,0.0,0.0,0.0,0.0,0.0,0.0,0.0,0.0,770,12,36,27.5,9.325464,770,32708185.690421,28.0,5.487695,1.762347,-0.141894,86.964286,28,Benign
5.0,0.0,0.7,48.412543,48.412543,0.0,0.0,0.0,0.0,0.0,0.0,0.0,0.0,0.0,0.0,0.0,0.0,0.0,0.0,0.0,0.0,0.0,0.0,0.0,0.0,0.0,0.0,0.0,0.0,0.0,0.0,0.0,1459,8,50,40.527778,10.968354,1459,21245970.044817,36.0,6.99763,1.828059,0.088676,120.304784,36,Benign
5.0,0.0,1.0,26.194662,26.194662,0.0,0.0,0.0,0.0,0.0,0.0,0.0,0.0,0.0,0.0,0.0,0.0,0.0,0.0,0.0,0.0,0.0,0.0,0.0,0.0,0.0,0.0,0.0,0.0,0.0,0.0,0.0,1110,18,50,44.4,9.715966,1110,39766371.250153,25.0,9.090127,1.943193,0.133394,94.4,25,Benign
5.0,0.0,0.1,31.970303,31.970303,0.0,0.0,0.0,0.0,0.0,0.0,0.0,0.0,0.0,0.0,0.0,0.0,0.0,0.0,0.0,0.0,0.0,0.0,0.0,0.0,0.0,0.0,0.0,0.0,0.0,0.0,0.0,89,12,36,22.25,9.010411,89,41705369.949341,4.0,12.002604,4.505205,0.126537,81.1875,4,Benign
5.0,0.0,0.1,65.321155,65.321155,0.0,0.0,0.0,0.0,0.0,0.0,0.0,0.0,0.0,0.0,0.0,0.0,0.0,0.0,0.0,0.0,0.0,0.0,0.0,0.0,0.0,0.0,0.0,0.0,0.0,0.0,0.0,89,12,36,22.25,9.010411,89,20411968.231201,4.0,12.002604,4.505205,0.060802,81.1875,4,Benign
5.0,0.0,1.0,43.447809,43.447809,0.0,0.0,0.0,0.0,0.0,0.0,0.0,0.0,0.0,0.0,0.0,0.0,0.0,0.0,0.0,0.0,0.0,0.0,0.0,0.0,0.0,0.0,0.0,0.0,0.0,0.0,0.0,1924,19,50,44.744186,8.058198,1924,23564122.972034,43.0,6.933197,1.228864,0.047448,64.934559,43,Benign
5.0,0.0,0.6,19.187689,19.187689,0.0,0.0,0.0,0.0,0.0,0.0,0.0,0.0,0.0,0.0,0.0,0.0,0.0,0.0,0.0,0.0,0.0,0.0,0.0,0.0,0.0,0.0,0.0,0.0,0.0,0.0,0.0,184,11,33,15.333333,5.920773,184,56854638.186368,12.0,4.74488,1.70918,0.157519,35.055556,12,Benign
5.0,0.0,0.1,67.933578,67.933578,0.0,0.0,0.0,0.0,0.0,0.0,0.0,0.0,0.0,0.0,0.0,0.0,0.0,0.0,0.0,0.0,0.0,0.0,0.0,0.0,0.0,0.0,0.0,0.0,0.0,0.0,0.0,89,12,36,22.25,9.010411,89,19627014.795939,4.0,12.002604,4.505205,0.081551,81.1875,4,Benign
5.0,0.0,1.0,161.12673,161.12673,0.0,0.0,0.0,0.0,0.0,0.0,0.0,0.0,0.0,0.0,0.0,0.0,0.0,0.0,0.0,0.0,0.0,0.0,0.0,0.0,0.0,0.0,0.0,0.0,0.0,0.0,0.0,3840,12,36,24.0,12.0,3840,6245328.19544,160.0,2.12132,0.948683,-0.075647,144.0,160,BT-DoS
5.0,0.0,1.0,46.206168,46.206168,0.0,0.0,0.0,0.0,0.0,0.0,0.0,0.0,0.0,0.0,0.0,0.0,0.0,0.0,0.0,0.0,0.0,0.0,0.0,0.0,0.0,0.0,0.0,0.0,0.0,0.0,0.0,1929,18,50,43.840909,9.035141,1929,22145437.639813,44.0,6.748163,1.362099,0.043916,81.633781,44,Benign
5.0,0.0,0.9,22.31722,22.31722,0.0,0.0,0.0,0.0,0.0,0.0,0.0,0.0,0.0,0.0,0.0,0.0,0.0,0.0,0.0,0.0,0.0,0.0,0.0,0.0,0.0,0.0,0.0,0.0,0.0,0.0,0.0,540,12,36,27.0,9.949874,540,47166786.695782,20.0,6.434283,2.22486,-0.182579,99.0,20,Benign
5.0,0.0,1.0,155.932941,155.932941,0.0,0.0,0.0,0.0,0.0,0.0,0.0,0.0,0.0,0.0,0.0,0.0,0.0,0.0,0.0,0.0,0.0,0.0,0.0,0.0,0.0,0.0,0.0,0.0,0.0,0.0,0.0,3600,12,36,24.0,12.0,3600,6456053.497007,150.0,2.19089,0.979796,-0.078331,144.0,150,BT-DoS
5.0,0.0,0.0,92.357071,92.357071,0.0,0.0,0.0,0.0,0.0,0.0,0.0,0.0,0.0,0.0,0.0,0.0,0.0,0.0,0.0,0.0,0.0,0.0,0.0,0.0,0.0,0.0,0.0,0.0,0.0,0.0,0.0,89,12,36,22.25,9.010411,89,14436721.801758,4.0,12.002604,4.505205,0.158158,81.1875,4,Benign
5.0,0.0,1.0,16.549426,16.549426,0.0,0.0,0.0,0.0,0.0,0.0,0.0,0.0,0.0,0.0,0.0,0.0,0.0,0.0,0.0,0.0,0.0,0.0,0.0,0.0,0.0,0.0,0.0,0.0,0.0,0.0,0.0,664,12,50,41.5,10.38027,664,64453395.207723,16.0,10.694625,2.595067,-0.281148,107.75,16,Benign
5.0,0.0,0.2,19.006444,19.006444,0.0,0.0,0.0,0.0,0.0,0.0,0.0,0.0,0.0,0.0,0.0,0.0,0.0,0.0,0.0,0.0,0.0,0.0,0.0,0.0,0.0,0.0,0.0,0.0,0.0,0.0,0.0,89,12,36,22.25,9.010411,89,70151646.931966,4.0,12.002604,4.505205,0.817017,81.1875,4,Benign
5.0,0.0,0.7,43.678033,43.678033,0.0,0.0,0.0,0.0,0.0,0.0,0.0,0.0,0.0,0.0,0.0,0.0,0.0,0.0,0.0,0.0,0.0,0.0,0.0,0.0,0.0,0.0,0.0,0.0,0.0,0.0,0.0,1224,8,50,40.8,11.973304,1224,23684279.672031,30.0,7.763161,2.186016,-0.090431,143.36,30,Benign
5.0,0.0,0.0,108.442296,108.442296,0.0,0.0,0.0,0.0,0.0,0.0,0.0,0.0,0.0,0.0,0.0,0.0,0.0,0.0,0.0,0.0,0.0,0.0,0.0,0.0,0.0,0.0,0.0,0.0,0.0,0.0,0.0,89,12,36,22.25,9.010411,89,12295325.597127,4.0,12.002604,4.505205,0.208367,81.1875,4,Benign
5.0,0.0,1.0,59.203491,59.203491,0.0,0.0,0.0,0.0,0.0,0.0,0.0,0.0,0.0,0.0,0.0,0.0,0.0,0.0,0.0,0.0,0.0,0.0,0.0,0.0,0.0,0.0,0.0,0.0,0.0,0.0,0.0,2551,19,50,43.982759,8.29726,2551,17187227.282608,58.0,5.877085,1.089484,0.033767,68.84453,58,Benign
5.0,0.0,1.0,42.630931,42.630931,0.0,0.0,0.0,0.0,0.0,0.0,0.0,0.0,0.0,0.0,0.0,0.0,0.0,0.0,0.0,0.0,0.0,0.0,0.0,0.0,0.0,0.0,0.0,0.0,0.0,0.0,0.0,1418,10,50,33.761905,16.383513,1418,24029272.358592,42.0,5.790562,2.528031,-0.068079,268.419501,42,Benign
5.0,0.0,1.0,19.067956,19.067956,0.0,0.0,0.0,0.0,0.0,0.0,0.0,0.0,0.0,0.0,0.0,0.0,0.0,0.0,0.0,0.0,0.0,0.0,0.0,0.0,0.0,0.0,0.0,0.0,0.0,0.0,0.0,704,18,50,37.052632,13.789675,704,55357562.171088,19.0,9.070057,3.163568,0.597241,190.155125,19,Benign
5.0,0.0,0.0,93.342621,93.342621,0.0,0.0,0.0,0.0,0.0,0.0,0.0,0.0,0.0,0.0,0.0,0.0,0.0,0.0,0.0,0.0,0.0,0.0,0.0,0.0,0.0,0.0,0.0,0.0,0.0,0.0,0.0,89,12,36,22.25,9.010411,89,14284292.856852,4.0,12.002604,4.505205,0.173696,81.1875,4,Benign
5.0,0.0,1.0,37.633715,37.633715,0.0,0.0,0.0,0.0,0.0,0.0,0.0,0.0,0.0,0.0,0.0,0.0,0.0,0.0,0.0,0.0,0.0,0.0,0.0,0.0,0.0,0.0,0.0,0.0,0.0,0.0,0.0,1696,19,50,45.837838,6.594484,1696,27310027.016534,37.0,7.613279,1.084126,0.063328,43.487217,37,Benign
5.0,0.0,1.0,157.099882,157.099882,0.0,0.0,0.0,0.0,0.0,0.0,0.0,0.0,0.0,0.0,0.0,0.0,0.0,0.0,0.0,0.0,0.0,0.0,0.0,0.0,0.0,0.0,0.0,0.0,0.0,0.0,0.0,3744,12,36,24.0,12.0,3744,6406444.118869,156.0,2.148345,0.960769,-0.077646,144.0,156,BT-DoS
5.0,0.0,1.0,258.512365,258.512365,0.0,0.0,0.0,0.0,0.0,0.0,0.0,0.0,0.0,0.0,0.0,0.0,0.0,0.0,0.0,0.0,0.0,0.0,0.0,0.0,0.0,0.0,0.0,0.0,0.0,0.0,0.0,6192,12,36,24.0,12.0,6192,3883338.623937,258.0,1.670538,0.747087,-0.04671,144.0,258,BT-DoS
5.0,0.0,1.0,19.053463,19.053463,0.0,0.0,0.0,0.0,0.0,0.0,0.0,0.0,0.0,0.0,0.0,0.0,0.0,0.0,0.0,0.0,0.0,0.0,0.0,0.0,0.0,0.0,0.0,0.0,0.0,0.0,0.0,697,10,50,36.684211,14.62533,697,55399669.541253,19.0,9.060125,3.355281,-0.783787,213.900277,19,Benign
5.0,0.0,1.0,19.481165,19.481165,0.0,0.0,0.0,0.0,0.0,0.0,0.0,0.0,0.0,0.0,0.0,0.0,0.0,0.0,0.0,0.0,0.0,0.0,0.0,0.0,0.0,0.0,0.0,0.0,0.0,0.0,0.0,746,12,50,39.263158,12.392027,746,54183390.405443,19.0,9.445572,2.842926,0.416882,153.562327,19,Benign
5.0,0.0,0.0,84.895058,84.895058,0.0,0.0,0.0,0.0,0.0,0.0,0.0,0.0,0.0,0.0,0.0,0.0,0.0,0.0,0.0,0.0,0.0,0.0,0.0,0.0,0.0,0.0,0.0,0.0,0.0,0.0,0.0,89,12,36,22.25,9.010411,89,15705664.952596,4.0,12.002604,4.505205,0.140251,81.1875,4,Benign
5.0,0.0,0.5,4.105588,4.105588,0.0,0.0,0.0,0.0,0.0,0.0,0.0,0.0,0.0,0.0,0.0,0.0,0.0,0.0,0.0,0.0,0.0,0.0,0.0,0.0,0.0,0.0,0.0,0.0,0.0,0.0,0.0,36,18,18,18.0,0.0,36,487140893.936157,2.0,12.727922,0.0,0.0,0.0,2,Benign
5.0,0.0,1.0,294.596525,294.596525,0.0,0.0,0.0,0.0,0.0,0.0,0.0,0.0,0.0,0.0,0.0,0.0,0.0,0.0,0.0,0.0,0.0,0.0,0.0,0.0,0.0,0.0,0.0,0.0,0.0,0.0,0.0,7056,12,36,24.0,12.0,7056,3406058.399344,294.0,1.564922,0.699854,-0.040167,144.0,294,BT-DoS
5.0,0.0,1.0,145.685382,145.685382,0.0,0.0,0.0,0.0,0.0,0.0,0.0,0.0,0.0,0.0,0.0,0.0,0.0,0.0,0.0,0.0,0.0,0.0,0.0,0.0,0.0,0.0,0.0,0.0,0.0,0.0,0.0,3360,12,36,24.0,12.0,3360,6913488.717388,140.0,2.267787,1.014185,-0.083983,144.0,140,BT-DoS
5.0,0.0,1.0,22.048214,22.048214,0.0,0.0,0.0,0.0,0.0,0.0,0.0,0.0,0.0,0.0,0.0,0.0,0.0,0.0,0.0,0.0,0.0,0.0,0.0,0.0,0.0,0.0,0.0,0.0,0.0,0.0,0.0,957,19,50,43.5,8.381527,957,47514915.466309,22.0,9.444816,1.786948,0.270627,70.25,22,Benign
5.0,0.0,1.0,48.174447,48.174447,0.0,0.0,0.0,0.0,0.0,0.0,0.0,0.0,0.0,0.0,0.0,0.0,0.0,0.0,0.0,0.0,0.0,0.0,0.0,0.0,0.0,0.0,0.0,0.0,0.0,0.0,0.0,2031,18,50,44.152174,8.645098,2031,21219179.36537,46.0,6.633499,1.27465,0.044821,74.737713,46,Benign
5.0,0.0,1.0,39.325967,39.325967,0.0,0.0,0.0,0.0,0.0,0.0,0.0,0.0,0.0,0.0,0.0,0.0,0.0,0.0,0.0,0.0,0.0,0.0,0.0,0.0,0.0,0.0,0.0,0.0,0.0,0.0,0.0,1292,11,50,33.128205,14.542915,1292,26097661.570499,39.0,5.793397,2.32873,0.12172,211.496384,39,Benign
5.0,0.0,1.0,179.436932,179.436932,0.0,0.0,0.0,0.0,0.0,0.0,0.0,0.0,0.0,0.0,0.0,0.0,0.0,0.0,0.0,0.0,0.0,0.0,0.0,0.0,0.0,0.0,0.0,0.0,0.0,0.0,0.0,4272,12,36,24.0,12.0,4272,5604474.557995,178.0,2.011205,0.899438,-0.067848,144.0,178,BT-DoS
5.0,0.0,1.0,52.610042,52.610042,0.0,0.0,0.0,0.0,0.0,0.0,0.0,0.0,0.0,0.0,0.0,0.0,0.0,0.0,0.0,0.0,0.0,0.0,0.0,0.0,0.0,0.0,0.0,0.0,0.0,0.0,0.0,1895,11,50,37.9,14.203169,1895,19395692.007882,50.0,5.72388,2.008631,0.128838,201.73,50,Benign
5.0,0.0,0.1,62.242266,62.242266,0.0,0.0,0.0,0.0,0.0,0.0,0.0,0.0,0.0,0.0,0.0,0.0,0.0,0.0,0.0,0.0,0.0,0.0,0.0,0.0,0.0,0.0,0.0,0.0,0.0,0.0,0.0,89,12,36,22.25,9.010411,89,21421670.913696,4.0,12.002604,4.505205,0.047872,81.1875,4,Benign
5.0,0.0,0.9,24.808755,24.808755,0.0,0.0,0.0,0.0,0.0,0.0,0.0,0.0,0.0,0.0,0.0,0.0,0.0,0.0,0.0,0.0,0.0,0.0,0.0,0.0,0.0,0.0,0.0,0.0,0.0,0.0,0.0,876,12,50,38.086957,12.268422,876,42140548.87945,23.0,8.343522,2.558143,-0.028725,150.514178,23,Benign
5.0,0.0,1.0,8.132917,8.132917,0.0,0.0,0.0,0.0,0.0,0.0,0.0,0.0,0.0,0.0,0.0,0.0,0.0,0.0,0.0,0.0,0.0,0.0,0.0,0.0,0.0,0.0,0.0,0.0,0.0,0.0,0.0,307,18,50,38.375,12.569184,307,140522411.891392,8.0,14.276839,4.443877,-0.459219,157.984375,8,Benign
5.0,0.0,0.9,30.546929,30.546929,0.0,0.0,0.0,0.0,0.0,0.0,0.0,0.0,0.0,0.0,0.0,0.0,0.0,0.0,0.0,0.0,0.0,0.0,0.0,0.0,0.0,0.0,0.0,0.0,0.0,0.0,0.0,1162,8,50,40.068966,12.156823,1162,33905676.433018,29.0,7.775537,2.257465,0.284102,147.788347,29,Benign
5.0,0.0,1.0,336.348737,336.348737,0.0,0.0,0.0,0.0,0.0,0.0,0.0,0.0,0.0,0.0,0.0,0.0,0.0,0.0,0.0,0.0,0.0,0.0,0.0,0.0,0.0,0.0,0.0,0.0,0.0,0.0,0.0,8016,12,36,24.0,12.0,8016,2982032.907618,334.0,1.468226,0.656611,-0.035736,144.0,334,BT-DoS
5.0,0.0,0.9,22.127692,22.127692,0.0,0.0,0.0,0.0,0.0,0.0,0.0,0.0,0.0,0.0,0.0,0.0,0.0,0.0,0.0,0.0,0.0,0.0,0.0,0.0,0.0,0.0,0.0,0.0,0.0,0.0,0.0,919,19,50,43.761905,8.612863,919,47451853.752136,21.0,9.732825,1.879481,0.154786,74.181406,21,Benign
5.0,0.0,0.9,145.930263,145.930263,0.0,0.0,0.0,0.0,0.0,0.0,0.0,0.0,0.0,0.0,0.0,0.0,0.0,0.0,0.0,0.0,0.0,0.0,0.0,0.0,0.0,0.0,0.0,0.0,0.0,0.0,0.0,3264,12,36,24.0,12.0,3264,6903348.145662,136.0,2.300895,1.028992,-0.083884,144.0,136,BT-DoS
5.0,0.0,1.0,135.126845,135.126845,0.0,0.0,0.0,0.0,0.0,0.0,0.0,0.0,0.0,0.0,0.0,0.0,0.0,0.0,0.0,0.0,0.0,0.0,0.0,0.0,0.0,0.0,0.0,0.0,0.0,0.0,0.0,3120,12,36,24.0,12.0,3120,7457821.868187,130.0,2.353394,1.05247,-0.090686,144.0,130,BT-DoS
5.0,0.0,0.0,90.684223,90.684223,0.0,0.0,0.0,0.0,0.0,0.0,0.0,0.0,0.0,0.0,0.0,0.0,0.0,0.0,0.0,0.0,0.0,0.0,0.0,0.0,0.0,0.0,0.0,0.0,0.0,0.0,0.0,89,12,36,22.25,9.010411,89,14703035.354614,4.0,12.002604,4.505205,0.149419,81.1875,4,Benign
5.0,0.0,1.0,84.858287,84.858287,0.0,0.0,0.0,0.0,0.0,0.0,0.0,0.0,0.0,0.0,0.0,0.0,0.0,0.0,0.0,0.0,0.0,0.0,0.0,0.0,0.0,0.0,0.0,0.0,0.0,0.0,0.0,3634,19,50,44.317073,7.66983,3634,11929838.745682,82.0,4.966754,0.846991,0.043178,58.826294,82,Benign
5.0,0.0,1.0,149.031741,149.031741,0.0,0.0,0.0,0.0,0.0,0.0,0.0,0.0,0.0,0.0,0.0,0.0,0.0,0.0,0.0,0.0,0.0,0.0,0.0,0.0,0.0,0.0,0.0,0.0,0.0,0.0,0.0,3552,12,36,24.0,12.0,3552,6755626.120535,148.0,2.205644,0.986394,-0.081865,144.0,148,BT-DoS
5.0,0.0,1.0,45.745985,45.745985,0.0,0.0,0.0,0.0,0.0,0.0,0.0,0.0,0.0,0.0,0.0,0.0,0.0,0.0,0.0,0.0,0.0,0.0,0.0,0.0,0.0,0.0,0.0,0.0,0.0,0.0,0.0,2055,27,50,45.666667,6.422184,2055,22356656.464663,45.0,6.874573,0.957363,0.034057,41.244444,45,Benign
5.0,0.0,1.0,10.154335,10.154335,0.0,0.0,0.0,0.0,0.0,0.0,0.0,0.0,0.0,0.0,0.0,0.0,0.0,0.0,0.0,0.0,0.0,0.0,0.0,0.0,0.0,0.0,0.0,0.0,0.0,0.0,0.0,366,12,50,36.6,13.944174,366,109422339.333428,10.0,12.385475,4.409535,0.320988,194.44,10,Benign
5.0,0.0,1.0,64.280783,64.280783,0.0,0.0,0.0,0.0,0.0,0.0,0.0,0.0,0.0,0.0,0.0,0.0,0.0,0.0,0.0,0.0,0.0,0.0,0.0,0.0,0.0,0.0,0.0,0.0,0.0,0.0,0.0,2833,19,50,44.265625,8.435865,2833,15803681.47956,64.0,5.632785,1.054483,0.032396,71.163818,64,Benign
5.0,0.0,1.0,376.718354,376.718354,0.0,0.0,0.0,0.0,0.0,0.0,0.0,0.0,0.0,0.0,0.0,0.0,0.0,0.0,0.0,0.0,0.0,0.0,0.0,0.0,0.0,0.0,0.0,0.0,0.0,0.0,0.0,9024,12,36,24.0,12.0,9024,2661581.675212,376.0,1.383797,0.618853,-0.031836,144.0,376,BT-DoS
5.0,0.0,0.9,9.873726,9.873726,0.0,0.0,0.0,0.0,0.0,0.0,0.0,0.0,0.0,0.0,0.0,0.0,0.0,0.0,0.0,0.0,0.0,0.0,0.0,0.0,0.0,0.0,0.0,0.0,0.0,0.0,0.0,327,12,50,36.333333,14.406789,327,113938748.836517,9.0,13.028459,4.802263,0.714203,207.555556,9,Benign
5.0,0.0,1.0,175.410122,175.410122,0.0,0.0,0.0,0.0,0.0,0.0,0.0,0.0,0.0,0.0,0.0,0.0,0.0,0.0,0.0,0.0,0.0,0.0,0.0,0.0,0.0,0.0,0.0,0.0,0.0,0.0,0.0,4176,12,36,24.0,12.0,4176,5733878.6263,174.0,2.034191,0.909718,-0.069427,144.0,174,BT-DoS
5.0,0.0,0.5,38.212864,38.212864,0.0,0.0,0.0,0.0,0.0,0.0,0.0,0.0,0.0,0.0,0.0,0.0,0.0,0.0,0.0,0.0,0.0,0.0,0.0,0.0,0.0,0.0,0.0,0.0,0.0,0.0,0.0,754,8,50,35.904762,15.249995,754,27477657.794952,21.0,8.512496,3.327822,0.069333,232.562358,21,Benign
5.0,0.0,0.1,63.386313,63.386313,0.0,0.0,0.0,0.0,0.0,0.0,0.0,0.0,0.0,0.0,0.0,0.0,0.0,0.0,0.0,0.0,0.0,0.0,0.0,0.0,0.0,0.0,0.0,0.0,0.0,0.0,0.0,89,12,36,22.25,9.010411,89,21035035.451253,4.0,12.002604,4.505205,0.060928,81.1875,4,Benign
5.0,0.0,1.0,175.401268,175.401268,0.0,0.0,0.0,0.0,0.0,0.0,0.0,0.0,0.0,0.0,0.0,0.0,0.0,0.0,0.0,0.0,0.0,0.0,0.0,0.0,0.0,0.0,0.0,0.0,0.0,0.0,0.0,4176,12,36,24.0,12.0,4176,5734168.036136,174.0,2.034191,0.909718,-0.069422,144.0,174,BT-DoS
5.0,0.0,1.0,166.323276,166.323276,0.0,0.0,0.0,0.0,0.0,0.0,0.0,0.0,0.0,0.0,0.0,0.0,0.0,0.0,0.0,0.0,0.0,0.0,0.0,0.0,0.0,0.0,0.0,0.0,0.0,0.0,0.0,3840,12,36,24.0,12.0,3840,6050201.332044,160.0,2.12132,0.948683,-0.073309,144.0,160,BT-DoS
5.0,0.0,1.0,67.252303,67.252303,0.0,0.0,0.0,0.0,0.0,0.0,0.0,0.0,0.0,0.0,0.0,0.0,0.0,0.0,0.0,0.0,0.0,0.0,0.0,0.0,0.0,0.0,0.0,0.0,0.0,0.0,0.0,3271,10,249,49.560606,52.594253,3271,15098138.955923,66.0,8.895359,6.473905,-0.052408,2766.155418,66,Benign
5.0,0.0,1.0,41.020549,41.020549,0.0,0.0,0.0,0.0,0.0,0.0,0.0,0.0,0.0,0.0,0.0,0.0,0.0,0.0,0.0,0.0,0.0,0.0,0.0,0.0,0.0,0.0,0.0,0.0,0.0,0.0,0.0,1783,18,50,44.575,7.952633,1783,25003103.109506,40.0,7.159216,1.257422,-0.049065,63.244375,40,Benign
5.0,0.0,1.0,176.734819,176.734819,0.0,0.0,0.0,0.0,0.0,0.0,0.0,0.0,0.0,0.0,0.0,0.0,0.0,0.0,0.0,0.0,0.0,0.0,0.0,0.0,0.0,0.0,0.0,0.0,0.0,0.0,0.0,4080,12,36,24.0,12.0,4080,5691675.039438,170.0,2.057983,0.920358,-0.068936,144.0,170,BT-DoS
5.0,0.0,1.0,388.761989,388.761989,0.0,0.0,0.0,0.0,0.0,0.0,0.0,0.0,0.0,0.0,0.0,0.0,0.0,0.0,0.0,0.0,0.0,0.0,0.0,0.0,0.0,0.0,0.0,0.0,0.0,0.0,0.0,9312,12,36,24.0,12.0,9312,2578914.627548,388.0,1.36223,0.609208,-0.030848,144.0,388,BT-DoS
5.0,0.0,0.9,23.296227,23.296227,0.0,0.0,0.0,0.0,0.0,0.0,0.0,0.0,0.0,0.0,0.0,0.0,0.0,0.0,0.0,0.0,0.0,0.0,0.0,0.0,0.0,0.0,0.0,0.0,0.0,0.0,0.0,540,12,36,27.0,9.949874,540,45184637.370862,20.0,6.434283,2.22486,-0.091863,99.0,20,Benign
5.0,0.0,1.0,159.276589,159.276589,0.0,0.0,0.0,0.0,0.0,0.0,0.0,0.0,0.0,0.0,0.0,0.0,0.0,0.0,0.0,0.0,0.0,0.0,0.0,0.0,0.0,0.0,0.0,0.0,0.0,0.0,0.0,3792,12,36,24.0,12.0,3792,6318376.322461,158.0,2.134704,0.954669,-0.076604,144.0,158,BT-DoS
5.0,0.0,1.0,42.072161,42.072161,0.0,0.0,0.0,0.0,0.0,0.0,0.0,0.0,0.0,0.0,0.0,0.0,0.0,0.0,0.0,0.0,0.0,0.0,0.0,0.0,0.0,0.0,0.0,0.0,0.0,0.0,0.0,1835,18,50,43.690476,8.436,1835,24348410.164438,42.0,6.866107,1.301703,0.02698,71.1661,42,Benign
5.0,0.0,1.0,82.489572,82.489572,0.0,0.0,0.0,0.0,0.0,0.0,0.0,0.0,0.0,0.0,0.0,0.0,0.0,0.0,0.0,0.0,0.0,0.0,0.0,0.0,0.0,0.0,0.0,0.0,0.0,0.0,0.0,3163,10,50,38.573171,13.413708,3163,12272407.979141,82.0,4.509904,1.481296,0.083014,179.927573,82,Benign
5.0,0.0,1.0,179.436414,179.436414,0.0,0.0,0.0,0.0,0.0,0.0,0.0,0.0,0.0,0.0,0.0,0.0,0.0,0.0,0.0,0.0,0.0,0.0,0.0,0.0,0.0,0.0,0.0,0.0,0.0,0.0,0.0,4272,12,36,24.0,12.0,4272,5604490.721967,178.0,2.011205,0.899438,-0.067842,144.0,178,BT-DoS
5.0,0.0,0.5,4.087966,4.087966,0.0,0.0,0.0,0.0,0.0,0.0,0.0,0.0,0.0,0.0,0.0,0.0,0.0,0.0,0.0,0.0,0.0,0.0,0.0,0.0,0.0,0.0,0.0,0.0,0.0,0.0,0.0,36,18,18,18.0,0.0,36,489240884.780884,2.0,12.727922,0.0,0.0,0.0,2,Benign
5.0,0.0,1.0,44.060708,44.060708,0.0,0.0,0.0,0.0,0.0,0.0,0.0,0.0,0.0,0.0,0.0,0.0,0.0,0.0,0.0,0.0,0.0,0.0,0.0,0.0,0.0,0.0,0.0,0.0,0.0,0.0,0.0,1982,19,50,45.045455,8.123911,1982,23223771.605381,44.0,6.900413,1.224726,0.051456,65.997934,44,Benign
5.0,0.0,1.0,50.442931,50.442931,0.0,0.0,0.0,0.0,0.0,0.0,0.0,0.0,0.0,0.0,0.0,0.0,0.0,0.0,0.0,0.0,0.0,0.0,0.0,0.0,0.0,0.0,0.0,0.0,0.0,0.0,0.0,2168,18,50,44.244898,9.336194,2168,20237391.193708,49.0,6.459885,1.333742,0.057336,87.164515,49,Benign
5.0,0.0,1.0,137.365962,137.365962,0.0,0.0,0.0,0.0,0.0,0.0,0.0,0.0,0.0,0.0,0.0,0.0,0.0,0.0,0.0,0.0,0.0,0.0,0.0,0.0,0.0,0.0,0.0,0.0,0.0,0.0,0.0,3264,12,36,24.0,12.0,3264,7333748.42891,136.0,2.300895,1.028992,-0.089151,144.0,136,BT-DoS
5.0,0.0,0.9,33.07496,33.07496,0.0,0.0,0.0,0.0,0.0,0.0,0.0,0.0,0.0,0.0,0.0,0.0,0.0,0.0,0.0,0.0,0.0,0.0,0.0,0.0,0.0,0.0,0.0,0.0,0.0,0.0,0.0,839,12,36,27.064516,9.493412,839,31242163.976034,31.0,5.151301,1.705067,-0.084162,90.12487,31,Benign
5.0,0.0,0.9,29.574841,29.574841,0.0,0.0,0.0,0.0,0.0,0.0,0.0,0.0,0.0,0.0,0.0,0.0,0.0,0.0,0.0,0.0,0.0,0.0,0.0,0.0,0.0,0.0,0.0,0.0,0.0,0.0,0.0,754,12,36,27.925926,9.132465,754,35113004.537729,27.0,5.654429,1.757544,-0.084707,83.40192,27,Benign
5.0,0.0,1.0,175.412061,175.412061,0.0,0.0,0.0,0.0,0.0,0.0,0.0,0.0,0.0,0.0,0.0,0.0,0.0,0.0,0.0,0.0,0.0,0.0,0.0,0.0,0.0,0.0,0.0,0.0,0.0,0.0,0.0,4176,12,36,24.0,12.0,4176,5733815.231764,174.0,2.034191,0.909718,-0.069442,144.0,174,BT-DoS
5.0,0.0,1.0,137.097617,137.097617,0.0,0.0,0.0,0.0,0.0,0.0,0.0,0.0,0.0,0.0,0.0,0.0,0.0,0.0,0.0,0.0,0.0,0.0,0.0,0.0,0.0,0.0,0.0,0.0,0.0,0.0,0.0,3264,12,36,24.0,12.0,3264,7348102.993435,136.0,2.300895,1.028992,-0.089213,144.0,136,BT-DoS
5.0,0.0,1.0,167.352368,167.352368,0.0,0.0,0.0,0.0,0.0,0.0,0.0,0.0,0.0,0.0,0.0,0.0,0.0,0.0,0.0,0.0,0.0,0.0,0.0,0.0,0.0,0.0,0.0,0.0,0.0,0.0,0.0,3984,12,36,24.0,12.0,3984,6011630.549575,166.0,2.08263,0.931381,-0.072843,144.0,166,BT-DoS
5.0,0.0,1.0,169.356734,169.356734,0.0,0.0,0.0,0.0,0.0,0.0,0.0,0.0,0.0,0.0,0.0,0.0,0.0,0.0,0.0,0.0,0.0,0.0,0.0,0.0,0.0,0.0,0.0,0.0,0.0,0.0,0.0,4032,12,36,24.0,12.0,4032,5940053.277387,168.0,2.070197,0.92582,-0.071979,144.0,168,BT-DoS
5.0,0.0,0.9,28.306341,28.306341,0.0,0.0,0.0,0.0,0.0,0.0,0.0,0.0,0.0,0.0,0.0,0.0,0.0,0.0,0.0,0.0,0.0,0.0,0.0,0.0,0.0,0.0,0.0,0.0,0.0,0.0,0.0,1184,19,50,45.538462,6.41651,1184,36740884.780884,26.0,9.019046,1.258381,0.01916,41.171598,26,Benign
5.0,0.0,0.9,22.663657,22.663657,0.0,0.0,0.0,0.0,0.0,0.0,0.0,0.0,0.0,0.0,0.0,0.0,0.0,0.0,0.0,0.0,0.0,0.0,0.0,0.0,0.0,0.0,0.0,0.0,0.0,0.0,0.0,540,12,36,27.0,9.949874,540,46445796.364232,20.0,6.434283,2.22486,-0.138219,99.0,20,Benign
5.0,0.0,0.1,75.734749,75.734749,0.0,0.0,0.0,0.0,0.0,0.0,0.0,0.0,0.0,0.0,0.0,0.0,0.0,0.0,0.0,0.0,0.0,0.0,0.0,0.0,0.0,0.0,0.0,0.0,0.0,0.0,0.0,89,12,36,22.25,9.010411,89,17605304.718018,4.0,12.002604,4.505205,0.111972,81.1875,4,Benign
5.0,0.0,1.0,94.22814,94.22814,0.0,0.0,0.0,0.0,0.0,0.0,0.0,0.0,0.0,0.0,0.0,0.0,0.0,0.0,0.0,0.0,0.0,0.0,0.0,0.0,0.0,0.0,0.0,0.0,0.0,0.0,0.0,4172,19,50,44.382979,6.274071,4172,10726654.40139,94.0,4.623268,0.647121,0.037878,39.363966,94,Benign
5.0,0.0,1.0,165.325067,165.325067,0.0,0.0,0.0,0.0,0.0,0.0,0.0,0.0,0.0,0.0,0.0,0.0,0.0,0.0,0.0,0.0,0.0,0.0,0.0,0.0,0.0,0.0,0.0,0.0,0.0,0.0,0.0,3936,12,36,24.0,12.0,3936,6085798.052922,164.0,2.095291,0.937043,-0.073761,144.0,164,BT-DoS
5.0,0.0,1.0,32.11673,32.11673,0.0,0.0,0.0,0.0,0.0,0.0,0.0,0.0,0.0,0.0,0.0,0.0,0.0,0.0,0.0,0.0,0.0,0.0,0.0,0.0,0.0,0.0,0.0,0.0,0.0,0.0,0.0,961,11,50,31.0,15.510662,961,32174301.147461,31.0,6.225806,2.785797,0.080798,240.580645,31,Benign
5.0,0.0,1.0,137.222995,137.222995,0.0,0.0,0.0,0.0,0.0,0.0,0.0,0.0,0.0,0.0,0.0,0.0,0.0,0.0,0.0,0.0,0.0,0.0,0.0,0.0,0.0,0.0,0.0,0.0,0.0,0.0,0.0,3168,12,36,24.0,12.0,3168,7343037.437847,132.0,2.335497,1.044466,-0.089293,144.0,132,BT-DoS
5.0,0.0,1.0,88.013127,88.013127,0.0,0.0,0.0,0.0,0.0,0.0,0.0,0.0,0.0,0.0,0.0,0.0,0.0,0.0,0.0,0.0,0.0,0.0,0.0,0.0,0.0,0.0,0.0,0.0,0.0,0.0,0.0,3024,12,36,34.758621,4.825615,3024,11494057.123051,87.0,3.762257,0.51736,-0.002386,23.286564,87,Benign
5.0,0.0,1.0,169.354333,169.354333,0.0,0.0,0.0,0.0,0.0,0.0,0.0,0.0,0.0,0.0,0.0,0.0,0.0,0.0,0.0,0.0,0.0,0.0,0.0,0.0,0.0,0.0,0.0,0.0,0.0,0.0,0.0,4032,12,36,24.0,12.0,4032,5940137.5091,168.0,2.070197,0.92582,-0.071963,144.0,168,BT-DoS
5.0,0.0,0.1,60.023885,60.023885,0.0,0.0,0.0,0.0,0.0,0.0,0.0,0.0,0.0,0.0,0.0,0.0,0.0,0.0,0.0,0.0,0.0,0.0,0.0,0.0,0.0,0.0,0.0,0.0,0.0,0.0,0.0,89,12,36,22.25,9.010411,89,22213379.542033,4.0,12.002604,4.505205,0.057773,81.1875,4,Benign
5.0,0.0,0.0,99.441164,99.441164,0.0,0.0,0.0,0.0,0.0,0.0,0.0,0.0,0.0,0.0,0.0,0.0,0.0,0.0,0.0,0.0,0.0,0.0,0.0,0.0,0.0,0.0,0.0,0.0,0.0,0.0,0.0,89,12,36,22.25,9.010411,89,13408263.524373,4.0,12.002604,4.505205,0.19329,81.1875,4,Benign
5.0,0.0,1.0,78.46569,78.46569,0.0,0.0,0.0,0.0,0.0,0.0,0.0,0.0,0.0,0.0,0.0,0.0,0.0,0.0,0.0,0.0,0.0,0.0,0.0,0.0,0.0,0.0,0.0,0.0,0.0,0.0,0.0,3478,32,50,44.589744,5.482924,3478,12909935.666369,78.0,5.08682,0.620819,0.0371,30.062459,78,Benign
5.0,0.0,1.0,171.37787,171.37787,0.0,0.0,0.0,0.0,0.0,0.0,0.0,0.0,0.0,0.0,0.0,0.0,0.0,0.0,0.0,0.0,0.0,0.0,0.0,0.0,0.0,0.0,0.0,0.0,0.0,0.0,0.0,4080,12,36,24.0,12.0,4080,5869586.086837,170.0,2.057983,0.920358,-0.071101,144.0,170,BT-DoS
5.0,0.0,1.0,296.586979,296.586979,0.0,0.0,0.0,0.0,0.0,0.0,0.0,0.0,0.0,0.0,0.0,0.0,0.0,0.0,0.0,0.0,0.0,0.0,0.0,0.0,0.0,0.0,0.0,0.0,0.0,0.0,0.0,7104,12,36,24.0,12.0,7104,3383121.652118,296.0,1.559626,0.697486,-0.040619,144.0,296,BT-DoS
5.0,0.0,1.0,141.127898,141.127898,0.0,0.0,0.0,0.0,0.0,0.0,0.0,0.0,0.0,0.0,0.0,0.0,0.0,0.0,0.0,0.0,0.0,0.0,0.0,0.0,0.0,0.0,0.0,0.0,0.0,0.0,0.0,3360,12,36,24.0,12.0,3360,7136747.991438,140.0,2.267787,1.014185,-0.086682,144.0,140,BT-DoS
5.0,0.0,1.0,155.239121,155.239121,0.0,0.0,0.0,0.0,0.0,0.0,0.0,0.0,0.0,0.0,0.0,0.0,0.0,0.0,0.0,0.0,0.0,0.0,0.0,0.0,0.0,0.0,0.0,0.0,0.0,0.0,0.0,3696,12,36,24.0,12.0,3696,6483777.675753,154.0,2.16225,0.966988,-0.078632,144.0,154,BT-DoS
5.0,0.0,0.9,53.243208,53.243208,0.0,0.0,0.0,0.0,0.0,0.0,0.0,0.0,0.0,0.0,0.0,0.0,0.0,0.0,0.0,0.0,0.0,0.0,0.0,0.0,0.0,0.0,0.0,0.0,0.0,0.0,0.0,2016,11,50,40.32,14.080398,2016,19165039.0625,50.0,6.039801,1.991269,0.117085,198.2576,50,Benign
5.0,0.0,1.0,183.475308,183.475308,0.0,0.0,0.0,0.0,0.0,0.0,0.0,0.0,0.0,0.0,0.0,0.0,0.0,0.0,0.0,0.0,0.0,0.0,0.0,0.0,0.0,0.0,0.0,0.0,0.0,0.0,0.0,4368,12,36,24.0,12.0,4368,5480436.988957,182.0,1.988981,0.889499,-0.066296,144.0,182,BT-DoS
5.0,0.0,0.1,36.172293,36.172293,0.0,0.0,0.0,0.0,0.0,0.0,0.0,0.0,0.0,0.0,0.0,0.0,0.0,0.0,0.0,0.0,0.0,0.0,0.0,0.0,0.0,0.0,0.0,0.0,0.0,0.0,0.0,89,12,36,22.25,9.010411,89,36860624.949137,4.0,12.002604,4.505205,-0.174644,81.1875,4,Benign
5.0,0.0,0.1,49.187209,49.187209,0.0,0.0,0.0,0.0,0.0,0.0,0.0,0.0,0.0,0.0,0.0,0.0,0.0,0.0,0.0,0.0,0.0,0.0,0.0,0.0,0.0,0.0,0.0,0.0,0.0,0.0,0.0,89,12,36,22.25,9.010411,89,27107318.242391,4.0,12.002604,4.505205,0.30523,81.1875,4,Benign
5.0,0.0,1.0,163.128829,163.128829,0.0,0.0,0.0,0.0,0.0,0.0,0.0,0.0,0.0,0.0,0.0,0.0,0.0,0.0,0.0,0.0,0.0,0.0,0.0,0.0,0.0,0.0,0.0,0.0,0.0,0.0,0.0,3888,12,36,24.0,12.0,3888,6168199.622113,162.0,2.108185,0.942809,-0.074667,144.0,162,BT-DoS
5.0,0.0,1.0,37.16344,37.16344,0.0,0.0,0.0,0.0,0.0,0.0,0.0,0.0,0.0,0.0,0.0,0.0,0.0,0.0,0.0,0.0,0.0,0.0,0.0,0.0,0.0,0.0,0.0,0.0,0.0,0.0,0.0,1654,19,50,45.944444,6.769804,1654,27676970.618112,36.0,7.740087,1.128301,0.036706,45.830247,36,Benign
5.0,0.0,1.0,41.129223,41.129223,0.0,0.0,0.0,0.0,0.0,0.0,0.0,0.0,0.0,0.0,0.0,0.0,0.0,0.0,0.0,0.0,0.0,0.0,0.0,0.0,0.0,0.0,0.0,0.0,0.0,0.0,0.0,1892,22,50,46.146341,6.41097,1892,24921452.999115,41.0,7.276064,1.001225,0.010169,41.100535,41,Benign
5.0,0.0,1.0,35.205316,35.205316,0.0,0.0,0.0,0.0,0.0,0.0,0.0,0.0,0.0,0.0,0.0,0.0,0.0,0.0,0.0,0.0,0.0,0.0,0.0,0.0,0.0,0.0,0.0,0.0,0.0,0.0,0.0,1082,12,116,30.914286,29.688258,1082,29240236.562841,35.0,7.244872,5.018231,-0.440618,881.392653,35,BT-DoS
5.0,0.0,0.0,106.711716,106.711716,0.0,0.0,0.0,0.0,0.0,0.0,0.0,0.0,0.0,0.0,0.0,0.0,0.0,0.0,0.0,0.0,0.0,0.0,0.0,0.0,0.0,0.0,0.0,0.0,0.0,0.0,0.0,89,12,36,22.25,9.010411,89,12494723.002116,4.0,12.002604,4.505205,0.181562,81.1875,4,Benign
5.0,0.0,1.0,38.370809,38.370809,0.0,0.0,0.0,0.0,0.0,0.0,0.0,0.0,0.0,0.0,0.0,0.0,0.0,0.0,0.0,0.0,0.0,0.0,0.0,0.0,0.0,0.0,0.0,0.0,0.0,0.0,0.0,1690,19,50,44.473684,7.846343,1690,26765842.695494,38.0,7.326006,1.272845,0.047727,61.565097,38,Benign
5.0,0.0,1.0,35.978909,35.978909,0.0,0.0,0.0,0.0,0.0,0.0,0.0,0.0,0.0,0.0,0.0,0.0,0.0,0.0,0.0,0.0,0.0,0.0,0.0,0.0,0.0,0.0,0.0,0.0,0.0,0.0,0.0,1665,36,50,47.571429,4.114683,1665,28611533.782061,35.0,8.071062,0.695508,-0.040179,16.930612,35,Benign
5.0,0.0,1.0,322.634607,322.634607,0.0,0.0,0.0,0.0,0.0,0.0,0.0,0.0,0.0,0.0,0.0,0.0,0.0,0.0,0.0,0.0,0.0,0.0,0.0,0.0,0.0,0.0,0.0,0.0,0.0,0.0,0.0,7728,12,36,24.0,12.0,7728,3109137.217204,322.0,1.495334,0.668734,-0.037276,144.0,322,BT-DoS
5.0,0.0,1.0,245.551992,245.551992,0.0,0.0,0.0,0.0,0.0,0.0,0.0,0.0,0.0,0.0,0.0,0.0,0.0,0.0,0.0,0.0,0.0,0.0,0.0,0.0,0.0,0.0,0.0,0.0,0.0,0.0,0.0,5616,12,36,24.0,12.0,5616,4089935.654734,234.0,1.754116,0.784465,-0.049266,144.0,234,BT-DoS
5.0,0.0,0.4,423.532146,423.532146,0.0,0.0,0.0,0.0,0.0,0.0,0.0,0.0,0.0,0.0,0.0,0.0,0.0,0.0,0.0,0.0,0.0,0.0,0.0,0.0,0.0,0.0,0.0,0.0,0.0,0.0,0.0,3328,8,259,21.333333,38.620994,3328,2376328.745196,156.0,3.532534,3.092154,-0.004683,1491.581197,156,Benign
5.0,0.0,0.5,13.425885,13.425885,0.0,0.0,0.0,0.0,0.0,0.0,0.0,0.0,0.0,0.0,0.0,0.0,0.0,0.0,0.0,0.0,0.0,0.0,0.0,0.0,0.0,0.0,0.0,0.0,0.0,0.0,0.0,237,12,50,33.857143,15.037368,237,86896816.889445,7.0,14.002186,5.683591,0.364839,226.122449,7,Benign
5.0,0.0,1.0,179.259642,179.259642,0.0,0.0,0.0,0.0,0.0,0.0,0.0,0.0,0.0,0.0,0.0,0.0,0.0,0.0,0.0,0.0,0.0,0.0,0.0,0.0,0.0,0.0,0.0,0.0,0.0,0.0,0.0,4272,12,36,24.0,12.0,4272,5610017.45321,178.0,2.011205,0.899438,-0.067896,144.0,178,BT-DoS
5.0,0.0,1.0,149.690021,149.690021,0.0,0.0,0.0,0.0,0.0,0.0,0.0,0.0,0.0,0.0,0.0,0.0,0.0,0.0,0.0,0.0,0.0,0.0,0.0,0.0,0.0,0.0,0.0,0.0,0.0,0.0,0.0,3456,12,36,24.0,12.0,3456,6727188.617199,144.0,2.236068,1.0,-0.081664,144.0,144,BT-DoS
5.0,0.0,1.0,175.402322,175.402322,0.0,0.0,0.0,0.0,0.0,0.0,0.0,0.0,0.0,0.0,0.0,0.0,0.0,0.0,0.0,0.0,0.0,0.0,0.0,0.0,0.0,0.0,0.0,0.0,0.0,0.0,0.0,4176,12,36,24.0,12.0,4176,5734133.582584,174.0,2.034191,0.909718,-0.069431,144.0,174,BT-DoS
5.0,0.0,1.0,86.898968,86.898968,0.0,0.0,0.0,0.0,0.0,0.0,0.0,0.0,0.0,0.0,0.0,0.0,0.0,0.0,0.0,0.0,0.0,0.0,0.0,0.0,0.0,0.0,0.0,0.0,0.0,0.0,0.0,2988,12,36,34.744186,4.851722,2988,11643000.210033,86.0,3.782914,0.523175,-0.005985,23.53921,86,Benign
5.0,0.0,0.0,102.430009,102.430009,0.0,0.0,0.0,0.0,0.0,0.0,0.0,0.0,0.0,0.0,0.0,0.0,0.0,0.0,0.0,0.0,0.0,0.0,0.0,0.0,0.0,0.0,0.0,0.0,0.0,0.0,0.0,89,12,36,22.25,9.010411,89,13017018.636068,4.0,12.002604,4.505205,0.179567,81.1875,4,Benign
5.0,0.0,1.0,175.404641,175.404641,0.0,0.0,0.0,0.0,0.0,0.0,0.0,0.0,0.0,0.0,0.0,0.0,0.0,0.0,0.0,0.0,0.0,0.0,0.0,0.0,0.0,0.0,0.0,0.0,0.0,0.0,0.0,4176,12,36,24.0,12.0,4176,5734057.78477,174.0,2.034191,0.909718,-0.069404,144.0,174,BT-DoS
5.0,0.0,1.0,191.538223,191.538223,0.0,0.0,0.0,0.0,0.0,0.0,0.0,0.0,0.0,0.0,0.0,0.0,0.0,0.0,0.0,0.0,0.0,0.0,0.0,0.0,0.0,0.0,0.0,0.0,0.0,0.0,0.0,4560,12,36,24.0,12.0,4560,5248513.802019,190.0,1.946657,0.870572,-0.063474,144.0,190,BT-DoS
5.0,0.0,1.0,164.245416,164.245416,0.0,0.0,0.0,0.0,0.0,0.0,0.0,0.0,0.0,0.0,0.0,0.0,0.0,0.0,0.0,0.0,0.0,0.0,0.0,0.0,0.0,0.0,0.0,0.0,0.0,0.0,0.0,3792,12,36,24.0,12.0,3792,6127229.921377,158.0,2.134704,0.954669,-0.074273,144.0,158,BT-DoS
5.0,0.0,1.0,169.357915,169.357915,0.0,0.0,0.0,0.0,0.0,0.0,0.0,0.0,0.0,0.0,0.0,0.0,0.0,0.0,0.0,0.0,0.0,0.0,0.0,0.0,0.0,0.0,0.0,0.0,0.0,0.0,0.0,4032,12,36,24.0,12.0,4032,5940011.875358,168.0,2.070197,0.92582,-0.071972,144.0,168,BT-DoS
5.0,0.0,1.0,128.899613,128.899613,0.0,0.0,0.0,0.0,0.0,0.0,0.0,0.0,0.0,0.0,0.0,0.0,0.0,0.0,0.0,0.0,0.0,0.0,0.0,0.0,0.0,0.0,0.0,0.0,0.0,0.0,0.0,2976,12,36,24.0,12.0,2976,7821048.178324,124.0,2.409658,1.077632,-0.09522,144.0,124,BT-DoS
5.0,0.0,1.0,35.662757,35.662757,0.0,0.0,0.0,0.0,0.0,0.0,0.0,0.0,0.0,0.0,0.0,0.0,0.0,0.0,0.0,0.0,0.0,0.0,0.0,0.0,0.0,0.0,0.0,0.0,0.0,0.0,0.0,1618,19,50,46.228571,6.590407,1618,28865176.08867,35.0,7.893061,1.113982,0.050036,43.433469,35,Benign
5.0,0.0,1.0,333.325576,333.325576,0.0,0.0,0.0,0.0,0.0,0.0,0.0,0.0,0.0,0.0,0.0,0.0,0.0,0.0,0.0,0.0,0.0,0.0,0.0,0.0,0.0,0.0,0.0,0.0,0.0,0.0,0.0,7968,12,36,24.0,12.0,7968,3009133.468582,332.0,1.472642,0.658586,-0.036082,144.0,332,BT-DoS
5.0,0.0,1.0,166.324843,166.324843,0.0,0.0,0.0,0.0,0.0,0.0,0.0,0.0,0.0,0.0,0.0,0.0,0.0,0.0,0.0,0.0,0.0,0.0,0.0,0.0,0.0,0.0,0.0,0.0,0.0,0.0,0.0,3840,12,36,24.0,12.0,3840,6050144.351503,160.0,2.12132,0.948683,-0.073326,144.0,160,BT-DoS
5.0,0.0,1.0,171.346941,171.346941,0.0,0.0,0.0,0.0,0.0,0.0,0.0,0.0,0.0,0.0,0.0,0.0,0.0,0.0,0.0,0.0,0.0,0.0,0.0,0.0,0.0,0.0,0.0,0.0,0.0,0.0,0.0,4080,12,36,24.0,12.0,4080,5870645.568216,170.0,2.057983,0.920358,-0.071087,144.0,170,BT-DoS
5.0,0.0,1.0,22.122026,22.122026,0.0,0.0,0.0,0.0,0.0,0.0,0.0,0.0,0.0,0.0,0.0,0.0,0.0,0.0,0.0,0.0,0.0,0.0,0.0,0.0,0.0,0.0,0.0,0.0,0.0,0.0,0.0,959,18,50,43.590909,9.242486,959,47356378.464472,22.0,9.500217,1.970505,0.156112,85.423554,22,Benign
5.0,0.0,1.0,176.709503,176.709503,0.0,0.0,0.0,0.0,0.0,0.0,0.0,0.0,0.0,0.0,0.0,0.0,0.0,0.0,0.0,0.0,0.0,0.0,0.0,0.0,0.0,0.0,0.0,0.0,0.0,0.0,0.0,4080,12,36,24.0,12.0,4080,5692490.459194,170.0,2.057983,0.920358,-0.068926,144.0,170,BT-DoS
5.0,0.0,1.0,3.075358,3.075358,0.0,0.0,0.0,0.0,0.0,0.0,0.0,0.0,0.0,0.0,0.0,0.0,0.0,0.0,0.0,0.0,0.0,0.0,0.0,0.0,0.0,0.0,0.0,0.0,0.0,0.0,0.0,54,18,18,18.0,0.0,54,487748026.847839,3.0,10.392305,0.0,0.0,0.0,3,Benign
5.0,0.0,0.9,34.482095,34.482095,0.0,0.0,0.0,0.0,0.0,0.0,0.0,0.0,0.0,0.0,0.0,0.0,0.0,0.0,0.0,0.0,0.0,0.0,0.0,0.0,0.0,0.0,0.0,0.0,0.0,0.0,0.0,1458,27,50,45.5625,6.422312,1458,29936059.828727,32.0,8.134009,1.135315,0.009712,41.246094,32,Benign
5.0,0.0,0.9,23.294144,23.294144,0.0,0.0,0.0,0.0,0.0,0.0,0.0,0.0,0.0,0.0,0.0,0.0,0.0,0.0,0.0,0.0,0.0,0.0,0.0,0.0,0.0,0.0,0.0,0.0,0.0,0.0,0.0,540,12,36,27.0,9.949874,540,45188677.938361,20.0,6.434283,2.22486,-0.17663,99.0,20,Benign
5.0,0.0,1.0,23.010539,23.010539,0.0,0.0,0.0,0.0,0.0,0.0,0.0,0.0,0.0,0.0,0.0,0.0,0.0,0.0,0.0,0.0,0.0,0.0,0.0,0.0,0.0,0.0,0.0,0.0,0.0,0.0,0.0,957,8,50,41.608696,12.950538,957,45433727.177707,23.0,9.08654,2.700374,0.200738,167.716446,23,Benign
5.0,0.0,1.0,32.634808,32.634808,0.0,0.0,0.0,0.0,0.0,0.0,0.0,0.0,0.0,0.0,0.0,0.0,0.0,0.0,0.0,0.0,0.0,0.0,0.0,0.0,0.0,0.0,0.0,0.0,0.0,0.0,0.0,1318,18,50,41.1875,9.799354,1318,31630585.270543,32.0,7.484228,1.732297,0.073096,96.027344,32,Benign
5.0,0.0,1.0,43.114513,43.114513,0.0,0.0,0.0,0.0,0.0,0.0,0.0,0.0,0.0,0.0,0.0,0.0,0.0,0.0,0.0,0.0,0.0,0.0,0.0,0.0,0.0,0.0,0.0,0.0,0.0,0.0,0.0,1790,19,50,42.619048,9.368011,1790,23759754.692636,42.0,6.733256,1.445516,0.058738,87.759637,42,Benign
5.0,0.0,1.0,41.885604,41.885604,0.0,0.0,0.0,0.0,0.0,0.0,0.0,0.0,0.0,0.0,0.0,0.0,0.0,0.0,0.0,0.0,0.0,0.0,0.0,0.0,0.0,0.0,0.0,0.0,0.0,0.0,0.0,1811,19,50,45.275,6.819045,1811,24486719.033657,40.0,7.239346,1.078186,0.004989,46.499375,40,Benign
5.0,0.0,1.0,48.720686,48.720686,0.0,0.0,0.0,0.0,0.0,0.0,0.0,0.0,0.0,0.0,0.0,0.0,0.0,0.0,0.0,0.0,0.0,0.0,0.0,0.0,0.0,0.0,0.0,0.0,0.0,0.0,0.0,2111,8,50,43.979167,10.341038,2111,20961868.00206,48.0,6.520966,1.4926,0.027739,106.937066,48,Benign
5.0,0.0,1.0,135.216408,135.216408,0.0,0.0,0.0,0.0,0.0,0.0,0.0,0.0,0.0,0.0,0.0,0.0,0.0,0.0,0.0,0.0,0.0,0.0,0.0,0.0,0.0,0.0,0.0,0.0,0.0,0.0,0.0,3216,12,36,24.0,12.0,3216,7451157.820852,134.0,2.318002,1.036642,-0.0906,144.0,134,BT-DoS
5.0,0.0,1.0,54.363938,54.363938,0.0,0.0,0.0,0.0,0.0,0.0,0.0,0.0,0.0,0.0,0.0,0.0,0.0,0.0,0.0,0.0,0.0,0.0,0.0,0.0,0.0,0.0,0.0,0.0,0.0,0.0,0.0,2333,18,50,44.018868,9.311163,2333,18748287.971203,53.0,6.180246,1.278987,0.070705,86.697757,53,Benign
5.0,0.0,0.1,50.105173,50.105173,0.0,0.0,0.0,0.0,0.0,0.0,0.0,0.0,0.0,0.0,0.0,0.0,0.0,0.0,0.0,0.0,0.0,0.0,0.0,0.0,0.0,0.0,0.0,0.0,0.0,0.0,0.0,89,12,36,22.25,9.010411,89,26610692.342122,4.0,12.002604,4.505205,-0.027856,81.1875,4,Benign
5.0,0.0,1.0,46.196438,46.196438,0.0,0.0,0.0,0.0,0.0,0.0,0.0,0.0,0.0,0.0,0.0,0.0,0.0,0.0,0.0,0.0,0.0,0.0,0.0,0.0,0.0,0.0,0.0,0.0,0.0,0.0,0.0,2021,18,50,44.911111,7.887606,2021,22138660.604304,45.0,6.797421,1.175815,0.020319,62.214321,45,Benign
5.0,0.0,1.0,141.133699,141.133699,0.0,0.0,0.0,0.0,0.0,0.0,0.0,0.0,0.0,0.0,0.0,0.0,0.0,0.0,0.0,0.0,0.0,0.0,0.0,0.0,0.0,0.0,0.0,0.0,0.0,0.0,0.0,3360,12,36,24.0,12.0,3360,7136454.685129,140.0,2.267787,1.014185,-0.086694,144.0,140,BT-DoS
5.0,0.0,1.0,98.788223,98.788223,0.0,0.0,0.0,0.0,0.0,0.0,0.0,0.0,0.0,0.0,0.0,0.0,0.0,0.0,0.0,0.0,0.0,0.0,0.0,0.0,0.0,0.0,0.0,0.0,0.0,0.0,0.0,2352,12,36,24.0,12.0,2352,10227021.482802,98.0,2.710524,1.212183,-0.124991,144.0,98,BT-DoS
5.0,0.0,1.0,330.2979,330.2979,0.0,0.0,0.0,0.0,0.0,0.0,0.0,0.0,0.0,0.0,0.0,0.0,0.0,0.0,0.0,0.0,0.0,0.0,0.0,0.0,0.0,0.0,0.0,0.0,0.0,0.0,0.0,7872,12,36,24.0,12.0,7872,3036828.580617,328.0,1.481594,0.662589,-0.036407,144.0,328,BT-DoS
5.0,0.0,1.0,73.200195,73.200195,0.0,0.0,0.0,0.0,0.0,0.0,0.0,0.0,0.0,0.0,0.0,0.0,0.0,0.0,0.0,0.0,0.0,0.0,0.0,0.0,0.0,0.0,0.0,0.0,0.0,0.0,0.0,2407,12,39,32.972603,7.020464,2407,13850904.173321,73.0,3.945657,0.821683,-0.008562,49.286921,73,Benign
5.0,0.0,1.0,21.16507,21.16507,0.0,0.0,0.0,0.0,0.0,0.0,0.0,0.0,0.0,0.0,0.0,0.0,0.0,0.0,0.0,0.0,0.0,0.0,0.0,0.0,0.0,0.0,0.0,0.0,0.0,0.0,0.0,562,12,36,26.761905,9.768291,562,49610042.572021,21.0,6.216794,2.131616,-0.078303,95.419501,21,Benign
5.0,0.0,0.9,85.417573,85.417573,0.0,0.0,0.0,0.0,0.0,0.0,0.0,0.0,0.0,0.0,0.0,0.0,0.0,0.0,0.0,0.0,0.0,0.0,0.0,0.0,0.0,0.0,0.0,0.0,0.0,0.0,0.0,1745,11,50,22.371795,11.653226,1745,11859234.277304,78.0,2.856156,1.319468,0.114751,135.797666,78,Benign
5.0,0.0,0.9,150.217987,150.217987,0.0,0.0,0.0,0.0,0.0,0.0,0.0,0.0,0.0,0.0,0.0,0.0,0.0,0.0,0.0,0.0,0.0,0.0,0.0,0.0,0.0,0.0,0.0,0.0,0.0,0.0,0.0,3360,12,36,24.0,12.0,3360,6704884.467365,140.0,2.267787,1.014185,-0.081415,144.0,140,BT-DoS
5.0,0.0,1.0,374.743894,374.743894,0.0,0.0,0.0,0.0,0.0,0.0,0.0,0.0,0.0,0.0,0.0,0.0,0.0,0.0,0.0,0.0,0.0,0.0,0.0,0.0,0.0,0.0,0.0,0.0,0.0,0.0,0.0,8976,12,36,24.0,12.0,8976,2675643.235685,374.0,1.387492,0.620505,-0.032045,144.0,374,BT-DoS
5.0,0.0,1.0,67.737255,67.737255,0.0,0.0,0.0,0.0,0.0,0.0,0.0,0.0,0.0,0.0,0.0,0.0,0.0,0.0,0.0,0.0,0.0,0.0,0.0,0.0,0.0,0.0,0.0,0.0,0.0,0.0,0.0,3003,19,50,44.820896,7.768911,3003,14986605.355234,67.0,5.557392,0.949124,0.050747,60.355981,67,Benign
5.0,0.0,1.0,367.681988,367.681988,0.0,0.0,0.0,0.0,0.0,0.0,0.0,0.0,0.0,0.0,0.0,0.0,0.0,0.0,0.0,0.0,0.0,0.0,0.0,0.0,0.0,0.0,0.0,0.0,0.0,0.0,0.0,8736,12,36,24.0,12.0,8736,2727234.002316,364.0,1.406422,0.628971,-0.032652,144.0,364,BT-DoS
5.0,0.0,0.1,63.294963,63.294963,0.0,0.0,0.0,0.0,0.0,0.0,0.0,0.0,0.0,0.0,0.0,0.0,0.0,0.0,0.0,0.0,0.0,0.0,0.0,0.0,0.0,0.0,0.0,0.0,0.0,0.0,0.0,89,12,36,22.25,9.010411,89,21065394.083659,4.0,12.002604,4.505205,0.083547,81.1875,4,Benign
5.0,0.0,1.0,46.862603,46.862603,0.0,0.0,0.0,0.0,0.0,0.0,0.0,0.0,0.0,0.0,0.0,0.0,0.0,0.0,0.0,0.0,0.0,0.0,0.0,0.0,0.0,0.0,0.0,0.0,0.0,0.0,0.0,1741,11,50,38.688889,14.779599,1741,21823953.498494,45.0,6.1739,2.203213,0.117275,218.436543,45,Benign
5.0,0.0,0.0,2479.489241,2479.489241,0.0,0.0,0.0,0.0,0.0,0.0,0.0,0.0,0.0,0.0,0.0,0.0,0.0,0.0,0.0,0.0,0.0,0.0,0.0,0.0,0.0,0.0,0.0,0.0,0.0,0.0,0.0,240,12,36,24.0,12.0,240,448120.964898,10.0,8.485281,3.794733,-0.006253,144.0,10,BT-DoS
5.0,0.0,0.5,3.802491,3.802491,0.0,0.0,0.0,0.0,0.0,0.0,0.0,0.0,0.0,0.0,0.0,0.0,0.0,0.0,0.0,0.0,0.0,0.0,0.0,0.0,0.0,0.0,0.0,0.0,0.0,0.0,0.0,36,18,18,18.0,0.0,36,525970935.821533,2.0,12.727922,0.0,0.0,0.0,2,Benign
5.0,0.0,1.0,158.020076,158.020076,0.0,0.0,0.0,0.0,0.0,0.0,0.0,0.0,0.0,0.0,0.0,0.0,0.0,0.0,0.0,0.0,0.0,0.0,0.0,0.0,0.0,0.0,0.0,0.0,0.0,0.0,0.0,3648,12,36,24.0,12.0,3648,6370219.17381,152.0,2.176429,0.973329,-0.077288,144.0,152,BT-DoS
5.0,0.0,1.0,147.18218,147.18218,0.0,0.0,0.0,0.0,0.0,0.0,0.0,0.0,0.0,0.0,0.0,0.0,0.0,0.0,0.0,0.0,0.0,0.0,0.0,0.0,0.0,0.0,0.0,0.0,0.0,0.0,0.0,3504,12,36,24.0,12.0,3504,6841158.044749,146.0,2.2207,0.993127,-0.083028,144.0,146,BT-DoS
5.0,0.0,0.1,51.316201,51.316201,0.0,0.0,0.0,0.0,0.0,0.0,0.0,0.0,0.0,0.0,0.0,0.0,0.0,0.0,0.0,0.0,0.0,0.0,0.0,0.0,0.0,0.0,0.0,0.0,0.0,0.0,0.0,89,12,36,22.25,9.010411,89,25982697.804769,4.0,12.002604,4.505205,0.344515,81.1875,4,Benign
5.0,0.0,0.0,219.562582,219.562582,0.0,0.0,0.0,0.0,0.0,0.0,0.0,0.0,0.0,0.0,0.0,0.0,0.0,0.0,0.0,0.0,0.0,0.0,0.0,0.0,0.0,0.0,0.0,0.0,0.0,0.0,0.0,25,11,14,12.5,1.5,25,9109020.233154,2.0,8.902247,1.06066,0.0,2.25,2,Benign
5.0,0.0,1.0,155.250688,155.250688,0.0,0.0,0.0,0.0,0.0,0.0,0.0,0.0,0.0,0.0,0.0,0.0,0.0,0.0,0.0,0.0,0.0,0.0,0.0,0.0,0.0,0.0,0.0,0.0,0.0,0.0,0.0,3696,12,36,24.0,12.0,3696,6483294.60543,154.0,2.16225,0.966988,-0.078594,144.0,154,BT-DoS
5.0,0.0,1.0,139.117503,139.117503,0.0,0.0,0.0,0.0,0.0,0.0,0.0,0.0,0.0,0.0,0.0,0.0,0.0,0.0,0.0,0.0,0.0,0.0,0.0,0.0,0.0,0.0,0.0,0.0,0.0,0.0,0.0,3312,12,36,24.0,12.0,3312,7240636.50535,138.0,2.284161,1.021508,-0.087978,144.0,138,BT-DoS
5.0,0.0,1.0,11.17305,11.17305,0.0,0.0,0.0,0.0,0.0,0.0,0.0,0.0,0.0,0.0,0.0,0.0,0.0,0.0,0.0,0.0,0.0,0.0,0.0,0.0,0.0,0.0,0.0,0.0,0.0,0.0,0.0,362,10,50,32.909091,15.733315,362,98451185.22644,11.0,10.998122,4.743773,-1.995207,247.53719,11,Benign
5.0,0.0,1.0,48.427281,48.427281,0.0,0.0,0.0,0.0,0.0,0.0,0.0,0.0,0.0,0.0,0.0,0.0,0.0,0.0,0.0,0.0,0.0,0.0,0.0,0.0,0.0,0.0,0.0,0.0,0.0,0.0,0.0,2033,19,50,42.354167,9.361912,2033,21088869.013685,48.0,6.260859,1.351276,0.020892,87.645399,48,Benign
5.0,0.0,0.1,64.373752,64.373752,0.0,0.0,0.0,0.0,0.0,0.0,0.0,0.0,0.0,0.0,0.0,0.0,0.0,0.0,0.0,0.0,0.0,0.0,0.0,0.0,0.0,0.0,0.0,0.0,0.0,0.0,0.0,89,12,36,22.25,9.010411,89,20712375.640869,4.0,12.002604,4.505205,0.030662,81.1875,4,Benign
5.0,0.0,1.0,46.7902,46.7902,0.0,0.0,0.0,0.0,0.0,0.0,0.0,0.0,0.0,0.0,0.0,0.0,0.0,0.0,0.0,0.0,0.0,0.0,0.0,0.0,0.0,0.0,0.0,0.0,0.0,0.0,0.0,1776,11,50,38.608696,15.022416,1776,21846930.185954,46.0,6.10827,2.214934,0.197406,225.672968,46,Benign
5.0,0.0,1.0,36.084557,36.084557,0.0,0.0,0.0,0.0,0.0,0.0,0.0,0.0,0.0,0.0,0.0,0.0,0.0,0.0,0.0,0.0,0.0,0.0,0.0,0.0,0.0,0.0,0.0,0.0,0.0,0.0,0.0,1614,22,50,46.114286,6.696572,1614,28527764.713063,35.0,7.876496,1.131927,0.026431,44.844082,35,Benign
5.0,0.0,1.0,33.071587,33.071587,0.0,0.0,0.0,0.0,0.0,0.0,0.0,0.0,0.0,0.0,0.0,0.0,0.0,0.0,0.0,0.0,0.0,0.0,0.0,0.0,0.0,0.0,0.0,0.0,0.0,0.0,0.0,1482,18,50,46.3125,7.234628,1482,31212837.465348,32.0,8.28626,1.278914,0.048999,52.339844,32,Benign
5.0,0.0,1.0,50.037481,50.037481,0.0,0.0,0.0,0.0,0.0,0.0,0.0,0.0,0.0,0.0,0.0,0.0,0.0,0.0,0.0,0.0,0.0,0.0,0.0,0.0,0.0,0.0,0.0,0.0,0.0,0.0,0.0,2153,19,50,43.938776,9.335926,2153,20401373.505592,49.0,6.417094,1.333704,0.063188,87.159517,49,Benign
5.0,0.0,0.9,35.082978,35.082978,0.0,0.0,0.0,0.0,0.0,0.0,0.0,0.0,0.0,0.0,0.0,0.0,0.0,0.0,0.0,0.0,0.0,0.0,0.0,0.0,0.0,0.0,0.0,0.0,0.0,0.0,0.0,1487,19,50,45.060606,8.179573,1487,29394596.815109,33.0,7.972231,1.423881,0.096265,66.905418,33,Benign
5.0,0.0,0.0,104.648956,104.648956,0.0,0.0,0.0,0.0,0.0,0.0,0.0,0.0,0.0,0.0,0.0,0.0,0.0,0.0,0.0,0.0,0.0,0.0,0.0,0.0,0.0,0.0,0.0,0.0,0.0,0.0,0.0,89,12,36,22.25,9.010411,89,12741009.394328,4.0,12.002604,4.505205,0.180621,81.1875,4,Benign
5.0,0.0,0.9,45.427807,45.427807,0.0,0.0,0.0,0.0,0.0,0.0,0.0,0.0,0.0,0.0,0.0,0.0,0.0,0.0,0.0,0.0,0.0,0.0,0.0,0.0,0.0,0.0,0.0,0.0,0.0,0.0,0.0,1853,18,50,43.093023,9.466745,1853,22537066.82296,43.0,6.728329,1.443665,0.010641,89.619254,43,Benign
5.0,0.0,1.0,149.202139,149.202139,0.0,0.0,0.0,0.0,0.0,0.0,0.0,0.0,0.0,0.0,0.0,0.0,0.0,0.0,0.0,0.0,0.0,0.0,0.0,0.0,0.0,0.0,0.0,0.0,0.0,0.0,0.0,3552,12,36,24.0,12.0,3552,6747910.765564,148.0,2.205644,0.986394,-0.081904,144.0,148,BT-DoS
5.0,0.0,1.0,163.307926,163.307926,0.0,0.0,0.0,0.0,0.0,0.0,0.0,0.0,0.0,0.0,0.0,0.0,0.0,0.0,0.0,0.0,0.0,0.0,0.0,0.0,0.0,0.0,0.0,0.0,0.0,0.0,0.0,3888,12,36,24.0,12.0,3888,6161435.050254,162.0,2.108185,0.942809,-0.074667,144.0,162,BT-DoS
5.0,0.0,1.0,195.558809,195.558809,0.0,0.0,0.0,0.0,0.0,0.0,0.0,0.0,0.0,0.0,0.0,0.0,0.0,0.0,0.0,0.0,0.0,0.0,0.0,0.0,0.0,0.0,0.0,0.0,0.0,0.0,0.0,4656,12,36,24.0,12.0,4656,5140046.38158,194.0,1.926484,0.86155,-0.062131,144.0,194,BT-DoS
5.0,0.0,1.0,17.154803,17.154803,0.0,0.0,0.0,0.0,0.0,0.0,0.0,0.0,0.0,0.0,0.0,0.0,0.0,0.0,0.0,0.0,0.0,0.0,0.0,0.0,0.0,0.0,0.0,0.0,0.0,0.0,0.0,704,12,50,41.411765,12.262131,704,61936005.949974,17.0,10.474883,2.974004,0.236531,150.359862,17,Benign
5.0,0.0,1.0,167.170507,167.170507,0.0,0.0,0.0,0.0,0.0,0.0,0.0,0.0,0.0,0.0,0.0,0.0,0.0,0.0,0.0,0.0,0.0,0.0,0.0,0.0,0.0,0.0,0.0,0.0,0.0,0.0,0.0,3984,12,36,24.0,12.0,3984,6018170.443448,166.0,2.08263,0.931381,-0.072852,144.0,166,BT-DoS
5.0,0.0,0.1,50.066297,50.066297,0.0,0.0,0.0,0.0,0.0,0.0,0.0,0.0,0.0,0.0,0.0,0.0,0.0,0.0,0.0,0.0,0.0,0.0,0.0,0.0,0.0,0.0,0.0,0.0,0.0,0.0,0.0,89,12,36,22.25,9.010411,89,26631355.285645,4.0,12.002604,4.505205,0.33855,81.1875,4,Benign
5.0,0.0,1.0,149.194752,149.194752,0.0,0.0,0.0,0.0,0.0,0.0,0.0,0.0,0.0,0.0,0.0,0.0,0.0,0.0,0.0,0.0,0.0,0.0,0.0,0.0,0.0,0.0,0.0,0.0,0.0,0.0,0.0,3552,12,36,24.0,12.0,3552,6748244.875953,148.0,2.205644,0.986394,-0.081897,144.0,148,BT-DoS
5.0,0.0,1.0,131.046137,131.046137,0.0,0.0,0.0,0.0,0.0,0.0,0.0,0.0,0.0,0.0,0.0,0.0,0.0,0.0,0.0,0.0,0.0,0.0,0.0,0.0,0.0,0.0,0.0,0.0,0.0,0.0,0.0,3120,12,36,24.0,12.0,3120,7690054.501674,130.0,2.353394,1.05247,-0.093545,144.0,130,BT-DoS
5.0,0.0,1.0,163.30875,163.30875,0.0,0.0,0.0,0.0,0.0,0.0,0.0,0.0,0.0,0.0,0.0,0.0,0.0,0.0,0.0,0.0,0.0,0.0,0.0,0.0,0.0,0.0,0.0,0.0,0.0,0.0,0.0,3888,12,36,24.0,12.0,3888,6161403.952178,162.0,2.108185,0.942809,-0.074685,144.0,162,BT-DoS
5.0,0.0,0.9,16.410175,16.410175,0.0,0.0,0.0,0.0,0.0,0.0,0.0,0.0,0.0,0.0,0.0,0.0,0.0,0.0,0.0,0.0,0.0,0.0,0.0,0.0,0.0,0.0,0.0,0.0,0.0,0.0,0.0,671,19,50,44.733333,9.175814,671,65290502.1395,15.0,11.79058,2.369185,0.376286,84.195556,15,Benign
5.0,0.0,1.0,334.652981,334.652981,0.0,0.0,0.0,0.0,0.0,0.0,0.0,0.0,0.0,0.0,0.0,0.0,0.0,0.0,0.0,0.0,0.0,0.0,0.0,0.0,0.0,0.0,0.0,0.0,0.0,0.0,0.0,8016,12,36,24.0,12.0,8016,2997143.490536,334.0,1.468226,0.656611,-0.035936,144.0,334,BT-DoS
5.0,0.0,1.0,20.293116,20.293116,0.0,0.0,0.0,0.0,0.0,0.0,0.0,0.0,0.0,0.0,0.0,0.0,0.0,0.0,0.0,0.0,0.0,0.0,0.0,0.0,0.0,0.0,0.0,0.0,0.0,0.0,0.0,826,12,50,41.3,11.48956,826,51871362.485384,20.0,9.585666,2.569144,0.229329,132.01,20,Benign
5.0,0.0,1.0,63.30806,63.30806,0.0,0.0,0.0,0.0,0.0,0.0,0.0,0.0,0.0,0.0,0.0,0.0,0.0,0.0,0.0,0.0,0.0,0.0,0.0,0.0,0.0,0.0,0.0,0.0,0.0,0.0,0.0,2759,19,50,44.5,8.13941,2759,16054724.083572,62.0,5.745265,1.033706,0.045014,66.25,62,Benign
5.0,0.0,1.0,127.017154,127.017154,0.0,0.0,0.0,0.0,0.0,0.0,0.0,0.0,0.0,0.0,0.0,0.0,0.0,0.0,0.0,0.0,0.0,0.0,0.0,0.0,0.0,0.0,0.0,0.0,0.0,0.0,0.0,3024,12,36,24.0,12.0,3024,7935935.974121,126.0,2.390457,1.069045,-0.096589,144.0,126,BT-DoS
5.0,0.0,1.0,51.73468,51.73468,0.0,0.0,0.0,0.0,0.0,0.0,0.0,0.0,0.0,0.0,0.0,0.0,0.0,0.0,0.0,0.0,0.0,0.0,0.0,0.0,0.0,0.0,0.0,0.0,0.0,0.0,0.0,2250,19,50,44.117647,7.686625,2250,19715981.483459,51.0,6.270771,1.076343,0.040052,59.084198,51,Benign
5.0,0.0,1.0,149.048989,149.048989,0.0,0.0,0.0,0.0,0.0,0.0,0.0,0.0,0.0,0.0,0.0,0.0,0.0,0.0,0.0,0.0,0.0,0.0,0.0,0.0,0.0,0.0,0.0,0.0,0.0,0.0,0.0,3552,12,36,24.0,12.0,3552,6754844.367099,148.0,2.205644,0.986394,-0.08191,144.0,148,BT-DoS
5.0,0.0,1.0,277.666008,277.666008,0.0,0.0,0.0,0.0,0.0,0.0,0.0,0.0,0.0,0.0,0.0,0.0,0.0,0.0,0.0,0.0,0.0,0.0,0.0,0.0,0.0,0.0,0.0,0.0,0.0,0.0,0.0,6624,12,36,24.0,12.0,6624,3614545.301958,276.0,1.615146,0.722315,-0.043429,144.0,276,BT-DoS
5.0,0.0,0.9,3.193885,3.193885,0.0,0.0,0.0,0.0,0.0,0.0,0.0,0.0,0.0,0.0,0.0,0.0,0.0,0.0,0.0,0.0,0.0,0.0,0.0,0.0,0.0,0.0,0.0,0.0,0.0,0.0,0.0,54,18,18,18.0,0.0,54,469647526.741028,3.0,10.392305,0.0,0.0,0.0,3,Benign
5.0,0.0,1.0,151.211333,151.211333,0.0,0.0,0.0,0.0,0.0,0.0,0.0,0.0,0.0,0.0,0.0,0.0,0.0,0.0,0.0,0.0,0.0,0.0,0.0,0.0,0.0,0.0,0.0,0.0,0.0,0.0,0.0,3600,12,36,24.0,12.0,3600,6657645.206323,150.0,2.19089,0.979796,-0.08079,144.0,150,BT-DoS
5.0,0.0,1.0,163.307455,163.307455,0.0,0.0,0.0,0.0,0.0,0.0,0.0,0.0,0.0,0.0,0.0,0.0,0.0,0.0,0.0,0.0,0.0,0.0,0.0,0.0,0.0,0.0,0.0,0.0,0.0,0.0,0.0,3888,12,36,24.0,12.0,3888,6161452.820582,162.0,2.108185,0.942809,-0.074694,144.0,162,BT-DoS
5.0,0.0,0.1,64.939118,64.939118,0.0,0.0,0.0,0.0,0.0,0.0,0.0,0.0,0.0,0.0,0.0,0.0,0.0,0.0,0.0,0.0,0.0,0.0,0.0,0.0,0.0,0.0,0.0,0.0,0.0,0.0,0.0,89,12,36,22.25,9.010411,89,20532051.722209,4.0,12.002604,4.505205,0.043735,81.1875,4,Benign
5.0,0.0,1.0,40.408117,40.408117,0.0,0.0,0.0,0.0,0.0,0.0,0.0,0.0,0.0,0.0,0.0,0.0,0.0,0.0,0.0,0.0,0.0,0.0,0.0,0.0,0.0,0.0,0.0,0.0,0.0,0.0,0.0,1769,19,50,44.225,8.629854,1769,25382054.157746,40.0,7.124474,1.3645,0.045196,74.474375,40,Benign
5.0,0.0,1.0,92.463803,92.463803,0.0,0.0,0.0,0.0,0.0,0.0,0.0,0.0,0.0,0.0,0.0,0.0,0.0,0.0,0.0,0.0,0.0,0.0,0.0,0.0,0.0,0.0,0.0,0.0,0.0,0.0,0.0,3992,19,50,44.355556,6.107029,3992,10936560.255758,90.0,4.719594,0.643737,0.039685,37.295802,90,Benign
5.0,0.0,0.8,173.401436,173.401436,0.0,0.0,0.0,0.0,0.0,0.0,0.0,0.0,0.0,0.0,0.0,0.0,0.0,0.0,0.0,0.0,0.0,0.0,0.0,0.0,0.0,0.0,0.0,0.0,0.0,0.0,0.0,3504,12,36,24.0,12.0,3504,5806737.110533,146.0,2.2207,0.993127,-0.070456,144.0,146,BT-DoS
5.0,0.0,1.0,43.211737,43.211737,0.0,0.0,0.0,0.0,0.0,0.0,0.0,0.0,0.0,0.0,0.0,0.0,0.0,0.0,0.0,0.0,0.0,0.0,0.0,0.0,0.0,0.0,0.0,0.0,0.0,0.0,0.0,1512,11,50,36.0,14.787382,1512,23706296.595131,42.0,6.005289,2.281743,0.188269,218.666667,42,Benign
5.0,0.0,1.0,29.777364,29.777364,0.0,0.0,0.0,0.0,0.0,0.0,0.0,0.0,0.0,0.0,0.0,0.0,0.0,0.0,0.0,0.0,0.0,0.0,0.0,0.0,0.0,0.0,0.0,0.0,0.0,0.0,0.0,1261,18,50,43.482759,8.896418,1261,34781932.830811,29.0,8.241812,1.652023,-0.039486,79.146254,29,Benign
5.0,0.0,1.0,149.040472,149.040472,0.0,0.0,0.0,0.0,0.0,0.0,0.0,0.0,0.0,0.0,0.0,0.0,0.0,0.0,0.0,0.0,0.0,0.0,0.0,0.0,0.0,0.0,0.0,0.0,0.0,0.0,0.0,3552,12,36,24.0,12.0,3552,6755230.378131,148.0,2.205644,0.986394,-0.081896,144.0,148,BT-DoS
5.0,0.0,1.0,135.082839,135.082839,0.0,0.0,0.0,0.0,0.0,0.0,0.0,0.0,0.0,0.0,0.0,0.0,0.0,0.0,0.0,0.0,0.0,0.0,0.0,0.0,0.0,0.0,0.0,0.0,0.0,0.0,0.0,3216,12,36,24.0,12.0,3216,7458525.492733,134.0,2.318002,1.036642,-0.09066,144.0,134,BT-DoS
5.0,0.0,1.0,153.849831,153.849831,0.0,0.0,0.0,0.0,0.0,0.0,0.0,0.0,0.0,0.0,0.0,0.0,0.0,0.0,0.0,0.0,0.0,0.0,0.0,0.0,0.0,0.0,0.0,0.0,0.0,0.0,0.0,3552,12,36,24.0,12.0,3552,6544061.258537,148.0,2.205644,0.986394,-0.079477,144.0,148,BT-DoS
5.0,0.0,0.0,108.686771,108.686771,0.0,0.0,0.0,0.0,0.0,0.0,0.0,0.0,0.0,0.0,0.0,0.0,0.0,0.0,0.0,0.0,0.0,0.0,0.0,0.0,0.0,0.0,0.0,0.0,0.0,0.0,0.0,89,12,36,22.25,9.010411,89,12267669.041951,4.0,12.002604,4.505205,0.187354,81.1875,4,Benign
5.0,0.0,1.0,163.315698,163.315698,0.0,0.0,0.0,0.0,0.0,0.0,0.0,0.0,0.0,0.0,0.0,0.0,0.0,0.0,0.0,0.0,0.0,0.0,0.0,0.0,0.0,0.0,0.0,0.0,0.0,0.0,0.0,3888,12,36,24.0,12.0,3888,6161141.839827,162.0,2.108185,0.942809,-0.074657,144.0,162,BT-DoS
5.0,0.0,1.0,11.33106,11.33106,0.0,0.0,0.0,0.0,0.0,0.0,0.0,0.0,0.0,0.0,0.0,0.0,0.0,0.0,0.0,0.0,0.0,0.0,0.0,0.0,0.0,0.0,0.0,0.0,0.0,0.0,0.0,369,10,50,33.545455,16.261296,369,97078299.5224,11.0,11.240055,4.902965,-2.025769,264.429752,11,Benign
5.0,0.0,1.0,46.000417,46.000417,0.0,0.0,0.0,0.0,0.0,0.0,0.0,0.0,0.0,0.0,0.0,0.0,0.0,0.0,0.0,0.0,0.0,0.0,0.0,0.0,0.0,0.0,0.0,0.0,0.0,0.0,0.0,2046,19,50,44.478261,8.155391,2046,22222020.890978,46.0,6.667289,1.202447,0.04657,66.510397,46,Benign
5.0,0.0,1.0,127.014101,127.014101,0.0,0.0,0.0,0.0,0.0,0.0,0.0,0.0,0.0,0.0,0.0,0.0,0.0,0.0,0.0,0.0,0.0,0.0,0.0,0.0,0.0,0.0,0.0,0.0,0.0,0.0,0.0,3024,12,36,24.0,12.0,3024,7936126.708984,126.0,2.390457,1.069045,-0.096458,144.0,126,BT-DoS
5.0,0.0,0.1,52.877265,52.877265,0.0,0.0,0.0,0.0,0.0,0.0,0.0,0.0,0.0,0.0,0.0,0.0,0.0,0.0,0.0,0.0,0.0,0.0,0.0,0.0,0.0,0.0,0.0,0.0,0.0,0.0,0.0,89,12,36,22.25,9.010411,89,25215625.762939,4.0,12.002604,4.505205,0.017294,81.1875,4,Benign
5.0,0.0,1.0,42.579512,42.579512,0.0,0.0,0.0,0.0,0.0,0.0,0.0,0.0,0.0,0.0,0.0,0.0,0.0,0.0,0.0,0.0,0.0,0.0,0.0,0.0,0.0,0.0,0.0,0.0,0.0,0.0,0.0,1580,11,50,37.619048,15.379257,1580,24058289.644195,42.0,6.271087,2.373071,0.107287,236.521542,42,Benign
5.0,0.0,1.0,61.016046,61.016046,0.0,0.0,0.0,0.0,0.0,0.0,0.0,0.0,0.0,0.0,0.0,0.0,0.0,0.0,0.0,0.0,0.0,0.0,0.0,0.0,0.0,0.0,0.0,0.0,0.0,0.0,0.0,2598,19,50,42.590164,9.228212,2598,16662283.738454,61.0,5.57965,1.181552,0.075552,85.159903,61,Benign
5.0,0.0,1.0,45.86435,45.86435,0.0,0.0,0.0,0.0,0.0,0.0,0.0,0.0,0.0,0.0,0.0,0.0,0.0,0.0,0.0,0.0,0.0,0.0,0.0,0.0,0.0,0.0,0.0,0.0,0.0,0.0,0.0,1628,8,50,36.177778,15.450694,1628,22298959.168521,45.0,5.864309,2.303253,0.020514,238.723951,45,Benign
5.0,0.0,0.9,36.15071,36.15071,0.0,0.0,0.0,0.0,0.0,0.0,0.0,0.0,0.0,0.0,0.0,0.0,0.0,0.0,0.0,0.0,0.0,0.0,0.0,0.0,0.0,0.0,0.0,0.0,0.0,0.0,0.0,1536,36,50,46.545455,5.326269,1536,28526410.460472,33.0,8.155401,0.927184,-0.003028,28.369146,33,Benign
5.0,0.0,1.0,9.236473,9.236473,0.0,0.0,0.0,0.0,0.0,0.0,0.0,0.0,0.0,0.0,0.0,0.0,0.0,0.0,0.0,0.0,0.0,0.0,0.0,0.0,0.0,0.0,0.0,0.0,0.0,0.0,0.0,331,12,50,36.777778,14.458967,331,121799737.215042,9.0,13.172643,4.819656,0.414373,209.061728,9,Benign
5.0,0.0,0.9,58.74258,58.74258,0.0,0.0,0.0,0.0,0.0,0.0,0.0,0.0,0.0,0.0,0.0,0.0,0.0,0.0,0.0,0.0,0.0,0.0,0.0,0.0,0.0,0.0,0.0,0.0,0.0,0.0,0.0,1969,10,50,36.462963,15.019386,1969,17344623.241784,54.0,5.366442,2.04388,-0.036638,225.581962,54,Benign
5.0,0.0,0.9,22.855941,22.855941,0.0,0.0,0.0,0.0,0.0,0.0,0.0,0.0,0.0,0.0,0.0,0.0,0.0,0.0,0.0,0.0,0.0,0.0,0.0,0.0,0.0,0.0,0.0,0.0,0.0,0.0,0.0,540,12,36,27.0,9.949874,540,46055053.409777,20.0,6.434283,2.22486,-0.042348,99.0,20,Benign
5.0,0.0,1.0,342.674679,342.674679,0.0,0.0,0.0,0.0,0.0,0.0,0.0,0.0,0.0,0.0,0.0,0.0,0.0,0.0,0.0,0.0,0.0,0.0,0.0,0.0,0.0,0.0,0.0,0.0,0.0,0.0,0.0,8208,12,36,24.0,12.0,8208,2926777.53482,342.0,1.450953,0.648886,-0.035069,144.0,342,BT-DoS
5.0,0.0,1.0,18.070874,18.070874,0.0,0.0,0.0,0.0,0.0,0.0,0.0,0.0,0.0,0.0,0.0,0.0,0.0,0.0,0.0,0.0,0.0,0.0,0.0,0.0,0.0,0.0,0.0,0.0,0.0,0.0,0.0,652,10,50,36.222222,14.946406,652,58592824.374928,18.0,9.235934,3.522902,-0.711108,223.395062,18,Benign
5.0,0.0,1.0,245.540135,245.540135,0.0,0.0,0.0,0.0,0.0,0.0,0.0,0.0,0.0,0.0,0.0,0.0,0.0,0.0,0.0,0.0,0.0,0.0,0.0,0.0,0.0,0.0,0.0,0.0,0.0,0.0,0.0,5616,12,36,24.0,12.0,5616,4090133.143085,234.0,1.754116,0.784465,-0.049218,144.0,234,BT-DoS
5.0,0.0,0.9,165.243843,165.243843,0.0,0.0,0.0,0.0,0.0,0.0,0.0,0.0,0.0,0.0,0.0,0.0,0.0,0.0,0.0,0.0,0.0,0.0,0.0,0.0,0.0,0.0,0.0,0.0,0.0,0.0,0.0,3696,12,36,24.0,12.0,3696,6091216.031243,154.0,2.16225,0.966988,-0.073864,144.0,154,BT-DoS
5.0,0.0,0.1,55.14957,55.14957,0.0,0.0,0.0,0.0,0.0,0.0,0.0,0.0,0.0,0.0,0.0,0.0,0.0,0.0,0.0,0.0,0.0,0.0,0.0,0.0,0.0,0.0,0.0,0.0,0.0,0.0,0.0,89,12,36,22.25,9.010411,89,24176677.068075,4.0,12.002604,4.505205,0.395426,81.1875,4,Benign
5.0,0.0,0.5,3.789507,3.789507,0.0,0.0,0.0,0.0,0.0,0.0,0.0,0.0,0.0,0.0,0.0,0.0,0.0,0.0,0.0,0.0,0.0,0.0,0.0,0.0,0.0,0.0,0.0,0.0,0.0,0.0,0.0,36,18,18,18.0,0.0,36,527773141.860962,2.0,12.727922,0.0,0.0,0.0,2,Benign
5.0,0.0,0.9,315.358259,315.358259,0.0,0.0,0.0,0.0,0.0,0.0,0.0,0.0,0.0,0.0,0.0,0.0,0.0,0.0,0.0,0.0,0.0,0.0,0.0,0.0,0.0,0.0,0.0,0.0,0.0,0.0,0.0,7152,12,36,24.0,12.0,7152,3181673.460938,298.0,1.554383,0.695141,-0.038199,144.0,298,BT-DoS
5.0,0.0,1.0,135.218588,135.218588,0.0,0.0,0.0,0.0,0.0,0.0,0.0,0.0,0.0,0.0,0.0,0.0,0.0,0.0,0.0,0.0,0.0,0.0,0.0,0.0,0.0,0.0,0.0,0.0,0.0,0.0,0.0,3216,12,36,24.0,12.0,3216,7451037.715252,134.0,2.318002,1.036642,-0.090591,144.0,134,BT-DoS
5.0,0.0,1.0,40.066117,40.066117,0.0,0.0,0.0,0.0,0.0,0.0,0.0,0.0,0.0,0.0,0.0,0.0,0.0,0.0,0.0,0.0,0.0,0.0,0.0,0.0,0.0,0.0,0.0,0.0,0.0,0.0,0.0,1719,18,50,44.076923,7.783561,1719,25615554.106863,39.0,7.16716,1.246367,0.019699,60.583826,39,Benign
5.0,0.0,1.0,83.163837,83.163837,0.0,0.0,0.0,0.0,0.0,0.0,0.0,0.0,0.0,0.0,0.0,0.0,0.0,0.0,0.0,0.0,0.0,0.0,0.0,0.0,0.0,0.0,0.0,0.0,0.0,0.0,0.0,3694,19,50,44.506024,6.982549,3694,12171096.91806,83.0,4.944928,0.766434,0.034456,48.755988,83,Benign
5.0,0.0,1.0,155.078743,155.078743,0.0,0.0,0.0,0.0,0.0,0.0,0.0,0.0,0.0,0.0,0.0,0.0,0.0,0.0,0.0,0.0,0.0,0.0,0.0,0.0,0.0,0.0,0.0,0.0,0.0,0.0,0.0,3696,12,36,24.0,12.0,3696,6490483.003504,154.0,2.16225,0.966988,-0.078663,144.0,154,BT-DoS
5.0,0.0,1.0,157.265532,157.265532,0.0,0.0,0.0,0.0,0.0,0.0,0.0,0.0,0.0,0.0,0.0,0.0,0.0,0.0,0.0,0.0,0.0,0.0,0.0,0.0,0.0,0.0,0.0,0.0,0.0,0.0,0.0,3744,12,36,24.0,12.0,3744,6399696.103988,156.0,2.148345,0.960769,-0.077606,144.0,156,BT-DoS
5.0,0.0,1.0,173.357205,173.357205,0.0,0.0,0.0,0.0,0.0,0.0,0.0,0.0,0.0,0.0,0.0,0.0,0.0,0.0,0.0,0.0,0.0,0.0,0.0,0.0,0.0,0.0,0.0,0.0,0.0,0.0,0.0,4128,12,36,24.0,12.0,4128,5802169.877883,172.0,2.045983,0.914991,-0.070252,144.0,172,BT-DoS
5.0,0.0,1.0,183.467547,183.467547,0.0,0.0,0.0,0.0,0.0,0.0,0.0,0.0,0.0,0.0,0.0,0.0,0.0,0.0,0.0,0.0,0.0,0.0,0.0,0.0,0.0,0.0,0.0,0.0,0.0,0.0,0.0,4368,12,36,24.0,12.0,4368,5480668.821388,182.0,1.988981,0.889499,-0.066303,144.0,182,BT-DoS
5.0,0.0,0.9,33.781783,33.781783,0.0,0.0,0.0,0.0,0.0,0.0,0.0,0.0,0.0,0.0,0.0,0.0,0.0,0.0,0.0,0.0,0.0,0.0,0.0,0.0,0.0,0.0,0.0,0.0,0.0,0.0,0.0,1405,20,50,43.90625,8.171442,1405,30556648.008285,32.0,7.894878,1.44452,-0.10652,66.772461,32,Benign
5.0,0.0,1.0,48.90713,48.90713,0.0,0.0,0.0,0.0,0.0,0.0,0.0,0.0,0.0,0.0,0.0,0.0,0.0,0.0,0.0,0.0,0.0,0.0,0.0,0.0,0.0,0.0,0.0,0.0,0.0,0.0,0.0,2020,18,50,42.083333,11.090223,2020,20881957.196175,48.0,6.281587,1.600736,-0.009505,122.993056,48,Benign
5.0,0.0,1.0,145.16288,145.16288,0.0,0.0,0.0,0.0,0.0,0.0,0.0,0.0,0.0,0.0,0.0,0.0,0.0,0.0,0.0,0.0,0.0,0.0,0.0,0.0,0.0,0.0,0.0,0.0,0.0,0.0,0.0,3456,12,36,24.0,12.0,3456,6936986.963232,144.0,2.236068,1.0,-0.084212,144.0,144,BT-DoS
5.0,0.0,1.0,39.705975,39.705975,0.0,0.0,0.0,0.0,0.0,0.0,0.0,0.0,0.0,0.0,0.0,0.0,0.0,0.0,0.0,0.0,0.0,0.0,0.0,0.0,0.0,0.0,0.0,0.0,0.0,0.0,0.0,1678,18,50,43.025641,10.229387,1678,25847893.012197,39.0,7.08166,1.638013,0.110849,104.640368,39,Benign
5.0,0.0,0.9,8.705465,8.705465,0.0,0.0,0.0,0.0,0.0,0.0,0.0,0.0,0.0,0.0,0.0,0.0,0.0,0.0,0.0,0.0,0.0,0.0,0.0,0.0,0.0,0.0,0.0,0.0,0.0,0.0,0.0,234,10,50,29.25,16.513252,234,131280422.210693,8.0,11.875658,5.838316,-2.631302,272.6875,8,Benign
5.0,0.0,1.0,156.938495,156.938495,0.0,0.0,0.0,0.0,0.0,0.0,0.0,0.0,0.0,0.0,0.0,0.0,0.0,0.0,0.0,0.0,0.0,0.0,0.0,0.0,0.0,0.0,0.0,0.0,0.0,0.0,0.0,3744,12,36,24.0,12.0,3744,6413032.162574,156.0,2.148345,0.960769,-0.077693,144.0,156,BT-DoS
5.0,0.0,0.9,96.796072,96.796072,0.0,0.0,0.0,0.0,0.0,0.0,0.0,0.0,0.0,0.0,0.0,0.0,0.0,0.0,0.0,0.0,0.0,0.0,0.0,0.0,0.0,0.0,0.0,0.0,0.0,0.0,0.0,3818,19,50,45.452381,5.647175,3818,10455467.614783,84.0,4.997392,0.616157,0.027647,31.89059,84,Benign
5.0,0.0,1.0,153.223176,153.223176,0.0,0.0,0.0,0.0,0.0,0.0,0.0,0.0,0.0,0.0,0.0,0.0,0.0,0.0,0.0,0.0,0.0,0.0,0.0,0.0,0.0,0.0,0.0,0.0,0.0,0.0,0.0,3648,12,36,24.0,12.0,3648,6569649.210039,152.0,2.176429,0.973329,-0.079709,144.0,152,BT-DoS
5.0,0.0,1.0,165.322444,165.322444,0.0,0.0,0.0,0.0,0.0,0.0,0.0,0.0,0.0,0.0,0.0,0.0,0.0,0.0,0.0,0.0,0.0,0.0,0.0,0.0,0.0,0.0,0.0,0.0,0.0,0.0,0.0,3936,12,36,24.0,12.0,3936,6085894.590507,164.0,2.095291,0.937043,-0.073722,144.0,164,BT-DoS
5.0,0.0,0.7,24.713056,24.713056,0.0,0.0,0.0,0.0,0.0,0.0,0.0,0.0,0.0,0.0,0.0,0.0,0.0,0.0,0.0,0.0,0.0,0.0,0.0,0.0,0.0,0.0,0.0,0.0,0.0,0.0,0.0,707,12,50,39.277778,12.77065,707,42844702.215756,18.0,9.734912,3.010071,0.323633,163.089506,18,Benign
5.0,0.0,0.9,26.550664,26.550664,0.0,0.0,0.0,0.0,0.0,0.0,0.0,0.0,0.0,0.0,0.0,0.0,0.0,0.0,0.0,0.0,0.0,0.0,0.0,0.0,0.0,0.0,0.0,0.0,0.0,0.0,0.0,1110,19,50,44.4,7.504665,1110,39233167.966207,25.0,9.005954,1.500933,0.038739,56.32,25,Benign
5.0,0.0,0.5,3.79612,3.79612,0.0,0.0,0.0,0.0,0.0,0.0,0.0,0.0,0.0,0.0,0.0,0.0,0.0,0.0,0.0,0.0,0.0,0.0,0.0,0.0,0.0,0.0,0.0,0.0,0.0,0.0,0.0,36,18,18,18.0,0.0,36,526853799.819946,2.0,12.727922,0.0,0.0,0.0,2,Benign
5.0,0.0,1.0,128.888046,128.888046,0.0,0.0,0.0,0.0,0.0,0.0,0.0,0.0,0.0,0.0,0.0,0.0,0.0,0.0,0.0,0.0,0.0,0.0,0.0,0.0,0.0,0.0,0.0,0.0,0.0,0.0,0.0,3072,12,36,24.0,12.0,3072,7819763.31876,128.0,2.371708,1.06066,-0.095043,144.0,128,BT-DoS
5.0,0.0,1.0,14.11414,14.11414,0.0,0.0,0.0,0.0,0.0,0.0,0.0,0.0,0.0,0.0,0.0,0.0,0.0,0.0,0.0,0.0,0.0,0.0,0.0,0.0,0.0,0.0,0.0,0.0,0.0,0.0,0.0,561,8,50,40.071429,15.030751,561,76301006.17042,14.0,11.438166,4.017137,0.783522,225.923469,14,Benign
5.0,0.0,1.0,42.608225,42.608225,0.0,0.0,0.0,0.0,0.0,0.0,0.0,0.0,0.0,0.0,0.0,0.0,0.0,0.0,0.0,0.0,0.0,0.0,0.0,0.0,0.0,0.0,0.0,0.0,0.0,0.0,0.0,1835,19,50,43.690476,9.046146,1835,24042077.180816,42.0,6.884576,1.395851,0.054854,81.832766,42,Benign
5.0,0.0,1.0,36.611634,36.611634,0.0,0.0,0.0,0.0,0.0,0.0,0.0,0.0,0.0,0.0,0.0,0.0,0.0,0.0,0.0,0.0,0.0,0.0,0.0,0.0,0.0,0.0,0.0,0.0,0.0,0.0,0.0,1613,19,50,44.805556,7.77753,1613,28094114.576067,36.0,7.579262,1.296255,0.067582,60.489969,36,Benign
5.0,0.0,1.0,133.058746,133.058746,0.0,0.0,0.0,0.0,0.0,0.0,0.0,0.0,0.0,0.0,0.0,0.0,0.0,0.0,0.0,0.0,0.0,0.0,0.0,0.0,0.0,0.0,0.0,0.0,0.0,0.0,0.0,3168,12,36,24.0,12.0,3168,7572847.468252,132.0,2.335497,1.044466,-0.091924,144.0,132,BT-DoS
5.0,0.0,0.7,18.175263,18.175263,0.0,0.0,0.0,0.0,0.0,0.0,0.0,0.0,0.0,0.0,0.0,0.0,0.0,0.0,0.0,0.0,0.0,0.0,0.0,0.0,0.0,0.0,0.0,0.0,0.0,0.0,0.0,571,19,50,43.923077,9.603377,571,59604823.589325,13.0,12.469845,2.663498,0.419272,92.224852,13,Benign
5.0,0.0,1.0,45.851459,45.851459,0.0,0.0,0.0,0.0,0.0,0.0,0.0,0.0,0.0,0.0,0.0,0.0,0.0,0.0,0.0,0.0,0.0,0.0,0.0,0.0,0.0,0.0,0.0,0.0,0.0,0.0,0.0,1564,8,50,34.755556,15.183552,1564,22305228.49343,45.0,5.653885,2.26343,-0.086783,230.540247,45,Benign
5.0,0.0,1.0,34.188652,34.188652,0.0,0.0,0.0,0.0,0.0,0.0,0.0,0.0,0.0,0.0,0.0,0.0,0.0,0.0,0.0,0.0,0.0,0.0,0.0,0.0,0.0,0.0,0.0,0.0,0.0,0.0,0.0,1513,18,50,44.5,7.739319,1513,30135819.40622,34.0,7.746246,1.327282,0.073669,59.897059,34,Benign
5.0,0.0,1.0,149.187832,149.187832,0.0,0.0,0.0,0.0,0.0,0.0,0.0,0.0,0.0,0.0,0.0,0.0,0.0,0.0,0.0,0.0,0.0,0.0,0.0,0.0,0.0,0.0,0.0,0.0,0.0,0.0,0.0,3552,12,36,24.0,12.0,3552,6748557.901707,148.0,2.205644,0.986394,-0.0819,144.0,148,BT-DoS
5.0,0.0,1.0,40.484187,40.484187,0.0,0.0,0.0,0.0,0.0,0.0,0.0,0.0,0.0,0.0,0.0,0.0,0.0,0.0,0.0,0.0,0.0,0.0,0.0,0.0,0.0,0.0,0.0,0.0,0.0,0.0,0.0,1737,19,50,44.538462,8.909362,1737,25351028.69335,39.0,7.273153,1.42664,0.042759,79.376726,39,Benign
5.0,0.0,1.0,366.716243,366.716243,0.0,0.0,0.0,0.0,0.0,0.0,0.0,0.0,0.0,0.0,0.0,0.0,0.0,0.0,0.0,0.0,0.0,0.0,0.0,0.0,0.0,0.0,0.0,0.0,0.0,0.0,0.0,8784,12,36,24.0,12.0,8784,2734375.0,366.0,1.402574,0.62725,-0.032722,144.0,366,BT-DoS
5.0,0.0,0.1,33.095856,33.095856,0.0,0.0,0.0,0.0,0.0,0.0,0.0,0.0,0.0,0.0,0.0,0.0,0.0,0.0,0.0,0.0,0.0,0.0,0.0,0.0,0.0,0.0,0.0,0.0,0.0,0.0,0.0,89,12,36,22.25,9.010411,89,40287017.822266,4.0,12.002604,4.505205,-0.217014,81.1875,4,Benign
5.0,0.0,1.0,183.466841,183.466841,0.0,0.0,0.0,0.0,0.0,0.0,0.0,0.0,0.0,0.0,0.0,0.0,0.0,0.0,0.0,0.0,0.0,0.0,0.0,0.0,0.0,0.0,0.0,0.0,0.0,0.0,0.0,4368,12,36,24.0,12.0,4368,5480689.897063,182.0,1.988981,0.889499,-0.06631,144.0,182,BT-DoS
5.0,0.0,1.0,6.1536,6.1536,0.0,0.0,0.0,0.0,0.0,0.0,0.0,0.0,0.0,0.0,0.0,0.0,0.0,0.0,0.0,0.0,0.0,0.0,0.0,0.0,0.0,0.0,0.0,0.0,0.0,0.0,0.0,111,8,38,18.5,9.552487,111,195007801.055908,6.0,8.5,3.899786,-0.980839,91.25,6,Benign
5.0,0.0,1.0,48.347286,48.347286,0.0,0.0,0.0,0.0,0.0,0.0,0.0,0.0,0.0,0.0,0.0,0.0,0.0,0.0,0.0,0.0,0.0,0.0,0.0,0.0,0.0,0.0,0.0,0.0,0.0,0.0,0.0,2019,18,50,42.957447,9.556011,2019,21133329.557336,47.0,6.419153,1.393887,0.095839,91.317338,47,Benign
5.0,0.0,1.0,76.024976,76.024976,0.0,0.0,0.0,0.0,0.0,0.0,0.0,0.0,0.0,0.0,0.0,0.0,0.0,0.0,0.0,0.0,0.0,0.0,0.0,0.0,0.0,0.0,0.0,0.0,0.0,0.0,0.0,2910,8,50,38.8,13.993332,2910,13331323.056608,75.0,4.762707,1.615811,0.086627,195.813333,75,Benign
5.0,0.0,0.1,59.056405,59.056405,0.0,0.0,0.0,0.0,0.0,0.0,0.0,0.0,0.0,0.0,0.0,0.0,0.0,0.0,0.0,0.0,0.0,0.0,0.0,0.0,0.0,0.0,0.0,0.0,0.0,0.0,0.0,89,12,36,22.25,9.010411,89,22577285.766602,4.0,12.002604,4.505205,0.032021,81.1875,4,Benign
5.0,0.0,0.7,18.130011,18.130011,0.0,0.0,0.0,0.0,0.0,0.0,0.0,0.0,0.0,0.0,0.0,0.0,0.0,0.0,0.0,0.0,0.0,0.0,0.0,0.0,0.0,0.0,0.0,0.0,0.0,0.0,0.0,184,11,33,15.333333,5.920773,184,60171452.43558,12.0,4.74488,1.70918,0.169098,35.055556,12,Benign
5.0,0.0,1.0,166.999656,166.999656,0.0,0.0,0.0,0.0,0.0,0.0,0.0,0.0,0.0,0.0,0.0,0.0,0.0,0.0,0.0,0.0,0.0,0.0,0.0,0.0,0.0,0.0,0.0,0.0,0.0,0.0,0.0,3984,12,36,24.0,12.0,3984,6024327.422633,166.0,2.08263,0.931381,-0.072867,144.0,166,BT-DoS
5.0,0.0,1.0,157.261261,157.261261,0.0,0.0,0.0,0.0,0.0,0.0,0.0,0.0,0.0,0.0,0.0,0.0,0.0,0.0,0.0,0.0,0.0,0.0,0.0,0.0,0.0,0.0,0.0,0.0,0.0,0.0,0.0,3744,12,36,24.0,12.0,3744,6399869.918823,156.0,2.148345,0.960769,-0.077606,144.0,156,BT-DoS
5.0,0.0,0.8,24.955527,24.955527,0.0,0.0,0.0,0.0,0.0,0.0,0.0,0.0,0.0,0.0,0.0,0.0,0.0,0.0,0.0,0.0,0.0,0.0,0.0,0.0,0.0,0.0,0.0,0.0,0.0,0.0,0.0,556,12,36,26.47619,9.624468,556,42074847.221375,21.0,6.14747,2.100231,0.000569,92.630385,21,Benign
5.0,0.0,0.0,116.658318,116.658318,0.0,0.0,0.0,0.0,0.0,0.0,0.0,0.0,0.0,0.0,0.0,0.0,0.0,0.0,0.0,0.0,0.0,0.0,0.0,0.0,0.0,0.0,0.0,0.0,0.0,0.0,0.0,89,12,36,22.25,9.010411,89,11429389.31783,4.0,12.002604,4.505205,0.197957,81.1875,4,Benign
5.0,0.0,1.0,3.082547,3.082547,0.0,0.0,0.0,0.0,0.0,0.0,0.0,0.0,0.0,0.0,0.0,0.0,0.0,0.0,0.0,0.0,0.0,0.0,0.0,0.0,0.0,0.0,0.0,0.0,0.0,0.0,0.0,54,18,18,18.0,0.0,54,486610531.806946,3.0,10.392305,0.0,0.0,0.0,3,Benign
5.0,0.0,1.0,89.901885,89.901885,0.0,0.0,0.0,0.0,0.0,0.0,0.0,0.0,0.0,0.0,0.0,0.0,0.0,0.0,0.0,0.0,0.0,0.0,0.0,0.0,0.0,0.0,0.0,0.0,0.0,0.0,0.0,3060,12,36,34.772727,4.799923,3060,11251090.586871,88.0,3.741933,0.511673,0.002316,23.039256,88,Benign
5.0,0.0,0.1,67.160174,67.160174,0.0,0.0,0.0,0.0,0.0,0.0,0.0,0.0,0.0,0.0,0.0,0.0,0.0,0.0,0.0,0.0,0.0,0.0,0.0,0.0,0.0,0.0,0.0,0.0,0.0,0.0,0.0,89,12,36,22.25,9.010411,89,19853035.608927,4.0,12.002604,4.505205,0.074463,81.1875,4,Benign
5.0,0.0,0.5,4.004686,4.004686,0.0,0.0,0.0,0.0,0.0,0.0,0.0,0.0,0.0,0.0,0.0,0.0,0.0,0.0,0.0,0.0,0.0,0.0,0.0,0.0,0.0,0.0,0.0,0.0,0.0,0.0,0.0,96,47,49,48.0,1.0,96,499414920.806885,2.0,33.94849,0.707107,0.0,1.0,2,Benign
5.0,0.0,1.0,159.276436,159.276436,0.0,0.0,0.0,0.0,0.0,0.0,0.0,0.0,0.0,0.0,0.0,0.0,0.0,0.0,0.0,0.0,0.0,0.0,0.0,0.0,0.0,0.0,0.0,0.0,0.0,0.0,0.0,3792,12,36,24.0,12.0,3792,6318382.396819,158.0,2.134704,0.954669,-0.076607,144.0,158,BT-DoS
5.0,0.0,1.0,39.288579,39.288579,0.0,0.0,0.0,0.0,0.0,0.0,0.0,0.0,0.0,0.0,0.0,0.0,0.0,0.0,0.0,0.0,0.0,0.0,0.0,0.0,0.0,0.0,0.0,0.0,0.0,0.0,0.0,1391,10,50,36.605263,13.90104,1391,26140599.637418,38.0,6.351925,2.255047,0.037531,193.23892,38,BT-DoS
5.0,0.0,1.0,15.265885,15.265885,0.0,0.0,0.0,0.0,0.0,0.0,0.0,0.0,0.0,0.0,0.0,0.0,0.0,0.0,0.0,0.0,0.0,0.0,0.0,0.0,0.0,0.0,0.0,0.0,0.0,0.0,0.0,540,12,50,36.0,12.915107,540,70184503.282819,15.0,9.875222,3.334666,0.843625,166.8,15,Benign
5.0,0.0,0.8,10.882917,10.882917,0.0,0.0,0.0,0.0,0.0,0.0,0.0,0.0,0.0,0.0,0.0,0.0,0.0,0.0,0.0,0.0,0.0,0.0,0.0,0.0,0.0,0.0,0.0,0.0,0.0,0.0,0.0,321,12,50,35.666667,14.452989,321,103373020.887375,9.0,12.827921,4.817663,1.391639,208.888889,9,Benign
5.0,0.0,1.0,48.234901,48.234901,0.0,0.0,0.0,0.0,0.0,0.0,0.0,0.0,0.0,0.0,0.0,0.0,0.0,0.0,0.0,0.0,0.0,0.0,0.0,0.0,0.0,0.0,0.0,0.0,0.0,0.0,0.0,1829,11,50,38.104167,14.062716,1829,21172980.04475,48.0,5.862464,2.029778,0.197974,197.759983,48,Benign
5.0,0.0,0.0,85.766949,85.766949,0.0,0.0,0.0,0.0,0.0,0.0,0.0,0.0,0.0,0.0,0.0,0.0,0.0,0.0,0.0,0.0,0.0,0.0,0.0,0.0,0.0,0.0,0.0,0.0,0.0,0.0,0.0,89,12,36,22.25,9.010411,89,15546003.977458,4.0,12.002604,4.505205,0.172169,81.1875,4,Benign
5.0,0.0,1.0,145.156879,145.156879,0.0,0.0,0.0,0.0,0.0,0.0,0.0,0.0,0.0,0.0,0.0,0.0,0.0,0.0,0.0,0.0,0.0,0.0,0.0,0.0,0.0,0.0,0.0,0.0,0.0,0.0,0.0,3456,12,36,24.0,12.0,3456,6937273.732432,144.0,2.236068,1.0,-0.084231,144.0,144,BT-DoS
5.0,0.0,0.9,19.151301,19.151301,0.0,0.0,0.0,0.0,0.0,0.0,0.0,0.0,0.0,0.0,0.0,0.0,0.0,0.0,0.0,0.0,0.0,0.0,0.0,0.0,0.0,0.0,0.0,0.0,0.0,0.0,0.0,782,31,50,43.444444,6.229163,782,55287291.021908,18.0,10.344677,1.468228,0.150639,38.802469,18,BT-DoS
5.0,0.0,1.0,173.563113,173.563113,0.0,0.0,0.0,0.0,0.0,0.0,0.0,0.0,0.0,0.0,0.0,0.0,0.0,0.0,0.0,0.0,0.0,0.0,0.0,0.0,0.0,0.0,0.0,0.0,0.0,0.0,0.0,4128,12,36,24.0,12.0,4128,5795286.412825,172.0,2.045983,0.914991,-0.070172,144.0,172,BT-DoS
5.0,0.0,1.0,266.533346,266.533346,0.0,0.0,0.0,0.0,0.0,0.0,0.0,0.0,0.0,0.0,0.0,0.0,0.0,0.0,0.0,0.0,0.0,0.0,0.0,0.0,0.0,0.0,0.0,0.0,0.0,0.0,0.0,6384,12,36,24.0,12.0,6384,3766033.784398,266.0,1.645225,0.735767,-0.04525,144.0,266,BT-DoS
5.0,0.0,0.0,108.205198,108.205198,0.0,0.0,0.0,0.0,0.0,0.0,0.0,0.0,0.0,0.0,0.0,0.0,0.0,0.0,0.0,0.0,0.0,0.0,0.0,0.0,0.0,0.0,0.0,0.0,0.0,0.0,0.0,89,12,36,22.25,9.010411,89,12322266.896566,4.0,12.002604,4.505205,0.192022,81.1875,4,Benign
5.0,0.0,1.0,344.682824,344.682824,0.0,0.0,0.0,0.0,0.0,0.0,0.0,0.0,0.0,0.0,0.0,0.0,0.0,0.0,0.0,0.0,0.0,0.0,0.0,0.0,0.0,0.0,0.0,0.0,0.0,0.0,0.0,8256,12,36,24.0,12.0,8256,2909676.326607,344.0,1.446728,0.646997,-0.03488,144.0,344,BT-DoS
5.0,0.0,0.9,46.720592,46.720592,0.0,0.0,0.0,0.0,0.0,0.0,0.0,0.0,0.0,0.0,0.0,0.0,0.0,0.0,0.0,0.0,0.0,0.0,0.0,0.0,0.0,0.0,0.0,0.0,0.0,0.0,0.0,1557,11,50,35.386364,15.270613,1557,21901601.96881,44.0,5.810231,2.302132,0.131766,233.191632,44,Benign
5.0,0.0,0.0,1397.635455,1397.635455,0.0,0.0,0.0,0.0,0.0,0.0,0.0,0.0,0.0,0.0,0.0,0.0,0.0,0.0,0.0,0.0,0.0,0.0,0.0,0.0,0.0,0.0,0.0,0.0,0.0,0.0,0.0,35,8,27,17.5,9.5,35,1430988.311768,2.0,14.080128,6.717514,0.0,90.25,2,Benign
5.0,0.0,1.0,159.274177,159.274177,0.0,0.0,0.0,0.0,0.0,0.0,0.0,0.0,0.0,0.0,0.0,0.0,0.0,0.0,0.0,0.0,0.0,0.0,0.0,0.0,0.0,0.0,0.0,0.0,0.0,0.0,0.0,3792,12,36,24.0,12.0,3792,6318471.99361,158.0,2.134704,0.954669,-0.076619,144.0,158,BT-DoS
5.0,0.0,1.0,171.365266,171.365266,0.0,0.0,0.0,0.0,0.0,0.0,0.0,0.0,0.0,0.0,0.0,0.0,0.0,0.0,0.0,0.0,0.0,0.0,0.0,0.0,0.0,0.0,0.0,0.0,0.0,0.0,0.0,4080,12,36,24.0,12.0,4080,5870017.779649,170.0,2.057983,0.920358,-0.071104,144.0,170,BT-DoS
5.0,0.0,1.0,13.151628,13.151628,0.0,0.0,0.0,0.0,0.0,0.0,0.0,0.0,0.0,0.0,0.0,0.0,0.0,0.0,0.0,0.0,0.0,0.0,0.0,0.0,0.0,0.0,0.0,0.0,0.0,0.0,0.0,596,36,50,45.846154,5.201274,596,82372566.064199,13.0,12.797004,1.442574,0.248011,27.053254,13,Benign
5.0,0.0,1.0,171.196328,171.196328,0.0,0.0,0.0,0.0,0.0,0.0,0.0,0.0,0.0,0.0,0.0,0.0,0.0,0.0,0.0,0.0,0.0,0.0,0.0,0.0,0.0,0.0,0.0,0.0,0.0,0.0,0.0,4080,12,36,24.0,12.0,4080,5875810.363589,170.0,2.057983,0.920358,-0.07112,144.0,170,BT-DoS
5.0,0.0,0.8,14.371638,14.371638,0.0,0.0,0.0,0.0,0.0,0.0,0.0,0.0,0.0,0.0,0.0,0.0,0.0,0.0,0.0,0.0,0.0,0.0,0.0,0.0,0.0,0.0,0.0,0.0,0.0,0.0,0.0,516,32,50,43.0,5.816643,516,75907078.656283,12.0,12.526084,1.67912,0.219569,33.833333,12,BT-DoS
5.0,0.0,0.9,77.970328,77.970328,0.0,0.0,0.0,0.0,0.0,0.0,0.0,0.0,0.0,0.0,0.0,0.0,0.0,0.0,0.0,0.0,0.0,0.0,0.0,0.0,0.0,0.0,0.0,0.0,0.0,0.0,0.0,3091,19,50,43.535211,8.196239,3091,13008611.542838,71.0,5.257447,0.972715,0.057493,67.178338,71,Benign
5.0,0.0,1.0,276.741948,276.741948,0.0,0.0,0.0,0.0,0.0,0.0,0.0,0.0,0.0,0.0,0.0,0.0,0.0,0.0,0.0,0.0,0.0,0.0,0.0,0.0,0.0,0.0,0.0,0.0,0.0,0.0,0.0,6576,12,36,24.0,12.0,6576,3626710.765964,274.0,1.62103,0.724947,-0.043603,144.0,274,BT-DoS
5.0,0.0,1.0,23.29555,23.29555,0.0,0.0,0.0,0.0,0.0,0.0,0.0,0.0,0.0,0.0,0.0,0.0,0.0,0.0,0.0,0.0,0.0,0.0,0.0,0.0,0.0,0.0,0.0,0.0,0.0,0.0,0.0,848,10,50,36.869565,14.192173,848,44877865.097739,23.0,8.237725,2.959273,-0.29069,201.417769,23,Benign
5.0,0.0,1.0,155.242889,155.242889,0.0,0.0,0.0,0.0,0.0,0.0,0.0,0.0,0.0,0.0,0.0,0.0,0.0,0.0,0.0,0.0,0.0,0.0,0.0,0.0,0.0,0.0,0.0,0.0,0.0,0.0,0.0,3696,12,36,24.0,12.0,3696,6483620.288325,154.0,2.16225,0.966988,-0.078634,144.0,154,BT-DoS
5.0,0.0,1.0,40.132963,40.132963,0.0,0.0,0.0,0.0,0.0,0.0,0.0,0.0,0.0,0.0,0.0,0.0,0.0,0.0,0.0,0.0,0.0,0.0,0.0,0.0,0.0,0.0,0.0,0.0,0.0,0.0,0.0,1809,27,50,45.225,6.088873,1809,25556075.267303,40.0,7.215218,0.962735,-0.038521,37.074375,40,Benign
5.0,0.0,1.0,165.322921,165.322921,0.0,0.0,0.0,0.0,0.0,0.0,0.0,0.0,0.0,0.0,0.0,0.0,0.0,0.0,0.0,0.0,0.0,0.0,0.0,0.0,0.0,0.0,0.0,0.0,0.0,0.0,0.0,3936,12,36,24.0,12.0,3936,6085877.038218,164.0,2.095291,0.937043,-0.073749,144.0,164,BT-DoS
5.0,0.0,1.0,171.37787,171.37787,0.0,0.0,0.0,0.0,0.0,0.0,0.0,0.0,0.0,0.0,0.0,0.0,0.0,0.0,0.0,0.0,0.0,0.0,0.0,0.0,0.0,0.0,0.0,0.0,0.0,0.0,0.0,4080,12,36,24.0,12.0,4080,5869586.086837,170.0,2.057983,0.920358,-0.071054,144.0,170,BT-DoS
5.0,0.0,0.1,45.991814,45.991814,0.0,0.0,0.0,0.0,0.0,0.0,0.0,0.0,0.0,0.0,0.0,0.0,0.0,0.0,0.0,0.0,0.0,0.0,0.0,0.0,0.0,0.0,0.0,0.0,0.0,0.0,0.0,89,12,36,22.25,9.010411,89,28990666.071574,4.0,12.002604,4.505205,-0.07761,81.1875,4,Benign
5.0,0.0,0.9,171.66369,171.66369,0.0,0.0,0.0,0.0,0.0,0.0,0.0,0.0,0.0,0.0,0.0,0.0,0.0,0.0,0.0,0.0,0.0,0.0,0.0,0.0,0.0,0.0,0.0,0.0,0.0,0.0,0.0,3840,12,36,24.0,12.0,3840,5861981.110003,160.0,2.12132,0.948683,-0.071036,144.0,160,BT-DoS
5.0,0.0,1.0,185.293515,185.293515,0.0,0.0,0.0,0.0,0.0,0.0,0.0,0.0,0.0,0.0,0.0,0.0,0.0,0.0,0.0,0.0,0.0,0.0,0.0,0.0,0.0,0.0,0.0,0.0,0.0,0.0,0.0,4416,12,36,24.0,12.0,4416,5426333.901661,184.0,1.978141,0.884652,-0.065569,144.0,184,BT-DoS
5.0,0.0,0.0,82.984043,82.984043,0.0,0.0,0.0,0.0,0.0,0.0,0.0,0.0,0.0,0.0,0.0,0.0,0.0,0.0,0.0,0.0,0.0,0.0,0.0,0.0,0.0,0.0,0.0,0.0,0.0,0.0,0.0,89,12,36,22.25,9.010411,89,16067345.937093,4.0,12.002604,4.505205,0.132173,81.1875,4,Benign
5.0,0.0,1.0,63.464185,63.464185,0.0,0.0,0.0,0.0,0.0,0.0,0.0,0.0,0.0,0.0,0.0,0.0,0.0,0.0,0.0,0.0,0.0,0.0,0.0,0.0,0.0,0.0,0.0,0.0,0.0,0.0,0.0,2571,12,50,41.467742,11.661513,2571,16015228.677969,62.0,5.470691,1.481014,0.03735,135.990895,62,Benign
5.0,0.0,1.0,3.0813,3.0813,0.0,0.0,0.0,0.0,0.0,0.0,0.0,0.0,0.0,0.0,0.0,0.0,0.0,0.0,0.0,0.0,0.0,0.0,0.0,0.0,0.0,0.0,0.0,0.0,0.0,0.0,0.0,54,18,18,18.0,0.0,54,486807584.762573,3.0,10.392305,0.0,0.0,0.0,3,Benign
5.0,0.0,1.0,3.082874,3.082874,0.0,0.0,0.0,0.0,0.0,0.0,0.0,0.0,0.0,0.0,0.0,0.0,0.0,0.0,0.0,0.0,0.0,0.0,0.0,0.0,0.0,0.0,0.0,0.0,0.0,0.0,0.0,54,18,18,18.0,0.0,54,486559033.39386,3.0,10.392305,0.0,0.0,0.0,3,Benign
5.0,0.0,1.0,131.05313,131.05313,0.0,0.0,0.0,0.0,0.0,0.0,0.0,0.0,0.0,0.0,0.0,0.0,0.0,0.0,0.0,0.0,0.0,0.0,0.0,0.0,0.0,0.0,0.0,0.0,0.0,0.0,0.0,3120,12,36,24.0,12.0,3120,7689644.199933,130.0,2.353394,1.05247,-0.093532,144.0,130,BT-DoS
5.0,0.0,1.0,32.216915,32.216915,0.0,0.0,0.0,0.0,0.0,0.0,0.0,0.0,0.0,0.0,0.0,0.0,0.0,0.0,0.0,0.0,0.0,0.0,0.0,0.0,0.0,0.0,0.0,0.0,0.0,0.0,0.0,1423,18,50,44.46875,7.818185,1423,32040872.881489,32.0,7.981607,1.382073,0.065625,61.124023,32,Benign
5.0,0.0,1.0,76.795927,76.795927,0.0,0.0,0.0,0.0,0.0,0.0,0.0,0.0,0.0,0.0,0.0,0.0,0.0,0.0,0.0,0.0,0.0,0.0,0.0,0.0,0.0,0.0,0.0,0.0,0.0,0.0,0.0,3311,19,50,44.743243,7.458101,3311,13199900.927609,74.0,5.273059,0.866987,0.04407,55.623265,74,Benign
5.0,0.0,0.6,27.431871,27.431871,0.0,0.0,0.0,0.0,0.0,0.0,0.0,0.0,0.0,0.0,0.0,0.0,0.0,0.0,0.0,0.0,0.0,0.0,0.0,0.0,0.0,0.0,0.0,0.0,0.0,0.0,0.0,695,8,50,40.882353,14.112499,695,38732320.070267,17.0,10.489573,3.422784,-0.317063,199.16263,17,Benign
5.0,0.0,1.0,176.714977,176.714977,0.0,0.0,0.0,0.0,0.0,0.0,0.0,0.0,0.0,0.0,0.0,0.0,0.0,0.0,0.0,0.0,0.0,0.0,0.0,0.0,0.0,0.0,0.0,0.0,0.0,0.0,0.0,4080,12,36,24.0,12.0,4080,5692314.114091,170.0,2.057983,0.920358,-0.068941,144.0,170,BT-DoS
5.0,0.0,0.0,482.3326,482.3326,0.0,0.0,0.0,0.0,0.0,0.0,0.0,0.0,0.0,0.0,0.0,0.0,0.0,0.0,0.0,0.0,0.0,0.0,0.0,0.0,0.0,0.0,0.0,0.0,0.0,0.0,0.0,193,10,15,12.0625,1.675886,193,2211475.372314,16.0,3.04459,0.418971,-0.000695,2.808594,16,Benign
5.0,0.0,0.0,90.604396,90.604396,0.0,0.0,0.0,0.0,0.0,0.0,0.0,0.0,0.0,0.0,0.0,0.0,0.0,0.0,0.0,0.0,0.0,0.0,0.0,0.0,0.0,0.0,0.0,0.0,0.0,0.0,0.0,89,12,36,22.25,9.010411,89,14715989.430745,4.0,12.002604,4.505205,0.148078,81.1875,4,Benign
5.0,0.0,0.9,8.87032,8.87032,0.0,0.0,0.0,0.0,0.0,0.0,0.0,0.0,0.0,0.0,0.0,0.0,0.0,0.0,0.0,0.0,0.0,0.0,0.0,0.0,0.0,0.0,0.0,0.0,0.0,0.0,0.0,272,18,50,34.0,12.678722,272,128840582.711356,8.0,12.82941,4.482605,0.540332,160.75,8,Benign
5.0,0.0,1.0,177.412557,177.412557,0.0,0.0,0.0,0.0,0.0,0.0,0.0,0.0,0.0,0.0,0.0,0.0,0.0,0.0,0.0,0.0,0.0,0.0,0.0,0.0,0.0,0.0,0.0,0.0,0.0,0.0,0.0,4224,12,36,24.0,12.0,4224,5668788.637434,176.0,2.0226,0.904534,-0.06863,144.0,176,BT-DoS
5.0,0.0,1.0,38.192451,38.192451,0.0,0.0,0.0,0.0,0.0,0.0,0.0,0.0,0.0,0.0,0.0,0.0,0.0,0.0,0.0,0.0,0.0,0.0,0.0,0.0,0.0,0.0,0.0,0.0,0.0,0.0,0.0,1303,8,50,34.289474,16.319036,1303,26890838.468397,38.0,6.160312,2.647297,0.153556,266.310942,38,Benign
5.0,0.0,0.9,31.234414,31.234414,0.0,0.0,0.0,0.0,0.0,0.0,0.0,0.0,0.0,0.0,0.0,0.0,0.0,0.0,0.0,0.0,0.0,0.0,0.0,0.0,0.0,0.0,0.0,0.0,0.0,0.0,0.0,754,12,36,27.925926,9.606811,754,33247351.646423,27.0,5.683466,1.848832,-0.152347,92.290809,27,Benign
5.0,0.0,1.0,49.023815,49.023815,0.0,0.0,0.0,0.0,0.0,0.0,0.0,0.0,0.0,0.0,0.0,0.0,0.0,0.0,0.0,0.0,0.0,0.0,0.0,0.0,0.0,0.0,0.0,0.0,0.0,0.0,0.0,2092,8,50,43.583333,9.433613,2092,20832254.531536,48.0,6.436387,1.361625,0.042023,88.993056,48,Benign
5.0,0.0,0.9,42.222226,42.222226,0.0,0.0,0.0,0.0,0.0,0.0,0.0,0.0,0.0,0.0,0.0,0.0,0.0,0.0,0.0,0.0,0.0,0.0,0.0,0.0,0.0,0.0,0.0,0.0,0.0,0.0,0.0,1751,19,50,44.897436,7.761823,1751,24307476.846795,39.0,7.295987,1.242886,0.011581,60.245891,39,Benign
5.0,0.0,1.0,173.395497,173.395497,0.0,0.0,0.0,0.0,0.0,0.0,0.0,0.0,0.0,0.0,0.0,0.0,0.0,0.0,0.0,0.0,0.0,0.0,0.0,0.0,0.0,0.0,0.0,0.0,0.0,0.0,0.0,4128,12,36,24.0,12.0,4128,5800888.552303,172.0,2.045983,0.914991,-0.070232,144.0,172,BT-DoS
5.0,0.0,1.0,43.49238,43.49238,0.0,0.0,0.0,0.0,0.0,0.0,0.0,0.0,0.0,0.0,0.0,0.0,0.0,0.0,0.0,0.0,0.0,0.0,0.0,0.0,0.0,0.0,0.0,0.0,0.0,0.0,0.0,1886,18,50,43.860465,9.687156,1886,23539974.575951,43.0,6.849854,1.477277,0.065861,93.840995,43,Benign
5.0,0.0,0.7,12.151963,12.151963,0.0,0.0,0.0,0.0,0.0,0.0,0.0,0.0,0.0,0.0,0.0,0.0,0.0,0.0,0.0,0.0,0.0,0.0,0.0,0.0,0.0,0.0,0.0,0.0,0.0,0.0,0.0,321,12,50,35.666667,14.197026,321,92577636.241913,9.0,12.796122,4.732342,1.192567,201.555556,9,Benign
5.0,0.0,1.0,31.903212,31.903212,0.0,0.0,0.0,0.0,0.0,0.0,0.0,0.0,0.0,0.0,0.0,0.0,0.0,0.0,0.0,0.0,0.0,0.0,0.0,0.0,0.0,0.0,0.0,0.0,0.0,0.0,0.0,1356,18,50,43.741935,8.699157,1356,32389632.86082,31.0,8.010139,1.562415,0.062897,75.675338,31,Benign
5.0,0.0,0.3,32.856276,32.856276,0.0,0.0,0.0,0.0,0.0,0.0,0.0,0.0,0.0,0.0,0.0,0.0,0.0,0.0,0.0,0.0,0.0,0.0,0.0,0.0,0.0,0.0,0.0,0.0,0.0,0.0,0.0,286,12,36,28.6,9.46784,286,33817317.750719,10.0,9.526804,2.993994,0.043277,89.64,10,Benign
5.0,0.0,0.1,52.322357,52.322357,0.0,0.0,0.0,0.0,0.0,0.0,0.0,0.0,0.0,0.0,0.0,0.0,0.0,0.0,0.0,0.0,0.0,0.0,0.0,0.0,0.0,0.0,0.0,0.0,0.0,0.0,0.0,89,12,36,22.25,9.010411,89,25483051.935832,4.0,12.002604,4.505205,0.361052,81.1875,4,Benign
5.0,0.0,1.0,32.455387,32.455387,0.0,0.0,0.0,0.0,0.0,0.0,0.0,0.0,0.0,0.0,0.0,0.0,0.0,0.0,0.0,0.0,0.0,0.0,0.0,0.0,0.0,0.0,0.0,0.0,0.0,0.0,0.0,1437,18,50,44.90625,7.046095,1437,31805446.071009,32.0,8.035505,1.245585,0.019761,49.647461,32,Benign
5.0,0.0,1.0,89.867759,89.867759,0.0,0.0,0.0,0.0,0.0,0.0,0.0,0.0,0.0,0.0,0.0,0.0,0.0,0.0,0.0,0.0,0.0,0.0,0.0,0.0,0.0,0.0,0.0,0.0,0.0,0.0,0.0,3096,12,36,34.786517,4.774633,3096,11253909.631209,89.0,3.721934,0.50611,0.003099,22.797122,89,Benign
5.0,0.0,1.0,38.085429,38.085429,0.0,0.0,0.0,0.0,0.0,0.0,0.0,0.0,0.0,0.0,0.0,0.0,0.0,0.0,0.0,0.0,0.0,0.0,0.0,0.0,0.0,0.0,0.0,0.0,0.0,0.0,0.0,1631,19,50,44.081081,8.419342,1631,26986115.508609,37.0,7.377883,1.384131,0.030253,70.885318,37,Benign
5.0,0.0,0.1,37.567127,37.567127,0.0,0.0,0.0,0.0,0.0,0.0,0.0,0.0,0.0,0.0,0.0,0.0,0.0,0.0,0.0,0.0,0.0,0.0,0.0,0.0,0.0,0.0,0.0,0.0,0.0,0.0,0.0,89,12,36,22.25,9.010411,89,35492022.832235,4.0,12.002604,4.505205,-0.144458,81.1875,4,Benign
5.0,0.0,1.0,139.111217,139.111217,0.0,0.0,0.0,0.0,0.0,0.0,0.0,0.0,0.0,0.0,0.0,0.0,0.0,0.0,0.0,0.0,0.0,0.0,0.0,0.0,0.0,0.0,0.0,0.0,0.0,0.0,0.0,3312,12,36,24.0,12.0,3312,7240963.67829,138.0,2.284161,1.021508,-0.087864,144.0,138,BT-DoS
5.0,0.0,1.0,59.573208,59.573208,0.0,0.0,0.0,0.0,0.0,0.0,0.0,0.0,0.0,0.0,0.0,0.0,0.0,0.0,0.0,0.0,0.0,0.0,0.0,0.0,0.0,0.0,0.0,0.0,0.0,0.0,0.0,2111,8,50,37.035088,14.308585,2111,17085820.436478,57.0,5.258799,1.895218,0.073078,204.735611,57,Benign
5.0,0.0,1.0,155.243636,155.243636,0.0,0.0,0.0,0.0,0.0,0.0,0.0,0.0,0.0,0.0,0.0,0.0,0.0,0.0,0.0,0.0,0.0,0.0,0.0,0.0,0.0,0.0,0.0,0.0,0.0,0.0,0.0,3696,12,36,24.0,12.0,3696,6483589.122498,154.0,2.16225,0.966988,-0.078639,144.0,154,BT-DoS
5.0,0.0,0.1,69.939745,69.939745,0.0,0.0,0.0,0.0,0.0,0.0,0.0,0.0,0.0,0.0,0.0,0.0,0.0,0.0,0.0,0.0,0.0,0.0,0.0,0.0,0.0,0.0,0.0,0.0,0.0,0.0,0.0,89,12,36,22.25,9.010411,89,19064029.057821,4.0,12.002604,4.505205,0.082624,81.1875,4,Benign
5.0,0.0,1.0,310.619342,310.619342,0.0,0.0,0.0,0.0,0.0,0.0,0.0,0.0,0.0,0.0,0.0,0.0,0.0,0.0,0.0,0.0,0.0,0.0,0.0,0.0,0.0,0.0,0.0,0.0,0.0,0.0,0.0,7440,12,36,24.0,12.0,7440,3229793.221434,310.0,1.524002,0.681554,-0.038774,144.0,310,BT-DoS
5.0,0.0,1.0,314.621321,314.621321,0.0,0.0,0.0,0.0,0.0,0.0,0.0,0.0,0.0,0.0,0.0,0.0,0.0,0.0,0.0,0.0,0.0,0.0,0.0,0.0,0.0,0.0,0.0,0.0,0.0,0.0,0.0,7536,12,36,24.0,12.0,7536,3188578.846356,314.0,1.514263,0.677199,-0.038278,144.0,314,BT-DoS
5.0,0.0,1.0,161.28705,161.28705,0.0,0.0,0.0,0.0,0.0,0.0,0.0,0.0,0.0,0.0,0.0,0.0,0.0,0.0,0.0,0.0,0.0,0.0,0.0,0.0,0.0,0.0,0.0,0.0,0.0,0.0,0.0,3840,12,36,24.0,12.0,3840,6239120.315456,160.0,2.12132,0.948683,-0.075627,144.0,160,BT-DoS
5.0,0.0,0.9,30.450019,30.450019,0.0,0.0,0.0,0.0,0.0,0.0,0.0,0.0,0.0,0.0,0.0,0.0,0.0,0.0,0.0,0.0,0.0,0.0,0.0,0.0,0.0,0.0,0.0,0.0,0.0,0.0,0.0,754,12,36,27.925926,9.482639,754,34103806.202228,27.0,5.675737,1.824935,-0.131057,89.920439,27,Benign
5.0,0.0,0.7,93.715027,93.715027,0.0,0.0,0.0,0.0,0.0,0.0,0.0,0.0,0.0,0.0,0.0,0.0,0.0,0.0,0.0,0.0,0.0,0.0,0.0,0.0,0.0,0.0,0.0,0.0,0.0,0.0,0.0,1465,11,50,22.538462,11.993687,1465,10837376.117706,65.0,3.166728,1.487634,0.017908,143.848521,65,Benign
5.0,0.0,1.0,42.277673,42.277673,0.0,0.0,0.0,0.0,0.0,0.0,0.0,0.0,0.0,0.0,0.0,0.0,0.0,0.0,0.0,0.0,0.0,0.0,0.0,0.0,0.0,0.0,0.0,0.0,0.0,0.0,0.0,1826,19,50,44.536585,8.698465,1826,24244475.364685,41.0,7.086866,1.358472,0.048528,75.663296,41,Benign
5.0,0.0,1.0,163.136897,163.136897,0.0,0.0,0.0,0.0,0.0,0.0,0.0,0.0,0.0,0.0,0.0,0.0,0.0,0.0,0.0,0.0,0.0,0.0,0.0,0.0,0.0,0.0,0.0,0.0,0.0,0.0,0.0,3888,12,36,24.0,12.0,3888,6167894.5648,162.0,2.108185,0.942809,-0.074675,144.0,162,BT-DoS
5.0,0.0,1.0,179.428781,179.428781,0.0,0.0,0.0,0.0,0.0,0.0,0.0,0.0,0.0,0.0,0.0,0.0,0.0,0.0,0.0,0.0,0.0,0.0,0.0,0.0,0.0,0.0,0.0,0.0,0.0,0.0,0.0,4272,12,36,24.0,12.0,4272,5604729.140546,178.0,2.011205,0.899438,-0.067841,144.0,178,BT-DoS
5.0,0.0,0.0,373.900532,373.900532,0.0,0.0,0.0,0.0,0.0,0.0,0.0,0.0,0.0,0.0,0.0,0.0,0.0,0.0,0.0,0.0,0.0,0.0,0.0,0.0,0.0,0.0,0.0,0.0,0.0,0.0,0.0,120,8,19,12.0,3.0,120,2971675.660875,10.0,3.911521,0.948683,0.004718,9.0,10,Benign
5.0,0.0,1.0,39.134828,39.134828,0.0,0.0,0.0,0.0,0.0,0.0,0.0,0.0,0.0,0.0,0.0,0.0,0.0,0.0,0.0,0.0,0.0,0.0,0.0,0.0,0.0,0.0,0.0,0.0,0.0,0.0,0.0,1297,11,50,34.131579,14.482605,1297,26243300.051303,38.0,6.014698,2.349389,0.194992,209.745845,38,Benign
5.0,0.0,1.0,59.354047,59.354047,0.0,0.0,0.0,0.0,0.0,0.0,0.0,0.0,0.0,0.0,0.0,0.0,0.0,0.0,0.0,0.0,0.0,0.0,0.0,0.0,0.0,0.0,0.0,0.0,0.0,0.0,0.0,2580,19,50,43.728814,7.198942,2580,17138534.578784,59.0,5.769637,0.937222,0.032103,51.824763,59,Benign
5.0,0.0,1.0,141.133733,141.133733,0.0,0.0,0.0,0.0,0.0,0.0,0.0,0.0,0.0,0.0,0.0,0.0,0.0,0.0,0.0,0.0,0.0,0.0,0.0,0.0,0.0,0.0,0.0,0.0,0.0,0.0,0.0,3360,12,36,24.0,12.0,3360,7136452.969887,140.0,2.267787,1.014185,-0.086699,144.0,140,BT-DoS
5.0,0.0,1.0,147.176838,147.176838,0.0,0.0,0.0,0.0,0.0,0.0,0.0,0.0,0.0,0.0,0.0,0.0,0.0,0.0,0.0,0.0,0.0,0.0,0.0,0.0,0.0,0.0,0.0,0.0,0.0,0.0,0.0,3504,12,36,24.0,12.0,3504,6841406.328925,146.0,2.2207,0.993127,-0.083072,144.0,146,BT-DoS
5.0,0.0,1.0,179.421537,179.421537,0.0,0.0,0.0,0.0,0.0,0.0,0.0,0.0,0.0,0.0,0.0,0.0,0.0,0.0,0.0,0.0,0.0,0.0,0.0,0.0,0.0,0.0,0.0,0.0,0.0,0.0,0.0,4272,12,36,24.0,12.0,4272,5604955.436146,178.0,2.011205,0.899438,-0.067853,144.0,178,BT-DoS
5.0,0.0,1.0,39.564465,39.564465,0.0,0.0,0.0,0.0,0.0,0.0,0.0,0.0,0.0,0.0,0.0,0.0,0.0,0.0,0.0,0.0,0.0,0.0,0.0,0.0,0.0,0.0,0.0,0.0,0.0,0.0,0.0,1767,19,50,45.307692,8.118209,1767,25940342.953331,39.0,7.37058,1.299954,-0.011646,65.905325,39,Benign
5.0,0.0,1.0,179.249743,179.249743,0.0,0.0,0.0,0.0,0.0,0.0,0.0,0.0,0.0,0.0,0.0,0.0,0.0,0.0,0.0,0.0,0.0,0.0,0.0,0.0,0.0,0.0,0.0,0.0,0.0,0.0,0.0,4272,12,36,24.0,12.0,4272,5610327.262663,178.0,2.011205,0.899438,-0.067825,144.0,178,BT-DoS
5.0,0.0,0.5,18.374883,18.374883,0.0,0.0,0.0,0.0,0.0,0.0,0.0,0.0,0.0,0.0,0.0,0.0,0.0,0.0,0.0,0.0,0.0,0.0,0.0,0.0,0.0,0.0,0.0,0.0,0.0,0.0,0.0,1300,11,249,130.0,119.0,1300,60469018.088447,10.0,55.732396,37.631104,8.391575,14161.0,10,Benign
5.0,0.0,0.5,17.234649,17.234649,0.0,0.0,0.0,0.0,0.0,0.0,0.0,0.0,0.0,0.0,0.0,0.0,0.0,0.0,0.0,0.0,0.0,0.0,0.0,0.0,0.0,0.0,0.0,0.0,0.0,0.0,0.0,264,12,49,33.0,12.980755,264,66311597.824097,8.0,12.537444,4.58939,-0.511705,168.5,8,Benign
5.0,0.0,1.0,81.97317,81.97317,0.0,0.0,0.0,0.0,0.0,0.0,0.0,0.0,0.0,0.0,0.0,0.0,0.0,0.0,0.0,0.0,0.0,0.0,0.0,0.0,0.0,0.0,0.0,0.0,0.0,0.0,0.0,3635,19,50,44.876543,7.360862,3635,12351602.315903,81.0,5.052913,0.817874,0.038592,54.182289,81,Benign
5.0,0.0,0.1,43.138294,43.138294,0.0,0.0,0.0,0.0,0.0,0.0,0.0,0.0,0.0,0.0,0.0,0.0,0.0,0.0,0.0,0.0,0.0,0.0,0.0,0.0,0.0,0.0,0.0,0.0,0.0,0.0,0.0,89,12,36,22.25,9.010411,89,30908346.176147,4.0,12.002604,4.505205,-0.022545,81.1875,4,Benign
5.0,0.0,1.0,139.110649,139.110649,0.0,0.0,0.0,0.0,0.0,0.0,0.0,0.0,0.0,0.0,0.0,0.0,0.0,0.0,0.0,0.0,0.0,0.0,0.0,0.0,0.0,0.0,0.0,0.0,0.0,0.0,0.0,3312,12,36,24.0,12.0,3312,7240993.263078,138.0,2.284161,1.021508,-0.087869,144.0,138,BT-DoS
5.0,0.0,1.0,189.522441,189.522441,0.0,0.0,0.0,0.0,0.0,0.0,0.0,0.0,0.0,0.0,0.0,0.0,0.0,0.0,0.0,0.0,0.0,0.0,0.0,0.0,0.0,0.0,0.0,0.0,0.0,0.0,0.0,4512,12,36,24.0,12.0,4512,5304636.164783,188.0,1.956984,0.87519,-0.064164,144.0,188,BT-DoS
5.0,0.0,1.0,183.46737,183.46737,0.0,0.0,0.0,0.0,0.0,0.0,0.0,0.0,0.0,0.0,0.0,0.0,0.0,0.0,0.0,0.0,0.0,0.0,0.0,0.0,0.0,0.0,0.0,0.0,0.0,0.0,0.0,4368,12,36,24.0,12.0,4368,5480674.090306,182.0,1.988981,0.889499,-0.066301,144.0,182,BT-DoS
5.0,0.0,1.0,334.679684,334.679684,0.0,0.0,0.0,0.0,0.0,0.0,0.0,0.0,0.0,0.0,0.0,0.0,0.0,0.0,0.0,0.0,0.0,0.0,0.0,0.0,0.0,0.0,0.0,0.0,0.0,0.0,0.0,8016,12,36,24.0,12.0,8016,2996904.355986,334.0,1.468226,0.656611,-0.035947,144.0,334,BT-DoS
5.0,0.0,1.0,171.372021,171.372021,0.0,0.0,0.0,0.0,0.0,0.0,0.0,0.0,0.0,0.0,0.0,0.0,0.0,0.0,0.0,0.0,0.0,0.0,0.0,0.0,0.0,0.0,0.0,0.0,0.0,0.0,0.0,4080,12,36,24.0,12.0,4080,5869786.414874,170.0,2.057983,0.920358,-0.071104,144.0,170,BT-DoS
5.0,0.0,1.0,44.500834,44.500834,0.0,0.0,0.0,0.0,0.0,0.0,0.0,0.0,0.0,0.0,0.0,0.0,0.0,0.0,0.0,0.0,0.0,0.0,0.0,0.0,0.0,0.0,0.0,0.0,0.0,0.0,0.0,1899,18,50,44.162791,8.704263,1899,23006524.358477,43.0,6.864327,1.327388,0.054902,75.764197,43,Benign
5.0,0.0,0.0,81.650887,81.650887,0.0,0.0,0.0,0.0,0.0,0.0,0.0,0.0,0.0,0.0,0.0,0.0,0.0,0.0,0.0,0.0,0.0,0.0,0.0,0.0,0.0,0.0,0.0,0.0,0.0,0.0,0.0,89,12,36,22.25,9.010411,89,16329685.846965,4.0,12.002604,4.505205,0.142512,81.1875,4,Benign
5.0,0.0,1.0,322.661508,322.661508,0.0,0.0,0.0,0.0,0.0,0.0,0.0,0.0,0.0,0.0,0.0,0.0,0.0,0.0,0.0,0.0,0.0,0.0,0.0,0.0,0.0,0.0,0.0,0.0,0.0,0.0,0.0,7728,12,36,24.0,12.0,7728,3108878.001988,322.0,1.495334,0.668734,-0.03728,144.0,322,BT-DoS
5.0,0.0,1.0,40.407349,40.407349,0.0,0.0,0.0,0.0,0.0,0.0,0.0,0.0,0.0,0.0,0.0,0.0,0.0,0.0,0.0,0.0,0.0,0.0,0.0,0.0,0.0,0.0,0.0,0.0,0.0,0.0,0.0,1457,8,50,36.425,15.077943,1457,25382537.108201,40.0,6.233227,2.384032,-0.000261,227.344375,40,Benign
5.0,0.0,1.0,46.157259,46.157259,0.0,0.0,0.0,0.0,0.0,0.0,0.0,0.0,0.0,0.0,0.0,0.0,0.0,0.0,0.0,0.0,0.0,0.0,0.0,0.0,0.0,0.0,0.0,0.0,0.0,0.0,0.0,2016,18,50,44.8,7.750556,2016,22157452.32322,45.0,6.777596,1.155385,-0.024111,60.071111,45,Benign
5.0,0.0,1.0,10.178687,10.178687,0.0,0.0,0.0,0.0,0.0,0.0,0.0,0.0,0.0,0.0,0.0,0.0,0.0,0.0,0.0,0.0,0.0,0.0,0.0,0.0,0.0,0.0,0.0,0.0,0.0,0.0,0.0,279,10,50,27.9,16.807439,279,109160555.733575,10.0,10.3,5.314979,0.850745,282.49,10,Benign
5.0,0.0,0.5,3.810336,3.810336,0.0,0.0,0.0,0.0,0.0,0.0,0.0,0.0,0.0,0.0,0.0,0.0,0.0,0.0,0.0,0.0,0.0,0.0,0.0,0.0,0.0,0.0,0.0,0.0,0.0,0.0,0.0,36,18,18,18.0,0.0,36,524888038.635254,2.0,12.727922,0.0,0.0,0.0,2,Benign
5.0,0.0,1.0,28.482207,28.482207,0.0,0.0,0.0,0.0,0.0,0.0,0.0,0.0,0.0,0.0,0.0,0.0,0.0,0.0,0.0,0.0,0.0,0.0,0.0,0.0,0.0,0.0,0.0,0.0,0.0,0.0,0.0,1190,18,50,42.5,9.100628,1190,36409996.174,28.0,8.21382,1.719857,0.081607,82.821429,28,Benign
5.0,0.0,0.1,72.164414,72.164414,0.0,0.0,0.0,0.0,0.0,0.0,0.0,0.0,0.0,0.0,0.0,0.0,0.0,0.0,0.0,0.0,0.0,0.0,0.0,0.0,0.0,0.0,0.0,0.0,0.0,0.0,0.0,89,12,36,22.25,9.010411,89,18476327.260335,4.0,12.002604,4.505205,0.067445,81.1875,4,Benign
5.0,0.0,1.0,43.051314,43.051314,0.0,0.0,0.0,0.0,0.0,0.0,0.0,0.0,0.0,0.0,0.0,0.0,0.0,0.0,0.0,0.0,0.0,0.0,0.0,0.0,0.0,0.0,0.0,0.0,0.0,0.0,0.0,1869,18,50,44.5,8.805437,1869,23794633.586232,42.0,6.999636,1.358708,0.053406,77.535714,42,Benign
5.0,0.0,1.0,173.393913,173.393913,0.0,0.0,0.0,0.0,0.0,0.0,0.0,0.0,0.0,0.0,0.0,0.0,0.0,0.0,0.0,0.0,0.0,0.0,0.0,0.0,0.0,0.0,0.0,0.0,0.0,0.0,0.0,4128,12,36,24.0,12.0,4128,5800941.53421,172.0,2.045983,0.914991,-0.070238,144.0,172,BT-DoS
5.0,0.0,0.8,29.685571,29.685571,0.0,0.0,0.0,0.0,0.0,0.0,0.0,0.0,0.0,0.0,0.0,0.0,0.0,0.0,0.0,0.0,0.0,0.0,0.0,0.0,0.0,0.0,0.0,0.0,0.0,0.0,0.0,786,12,50,31.44,12.582782,786,35089999.437332,25.0,6.772887,2.516556,-0.089232,158.3264,25,Benign
5.0,0.0,1.0,300.579545,300.579545,0.0,0.0,0.0,0.0,0.0,0.0,0.0,0.0,0.0,0.0,0.0,0.0,0.0,0.0,0.0,0.0,0.0,0.0,0.0,0.0,0.0,0.0,0.0,0.0,0.0,0.0,0.0,7200,12,36,24.0,12.0,7200,3338033.140304,300.0,1.549193,0.69282,-0.040047,144.0,300,BT-DoS
5.0,0.0,1.0,169.352786,169.352786,0.0,0.0,0.0,0.0,0.0,0.0,0.0,0.0,0.0,0.0,0.0,0.0,0.0,0.0,0.0,0.0,0.0,0.0,0.0,0.0,0.0,0.0,0.0,0.0,0.0,0.0,0.0,4032,12,36,24.0,12.0,4032,5940191.760035,168.0,2.070197,0.92582,-0.071966,144.0,168,BT-DoS
5.0,0.0,1.0,159.274866,159.274866,0.0,0.0,0.0,0.0,0.0,0.0,0.0,0.0,0.0,0.0,0.0,0.0,0.0,0.0,0.0,0.0,0.0,0.0,0.0,0.0,0.0,0.0,0.0,0.0,0.0,0.0,0.0,3792,12,36,24.0,12.0,3792,6318444.658996,158.0,2.134704,0.954669,-0.076601,144.0,158,BT-DoS
5.0,0.0,0.9,9.813094,9.813094,0.0,0.0,0.0,0.0,0.0,0.0,0.0,0.0,0.0,0.0,0.0,0.0,0.0,0.0,0.0,0.0,0.0,0.0,0.0,0.0,0.0,0.0,0.0,0.0,0.0,0.0,0.0,302,12,50,33.555556,13.325924,302,114642739.295959,9.0,12.034929,4.441975,1.344015,177.580247,9,Benign
5.0,0.0,1.0,108.873495,108.873495,0.0,0.0,0.0,0.0,0.0,0.0,0.0,0.0,0.0,0.0,0.0,0.0,0.0,0.0,0.0,0.0,0.0,0.0,0.0,0.0,0.0,0.0,0.0,0.0,0.0,0.0,0.0,2592,12,36,24.0,12.0,2592,9270812.863501,108.0,2.581989,1.154701,-0.113159,144.0,108,BT-DoS
5.0,0.0,1.0,8.034242,8.034242,0.0,0.0,0.0,0.0,0.0,0.0,0.0,0.0,0.0,0.0,0.0,0.0,0.0,0.0,0.0,0.0,0.0,0.0,0.0,0.0,0.0,0.0,0.0,0.0,0.0,0.0,0.0,288,12,50,36.0,15.157506,288,142248289.925712,8.0,13.810096,5.358988,0.608751,229.75,8,Benign
5.0,0.0,1.0,173.39583,173.39583,0.0,0.0,0.0,0.0,0.0,0.0,0.0,0.0,0.0,0.0,0.0,0.0,0.0,0.0,0.0,0.0,0.0,0.0,0.0,0.0,0.0,0.0,0.0,0.0,0.0,0.0,0.0,4128,12,36,24.0,12.0,4128,5800877.398218,172.0,2.045983,0.914991,-0.070241,144.0,172,BT-DoS
5.0,0.0,1.0,24.605892,24.605892,0.0,0.0,0.0,0.0,0.0,0.0,0.0,0.0,0.0,0.0,0.0,0.0,0.0,0.0,0.0,0.0,0.0,0.0,0.0,0.0,0.0,0.0,0.0,0.0,0.0,0.0,0.0,443,10,50,18.458333,13.111633,443,42407657.789147,24.0,4.62162,2.676401,0.894297,171.914931,24,BT-DoS
5.0,0.0,1.0,151.208317,151.208317,0.0,0.0,0.0,0.0,0.0,0.0,0.0,0.0,0.0,0.0,0.0,0.0,0.0,0.0,0.0,0.0,0.0,0.0,0.0,0.0,0.0,0.0,0.0,0.0,0.0,0.0,0.0,3600,12,36,24.0,12.0,3600,6657778.016673,150.0,2.19089,0.979796,-0.080776,144.0,150,BT-DoS
5.0,0.0,1.0,151.507196,151.507196,0.0,0.0,0.0,0.0,0.0,0.0,0.0,0.0,0.0,0.0,0.0,0.0,0.0,0.0,0.0,0.0,0.0,0.0,0.0,0.0,0.0,0.0,0.0,0.0,0.0,0.0,0.0,3600,12,36,24.0,12.0,3600,6644644.193201,150.0,2.19089,0.979796,-0.080619,144.0,150,BT-DoS
5.0,0.0,1.0,166.329006,166.329006,0.0,0.0,0.0,0.0,0.0,0.0,0.0,0.0,0.0,0.0,0.0,0.0,0.0,0.0,0.0,0.0,0.0,0.0,0.0,0.0,0.0,0.0,0.0,0.0,0.0,0.0,0.0,3840,12,36,24.0,12.0,3840,6049992.903224,160.0,2.12132,0.948683,-0.073341,144.0,160,BT-DoS
5.0,0.0,1.0,173.385162,173.385162,0.0,0.0,0.0,0.0,0.0,0.0,0.0,0.0,0.0,0.0,0.0,0.0,0.0,0.0,0.0,0.0,0.0,0.0,0.0,0.0,0.0,0.0,0.0,0.0,0.0,0.0,0.0,4128,12,36,24.0,12.0,4128,5801234.328956,172.0,2.045983,0.914991,-0.070251,144.0,172,BT-DoS
5.0,0.0,1.0,37.064561,37.064561,0.0,0.0,0.0,0.0,0.0,0.0,0.0,0.0,0.0,0.0,0.0,0.0,0.0,0.0,0.0,0.0,0.0,0.0,0.0,0.0,0.0,0.0,0.0,0.0,0.0,0.0,0.0,1598,18,50,44.388889,7.428465,1598,27750805.44608,36.0,7.501029,1.238078,-0.010254,55.182099,36,Benign
5.0,0.0,1.0,7.058188,7.058188,0.0,0.0,0.0,0.0,0.0,0.0,0.0,0.0,0.0,0.0,0.0,0.0,0.0,0.0,0.0,0.0,0.0,0.0,0.0,0.0,0.0,0.0,0.0,0.0,0.0,0.0,0.0,239,12,50,34.142857,15.329044,239,165292660.395304,7.0,14.145743,5.793834,2.78872,234.979592,7,Benign
5.0,0.0,1.0,173.394622,173.394622,0.0,0.0,0.0,0.0,0.0,0.0,0.0,0.0,0.0,0.0,0.0,0.0,0.0,0.0,0.0,0.0,0.0,0.0,0.0,0.0,0.0,0.0,0.0,0.0,0.0,0.0,0.0,4128,12,36,24.0,12.0,4128,5800917.831778,172.0,2.045983,0.914991,-0.070238,144.0,172,BT-DoS
5.0,0.0,1.0,141.129323,141.129323,0.0,0.0,0.0,0.0,0.0,0.0,0.0,0.0,0.0,0.0,0.0,0.0,0.0,0.0,0.0,0.0,0.0,0.0,0.0,0.0,0.0,0.0,0.0,0.0,0.0,0.0,0.0,3360,12,36,24.0,12.0,3360,7136675.951292,140.0,2.267787,1.014185,-0.086702,144.0,140,BT-DoS
5.0,0.0,1.0,58.238658,58.238658,0.0,0.0,0.0,0.0,0.0,0.0,0.0,0.0,0.0,0.0,0.0,0.0,0.0,0.0,0.0,0.0,0.0,0.0,0.0,0.0,0.0,0.0,0.0,0.0,0.0,0.0,0.0,2556,19,50,44.068966,8.13647,2556,17471965.990568,58.0,5.884339,1.068371,0.052805,66.20214,58,Benign
5.0,0.0,1.0,171.369426,171.369426,0.0,0.0,0.0,0.0,0.0,0.0,0.0,0.0,0.0,0.0,0.0,0.0,0.0,0.0,0.0,0.0,0.0,0.0,0.0,0.0,0.0,0.0,0.0,0.0,0.0,0.0,0.0,4080,12,36,24.0,12.0,4080,5869875.292806,170.0,2.057983,0.920358,-0.071084,144.0,170,BT-DoS
5.0,0.0,1.0,173.210028,173.210028,0.0,0.0,0.0,0.0,0.0,0.0,0.0,0.0,0.0,0.0,0.0,0.0,0.0,0.0,0.0,0.0,0.0,0.0,0.0,0.0,0.0,0.0,0.0,0.0,0.0,0.0,0.0,4128,12,36,24.0,12.0,4128,5807099.983706,172.0,2.045983,0.914991,-0.070223,144.0,172,BT-DoS
5.0,0.0,0.3,46.87532,46.87532,0.0,0.0,0.0,0.0,0.0,0.0,0.0,0.0,0.0,0.0,0.0,0.0,0.0,0.0,0.0,0.0,0.0,0.0,0.0,0.0,0.0,0.0,0.0,0.0,0.0,0.0,0.0,517,12,36,32.3125,7.807999,517,22755400.339762,16.0,8.31062,1.952,-0.141883,60.964844,16,Benign
5.0,0.0,1.0,40.19032,40.19032,0.0,0.0,0.0,0.0,0.0,0.0,0.0,0.0,0.0,0.0,0.0,0.0,0.0,0.0,0.0,0.0,0.0,0.0,0.0,0.0,0.0,0.0,0.0,0.0,0.0,0.0,0.0,1732,19,50,44.410256,8.263972,1732,25536392.864428,39.0,7.233406,1.323295,-0.009307,68.293228,39,Benign
5.0,0.0,1.0,37.904981,37.904981,0.0,0.0,0.0,0.0,0.0,0.0,0.0,0.0,0.0,0.0,0.0,0.0,0.0,0.0,0.0,0.0,0.0,0.0,0.0,0.0,0.0,0.0,0.0,0.0,0.0,0.0,0.0,1542,18,50,41.675676,10.078219,1542,27114583.386315,37.0,7.048926,1.656849,0.008327,101.570489,37,Benign
5.0,0.0,0.5,22.835827,22.835827,0.0,0.0,0.0,0.0,0.0,0.0,0.0,0.0,0.0,0.0,0.0,0.0,0.0,0.0,0.0,0.0,0.0,0.0,0.0,0.0,0.0,0.0,0.0,0.0,0.0,0.0,0.0,184,11,33,15.333333,5.920773,184,47771822.322499,12.0,4.74488,1.70918,0.02156,35.055556,12,Benign
5.0,0.0,1.0,143.465026,143.465026,0.0,0.0,0.0,0.0,0.0,0.0,0.0,0.0,0.0,0.0,0.0,0.0,0.0,0.0,0.0,0.0,0.0,0.0,0.0,0.0,0.0,0.0,0.0,0.0,0.0,0.0,0.0,3312,12,36,24.0,12.0,3312,7021218.320749,138.0,2.284161,1.021508,-0.085297,144.0,138,BT-DoS
5.0,0.0,1.0,13.500265,13.500265,0.0,0.0,0.0,0.0,0.0,0.0,0.0,0.0,0.0,0.0,0.0,0.0,0.0,0.0,0.0,0.0,0.0,0.0,0.0,0.0,0.0,0.0,0.0,0.0,0.0,0.0,0.0,478,12,50,36.769231,13.823914,478,80245335.89681,13.0,10.894871,3.834064,0.528012,191.100592,13,Benign
5.0,0.0,1.0,173.402666,173.402666,0.0,0.0,0.0,0.0,0.0,0.0,0.0,0.0,0.0,0.0,0.0,0.0,0.0,0.0,0.0,0.0,0.0,0.0,0.0,0.0,0.0,0.0,0.0,0.0,0.0,0.0,0.0,4128,12,36,24.0,12.0,4128,5800648.739463,172.0,2.045983,0.914991,-0.070256,144.0,172,BT-DoS
5.0,0.0,0.1,47.300402,47.300402,0.0,0.0,0.0,0.0,0.0,0.0,0.0,0.0,0.0,0.0,0.0,0.0,0.0,0.0,0.0,0.0,0.0,0.0,0.0,0.0,0.0,0.0,0.0,0.0,0.0,0.0,0.0,89,12,36,22.25,9.010411,89,28188625.971476,4.0,12.002604,4.505205,0.311483,81.1875,4,Benign
5.0,0.0,1.0,179.434775,179.434775,0.0,0.0,0.0,0.0,0.0,0.0,0.0,0.0,0.0,0.0,0.0,0.0,0.0,0.0,0.0,0.0,0.0,0.0,0.0,0.0,0.0,0.0,0.0,0.0,0.0,0.0,0.0,4272,12,36,24.0,12.0,4272,5604541.907876,178.0,2.011205,0.899438,-0.067835,144.0,178,BT-DoS
5.0,0.0,1.0,38.435748,38.435748,0.0,0.0,0.0,0.0,0.0,0.0,0.0,0.0,0.0,0.0,0.0,0.0,0.0,0.0,0.0,0.0,0.0,0.0,0.0,0.0,0.0,0.0,0.0,0.0,0.0,0.0,0.0,1746,19,50,45.947368,6.656802,1746,26720620.490409,38.0,7.531467,1.079876,0.027523,44.313019,38,Benign
5.0,0.0,1.0,37.526006,37.526006,0.0,0.0,0.0,0.0,0.0,0.0,0.0,0.0,0.0,0.0,0.0,0.0,0.0,0.0,0.0,0.0,0.0,0.0,0.0,0.0,0.0,0.0,0.0,0.0,0.0,0.0,0.0,1646,18,50,44.486486,9.851935,1646,27388413.747152,37.0,7.49073,1.619648,0.039135,97.060628,37,Benign
5.0,0.0,1.0,187.498313,187.498313,0.0,0.0,0.0,0.0,0.0,0.0,0.0,0.0,0.0,0.0,0.0,0.0,0.0,0.0,0.0,0.0,0.0,0.0,0.0,0.0,0.0,0.0,0.0,0.0,0.0,0.0,0.0,4464,12,36,24.0,12.0,4464,5362210.402618,186.0,1.967478,0.879883,-0.064847,144.0,186,BT-DoS
5.0,0.0,0.1,47.998398,47.998398,0.0,0.0,0.0,0.0,0.0,0.0,0.0,0.0,0.0,0.0,0.0,0.0,0.0,0.0,0.0,0.0,0.0,0.0,0.0,0.0,0.0,0.0,0.0,0.0,0.0,0.0,0.0,89,12,36,22.25,9.010411,89,27778704.961141,4.0,12.002604,4.505205,0.321226,81.1875,4,Benign
5.0,0.0,1.0,185.487061,185.487061,0.0,0.0,0.0,0.0,0.0,0.0,0.0,0.0,0.0,0.0,0.0,0.0,0.0,0.0,0.0,0.0,0.0,0.0,0.0,0.0,0.0,0.0,0.0,0.0,0.0,0.0,0.0,4416,12,36,24.0,12.0,4416,5420671.786115,184.0,1.978141,0.884652,-0.065556,144.0,184,BT-DoS
5.0,0.0,1.0,324.638937,324.638937,0.0,0.0,0.0,0.0,0.0,0.0,0.0,0.0,0.0,0.0,0.0,0.0,0.0,0.0,0.0,0.0,0.0,0.0,0.0,0.0,0.0,0.0,0.0,0.0,0.0,0.0,0.0,7776,12,36,24.0,12.0,7776,3089881.902878,324.0,1.490712,0.666667,-0.037061,144.0,324,BT-DoS
5.0,0.0,1.0,39.424685,39.424685,0.0,0.0,0.0,0.0,0.0,0.0,0.0,0.0,0.0,0.0,0.0,0.0,0.0,0.0,0.0,0.0,0.0,0.0,0.0,0.0,0.0,0.0,0.0,0.0,0.0,0.0,0.0,1721,22,50,45.289474,7.118944,1721,26050354.983356,38.0,7.437133,1.154845,0.039618,50.679363,38,Benign
5.0,0.0,0.8,23.693989,23.693989,0.0,0.0,0.0,0.0,0.0,0.0,0.0,0.0,0.0,0.0,0.0,0.0,0.0,0.0,0.0,0.0,0.0,0.0,0.0,0.0,0.0,0.0,0.0,0.0,0.0,0.0,0.0,540,12,36,27.0,9.949874,540,44426102.387278,20.0,6.434283,2.22486,-0.106141,99.0,20,Benign
5.0,0.0,1.0,147.180977,147.180977,0.0,0.0,0.0,0.0,0.0,0.0,0.0,0.0,0.0,0.0,0.0,0.0,0.0,0.0,0.0,0.0,0.0,0.0,0.0,0.0,0.0,0.0,0.0,0.0,0.0,0.0,0.0,3504,12,36,24.0,12.0,3504,6841213.949795,146.0,2.2207,0.993127,-0.083045,144.0,146,BT-DoS
5.0,0.0,1.0,147.908653,147.908653,0.0,0.0,0.0,0.0,0.0,0.0,0.0,0.0,0.0,0.0,0.0,0.0,0.0,0.0,0.0,0.0,0.0,0.0,0.0,0.0,0.0,0.0,0.0,0.0,0.0,0.0,0.0,3408,12,36,24.0,12.0,3408,6808879.52764,142.0,2.25176,1.007018,-0.08268,144.0,142,BT-DoS
5.0,0.0,1.0,171.205289,171.205289,0.0,0.0,0.0,0.0,0.0,0.0,0.0,0.0,0.0,0.0,0.0,0.0,0.0,0.0,0.0,0.0,0.0,0.0,0.0,0.0,0.0,0.0,0.0,0.0,0.0,0.0,0.0,4080,12,36,24.0,12.0,4080,5875502.81773,170.0,2.057983,0.920358,-0.071066,144.0,170,BT-DoS
5.0,0.0,1.0,179.430765,179.430765,0.0,0.0,0.0,0.0,0.0,0.0,0.0,0.0,0.0,0.0,0.0,0.0,0.0,0.0,0.0,0.0,0.0,0.0,0.0,0.0,0.0,0.0,0.0,0.0,0.0,0.0,0.0,4272,12,36,24.0,12.0,4272,5604667.178655,178.0,2.011205,0.899438,-0.067829,144.0,178,BT-DoS
5.0,0.0,1.0,179.426797,179.426797,0.0,0.0,0.0,0.0,0.0,0.0,0.0,0.0,0.0,0.0,0.0,0.0,0.0,0.0,0.0,0.0,0.0,0.0,0.0,0.0,0.0,0.0,0.0,0.0,0.0,0.0,0.0,4272,12,36,24.0,12.0,4272,5604791.102436,178.0,2.011205,0.899438,-0.067844,144.0,178,BT-DoS
5.0,0.0,0.7,20.625911,20.625911,0.0,0.0,0.0,0.0,0.0,0.0,0.0,0.0,0.0,0.0,0.0,0.0,0.0,0.0,0.0,0.0,0.0,0.0,0.0,0.0,0.0,0.0,0.0,0.0,0.0,0.0,0.0,585,12,50,41.785714,13.283602,585,52212146.612314,14.0,11.718423,3.550192,0.220453,176.454082,14,Benign
5.0,0.0,1.0,119.069475,119.069475,0.0,0.0,0.0,0.0,0.0,0.0,0.0,0.0,0.0,0.0,0.0,0.0,0.0,0.0,0.0,0.0,0.0,0.0,0.0,0.0,0.0,0.0,0.0,0.0,0.0,0.0,0.0,2832,12,36,24.0,12.0,2832,8470239.802303,118.0,2.470161,1.10469,-0.103208,144.0,118,BT-DoS
5.0,0.0,0.9,23.000825,23.000825,0.0,0.0,0.0,0.0,0.0,0.0,0.0,0.0,0.0,0.0,0.0,0.0,0.0,0.0,0.0,0.0,0.0,0.0,0.0,0.0,0.0,0.0,0.0,0.0,0.0,0.0,0.0,540,12,36,27.0,9.949874,540,45764948.192396,20.0,6.434283,2.22486,-0.164974,99.0,20,Benign
5.0,0.0,1.0,37.004102,37.004102,0.0,0.0,0.0,0.0,0.0,0.0,0.0,0.0,0.0,0.0,0.0,0.0,0.0,0.0,0.0,0.0,0.0,0.0,0.0,0.0,0.0,0.0,0.0,0.0,0.0,0.0,0.0,1519,18,50,41.054054,9.999854,1519,27774698.204464,37.0,6.946577,1.643966,0.071702,99.997078,37,Benign
5.0,0.0,1.0,29.412784,29.412784,0.0,0.0,0.0,0.0,0.0,0.0,0.0,0.0,0.0,0.0,0.0,0.0,0.0,0.0,0.0,0.0,0.0,0.0,0.0,0.0,0.0,0.0,0.0,0.0,0.0,0.0,0.0,909,12,50,32.464286,12.459885,909,35258037.072641,28.0,6.571526,2.354697,-0.087934,155.248724,28,Benign
5.0,0.0,1.0,32.06882,32.06882,0.0,0.0,0.0,0.0,0.0,0.0,0.0,0.0,0.0,0.0,0.0,0.0,0.0,0.0,0.0,0.0,0.0,0.0,0.0,0.0,0.0,0.0,0.0,0.0,0.0,0.0,0.0,1432,19,50,44.75,6.604922,1432,32188838.528049,32.0,7.996459,1.167596,0.137198,43.625,32,Benign
5.0,0.0,1.0,46.758845,46.758845,0.0,0.0,0.0,0.0,0.0,0.0,0.0,0.0,0.0,0.0,0.0,0.0,0.0,0.0,0.0,0.0,0.0,0.0,0.0,0.0,0.0,0.0,0.0,0.0,0.0,0.0,0.0,1966,18,50,42.73913,9.328392,1966,21861579.683092,46.0,6.449894,1.375396,-0.013833,87.018904,46,Benign
5.0,0.0,1.0,131.059493,131.059493,0.0,0.0,0.0,0.0,0.0,0.0,0.0,0.0,0.0,0.0,0.0,0.0,0.0,0.0,0.0,0.0,0.0,0.0,0.0,0.0,0.0,0.0,0.0,0.0,0.0,0.0,0.0,3120,12,36,24.0,12.0,3120,7689270.862313,130.0,2.353394,1.05247,-0.093542,144.0,130,BT-DoS
5.0,0.0,1.0,139.111384,139.111384,0.0,0.0,0.0,0.0,0.0,0.0,0.0,0.0,0.0,0.0,0.0,0.0,0.0,0.0,0.0,0.0,0.0,0.0,0.0,0.0,0.0,0.0,0.0,0.0,0.0,0.0,0.0,3312,12,36,24.0,12.0,3312,7240954.976882,138.0,2.284161,1.021508,-0.087999,144.0,138,BT-DoS
5.0,0.0,1.0,349.035213,349.035213,0.0,0.0,0.0,0.0,0.0,0.0,0.0,0.0,0.0,0.0,0.0,0.0,0.0,0.0,0.0,0.0,0.0,0.0,0.0,0.0,0.0,0.0,0.0,0.0,0.0,0.0,0.0,8352,12,36,24.0,12.0,8352,2873297.039988,348.0,1.43839,0.643268,-0.034416,144.0,348,BT-DoS
5.0,0.0,1.0,61.165683,61.165683,0.0,0.0,0.0,0.0,0.0,0.0,0.0,0.0,0.0,0.0,0.0,0.0,0.0,0.0,0.0,0.0,0.0,0.0,0.0,0.0,0.0,0.0,0.0,0.0,0.0,0.0,0.0,2638,19,50,44.711864,8.002226,2638,16630916.759886,59.0,5.913481,1.041801,0.035037,64.035622,59,Benign
5.0,0.0,1.0,167.341548,167.341548,0.0,0.0,0.0,0.0,0.0,0.0,0.0,0.0,0.0,0.0,0.0,0.0,0.0,0.0,0.0,0.0,0.0,0.0,0.0,0.0,0.0,0.0,0.0,0.0,0.0,0.0,0.0,3984,12,36,24.0,12.0,3984,6012019.244107,166.0,2.08263,0.931381,-0.072836,144.0,166,BT-DoS
5.0,0.0,1.0,34.589855,34.589855,0.0,0.0,0.0,0.0,0.0,0.0,0.0,0.0,0.0,0.0,0.0,0.0,0.0,0.0,0.0,0.0,0.0,0.0,0.0,0.0,0.0,0.0,0.0,0.0,0.0,0.0,0.0,1387,19,50,42.030303,9.337071,1387,29813654.720783,33.0,7.494902,1.625375,0.084198,87.1809,33,Benign
5.0,0.0,1.0,340.671791,340.671791,0.0,0.0,0.0,0.0,0.0,0.0,0.0,0.0,0.0,0.0,0.0,0.0,0.0,0.0,0.0,0.0,0.0,0.0,0.0,0.0,0.0,0.0,0.0,0.0,0.0,0.0,0.0,8160,12,36,24.0,12.0,8160,2944035.516024,340.0,1.455214,0.650791,-0.035323,144.0,340,BT-DoS
5.0,0.0,1.0,99.404286,99.404286,0.0,0.0,0.0,0.0,0.0,0.0,0.0,0.0,0.0,0.0,0.0,0.0,0.0,0.0,0.0,0.0,0.0,0.0,0.0,0.0,0.0,0.0,0.0,0.0,0.0,0.0,0.0,3082,8,50,31.44898,16.132185,3082,10163639.009613,98.0,3.570408,1.629597,0.060722,260.247397,98,Benign
5.0,0.0,1.0,57.365711,57.365711,0.0,0.0,0.0,0.0,0.0,0.0,0.0,0.0,0.0,0.0,0.0,0.0,0.0,0.0,0.0,0.0,0.0,0.0,0.0,0.0,0.0,0.0,0.0,0.0,0.0,0.0,0.0,2514,18,50,44.105263,9.536052,2514,17743302.243096,57.0,5.976871,1.263081,0.04299,90.936288,57,Benign
5.0,0.0,1.0,133.07285,133.07285,0.0,0.0,0.0,0.0,0.0,0.0,0.0,0.0,0.0,0.0,0.0,0.0,0.0,0.0,0.0,0.0,0.0,0.0,0.0,0.0,0.0,0.0,0.0,0.0,0.0,0.0,0.0,3168,12,36,24.0,12.0,3168,7572044.853036,132.0,2.335497,1.044466,-0.092026,144.0,132,BT-DoS
5.0,0.0,1.0,177.594081,177.594081,0.0,0.0,0.0,0.0,0.0,0.0,0.0,0.0,0.0,0.0,0.0,0.0,0.0,0.0,0.0,0.0,0.0,0.0,0.0,0.0,0.0,0.0,0.0,0.0,0.0,0.0,0.0,4224,12,36,24.0,12.0,4224,5662994.384766,176.0,2.0226,0.904534,-0.068552,144.0,176,BT-DoS
5.0,0.0,1.0,155.243822,155.243822,0.0,0.0,0.0,0.0,0.0,0.0,0.0,0.0,0.0,0.0,0.0,0.0,0.0,0.0,0.0,0.0,0.0,0.0,0.0,0.0,0.0,0.0,0.0,0.0,0.0,0.0,0.0,3696,12,36,24.0,12.0,3696,6483581.331041,154.0,2.16225,0.966988,-0.078646,144.0,154,BT-DoS
5.0,0.0,1.0,10.375348,10.375348,0.0,0.0,0.0,0.0,0.0,0.0,0.0,0.0,0.0,0.0,0.0,0.0,0.0,0.0,0.0,0.0,0.0,0.0,0.0,0.0,0.0,0.0,0.0,0.0,0.0,0.0,0.0,384,12,50,38.4,14.395833,384,107091453.340318,10.0,12.968423,4.552362,1.065707,207.24,10,Benign
5.0,0.0,1.0,131.038894,131.038894,0.0,0.0,0.0,0.0,0.0,0.0,0.0,0.0,0.0,0.0,0.0,0.0,0.0,0.0,0.0,0.0,0.0,0.0,0.0,0.0,0.0,0.0,0.0,0.0,0.0,0.0,0.0,3120,12,36,24.0,12.0,3120,7690479.589063,130.0,2.353394,1.05247,-0.093521,144.0,130,BT-DoS
5.0,0.0,1.0,175.401142,175.401142,0.0,0.0,0.0,0.0,0.0,0.0,0.0,0.0,0.0,0.0,0.0,0.0,0.0,0.0,0.0,0.0,0.0,0.0,0.0,0.0,0.0,0.0,0.0,0.0,0.0,0.0,0.0,4176,12,36,24.0,12.0,4176,5734172.170562,174.0,2.034191,0.909718,-0.069435,144.0,174,BT-DoS
5.0,0.0,1.0,163.317504,163.317504,0.0,0.0,0.0,0.0,0.0,0.0,0.0,0.0,0.0,0.0,0.0,0.0,0.0,0.0,0.0,0.0,0.0,0.0,0.0,0.0,0.0,0.0,0.0,0.0,0.0,0.0,0.0,3888,12,36,24.0,12.0,3888,6161073.720233,162.0,2.108185,0.942809,-0.074667,144.0,162,BT-DoS
5.0,0.0,1.0,12.037159,12.037159,0.0,0.0,0.0,0.0,0.0,0.0,0.0,0.0,0.0,0.0,0.0,0.0,0.0,0.0,0.0,0.0,0.0,0.0,0.0,0.0,0.0,0.0,0.0,0.0,0.0,0.0,0.0,190,11,33,15.833333,6.256108,190,90628450.567072,12.0,4.914548,1.805983,0.127285,39.138889,12,Benign
5.0,0.0,0.1,74.652001,74.652001,0.0,0.0,0.0,0.0,0.0,0.0,0.0,0.0,0.0,0.0,0.0,0.0,0.0,0.0,0.0,0.0,0.0,0.0,0.0,0.0,0.0,0.0,0.0,0.0,0.0,0.0,0.0,89,12,36,22.25,9.010411,89,17860651.016235,4.0,12.002604,4.505205,0.132738,81.1875,4,Benign
5.0,0.0,1.0,30.477992,30.477992,0.0,0.0,0.0,0.0,0.0,0.0,0.0,0.0,0.0,0.0,0.0,0.0,0.0,0.0,0.0,0.0,0.0,0.0,0.0,0.0,0.0,0.0,0.0,0.0,0.0,0.0,0.0,1288,17,50,42.933333,9.327141,1288,33941959.512645,30.0,8.02136,1.702895,0.136065,86.995556,30,Benign
5.0,0.0,0.8,50.774945,50.774945,0.0,0.0,0.0,0.0,0.0,0.0,0.0,0.0,0.0,0.0,0.0,0.0,0.0,0.0,0.0,0.0,0.0,0.0,0.0,0.0,0.0,0.0,0.0,0.0,0.0,0.0,0.0,1778,8,50,43.365854,10.487521,1778,20187121.629715,41.0,6.967845,1.637876,0.029055,109.988102,41,Benign
5.0,0.0,0.0,2496.609524,2496.609524,0.0,0.0,0.0,0.0,0.0,0.0,0.0,0.0,0.0,0.0,0.0,0.0,0.0,0.0,0.0,0.0,0.0,0.0,0.0,0.0,0.0,0.0,0.0,0.0,0.0,0.0,0.0,57,19,38,28.5,9.5,57,801086.425781,2.0,21.242646,6.717514,0.0,90.25,2,Benign
5.0,0.0,1.0,165.307108,165.307108,0.0,0.0,0.0,0.0,0.0,0.0,0.0,0.0,0.0,0.0,0.0,0.0,0.0,0.0,0.0,0.0,0.0,0.0,0.0,0.0,0.0,0.0,0.0,0.0,0.0,0.0,0.0,3936,12,36,24.0,12.0,3936,6086459.189105,164.0,2.095291,0.937043,-0.07371,144.0,164,BT-DoS
5.0,0.0,1.0,12.250399,12.250399,0.0,0.0,0.0,0.0,0.0,0.0,0.0,0.0,0.0,0.0,0.0,0.0,0.0,0.0,0.0,0.0,0.0,0.0,0.0,0.0,0.0,0.0,0.0,0.0,0.0,0.0,0.0,467,19,50,38.916667,10.419999,467,89050899.852406,12.0,11.630002,3.007995,-0.059533,108.576389,12,Benign
5.0,0.0,0.1,63.709576,63.709576,0.0,0.0,0.0,0.0,0.0,0.0,0.0,0.0,0.0,0.0,0.0,0.0,0.0,0.0,0.0,0.0,0.0,0.0,0.0,0.0,0.0,0.0,0.0,0.0,0.0,0.0,0.0,173,32,50,43.25,6.977643,173,20928303.400675,4.0,21.904623,3.488821,0.062035,48.6875,4,Benign
5.0,0.0,1.0,157.258048,157.258048,0.0,0.0,0.0,0.0,0.0,0.0,0.0,0.0,0.0,0.0,0.0,0.0,0.0,0.0,0.0,0.0,0.0,0.0,0.0,0.0,0.0,0.0,0.0,0.0,0.0,0.0,0.0,3744,12,36,24.0,12.0,3744,6400000.664496,156.0,2.148345,0.960769,-0.077599,144.0,156,BT-DoS
5.0,0.0,0.9,3.191469,3.191469,0.0,0.0,0.0,0.0,0.0,0.0,0.0,0.0,0.0,0.0,0.0,0.0,0.0,0.0,0.0,0.0,0.0,0.0,0.0,0.0,0.0,0.0,0.0,0.0,0.0,0.0,0.0,54,18,18,18.0,0.0,54,470003008.842468,3.0,10.392305,0.0,0.0,0.0,3,Benign
5.0,0.0,0.9,23.174058,23.174058,0.0,0.0,0.0,0.0,0.0,0.0,0.0,0.0,0.0,0.0,0.0,0.0,0.0,0.0,0.0,0.0,0.0,0.0,0.0,0.0,0.0,0.0,0.0,0.0,0.0,0.0,0.0,540,12,36,27.0,9.949874,540,45422842.628077,20.0,6.434283,2.22486,-0.12933,99.0,20,Benign
5.0,0.0,0.9,126.711252,126.711252,0.0,0.0,0.0,0.0,0.0,0.0,0.0,0.0,0.0,0.0,0.0,0.0,0.0,0.0,0.0,0.0,0.0,0.0,0.0,0.0,0.0,0.0,0.0,0.0,0.0,0.0,0.0,2880,12,36,24.0,12.0,2880,7958277.93474,120.0,2.44949,1.095445,-0.096824,144.0,120,BT-DoS
5.0,0.0,1.0,175.402364,175.402364,0.0,0.0,0.0,0.0,0.0,0.0,0.0,0.0,0.0,0.0,0.0,0.0,0.0,0.0,0.0,0.0,0.0,0.0,0.0,0.0,0.0,0.0,0.0,0.0,0.0,0.0,0.0,4176,12,36,24.0,12.0,4176,5734132.204442,174.0,2.034191,0.909718,-0.069444,144.0,174,BT-DoS
5.0,0.0,1.0,169.355187,169.355187,0.0,0.0,0.0,0.0,0.0,0.0,0.0,0.0,0.0,0.0,0.0,0.0,0.0,0.0,0.0,0.0,0.0,0.0,0.0,0.0,0.0,0.0,0.0,0.0,0.0,0.0,0.0,4032,12,36,24.0,12.0,4032,5940107.528321,168.0,2.070197,0.92582,-0.071953,144.0,168,BT-DoS
5.0,0.0,1.0,177.425264,177.425264,0.0,0.0,0.0,0.0,0.0,0.0,0.0,0.0,0.0,0.0,0.0,0.0,0.0,0.0,0.0,0.0,0.0,0.0,0.0,0.0,0.0,0.0,0.0,0.0,0.0,0.0,0.0,4224,12,36,24.0,12.0,4224,5668382.644653,176.0,2.0226,0.904534,-0.06862,144.0,176,BT-DoS
5.0,0.0,1.0,74.820342,74.820342,0.0,0.0,0.0,0.0,0.0,0.0,0.0,0.0,0.0,0.0,0.0,0.0,0.0,0.0,0.0,0.0,0.0,0.0,0.0,0.0,0.0,0.0,0.0,0.0,0.0,0.0,0.0,3255,19,50,43.986486,6.82502,3255,13548436.230176,74.0,5.174511,0.793392,0.035576,46.580898,74,Benign
5.0,0.0,1.0,147.177722,147.177722,0.0,0.0,0.0,0.0,0.0,0.0,0.0,0.0,0.0,0.0,0.0,0.0,0.0,0.0,0.0,0.0,0.0,0.0,0.0,0.0,0.0,0.0,0.0,0.0,0.0,0.0,0.0,3504,12,36,24.0,12.0,3504,6841365.222273,146.0,2.2207,0.993127,-0.083037,144.0,146,BT-DoS
5.0,0.0,1.0,41.293602,41.293602,0.0,0.0,0.0,0.0,0.0,0.0,0.0,0.0,0.0,0.0,0.0,0.0,0.0,0.0,0.0,0.0,0.0,0.0,0.0,0.0,0.0,0.0,0.0,0.0,0.0,0.0,0.0,1748,12,132,42.634146,50.784939,1748,24822247.028351,41.0,10.355605,7.931275,-0.718296,2579.110054,41,BT-DoS
5.0,0.0,1.0,155.24524,155.24524,0.0,0.0,0.0,0.0,0.0,0.0,0.0,0.0,0.0,0.0,0.0,0.0,0.0,0.0,0.0,0.0,0.0,0.0,0.0,0.0,0.0,0.0,0.0,0.0,0.0,0.0,0.0,3696,12,36,24.0,12.0,3696,6483522.115969,154.0,2.16225,0.966988,-0.078651,144.0,154,BT-DoS
5.0,0.0,1.0,157.265834,157.265834,0.0,0.0,0.0,0.0,0.0,0.0,0.0,0.0,0.0,0.0,0.0,0.0,0.0,0.0,0.0,0.0,0.0,0.0,0.0,0.0,0.0,0.0,0.0,0.0,0.0,0.0,0.0,3744,12,36,24.0,12.0,3744,6399683.798513,156.0,2.148345,0.960769,-0.077593,144.0,156,BT-DoS
5.0,0.0,1.0,191.534402,191.534402,0.0,0.0,0.0,0.0,0.0,0.0,0.0,0.0,0.0,0.0,0.0,0.0,0.0,0.0,0.0,0.0,0.0,0.0,0.0,0.0,0.0,0.0,0.0,0.0,0.0,0.0,0.0,4560,12,36,24.0,12.0,4560,5248618.504358,190.0,1.946657,0.870572,-0.06343,144.0,190,BT-DoS
5.0,0.0,1.0,135.085826,135.085826,0.0,0.0,0.0,0.0,0.0,0.0,0.0,0.0,0.0,0.0,0.0,0.0,0.0,0.0,0.0,0.0,0.0,0.0,0.0,0.0,0.0,0.0,0.0,0.0,0.0,0.0,0.0,3216,12,36,24.0,12.0,3216,7458360.57161,134.0,2.318002,1.036642,-0.090662,144.0,134,BT-DoS
5.0,0.0,1.0,157.408164,157.408164,0.0,0.0,0.0,0.0,0.0,0.0,0.0,0.0,0.0,0.0,0.0,0.0,0.0,0.0,0.0,0.0,0.0,0.0,0.0,0.0,0.0,0.0,0.0,0.0,0.0,0.0,0.0,3744,12,36,24.0,12.0,3744,6393897.148871,156.0,2.148345,0.960769,-0.077531,144.0,156,BT-DoS
5.0,0.0,0.9,48.450301,48.450301,0.0,0.0,0.0,0.0,0.0,0.0,0.0,0.0,0.0,0.0,0.0,0.0,0.0,0.0,0.0,0.0,0.0,0.0,0.0,0.0,0.0,0.0,0.0,0.0,0.0,0.0,0.0,1884,8,50,42.818182,10.88634,1884,21119699.921719,44.0,6.660448,1.641177,0.039811,118.512397,44,Benign
5.0,0.0,1.0,139.116567,139.116567,0.0,0.0,0.0,0.0,0.0,0.0,0.0,0.0,0.0,0.0,0.0,0.0,0.0,0.0,0.0,0.0,0.0,0.0,0.0,0.0,0.0,0.0,0.0,0.0,0.0,0.0,0.0,3312,12,36,24.0,12.0,3312,7240685.233234,138.0,2.284161,1.021508,-0.087972,144.0,138,BT-DoS
5.0,0.0,1.0,39.109628,39.109628,0.0,0.0,0.0,0.0,0.0,0.0,0.0,0.0,0.0,0.0,0.0,0.0,0.0,0.0,0.0,0.0,0.0,0.0,0.0,0.0,0.0,0.0,0.0,0.0,0.0,0.0,0.0,1744,19,50,44.717949,8.448786,1744,26242024.020145,39.0,7.287286,1.352889,0.036421,71.381986,39,Benign
5.0,0.0,0.0,101.541017,101.541017,0.0,0.0,0.0,0.0,0.0,0.0,0.0,0.0,0.0,0.0,0.0,0.0,0.0,0.0,0.0,0.0,0.0,0.0,0.0,0.0,0.0,0.0,0.0,0.0,0.0,0.0,0.0,89,12,36,22.25,9.010411,89,13130982.716878,4.0,12.002604,4.505205,0.191739,81.1875,4,Benign
5.0,0.0,1.0,32.888659,32.888659,0.0,0.0,0.0,0.0,0.0,0.0,0.0,0.0,0.0,0.0,0.0,0.0,0.0,0.0,0.0,0.0,0.0,0.0,0.0,0.0,0.0,0.0,0.0,0.0,0.0,0.0,0.0,1437,18,50,44.90625,7.298799,1437,31386444.645543,32.0,8.04255,1.290257,0.050087,53.272461,32,Benign
5.0,0.0,0.1,79.96957,79.96957,0.0,0.0,0.0,0.0,0.0,0.0,0.0,0.0,0.0,0.0,0.0,0.0,0.0,0.0,0.0,0.0,0.0,0.0,0.0,0.0,0.0,0.0,0.0,0.0,0.0,0.0,0.0,89,12,36,22.25,9.010411,89,16673008.600871,4.0,12.002604,4.505205,0.13608,81.1875,4,Benign
5.0,0.0,1.0,39.34093,39.34093,0.0,0.0,0.0,0.0,0.0,0.0,0.0,0.0,0.0,0.0,0.0,0.0,0.0,0.0,0.0,0.0,0.0,0.0,0.0,0.0,0.0,0.0,0.0,0.0,0.0,0.0,0.0,1727,19,50,44.282051,7.857542,1727,26087735.8286,39.0,7.201569,1.258214,0.051266,61.74096,39,Benign
5.0,0.0,1.0,35.657603,35.657603,0.0,0.0,0.0,0.0,0.0,0.0,0.0,0.0,0.0,0.0,0.0,0.0,0.0,0.0,0.0,0.0,0.0,0.0,0.0,0.0,0.0,0.0,0.0,0.0,0.0,0.0,0.0,1549,19,50,44.257143,7.088594,1549,28869348.413804,35.0,7.576171,1.198191,0.047971,50.248163,35,Benign
5.0,0.0,0.1,57.57314,57.57314,0.0,0.0,0.0,0.0,0.0,0.0,0.0,0.0,0.0,0.0,0.0,0.0,0.0,0.0,0.0,0.0,0.0,0.0,0.0,0.0,0.0,0.0,0.0,0.0,0.0,0.0,0.0,89,12,36,22.25,9.010411,89,23158947.62675,4.0,12.002604,4.505205,0.050111,81.1875,4,Benign
5.0,0.0,1.0,127.004211,127.004211,0.0,0.0,0.0,0.0,0.0,0.0,0.0,0.0,0.0,0.0,0.0,0.0,0.0,0.0,0.0,0.0,0.0,0.0,0.0,0.0,0.0,0.0,0.0,0.0,0.0,0.0,0.0,3024,12,36,24.0,12.0,3024,7936744.689941,126.0,2.390457,1.069045,-0.096612,144.0,126,BT-DoS
5.0,0.0,1.0,30.357688,30.357688,0.0,0.0,0.0,0.0,0.0,0.0,0.0,0.0,0.0,0.0,0.0,0.0,0.0,0.0,0.0,0.0,0.0,0.0,0.0,0.0,0.0,0.0,0.0,0.0,0.0,0.0,0.0,1301,18,50,44.862069,8.127111,1301,34117034.503392,29.0,8.466272,1.509167,0.029071,66.049941,29,Benign
5.0,0.0,1.0,163.312047,163.312047,0.0,0.0,0.0,0.0,0.0,0.0,0.0,0.0,0.0,0.0,0.0,0.0,0.0,0.0,0.0,0.0,0.0,0.0,0.0,0.0,0.0,0.0,0.0,0.0,0.0,0.0,0.0,3888,12,36,24.0,12.0,3888,6161279.559876,162.0,2.108185,0.942809,-0.074719,144.0,162,BT-DoS
5.0,0.0,1.0,7.292615,7.292615,0.0,0.0,0.0,0.0,0.0,0.0,0.0,0.0,0.0,0.0,0.0,0.0,0.0,0.0,0.0,0.0,0.0,0.0,0.0,0.0,0.0,0.0,0.0,0.0,0.0,0.0,0.0,167,10,50,23.857143,13.505857,167,159979184.468587,7.0,10.361822,5.104734,-2.723127,182.408163,7,Benign
5.0,0.0,0.9,27.912986,27.912986,0.0,0.0,0.0,0.0,0.0,0.0,0.0,0.0,0.0,0.0,0.0,0.0,0.0,0.0,0.0,0.0,0.0,0.0,0.0,0.0,0.0,0.0,0.0,0.0,0.0,0.0,0.0,1142,18,50,43.923077,10.053408,1142,37258644.104004,26.0,8.836784,1.971635,-0.020941,101.071006,26,Benign
5.0,0.0,0.5,39.063588,39.063588,0.0,0.0,0.0,0.0,0.0,0.0,0.0,0.0,0.0,0.0,0.0,0.0,0.0,0.0,0.0,0.0,0.0,0.0,0.0,0.0,0.0,0.0,0.0,0.0,0.0,0.0,0.0,892,12,50,42.47619,11.180847,892,26879251.003265,21.0,9.584805,2.439861,0.049261,125.011338,21,Benign
5.0,0.0,1.0,330.645793,330.645793,0.0,0.0,0.0,0.0,0.0,0.0,0.0,0.0,0.0,0.0,0.0,0.0,0.0,0.0,0.0,0.0,0.0,0.0,0.0,0.0,0.0,0.0,0.0,0.0,0.0,0.0,0.0,7920,12,36,24.0,12.0,7920,3033577.12766,330.0,1.477098,0.660578,-0.03638,144.0,330,BT-DoS
5.0,0.0,1.0,380.742821,380.742821,0.0,0.0,0.0,0.0,0.0,0.0,0.0,0.0,0.0,0.0,0.0,0.0,0.0,0.0,0.0,0.0,0.0,0.0,0.0,0.0,0.0,0.0,0.0,0.0,0.0,0.0,0.0,9120,12,36,24.0,12.0,9120,2633374.724979,380.0,1.376494,0.615587,-0.031519,144.0,380,BT-DoS
5.0,0.0,1.0,49.532588,49.532588,0.0,0.0,0.0,0.0,0.0,0.0,0.0,0.0,0.0,0.0,0.0,0.0,0.0,0.0,0.0,0.0,0.0,0.0,0.0,0.0,0.0,0.0,0.0,0.0,0.0,0.0,0.0,2117,18,50,44.104167,8.58351,2117,20618276.39316,48.0,6.485327,1.238923,0.057826,73.676649,48,Benign
5.0,0.0,0.2,24.03196,24.03196,0.0,0.0,0.0,0.0,0.0,0.0,0.0,0.0,0.0,0.0,0.0,0.0,0.0,0.0,0.0,0.0,0.0,0.0,0.0,0.0,0.0,0.0,0.0,0.0,0.0,0.0,0.0,89,12,36,22.25,9.010411,89,55481672.286987,4.0,12.002604,4.505205,0.34284,81.1875,4,Benign
5.0,0.0,1.0,30.234223,30.234223,0.0,0.0,0.0,0.0,0.0,0.0,0.0,0.0,0.0,0.0,0.0,0.0,0.0,0.0,0.0,0.0,0.0,0.0,0.0,0.0,0.0,0.0,0.0,0.0,0.0,0.0,0.0,858,12,36,28.6,9.268585,858,34215622.934802,30.0,5.488979,1.692204,-0.169537,85.906667,30,Benign
5.0,0.0,1.0,386.76961,386.76961,0.0,0.0,0.0,0.0,0.0,0.0,0.0,0.0,0.0,0.0,0.0,0.0,0.0,0.0,0.0,0.0,0.0,0.0,0.0,0.0,0.0,0.0,0.0,0.0,0.0,0.0,0.0,9264,12,36,24.0,12.0,9264,2592234.178023,386.0,1.365754,0.610784,-0.031033,144.0,386,BT-DoS
5.0,0.0,1.0,14.456057,14.456057,0.0,0.0,0.0,0.0,0.0,0.0,0.0,0.0,0.0,0.0,0.0,0.0,0.0,0.0,0.0,0.0,0.0,0.0,0.0,0.0,0.0,0.0,0.0,0.0,0.0,0.0,0.0,545,12,50,38.928571,12.521207,545,74496324.245746,14.0,10.929038,3.346433,0.039195,156.780612,14,Benign
5.0,0.0,0.1,78.648853,78.648853,0.0,0.0,0.0,0.0,0.0,0.0,0.0,0.0,0.0,0.0,0.0,0.0,0.0,0.0,0.0,0.0,0.0,0.0,0.0,0.0,0.0,0.0,0.0,0.0,0.0,0.0,0.0,89,12,36,22.25,9.010411,89,16952991.485596,4.0,12.002604,4.505205,0.116138,81.1875,4,Benign
5.0,0.0,0.1,28.469979,28.469979,0.0,0.0,0.0,0.0,0.0,0.0,0.0,0.0,0.0,0.0,0.0,0.0,0.0,0.0,0.0,0.0,0.0,0.0,0.0,0.0,0.0,0.0,0.0,0.0,0.0,0.0,0.0,89,12,36,22.25,9.010411,89,46832958.857218,4.0,12.002604,4.505205,-0.288903,81.1875,4,Benign
5.0,0.0,1.0,143.141534,143.141534,0.0,0.0,0.0,0.0,0.0,0.0,0.0,0.0,0.0,0.0,0.0,0.0,0.0,0.0,0.0,0.0,0.0,0.0,0.0,0.0,0.0,0.0,0.0,0.0,0.0,0.0,0.0,3408,12,36,24.0,12.0,3408,7035639.269132,142.0,2.25176,1.007018,-0.085439,144.0,142,BT-DoS
5.0,0.0,0.1,65.557511,65.557511,0.0,0.0,0.0,0.0,0.0,0.0,0.0,0.0,0.0,0.0,0.0,0.0,0.0,0.0,0.0,0.0,0.0,0.0,0.0,0.0,0.0,0.0,0.0,0.0,0.0,0.0,0.0,89,12,36,22.25,9.010411,89,20338376.363118,4.0,12.002604,4.505205,0.066855,81.1875,4,Benign
5.0,0.0,1.0,173.573094,173.573094,0.0,0.0,0.0,0.0,0.0,0.0,0.0,0.0,0.0,0.0,0.0,0.0,0.0,0.0,0.0,0.0,0.0,0.0,0.0,0.0,0.0,0.0,0.0,0.0,0.0,0.0,0.0,4128,12,36,24.0,12.0,4128,5794953.184518,172.0,2.045983,0.914991,-0.070174,144.0,172,BT-DoS
5.0,0.0,1.0,43.143135,43.143135,0.0,0.0,0.0,0.0,0.0,0.0,0.0,0.0,0.0,0.0,0.0,0.0,0.0,0.0,0.0,0.0,0.0,0.0,0.0,0.0,0.0,0.0,0.0,0.0,0.0,0.0,0.0,1865,19,50,45.487805,6.85075,1865,23758125.305176,41.0,7.184117,1.069907,0.042412,46.932778,41,Benign
5.0,0.0,1.0,84.573156,84.573156,0.0,0.0,0.0,0.0,0.0,0.0,0.0,0.0,0.0,0.0,0.0,0.0,0.0,0.0,0.0,0.0,0.0,0.0,0.0,0.0,0.0,0.0,0.0,0.0,0.0,0.0,0.0,2916,12,36,34.714286,4.905224,2916,11966541.589025,84.0,3.825265,0.535204,-0.005923,24.061224,84,Benign
5.0,0.0,0.0,84.846543,84.846543,0.0,0.0,0.0,0.0,0.0,0.0,0.0,0.0,0.0,0.0,0.0,0.0,0.0,0.0,0.0,0.0,0.0,0.0,0.0,0.0,0.0,0.0,0.0,0.0,0.0,0.0,0.0,89,12,36,22.25,9.010411,89,15714645.385742,4.0,12.002604,4.505205,0.130298,81.1875,4,Benign
5.0,0.0,0.9,30.150905,30.150905,0.0,0.0,0.0,0.0,0.0,0.0,0.0,0.0,0.0,0.0,0.0,0.0,0.0,0.0,0.0,0.0,0.0,0.0,0.0,0.0,0.0,0.0,0.0,0.0,0.0,0.0,0.0,734,12,36,28.230769,9.528531,734,34493160.247803,26.0,5.84337,1.868699,-0.100645,90.792899,26,Benign
5.0,0.0,1.0,149.696551,149.696551,0.0,0.0,0.0,0.0,0.0,0.0,0.0,0.0,0.0,0.0,0.0,0.0,0.0,0.0,0.0,0.0,0.0,0.0,0.0,0.0,0.0,0.0,0.0,0.0,0.0,0.0,0.0,3456,12,36,24.0,12.0,3456,6726895.178948,144.0,2.236068,1.0,-0.081692,144.0,144,BT-DoS
5.0,0.0,1.0,151.213042,151.213042,0.0,0.0,0.0,0.0,0.0,0.0,0.0,0.0,0.0,0.0,0.0,0.0,0.0,0.0,0.0,0.0,0.0,0.0,0.0,0.0,0.0,0.0,0.0,0.0,0.0,0.0,0.0,3600,12,36,24.0,12.0,3600,6657570.000463,150.0,2.19089,0.979796,-0.080781,144.0,150,BT-DoS
5.0,0.0,1.0,165.152796,165.152796,0.0,0.0,0.0,0.0,0.0,0.0,0.0,0.0,0.0,0.0,0.0,0.0,0.0,0.0,0.0,0.0,0.0,0.0,0.0,0.0,0.0,0.0,0.0,0.0,0.0,0.0,0.0,3936,12,36,24.0,12.0,3936,6092146.130427,164.0,2.095291,0.937043,-0.073704,144.0,164,BT-DoS
5.0,0.0,1.0,41.379472,41.379472,0.0,0.0,0.0,0.0,0.0,0.0,0.0,0.0,0.0,0.0,0.0,0.0,0.0,0.0,0.0,0.0,0.0,0.0,0.0,0.0,0.0,0.0,0.0,0.0,0.0,0.0,0.0,1784,18,50,44.6,8.737276,1784,24786227.788681,40.0,7.185924,1.381485,0.069961,76.34,40,Benign
5.0,0.0,1.0,38.431778,38.431778,0.0,0.0,0.0,0.0,0.0,0.0,0.0,0.0,0.0,0.0,0.0,0.0,0.0,0.0,0.0,0.0,0.0,0.0,0.0,0.0,0.0,0.0,0.0,0.0,0.0,0.0,0.0,1637,19,50,44.243243,9.312605,1637,26742915.312449,37.0,7.432924,1.530983,0.044543,86.724617,37,Benign
5.0,0.0,0.9,5.638033,5.638033,0.0,0.0,0.0,0.0,0.0,0.0,0.0,0.0,0.0,0.0,0.0,0.0,0.0,0.0,0.0,0.0,0.0,0.0,0.0,0.0,0.0,0.0,0.0,0.0,0.0,0.0,0.0,93,8,38,18.6,10.461357,93,221708536.148071,5.0,9.543584,4.678461,-0.963923,109.44,5,Benign
5.0,0.0,1.0,161.297478,161.297478,0.0,0.0,0.0,0.0,0.0,0.0,0.0,0.0,0.0,0.0,0.0,0.0,0.0,0.0,0.0,0.0,0.0,0.0,0.0,0.0,0.0,0.0,0.0,0.0,0.0,0.0,0.0,3840,12,36,24.0,12.0,3840,6238716.953206,160.0,2.12132,0.948683,-0.075578,144.0,160,BT-DoS
5.0,0.0,1.0,167.168179,167.168179,0.0,0.0,0.0,0.0,0.0,0.0,0.0,0.0,0.0,0.0,0.0,0.0,0.0,0.0,0.0,0.0,0.0,0.0,0.0,0.0,0.0,0.0,0.0,0.0,0.0,0.0,0.0,3984,12,36,24.0,12.0,3984,6018254.251191,166.0,2.08263,0.931381,-0.072841,144.0,166,BT-DoS
5.0,0.0,0.9,165.234121,165.234121,0.0,0.0,0.0,0.0,0.0,0.0,0.0,0.0,0.0,0.0,0.0,0.0,0.0,0.0,0.0,0.0,0.0,0.0,0.0,0.0,0.0,0.0,0.0,0.0,0.0,0.0,0.0,3696,12,36,24.0,12.0,3696,6091574.438257,154.0,2.16225,0.966988,-0.073843,144.0,154,BT-DoS
5.0,0.0,0.1,61.884112,61.884112,0.0,0.0,0.0,0.0,0.0,0.0,0.0,0.0,0.0,0.0,0.0,0.0,0.0,0.0,0.0,0.0,0.0,0.0,0.0,0.0,0.0,0.0,0.0,0.0,0.0,0.0,0.0,89,12,36,22.25,9.010411,89,21545648.574829,4.0,12.002604,4.505205,0.048931,81.1875,4,Benign
5.0,0.0,1.0,325.305955,325.305955,0.0,0.0,0.0,0.0,0.0,0.0,0.0,0.0,0.0,0.0,0.0,0.0,0.0,0.0,0.0,0.0,0.0,0.0,0.0,0.0,0.0,0.0,0.0,0.0,0.0,0.0,0.0,7440,12,36,24.0,12.0,7440,3083977.498669,310.0,1.524002,0.681554,-0.037,144.0,310,BT-DoS
5.0,0.0,1.0,151.514566,151.514566,0.0,0.0,0.0,0.0,0.0,0.0,0.0,0.0,0.0,0.0,0.0,0.0,0.0,0.0,0.0,0.0,0.0,0.0,0.0,0.0,0.0,0.0,0.0,0.0,0.0,0.0,0.0,3600,12,36,24.0,12.0,3600,6644320.968013,150.0,2.19089,0.979796,-0.080634,144.0,150,BT-DoS
5.0,0.0,0.9,31.482531,31.482531,0.0,0.0,0.0,0.0,0.0,0.0,0.0,0.0,0.0,0.0,0.0,0.0,0.0,0.0,0.0,0.0,0.0,0.0,0.0,0.0,0.0,0.0,0.0,0.0,0.0,0.0,0.0,770,12,36,27.5,9.619549,770,32940078.664709,28.0,5.505795,1.817924,-0.059717,92.535714,28,Benign
5.0,0.0,1.0,388.753723,388.753723,0.0,0.0,0.0,0.0,0.0,0.0,0.0,0.0,0.0,0.0,0.0,0.0,0.0,0.0,0.0,0.0,0.0,0.0,0.0,0.0,0.0,0.0,0.0,0.0,0.0,0.0,0.0,9312,12,36,24.0,12.0,9312,2578969.457661,388.0,1.36223,0.609208,-0.030814,144.0,388,BT-DoS
5.0,0.0,0.1,77.050541,77.050541,0.0,0.0,0.0,0.0,0.0,0.0,0.0,0.0,0.0,0.0,0.0,0.0,0.0,0.0,0.0,0.0,0.0,0.0,0.0,0.0,0.0,0.0,0.0,0.0,0.0,0.0,0.0,89,12,36,22.25,9.010411,89,17304658.889771,4.0,12.002604,4.505205,0.111694,81.1875,4,Benign
5.0,0.0,1.0,136.957589,136.957589,0.0,0.0,0.0,0.0,0.0,0.0,0.0,0.0,0.0,0.0,0.0,0.0,0.0,0.0,0.0,0.0,0.0,0.0,0.0,0.0,0.0,0.0,0.0,0.0,0.0,0.0,0.0,3264,12,36,24.0,12.0,3264,7355615.827772,136.0,2.300895,1.028992,-0.089271,144.0,136,BT-DoS
5.0,0.0,1.0,39.205435,39.205435,0.0,0.0,0.0,0.0,0.0,0.0,0.0,0.0,0.0,0.0,0.0,0.0,0.0,0.0,0.0,0.0,0.0,0.0,0.0,0.0,0.0,0.0,0.0,0.0,0.0,0.0,0.0,1776,20,50,45.538462,7.36884,1776,26177895.69654,39.0,7.386841,1.179959,-0.013362,54.299803,39,Benign
5.0,0.0,0.1,75.36088,75.36088,0.0,0.0,0.0,0.0,0.0,0.0,0.0,0.0,0.0,0.0,0.0,0.0,0.0,0.0,0.0,0.0,0.0,0.0,0.0,0.0,0.0,0.0,0.0,0.0,0.0,0.0,0.0,89,12,36,22.25,9.010411,89,17692645.390828,4.0,12.002604,4.505205,0.095482,81.1875,4,Benign
5.0,0.0,0.9,79.540496,79.540496,0.0,0.0,0.0,0.0,0.0,0.0,0.0,0.0,0.0,0.0,0.0,0.0,0.0,0.0,0.0,0.0,0.0,0.0,0.0,0.0,0.0,0.0,0.0,0.0,0.0,0.0,0.0,3268,19,50,43.573333,7.996955,3268,12742106.978958,75.0,5.115449,0.923409,0.053808,63.951289,75,Benign
5.0,0.0,1.0,349.483668,349.483668,0.0,0.0,0.0,0.0,0.0,0.0,0.0,0.0,0.0,0.0,0.0,0.0,0.0,0.0,0.0,0.0,0.0,0.0,0.0,0.0,0.0,0.0,0.0,0.0,0.0,0.0,0.0,8304,12,36,24.0,12.0,8304,2869657.848192,346.0,1.442541,0.645124,-0.034379,144.0,346,BT-DoS
5.0,0.0,1.0,61.794858,61.794858,0.0,0.0,0.0,0.0,0.0,0.0,0.0,0.0,0.0,0.0,0.0,0.0,0.0,0.0,0.0,0.0,0.0,0.0,0.0,0.0,0.0,0.0,0.0,0.0,0.0,0.0,0.0,2463,8,50,41.745763,11.064668,2463,16461586.130076,59.0,5.622497,1.440497,0.02549,122.426889,59,Benign
5.0,0.0,1.0,131.045854,131.045854,0.0,0.0,0.0,0.0,0.0,0.0,0.0,0.0,0.0,0.0,0.0,0.0,0.0,0.0,0.0,0.0,0.0,0.0,0.0,0.0,0.0,0.0,0.0,0.0,0.0,0.0,0.0,3120,12,36,24.0,12.0,3120,7690071.135528,130.0,2.353394,1.05247,-0.093544,144.0,130,BT-DoS
5.0,0.0,0.9,22.32651,22.32651,0.0,0.0,0.0,0.0,0.0,0.0,0.0,0.0,0.0,0.0,0.0,0.0,0.0,0.0,0.0,0.0,0.0,0.0,0.0,0.0,0.0,0.0,0.0,0.0,0.0,0.0,0.0,540,12,36,27.0,9.949874,540,47147161.082218,20.0,6.434283,2.22486,-0.103573,99.0,20,Benign
5.0,0.0,1.0,40.32498,40.32498,0.0,0.0,0.0,0.0,0.0,0.0,0.0,0.0,0.0,0.0,0.0,0.0,0.0,0.0,0.0,0.0,0.0,0.0,0.0,0.0,0.0,0.0,0.0,0.0,0.0,0.0,0.0,1698,18,50,42.45,9.378033,1698,25434383.97921,40.0,6.873773,1.482797,0.073571,87.9475,40,Benign
5.0,0.0,1.0,163.314677,163.314677,0.0,0.0,0.0,0.0,0.0,0.0,0.0,0.0,0.0,0.0,0.0,0.0,0.0,0.0,0.0,0.0,0.0,0.0,0.0,0.0,0.0,0.0,0.0,0.0,0.0,0.0,0.0,3888,12,36,24.0,12.0,3888,6161180.342206,162.0,2.108185,0.942809,-0.074688,144.0,162,BT-DoS
5.0,0.0,1.0,157.258842,157.258842,0.0,0.0,0.0,0.0,0.0,0.0,0.0,0.0,0.0,0.0,0.0,0.0,0.0,0.0,0.0,0.0,0.0,0.0,0.0,0.0,0.0,0.0,0.0,0.0,0.0,0.0,0.0,3744,12,36,24.0,12.0,3744,6399968.362624,156.0,2.148345,0.960769,-0.077603,144.0,156,BT-DoS
5.0,0.0,0.9,91.442595,91.442595,0.0,0.0,0.0,0.0,0.0,0.0,0.0,0.0,0.0,0.0,0.0,0.0,0.0,0.0,0.0,0.0,0.0,0.0,0.0,0.0,0.0,0.0,0.0,0.0,0.0,0.0,0.0,3730,19,50,43.882353,6.720315,3730,11066011.020115,85.0,4.815201,0.72892,0.01639,45.16263,85,Benign
5.0,0.0,1.0,358.698016,358.698016,0.0,0.0,0.0,0.0,0.0,0.0,0.0,0.0,0.0,0.0,0.0,0.0,0.0,0.0,0.0,0.0,0.0,0.0,0.0,0.0,0.0,0.0,0.0,0.0,0.0,0.0,0.0,8592,12,36,24.0,12.0,8592,2795669.544979,358.0,1.418158,0.63422,-0.03346,144.0,358,BT-DoS
5.0,0.0,0.9,18.093632,18.093632,0.0,0.0,0.0,0.0,0.0,0.0,0.0,0.0,0.0,0.0,0.0,0.0,0.0,0.0,0.0,0.0,0.0,0.0,0.0,0.0,0.0,0.0,0.0,0.0,0.0,0.0,0.0,396,12,36,24.75,9.921567,396,58952601.750692,16.0,6.666146,2.480392,-0.056094,98.4375,16,Benign
5.0,0.0,1.0,163.305964,163.305964,0.0,0.0,0.0,0.0,0.0,0.0,0.0,0.0,0.0,0.0,0.0,0.0,0.0,0.0,0.0,0.0,0.0,0.0,0.0,0.0,0.0,0.0,0.0,0.0,0.0,0.0,0.0,3888,12,36,24.0,12.0,3888,6161509.093291,162.0,2.108185,0.942809,-0.074672,144.0,162,BT-DoS
5.0,0.0,0.5,3.823126,3.823126,0.0,0.0,0.0,0.0,0.0,0.0,0.0,0.0,0.0,0.0,0.0,0.0,0.0,0.0,0.0,0.0,0.0,0.0,0.0,0.0,0.0,0.0,0.0,0.0,0.0,0.0,0.0,36,18,18,18.0,0.0,36,523132085.800171,2.0,12.727922,0.0,0.0,0.0,2,Benign
5.0,0.0,0.1,49.143697,49.143697,0.0,0.0,0.0,0.0,0.0,0.0,0.0,0.0,0.0,0.0,0.0,0.0,0.0,0.0,0.0,0.0,0.0,0.0,0.0,0.0,0.0,0.0,0.0,0.0,0.0,0.0,0.0,89,12,36,22.25,9.010411,89,27131319.046021,4.0,12.002604,4.505205,0.047522,81.1875,4,Benign
5.0,0.0,0.9,23.15075,23.15075,0.0,0.0,0.0,0.0,0.0,0.0,0.0,0.0,0.0,0.0,0.0,0.0,0.0,0.0,0.0,0.0,0.0,0.0,0.0,0.0,0.0,0.0,0.0,0.0,0.0,0.0,0.0,556,12,36,26.47619,9.49997,556,45354902.744293,21.0,6.138241,2.073063,-0.000312,90.249433,21,Benign
5.0,0.0,1.0,114.918183,114.918183,0.0,0.0,0.0,0.0,0.0,0.0,0.0,0.0,0.0,0.0,0.0,0.0,0.0,0.0,0.0,0.0,0.0,0.0,0.0,0.0,0.0,0.0,0.0,0.0,0.0,0.0,0.0,2736,12,36,24.0,12.0,2736,8778850.589178,114.0,2.513123,1.123903,-0.107044,144.0,114,BT-DoS
5.0,0.0,1.0,134.937837,134.937837,0.0,0.0,0.0,0.0,0.0,0.0,0.0,0.0,0.0,0.0,0.0,0.0,0.0,0.0,0.0,0.0,0.0,0.0,0.0,0.0,0.0,0.0,0.0,0.0,0.0,0.0,0.0,3216,12,36,24.0,12.0,3216,7466540.300756,134.0,2.318002,1.036642,-0.090706,144.0,134,BT-DoS
5.0,0.0,0.1,67.892067,67.892067,0.0,0.0,0.0,0.0,0.0,0.0,0.0,0.0,0.0,0.0,0.0,0.0,0.0,0.0,0.0,0.0,0.0,0.0,0.0,0.0,0.0,0.0,0.0,0.0,0.0,0.0,0.0,89,12,36,22.25,9.010411,89,19639015.197754,4.0,12.002604,4.505205,0.073478,81.1875,4,Benign
5.0,0.0,1.0,181.265743,181.265743,0.0,0.0,0.0,0.0,0.0,0.0,0.0,0.0,0.0,0.0,0.0,0.0,0.0,0.0,0.0,0.0,0.0,0.0,0.0,0.0,0.0,0.0,0.0,0.0,0.0,0.0,0.0,4320,12,36,24.0,12.0,4320,5547582.104219,180.0,2.0,0.894427,-0.067044,144.0,180,BT-DoS
5.0,0.0,1.0,330.665303,330.665303,0.0,0.0,0.0,0.0,0.0,0.0,0.0,0.0,0.0,0.0,0.0,0.0,0.0,0.0,0.0,0.0,0.0,0.0,0.0,0.0,0.0,0.0,0.0,0.0,0.0,0.0,0.0,7920,12,36,24.0,12.0,7920,3033398.132556,330.0,1.477098,0.660578,-0.036364,144.0,330,BT-DoS
5.0,0.0,0.9,55.365099,55.365099,0.0,0.0,0.0,0.0,0.0,0.0,0.0,0.0,0.0,0.0,0.0,0.0,0.0,0.0,0.0,0.0,0.0,0.0,0.0,0.0,0.0,0.0,0.0,0.0,0.0,0.0,0.0,2062,8,50,42.081633,11.16817,2062,18438210.090001,49.0,6.219771,1.595453,0.090858,124.72803,49,Benign
5.0,0.0,0.9,33.424228,33.424228,0.0,0.0,0.0,0.0,0.0,0.0,0.0,0.0,0.0,0.0,0.0,0.0,0.0,0.0,0.0,0.0,0.0,0.0,0.0,0.0,0.0,0.0,0.0,0.0,0.0,0.0,0.0,1424,36,50,45.935484,4.751472,1424,30915697.41567,31.0,8.294275,0.85339,-0.03471,22.576483,31,Benign
5.0,0.0,0.9,45.227377,45.227377,0.0,0.0,0.0,0.0,0.0,0.0,0.0,0.0,0.0,0.0,0.0,0.0,0.0,0.0,0.0,0.0,0.0,0.0,0.0,0.0,0.0,0.0,0.0,0.0,0.0,0.0,0.0,1907,19,50,45.404762,7.168249,1907,22649782.45991,42.0,7.092881,1.106085,0.044851,51.383787,42,Benign
5.0,0.0,1.0,32.585296,32.585296,0.0,0.0,0.0,0.0,0.0,0.0,0.0,0.0,0.0,0.0,0.0,0.0,0.0,0.0,0.0,0.0,0.0,0.0,0.0,0.0,0.0,0.0,0.0,0.0,0.0,0.0,0.0,1418,19,50,44.3125,8.144927,1418,31678645.841537,32.0,7.964644,1.439833,-0.00074,66.339844,32,Benign
5.0,0.0,0.9,174.965132,174.965132,0.0,0.0,0.0,0.0,0.0,0.0,0.0,0.0,0.0,0.0,0.0,0.0,0.0,0.0,0.0,0.0,0.0,0.0,0.0,0.0,0.0,0.0,0.0,0.0,0.0,0.0,0.0,3792,12,36,24.0,12.0,3792,5751828.479159,158.0,2.134704,0.954669,-0.069606,144.0,158,BT-DoS
5.0,0.0,1.0,143.449524,143.449524,0.0,0.0,0.0,0.0,0.0,0.0,0.0,0.0,0.0,0.0,0.0,0.0,0.0,0.0,0.0,0.0,0.0,0.0,0.0,0.0,0.0,0.0,0.0,0.0,0.0,0.0,0.0,3312,12,36,24.0,12.0,3312,7021977.083526,138.0,2.284161,1.021508,-0.085314,144.0,138,BT-DoS
5.0,0.0,1.0,153.234445,153.234445,0.0,0.0,0.0,0.0,0.0,0.0,0.0,0.0,0.0,0.0,0.0,0.0,0.0,0.0,0.0,0.0,0.0,0.0,0.0,0.0,0.0,0.0,0.0,0.0,0.0,0.0,0.0,3648,12,36,24.0,12.0,3648,6569166.057157,152.0,2.176429,0.973329,-0.079708,144.0,152,BT-DoS
5.0,0.0,1.0,185.492099,185.492099,0.0,0.0,0.0,0.0,0.0,0.0,0.0,0.0,0.0,0.0,0.0,0.0,0.0,0.0,0.0,0.0,0.0,0.0,0.0,0.0,0.0,0.0,0.0,0.0,0.0,0.0,0.0,4416,12,36,24.0,12.0,4416,5420524.5659,184.0,1.978141,0.884652,-0.065576,144.0,184,BT-DoS
5.0,0.0,1.0,28.612449,28.612449,0.0,0.0,0.0,0.0,0.0,0.0,0.0,0.0,0.0,0.0,0.0,0.0,0.0,0.0,0.0,0.0,0.0,0.0,0.0,0.0,0.0,0.0,0.0,0.0,0.0,0.0,0.0,776,8,50,27.714286,18.067052,776,36244259.940253,28.0,6.252142,3.414352,-0.107297,326.418367,28,Benign
5.0,0.0,1.0,157.275209,157.275209,0.0,0.0,0.0,0.0,0.0,0.0,0.0,0.0,0.0,0.0,0.0,0.0,0.0,0.0,0.0,0.0,0.0,0.0,0.0,0.0,0.0,0.0,0.0,0.0,0.0,0.0,0.0,3744,12,36,24.0,12.0,3744,6399302.328787,156.0,2.148345,0.960769,-0.077595,144.0,156,BT-DoS
5.0,0.0,1.0,122.981021,122.981021,0.0,0.0,0.0,0.0,0.0,0.0,0.0,0.0,0.0,0.0,0.0,0.0,0.0,0.0,0.0,0.0,0.0,0.0,0.0,0.0,0.0,0.0,0.0,0.0,0.0,0.0,0.0,2928,12,36,24.0,12.0,2928,8198537.117194,122.0,2.429329,1.086429,-0.099825,144.0,122,BT-DoS
5.0,0.0,1.0,187.514582,187.514582,0.0,0.0,0.0,0.0,0.0,0.0,0.0,0.0,0.0,0.0,0.0,0.0,0.0,0.0,0.0,0.0,0.0,0.0,0.0,0.0,0.0,0.0,0.0,0.0,0.0,0.0,0.0,4464,12,36,24.0,12.0,4464,5361745.164201,186.0,1.967478,0.879883,-0.064868,144.0,186,BT-DoS
5.0,0.0,0.1,74.876892,74.876892,0.0,0.0,0.0,0.0,0.0,0.0,0.0,0.0,0.0,0.0,0.0,0.0,0.0,0.0,0.0,0.0,0.0,0.0,0.0,0.0,0.0,0.0,0.0,0.0,0.0,0.0,0.0,89,12,36,22.25,9.010411,89,17807006.835938,4.0,12.002604,4.505205,0.127014,81.1875,4,Benign
5.0,0.0,1.0,32.634546,32.634546,0.0,0.0,0.0,0.0,0.0,0.0,0.0,0.0,0.0,0.0,0.0,0.0,0.0,0.0,0.0,0.0,0.0,0.0,0.0,0.0,0.0,0.0,0.0,0.0,0.0,0.0,0.0,1362,18,50,42.5625,9.473441,1362,31630839.070966,32.0,7.708178,1.674684,0.118156,89.746094,32,Benign
5.0,0.0,0.1,63.864059,63.864059,0.0,0.0,0.0,0.0,0.0,0.0,0.0,0.0,0.0,0.0,0.0,0.0,0.0,0.0,0.0,0.0,0.0,0.0,0.0,0.0,0.0,0.0,0.0,0.0,0.0,0.0,0.0,89,12,36,22.25,9.010411,89,20877679.189046,4.0,12.002604,4.505205,0.063136,81.1875,4,Benign
5.0,0.0,0.9,47.506338,47.506338,0.0,0.0,0.0,0.0,0.0,0.0,0.0,0.0,0.0,0.0,0.0,0.0,0.0,0.0,0.0,0.0,0.0,0.0,0.0,0.0,0.0,0.0,0.0,0.0,0.0,0.0,0.0,1946,18,50,43.244444,10.272197,1946,21528227.762742,45.0,6.625875,1.531289,0.091182,105.518025,45,Benign
5.0,0.0,1.0,171.361972,171.361972,0.0,0.0,0.0,0.0,0.0,0.0,0.0,0.0,0.0,0.0,0.0,0.0,0.0,0.0,0.0,0.0,0.0,0.0,0.0,0.0,0.0,0.0,0.0,0.0,0.0,0.0,0.0,4080,12,36,24.0,12.0,4080,5870130.640515,170.0,2.057983,0.920358,-0.071082,144.0,170,BT-DoS
5.0,0.0,0.1,61.037134,61.037134,0.0,0.0,0.0,0.0,0.0,0.0,0.0,0.0,0.0,0.0,0.0,0.0,0.0,0.0,0.0,0.0,0.0,0.0,0.0,0.0,0.0,0.0,0.0,0.0,0.0,0.0,0.0,89,12,36,22.25,9.010411,89,21844625.473022,4.0,12.002604,4.505205,0.066153,81.1875,4,Benign
5.0,0.0,0.9,34.81851,34.81851,0.0,0.0,0.0,0.0,0.0,0.0,0.0,0.0,0.0,0.0,0.0,0.0,0.0,0.0,0.0,0.0,0.0,0.0,0.0,0.0,0.0,0.0,0.0,0.0,0.0,0.0,0.0,1330,18,50,42.903226,9.679892,1330,29677700.996399,31.0,7.899341,1.73856,0.046461,93.700312,31,Benign
5.0,0.0,1.0,39.249234,39.249234,0.0,0.0,0.0,0.0,0.0,0.0,0.0,0.0,0.0,0.0,0.0,0.0,0.0,0.0,0.0,0.0,0.0,0.0,0.0,0.0,0.0,0.0,0.0,0.0,0.0,0.0,0.0,1791,27,50,45.923077,5.534899,1791,26148683.146427,39.0,7.406795,0.886293,-0.000102,30.635108,39,Benign
5.0,0.0,1.0,32.02687,32.02687,0.0,0.0,0.0,0.0,0.0,0.0,0.0,0.0,0.0,0.0,0.0,0.0,0.0,0.0,0.0,0.0,0.0,0.0,0.0,0.0,0.0,0.0,0.0,0.0,0.0,0.0,0.0,1383,19,50,43.21875,9.012957,1383,32231000.16194,32.0,7.804433,1.593281,0.08577,81.233398,32,Benign
5.0,0.0,1.0,173.210361,173.210361,0.0,0.0,0.0,0.0,0.0,0.0,0.0,0.0,0.0,0.0,0.0,0.0,0.0,0.0,0.0,0.0,0.0,0.0,0.0,0.0,0.0,0.0,0.0,0.0,0.0,0.0,0.0,4128,12,36,24.0,12.0,4128,5807088.829621,172.0,2.045983,0.914991,-0.070254,144.0,172,BT-DoS
5.0,0.0,0.5,12.955762,12.955762,0.0,0.0,0.0,0.0,0.0,0.0,0.0,0.0,0.0,0.0,0.0,0.0,0.0,0.0,0.0,0.0,0.0,0.0,0.0,0.0,0.0,0.0,0.0,0.0,0.0,0.0,0.0,235,12,50,33.571429,14.763441,235,90050021.807353,7.0,13.86156,5.580056,0.017153,217.959184,7,Benign
5.0,0.0,0.9,156.659587,156.659587,0.0,0.0,0.0,0.0,0.0,0.0,0.0,0.0,0.0,0.0,0.0,0.0,0.0,0.0,0.0,0.0,0.0,0.0,0.0,0.0,0.0,0.0,0.0,0.0,0.0,0.0,0.0,3504,12,36,24.0,12.0,3504,6427289.699686,146.0,2.2207,0.993127,-0.078032,144.0,146,BT-DoS
5.0,0.0,0.1,53.787954,53.787954,0.0,0.0,0.0,0.0,0.0,0.0,0.0,0.0,0.0,0.0,0.0,0.0,0.0,0.0,0.0,0.0,0.0,0.0,0.0,0.0,0.0,0.0,0.0,0.0,0.0,0.0,0.0,89,12,36,22.25,9.010411,89,24788697.560628,4.0,12.002604,4.505205,0.351546,81.1875,4,Benign
5.0,0.0,1.0,177.435627,177.435627,0.0,0.0,0.0,0.0,0.0,0.0,0.0,0.0,0.0,0.0,0.0,0.0,0.0,0.0,0.0,0.0,0.0,0.0,0.0,0.0,0.0,0.0,0.0,0.0,0.0,0.0,0.0,4224,12,36,24.0,12.0,4224,5668051.583426,176.0,2.0226,0.904534,-0.068625,144.0,176,BT-DoS
5.0,0.0,0.0,106.140574,106.140574,0.0,0.0,0.0,0.0,0.0,0.0,0.0,0.0,0.0,0.0,0.0,0.0,0.0,0.0,0.0,0.0,0.0,0.0,0.0,0.0,0.0,0.0,0.0,0.0,0.0,0.0,0.0,89,12,36,22.25,9.010411,89,12561957.041423,4.0,12.002604,4.505205,0.160311,81.1875,4,Benign
5.0,0.0,1.0,3.078322,3.078322,0.0,0.0,0.0,0.0,0.0,0.0,0.0,0.0,0.0,0.0,0.0,0.0,0.0,0.0,0.0,0.0,0.0,0.0,0.0,0.0,0.0,0.0,0.0,0.0,0.0,0.0,0.0,54,18,18,18.0,0.0,54,487278461.456299,3.0,10.392305,0.0,0.0,0.0,3,Benign
5.0,0.0,1.0,171.196123,171.196123,0.0,0.0,0.0,0.0,0.0,0.0,0.0,0.0,0.0,0.0,0.0,0.0,0.0,0.0,0.0,0.0,0.0,0.0,0.0,0.0,0.0,0.0,0.0,0.0,0.0,0.0,0.0,4080,12,36,24.0,12.0,4080,5875817.417393,170.0,2.057983,0.920358,-0.071092,144.0,170,BT-DoS
5.0,0.0,0.5,24.470673,24.470673,0.0,0.0,0.0,0.0,0.0,0.0,0.0,0.0,0.0,0.0,0.0,0.0,0.0,0.0,0.0,0.0,0.0,0.0,0.0,0.0,0.0,0.0,0.0,0.0,0.0,0.0,0.0,466,8,50,38.833333,14.205828,466,44580264.52498,12.0,11.936755,4.100869,0.321645,201.805556,12,Benign
5.0,0.0,1.0,342.681883,342.681883,0.0,0.0,0.0,0.0,0.0,0.0,0.0,0.0,0.0,0.0,0.0,0.0,0.0,0.0,0.0,0.0,0.0,0.0,0.0,0.0,0.0,0.0,0.0,0.0,0.0,0.0,0.0,8208,12,36,24.0,12.0,8208,2926716.007445,342.0,1.450953,0.648886,-0.035075,144.0,342,BT-DoS
5.0,0.0,1.0,141.12973,141.12973,0.0,0.0,0.0,0.0,0.0,0.0,0.0,0.0,0.0,0.0,0.0,0.0,0.0,0.0,0.0,0.0,0.0,0.0,0.0,0.0,0.0,0.0,0.0,0.0,0.0,0.0,0.0,3360,12,36,24.0,12.0,3360,7136655.368393,140.0,2.267787,1.014185,-0.086702,144.0,140,BT-DoS
5.0,0.0,1.0,290.576747,290.576747,0.0,0.0,0.0,0.0,0.0,0.0,0.0,0.0,0.0,0.0,0.0,0.0,0.0,0.0,0.0,0.0,0.0,0.0,0.0,0.0,0.0,0.0,0.0,0.0,0.0,0.0,0.0,6960,12,36,24.0,12.0,6960,3453339.672419,290.0,1.575677,0.704664,-0.041456,144.0,290,BT-DoS
5.0,0.0,1.0,380.756192,380.756192,0.0,0.0,0.0,0.0,0.0,0.0,0.0,0.0,0.0,0.0,0.0,0.0,0.0,0.0,0.0,0.0,0.0,0.0,0.0,0.0,0.0,0.0,0.0,0.0,0.0,0.0,0.0,9120,12,36,24.0,12.0,9120,2633282.251283,380.0,1.376494,0.615587,-0.031487,144.0,380,BT-DoS
5.0,0.0,1.0,63.912717,63.912717,0.0,0.0,0.0,0.0,0.0,0.0,0.0,0.0,0.0,0.0,0.0,0.0,0.0,0.0,0.0,0.0,0.0,0.0,0.0,0.0,0.0,0.0,0.0,0.0,0.0,0.0,0.0,2669,19,50,43.048387,8.069112,2669,15902835.814679,62.0,5.562365,1.024778,0.031059,65.110562,62,Benign
5.0,0.0,1.0,75.38114,75.38114,0.0,0.0,0.0,0.0,0.0,0.0,0.0,0.0,0.0,0.0,0.0,0.0,0.0,0.0,0.0,0.0,0.0,0.0,0.0,0.0,0.0,0.0,0.0,0.0,0.0,0.0,0.0,3263,19,50,45.319444,5.683373,3263,13452761.609789,72.0,5.382782,0.669792,0.030026,32.300733,72,Benign
5.0,0.0,1.0,58.010387,58.010387,0.0,0.0,0.0,0.0,0.0,0.0,0.0,0.0,0.0,0.0,0.0,0.0,0.0,0.0,0.0,0.0,0.0,0.0,0.0,0.0,0.0,0.0,0.0,0.0,0.0,0.0,0.0,2579,18,50,44.465517,8.234108,2579,17540718.379774,58.0,5.937872,1.081191,0.009879,67.800535,58,Benign
5.0,0.0,1.0,72.052515,72.052515,0.0,0.0,0.0,0.0,0.0,0.0,0.0,0.0,0.0,0.0,0.0,0.0,0.0,0.0,0.0,0.0,0.0,0.0,0.0,0.0,0.0,0.0,0.0,0.0,0.0,0.0,0.0,2819,8,50,39.152778,13.777659,2819,14074241.61132,72.0,4.891552,1.623713,0.0719,189.823881,72,Benign
5.0,0.0,1.0,28.112987,28.112987,0.0,0.0,0.0,0.0,0.0,0.0,0.0,0.0,0.0,0.0,0.0,0.0,0.0,0.0,0.0,0.0,0.0,0.0,0.0,0.0,0.0,0.0,0.0,0.0,0.0,0.0,0.0,1273,18,50,45.464286,8.748396,1273,36888184.370818,28.0,8.749563,1.653292,0.002459,76.534439,28,Benign
5.0,0.0,1.0,44.844076,44.844076,0.0,0.0,0.0,0.0,0.0,0.0,0.0,0.0,0.0,0.0,0.0,0.0,0.0,0.0,0.0,0.0,0.0,0.0,0.0,0.0,0.0,0.0,0.0,0.0,0.0,0.0,0.0,1967,19,50,45.744186,6.931871,1967,22830429.531279,43.0,7.055563,1.0571,0.061072,48.050838,43,Benign
5.0,0.0,1.0,205.66857,205.66857,0.0,0.0,0.0,0.0,0.0,0.0,0.0,0.0,0.0,0.0,0.0,0.0,0.0,0.0,0.0,0.0,0.0,0.0,0.0,0.0,0.0,0.0,0.0,0.0,0.0,0.0,0.0,4896,12,36,24.0,12.0,4896,4886143.313253,204.0,1.878673,0.840168,-0.05903,144.0,204,BT-DoS
5.0,0.0,0.9,42.029808,42.029808,0.0,0.0,0.0,0.0,0.0,0.0,0.0,0.0,0.0,0.0,0.0,0.0,0.0,0.0,0.0,0.0,0.0,0.0,0.0,0.0,0.0,0.0,0.0,0.0,0.0,0.0,0.0,1571,8,50,43.638889,10.157517,1571,24472427.368164,36.0,7.467574,1.69292,0.024553,103.175154,36,Benign
5.0,0.0,0.1,59.340273,59.340273,0.0,0.0,0.0,0.0,0.0,0.0,0.0,0.0,0.0,0.0,0.0,0.0,0.0,0.0,0.0,0.0,0.0,0.0,0.0,0.0,0.0,0.0,0.0,0.0,0.0,0.0,0.0,89,12,36,22.25,9.010411,89,22469282.150269,4.0,12.002604,4.505205,0.03577,81.1875,4,Benign
5.0,0.0,0.9,61.080988,61.080988,0.0,0.0,0.0,0.0,0.0,0.0,0.0,0.0,0.0,0.0,0.0,0.0,0.0,0.0,0.0,0.0,0.0,0.0,0.0,0.0,0.0,0.0,0.0,0.0,0.0,0.0,0.0,2144,11,50,36.965517,13.906046,2144,16658929.356358,58.0,5.185902,1.825953,0.09727,193.378121,58,Benign
5.0,0.0,1.0,173.214395,173.214395,0.0,0.0,0.0,0.0,0.0,0.0,0.0,0.0,0.0,0.0,0.0,0.0,0.0,0.0,0.0,0.0,0.0,0.0,0.0,0.0,0.0,0.0,0.0,0.0,0.0,0.0,0.0,4128,12,36,24.0,12.0,4128,5806953.586333,172.0,2.045983,0.914991,-0.070311,144.0,172,BT-DoS
5.0,0.0,0.9,23.154555,23.154555,0.0,0.0,0.0,0.0,0.0,0.0,0.0,0.0,0.0,0.0,0.0,0.0,0.0,0.0,0.0,0.0,0.0,0.0,0.0,0.0,0.0,0.0,0.0,0.0,0.0,0.0,0.0,540,12,36,27.0,9.949874,540,45461102.53585,20.0,6.434283,2.22486,-0.183583,99.0,20,Benign
5.0,0.0,1.0,37.121777,37.121777,0.0,0.0,0.0,0.0,0.0,0.0,0.0,0.0,0.0,0.0,0.0,0.0,0.0,0.0,0.0,0.0,0.0,0.0,0.0,0.0,0.0,0.0,0.0,0.0,0.0,0.0,0.0,1517,18,50,42.138889,11.441039,1517,27708033.152989,36.0,7.277407,1.90684,0.025012,130.897377,36,Benign
5.0,0.0,1.0,86.064041,86.064041,0.0,0.0,0.0,0.0,0.0,0.0,0.0,0.0,0.0,0.0,0.0,0.0,0.0,0.0,0.0,0.0,0.0,0.0,0.0,0.0,0.0,0.0,0.0,0.0,0.0,0.0,0.0,3761,19,50,43.732558,7.205335,3761,11755951.713113,86.0,4.779381,0.776971,0.035059,51.916847,86,Benign
5.0,0.0,1.0,65.819054,65.819054,0.0,0.0,0.0,0.0,0.0,0.0,0.0,0.0,0.0,0.0,0.0,0.0,0.0,0.0,0.0,0.0,0.0,0.0,0.0,0.0,0.0,0.0,0.0,0.0,0.0,0.0,0.0,2831,19,50,43.553846,8.890844,2831,15430562.198162,65.0,5.513598,1.102773,0.050575,79.047101,65,Benign
5.0,0.0,0.0,82.760945,82.760945,0.0,0.0,0.0,0.0,0.0,0.0,0.0,0.0,0.0,0.0,0.0,0.0,0.0,0.0,0.0,0.0,0.0,0.0,0.0,0.0,0.0,0.0,0.0,0.0,0.0,0.0,0.0,89,12,36,22.25,9.010411,89,16110658.64563,4.0,12.002604,4.505205,0.131551,81.1875,4,Benign
5.0,0.0,1.0,43.259594,43.259594,0.0,0.0,0.0,0.0,0.0,0.0,0.0,0.0,0.0,0.0,0.0,0.0,0.0,0.0,0.0,0.0,0.0,0.0,0.0,0.0,0.0,0.0,0.0,0.0,0.0,0.0,0.0,1938,19,50,46.142857,6.9781,1938,23680070.55143,42.0,7.200954,1.076744,0.05535,48.693878,42,Benign
5.0,0.0,1.0,85.708341,85.708341,0.0,0.0,0.0,0.0,0.0,0.0,0.0,0.0,0.0,0.0,0.0,0.0,0.0,0.0,0.0,0.0,0.0,0.0,0.0,0.0,0.0,0.0,0.0,0.0,0.0,0.0,0.0,3730,19,50,44.404762,6.943855,3730,11808047.811669,84.0,4.903837,0.757637,0.035344,48.21712,84,Benign
5.0,0.0,1.0,171.369591,171.369591,0.0,0.0,0.0,0.0,0.0,0.0,0.0,0.0,0.0,0.0,0.0,0.0,0.0,0.0,0.0,0.0,0.0,0.0,0.0,0.0,0.0,0.0,0.0,0.0,0.0,0.0,0.0,4080,12,36,24.0,12.0,4080,5869869.649763,170.0,2.057983,0.920358,-0.071085,144.0,170,BT-DoS
5.0,0.0,0.9,130.906221,130.906221,0.0,0.0,0.0,0.0,0.0,0.0,0.0,0.0,0.0,0.0,0.0,0.0,0.0,0.0,0.0,0.0,0.0,0.0,0.0,0.0,0.0,0.0,0.0,0.0,0.0,0.0,0.0,2928,12,36,24.0,12.0,2928,7702189.043534,122.0,2.429329,1.086429,-0.093759,144.0,122,BT-DoS
5.0,0.0,1.0,48.487394,48.487394,0.0,0.0,0.0,0.0,0.0,0.0,0.0,0.0,0.0,0.0,0.0,0.0,0.0,0.0,0.0,0.0,0.0,0.0,0.0,0.0,0.0,0.0,0.0,0.0,0.0,0.0,0.0,2076,19,50,44.170213,8.380116,2076,21072263.30301,47.0,6.557818,1.222366,0.049465,70.226347,47,Benign
5.0,0.0,0.9,30.421095,30.421095,0.0,0.0,0.0,0.0,0.0,0.0,0.0,0.0,0.0,0.0,0.0,0.0,0.0,0.0,0.0,0.0,0.0,0.0,0.0,0.0,0.0,0.0,0.0,0.0,0.0,0.0,0.0,754,12,36,27.925926,9.606811,754,34136231.128986,27.0,5.683466,1.848832,-0.128255,92.290809,27,Benign
5.0,0.0,0.1,70.996039,70.996039,0.0,0.0,0.0,0.0,0.0,0.0,0.0,0.0,0.0,0.0,0.0,0.0,0.0,0.0,0.0,0.0,0.0,0.0,0.0,0.0,0.0,0.0,0.0,0.0,0.0,0.0,0.0,89,12,36,22.25,9.010411,89,18780390.421549,4.0,12.002604,4.505205,0.097504,81.1875,4,Benign
5.0,0.0,0.5,31.031978,31.031978,0.0,0.0,0.0,0.0,0.0,0.0,0.0,0.0,0.0,0.0,0.0,0.0,0.0,0.0,0.0,0.0,0.0,0.0,0.0,0.0,0.0,0.0,0.0,0.0,0.0,0.0,0.0,656,12,50,38.588235,12.499689,656,34238874.912262,17.0,9.837785,3.03162,0.031059,156.242215,17,Benign
5.0,0.0,1.0,44.749418,44.749418,0.0,0.0,0.0,0.0,0.0,0.0,0.0,0.0,0.0,0.0,0.0,0.0,0.0,0.0,0.0,0.0,0.0,0.0,0.0,0.0,0.0,0.0,0.0,0.0,0.0,0.0,0.0,2029,19,50,46.113636,6.915779,2029,22866348.887599,44.0,7.029638,1.042593,-0.005673,47.827996,44,Benign
5.0,0.0,1.0,61.214308,61.214308,0.0,0.0,0.0,0.0,0.0,0.0,0.0,0.0,0.0,0.0,0.0,0.0,0.0,0.0,0.0,0.0,0.0,0.0,0.0,0.0,0.0,0.0,0.0,0.0,0.0,0.0,0.0,2604,19,50,42.688525,10.11498,2604,16608317.693075,61.0,5.617045,1.29509,0.084006,102.312819,61,Benign
5.0,0.0,1.0,149.203789,149.203789,0.0,0.0,0.0,0.0,0.0,0.0,0.0,0.0,0.0,0.0,0.0,0.0,0.0,0.0,0.0,0.0,0.0,0.0,0.0,0.0,0.0,0.0,0.0,0.0,0.0,0.0,0.0,3552,12,36,24.0,12.0,3552,6747836.158389,148.0,2.205644,0.986394,-0.081886,144.0,148,BT-DoS
5.0,0.0,0.9,31.193573,31.193573,0.0,0.0,0.0,0.0,0.0,0.0,0.0,0.0,0.0,0.0,0.0,0.0,0.0,0.0,0.0,0.0,0.0,0.0,0.0,0.0,0.0,0.0,0.0,0.0,0.0,0.0,0.0,752,12,36,27.851852,9.551822,752,33290881.377,27.0,5.666546,1.838249,-0.043608,91.237311,27,Benign
5.0,0.0,0.1,37.867716,37.867716,0.0,0.0,0.0,0.0,0.0,0.0,0.0,0.0,0.0,0.0,0.0,0.0,0.0,0.0,0.0,0.0,0.0,0.0,0.0,0.0,0.0,0.0,0.0,0.0,0.0,0.0,0.0,89,12,36,22.25,9.010411,89,35210291.544596,4.0,12.002604,4.505205,0.568827,81.1875,4,Benign
5.0,0.0,1.0,334.664573,334.664573,0.0,0.0,0.0,0.0,0.0,0.0,0.0,0.0,0.0,0.0,0.0,0.0,0.0,0.0,0.0,0.0,0.0,0.0,0.0,0.0,0.0,0.0,0.0,0.0,0.0,0.0,0.0,8016,12,36,24.0,12.0,8016,2997039.674639,334.0,1.468226,0.656611,-0.035895,144.0,334,BT-DoS
5.0,0.0,0.8,14.72754,14.72754,0.0,0.0,0.0,0.0,0.0,0.0,0.0,0.0,0.0,0.0,0.0,0.0,0.0,0.0,0.0,0.0,0.0,0.0,0.0,0.0,0.0,0.0,0.0,0.0,0.0,0.0,0.0,184,11,33,15.333333,5.920773,184,74072729.457508,12.0,4.74488,1.70918,0.208265,35.055556,12,Benign
5.0,0.0,1.0,75.585575,75.585575,0.0,0.0,0.0,0.0,0.0,0.0,0.0,0.0,0.0,0.0,0.0,0.0,0.0,0.0,0.0,0.0,0.0,0.0,0.0,0.0,0.0,0.0,0.0,0.0,0.0,0.0,0.0,1789,10,36,23.853333,10.223754,1789,13408821.982306,75.0,2.99668,1.180537,0.04884,104.525156,75,Benign
5.0,0.0,0.9,50.145855,50.145855,0.0,0.0,0.0,0.0,0.0,0.0,0.0,0.0,0.0,0.0,0.0,0.0,0.0,0.0,0.0,0.0,0.0,0.0,0.0,0.0,0.0,0.0,0.0,0.0,0.0,0.0,0.0,1999,18,50,43.456522,9.329026,1999,20384979.248047,46.0,6.553293,1.37549,0.045257,87.030718,46,Benign
5.0,0.0,1.0,176.714627,176.714627,0.0,0.0,0.0,0.0,0.0,0.0,0.0,0.0,0.0,0.0,0.0,0.0,0.0,0.0,0.0,0.0,0.0,0.0,0.0,0.0,0.0,0.0,0.0,0.0,0.0,0.0,0.0,4080,12,36,24.0,12.0,4080,5692325.400178,170.0,2.057983,0.920358,-0.068917,144.0,170,BT-DoS
5.0,0.0,1.0,43.251986,43.251986,0.0,0.0,0.0,0.0,0.0,0.0,0.0,0.0,0.0,0.0,0.0,0.0,0.0,0.0,0.0,0.0,0.0,0.0,0.0,0.0,0.0,0.0,0.0,0.0,0.0,0.0,0.0,1979,27,50,46.023256,5.931737,1979,23670809.609549,43.0,7.076534,0.904581,-0.013248,35.185506,43,Benign
5.0,0.0,1.0,70.197608,70.197608,0.0,0.0,0.0,0.0,0.0,0.0,0.0,0.0,0.0,0.0,0.0,0.0,0.0,0.0,0.0,0.0,0.0,0.0,0.0,0.0,0.0,0.0,0.0,0.0,0.0,0.0,0.0,2993,19,50,44.014706,7.15273,2993,14458118.979611,68.0,5.407587,0.867396,0.046552,51.161548,68,Benign
5.0,0.0,1.0,34.354598,34.354598,0.0,0.0,0.0,0.0,0.0,0.0,0.0,0.0,0.0,0.0,0.0,0.0,0.0,0.0,0.0,0.0,0.0,0.0,0.0,0.0,0.0,0.0,0.0,0.0,0.0,0.0,0.0,1446,18,50,43.818182,8.982996,1446,30017815.5303,33.0,7.786405,1.563739,0.071625,80.694215,33,Benign
5.0,0.0,1.0,159.273871,159.273871,0.0,0.0,0.0,0.0,0.0,0.0,0.0,0.0,0.0,0.0,0.0,0.0,0.0,0.0,0.0,0.0,0.0,0.0,0.0,0.0,0.0,0.0,0.0,0.0,0.0,0.0,0.0,3792,12,36,24.0,12.0,3792,6318484.142328,158.0,2.134704,0.954669,-0.076619,144.0,158,BT-DoS
5.0,0.0,1.0,21.503134,21.503134,0.0,0.0,0.0,0.0,0.0,0.0,0.0,0.0,0.0,0.0,0.0,0.0,0.0,0.0,0.0,0.0,0.0,0.0,0.0,0.0,0.0,0.0,0.0,0.0,0.0,0.0,0.0,899,18,50,42.809524,11.454336,899,48830091.953278,21.0,9.670419,2.499541,-0.324376,131.201814,21,Benign
5.0,0.0,0.9,19.521299,19.521299,0.0,0.0,0.0,0.0,0.0,0.0,0.0,0.0,0.0,0.0,0.0,0.0,0.0,0.0,0.0,0.0,0.0,0.0,0.0,0.0,0.0,0.0,0.0,0.0,0.0,0.0,0.0,766,12,50,42.555556,12.329829,766,54239399.29289,18.0,10.442967,2.906169,0.255951,152.024691,18,Benign
5.0,0.0,0.9,14.953648,14.953648,0.0,0.0,0.0,0.0,0.0,0.0,0.0,0.0,0.0,0.0,0.0,0.0,0.0,0.0,0.0,0.0,0.0,0.0,0.0,0.0,0.0,0.0,0.0,0.0,0.0,0.0,0.0,488,12,50,37.538462,14.339914,488,72446087.996165,13.0,11.145089,3.977177,0.814872,205.633136,13,Benign
5.0,0.0,0.4,25.0806,25.0806,0.0,0.0,0.0,0.0,0.0,0.0,0.0,0.0,0.0,0.0,0.0,0.0,0.0,0.0,0.0,0.0,0.0,0.0,0.0,0.0,0.0,0.0,0.0,0.0,0.0,0.0,0.0,170,11,33,15.454545,6.401188,170,43858599.662781,11.0,5.043611,1.930031,0.271217,40.975207,11,Benign
5.0,0.0,1.0,143.146144,143.146144,0.0,0.0,0.0,0.0,0.0,0.0,0.0,0.0,0.0,0.0,0.0,0.0,0.0,0.0,0.0,0.0,0.0,0.0,0.0,0.0,0.0,0.0,0.0,0.0,0.0,0.0,0.0,3408,12,36,24.0,12.0,3408,7035412.686936,142.0,2.25176,1.007018,-0.085458,144.0,142,BT-DoS
5.0,0.0,0.9,46.727229,46.727229,0.0,0.0,0.0,0.0,0.0,0.0,0.0,0.0,0.0,0.0,0.0,0.0,0.0,0.0,0.0,0.0,0.0,0.0,0.0,0.0,0.0,0.0,0.0,0.0,0.0,0.0,0.0,2027,36,50,46.068182,5.109695,2027,21898491.438045,44.0,6.987629,0.770316,0.002408,26.108988,44,Benign
5.0,0.0,0.9,42.032883,42.032883,0.0,0.0,0.0,0.0,0.0,0.0,0.0,0.0,0.0,0.0,0.0,0.0,0.0,0.0,0.0,0.0,0.0,0.0,0.0,0.0,0.0,0.0,0.0,0.0,0.0,0.0,0.0,1392,11,50,35.692308,15.273832,1392,24416973.716334,39.0,6.216667,2.445771,-0.036097,233.289941,39,Benign
5.0,0.0,1.0,153.222108,153.222108,0.0,0.0,0.0,0.0,0.0,0.0,0.0,0.0,0.0,0.0,0.0,0.0,0.0,0.0,0.0,0.0,0.0,0.0,0.0,0.0,0.0,0.0,0.0,0.0,0.0,0.0,0.0,3648,12,36,24.0,12.0,3648,6569694.999038,152.0,2.176429,0.973329,-0.079693,144.0,152,BT-DoS
5.0,0.0,1.0,35.278453,35.278453,0.0,0.0,0.0,0.0,0.0,0.0,0.0,0.0,0.0,0.0,0.0,0.0,0.0,0.0,0.0,0.0,0.0,0.0,0.0,0.0,0.0,0.0,0.0,0.0,0.0,0.0,0.0,1467,18,50,43.147059,9.107632,1467,29204881.552494,34.0,7.562714,1.561946,0.048246,82.948962,34,Benign
5.0,0.0,0.5,50.867383,50.867383,0.0,0.0,0.0,0.0,0.0,0.0,0.0,0.0,0.0,0.0,0.0,0.0,0.0,0.0,0.0,0.0,0.0,0.0,0.0,0.0,0.0,0.0,0.0,0.0,0.0,0.0,0.0,936,11,50,39.0,13.32604,936,20513700.402301,24.0,8.412747,2.720166,0.14682,177.583333,24,Benign
5.0,0.0,1.0,163.306788,163.306788,0.0,0.0,0.0,0.0,0.0,0.0,0.0,0.0,0.0,0.0,0.0,0.0,0.0,0.0,0.0,0.0,0.0,0.0,0.0,0.0,0.0,0.0,0.0,0.0,0.0,0.0,0.0,3888,12,36,24.0,12.0,3888,6161477.995215,162.0,2.108185,0.942809,-0.074651,144.0,162,BT-DoS
5.0,0.0,1.0,41.770974,41.770974,0.0,0.0,0.0,0.0,0.0,0.0,0.0,0.0,0.0,0.0,0.0,0.0,0.0,0.0,0.0,0.0,0.0,0.0,0.0,0.0,0.0,0.0,0.0,0.0,0.0,0.0,0.0,1907,22,50,46.512195,6.405493,1907,24538570.642471,41.0,7.332545,1.00037,0.009438,41.030339,41,Benign
5.0,0.0,0.5,19.273062,19.273062,0.0,0.0,0.0,0.0,0.0,0.0,0.0,0.0,0.0,0.0,0.0,0.0,0.0,0.0,0.0,0.0,0.0,0.0,0.0,0.0,0.0,0.0,0.0,0.0,0.0,0.0,0.0,475,32,50,47.5,5.296225,475,57650989.956326,10.0,15.113901,1.674813,0.02834,28.05,10,Benign
5.0,0.0,1.0,175.39562,175.39562,0.0,0.0,0.0,0.0,0.0,0.0,0.0,0.0,0.0,0.0,0.0,0.0,0.0,0.0,0.0,0.0,0.0,0.0,0.0,0.0,0.0,0.0,0.0,0.0,0.0,0.0,0.0,4176,12,36,24.0,12.0,4176,5734352.707174,174.0,2.034191,0.909718,-0.069419,144.0,174,BT-DoS
5.0,0.0,0.9,35.019864,35.019864,0.0,0.0,0.0,0.0,0.0,0.0,0.0,0.0,0.0,0.0,0.0,0.0,0.0,0.0,0.0,0.0,0.0,0.0,0.0,0.0,0.0,0.0,0.0,0.0,0.0,0.0,0.0,1508,27,50,47.125,5.475799,1508,29476358.044532,32.0,8.386652,0.967994,0.065696,29.984375,32,Benign
5.0,0.0,1.0,147.180835,147.180835,0.0,0.0,0.0,0.0,0.0,0.0,0.0,0.0,0.0,0.0,0.0,0.0,0.0,0.0,0.0,0.0,0.0,0.0,0.0,0.0,0.0,0.0,0.0,0.0,0.0,0.0,0.0,3504,12,36,24.0,12.0,3504,6841220.52686,146.0,2.2207,0.993127,-0.083045,144.0,146,BT-DoS
5.0,0.0,0.9,37.026796,37.026796,0.0,0.0,0.0,0.0,0.0,0.0,0.0,0.0,0.0,0.0,0.0,0.0,0.0,0.0,0.0,0.0,0.0,0.0,0.0,0.0,0.0,0.0,0.0,0.0,0.0,0.0,0.0,1480,18,50,43.529412,8.769047,1480,27825875.715776,34.0,7.615205,1.503879,0.006195,76.896194,34,Benign
5.0,0.0,1.0,163.309221,163.309221,0.0,0.0,0.0,0.0,0.0,0.0,0.0,0.0,0.0,0.0,0.0,0.0,0.0,0.0,0.0,0.0,0.0,0.0,0.0,0.0,0.0,0.0,0.0,0.0,0.0,0.0,0.0,3888,12,36,24.0,12.0,3888,6161386.181849,162.0,2.108185,0.942809,-0.074629,144.0,162,BT-DoS
5.0,0.0,1.0,33.182976,33.182976,0.0,0.0,0.0,0.0,0.0,0.0,0.0,0.0,0.0,0.0,0.0,0.0,0.0,0.0,0.0,0.0,0.0,0.0,0.0,0.0,0.0,0.0,0.0,0.0,0.0,0.0,0.0,1479,18,50,44.818182,8.339227,1479,31077682.971954,33.0,7.93575,1.451673,0.066182,69.5427,33,Benign
5.0,0.0,1.0,136.821456,136.821456,0.0,0.0,0.0,0.0,0.0,0.0,0.0,0.0,0.0,0.0,0.0,0.0,0.0,0.0,0.0,0.0,0.0,0.0,0.0,0.0,0.0,0.0,0.0,0.0,0.0,0.0,0.0,3264,12,36,24.0,12.0,3264,7362934.395119,136.0,2.300895,1.028992,-0.089434,144.0,136,BT-DoS
5.0,0.0,0.9,21.097737,21.097737,0.0,0.0,0.0,0.0,0.0,0.0,0.0,0.0,0.0,0.0,0.0,0.0,0.0,0.0,0.0,0.0,0.0,0.0,0.0,0.0,0.0,0.0,0.0,0.0,0.0,0.0,0.0,928,39,50,46.4,3.720215,928,49893103.147808,20.0,10.40865,0.831865,0.067301,13.84,20,BT-DoS
5.0,0.0,1.0,135.088683,135.088683,0.0,0.0,0.0,0.0,0.0,0.0,0.0,0.0,0.0,0.0,0.0,0.0,0.0,0.0,0.0,0.0,0.0,0.0,0.0,0.0,0.0,0.0,0.0,0.0,0.0,0.0,0.0,3216,12,36,24.0,12.0,3216,7458202.820971,134.0,2.318002,1.036642,-0.090658,144.0,134,BT-DoS
5.0,0.0,1.0,133.061976,133.061976,0.0,0.0,0.0,0.0,0.0,0.0,0.0,0.0,0.0,0.0,0.0,0.0,0.0,0.0,0.0,0.0,0.0,0.0,0.0,0.0,0.0,0.0,0.0,0.0,0.0,0.0,0.0,3168,12,36,24.0,12.0,3168,7572663.649348,132.0,2.335497,1.044466,-0.092073,144.0,132,BT-DoS
5.0,0.0,1.0,36.122821,36.122821,0.0,0.0,0.0,0.0,0.0,0.0,0.0,0.0,0.0,0.0,0.0,0.0,0.0,0.0,0.0,0.0,0.0,0.0,0.0,0.0,0.0,0.0,0.0,0.0,0.0,0.0,0.0,1555,27,50,43.194444,6.10928,1555,28474283.218384,36.0,7.270724,1.018213,0.083616,37.323302,36,Benign
5.0,0.0,0.0,2397.087584,2397.087584,0.0,0.0,0.0,0.0,0.0,0.0,0.0,0.0,0.0,0.0,0.0,0.0,0.0,0.0,0.0,0.0,0.0,0.0,0.0,0.0,0.0,0.0,0.0,0.0,0.0,0.0,0.0,288,12,36,24.0,12.0,288,455097.718672,12.0,7.745967,3.464102,-0.006364,144.0,12,BT-DoS
5.0,0.0,0.9,137.476398,137.476398,0.0,0.0,0.0,0.0,0.0,0.0,0.0,0.0,0.0,0.0,0.0,0.0,0.0,0.0,0.0,0.0,0.0,0.0,0.0,0.0,0.0,0.0,0.0,0.0,0.0,0.0,0.0,2976,12,36,24.0,12.0,2976,7333113.895199,124.0,2.409658,1.077632,-0.089242,144.0,124,BT-DoS
5.0,0.0,1.0,46.105266,46.105266,0.0,0.0,0.0,0.0,0.0,0.0,0.0,0.0,0.0,0.0,0.0,0.0,0.0,0.0,0.0,0.0,0.0,0.0,0.0,0.0,0.0,0.0,0.0,0.0,0.0,0.0,0.0,1606,8,50,36.5,15.688009,1606,22193903.146788,44.0,5.989316,2.365056,0.127336,246.113636,44,Benign
5.0,0.0,1.0,30.162091,30.162091,0.0,0.0,0.0,0.0,0.0,0.0,0.0,0.0,0.0,0.0,0.0,0.0,0.0,0.0,0.0,0.0,0.0,0.0,0.0,0.0,0.0,0.0,0.0,0.0,0.0,0.0,0.0,1315,18,50,45.344828,8.667322,1315,34338278.429849,29.0,8.572763,1.609481,0.01074,75.122473,29,Benign
5.0,0.0,1.0,298.373297,298.373297,0.0,0.0,0.0,0.0,0.0,0.0,0.0,0.0,0.0,0.0,0.0,0.0,0.0,0.0,0.0,0.0,0.0,0.0,0.0,0.0,0.0,0.0,0.0,0.0,0.0,0.0,0.0,7104,12,36,24.0,12.0,7104,3362867.387675,296.0,1.559626,0.697486,-0.0404,144.0,296,BT-DoS
5.0,0.0,1.0,52.181228,52.181228,0.0,0.0,0.0,0.0,0.0,0.0,0.0,0.0,0.0,0.0,0.0,0.0,0.0,0.0,0.0,0.0,0.0,0.0,0.0,0.0,0.0,0.0,0.0,0.0,0.0,0.0,0.0,2100,8,50,40.384615,13.828835,2100,19539744.24624,52.0,5.919579,1.917714,0.105959,191.236686,52,Benign
5.0,0.0,1.0,346.658968,346.658968,0.0,0.0,0.0,0.0,0.0,0.0,0.0,0.0,0.0,0.0,0.0,0.0,0.0,0.0,0.0,0.0,0.0,0.0,0.0,0.0,0.0,0.0,0.0,0.0,0.0,0.0,0.0,8304,12,36,24.0,12.0,8304,2893040.836721,346.0,1.442541,0.645124,-0.034676,144.0,346,BT-DoS
5.0,0.0,1.0,163.300194,163.300194,0.0,0.0,0.0,0.0,0.0,0.0,0.0,0.0,0.0,0.0,0.0,0.0,0.0,0.0,0.0,0.0,0.0,0.0,0.0,0.0,0.0,0.0,0.0,0.0,0.0,0.0,0.0,3888,12,36,24.0,12.0,3888,6161726.779819,162.0,2.108185,0.942809,-0.074691,144.0,162,BT-DoS
5.0,0.0,1.0,34.490805,34.490805,0.0,0.0,0.0,0.0,0.0,0.0,0.0,0.0,0.0,0.0,0.0,0.0,0.0,0.0,0.0,0.0,0.0,0.0,0.0,0.0,0.0,0.0,0.0,0.0,0.0,0.0,0.0,1390,8,50,40.882353,12.222844,1390,29871817.791101,34.0,7.317917,2.096201,-0.165729,149.397924,34,Benign
5.0,0.0,1.0,53.444279,53.444279,0.0,0.0,0.0,0.0,0.0,0.0,0.0,0.0,0.0,0.0,0.0,0.0,0.0,0.0,0.0,0.0,0.0,0.0,0.0,0.0,0.0,0.0,0.0,0.0,0.0,0.0,0.0,2160,11,50,40.754717,13.451388,2160,19070904.988509,53.0,5.895132,1.84769,0.096448,180.939836,53,Benign
5.0,0.0,1.0,86.858771,86.858771,0.0,0.0,0.0,0.0,0.0,0.0,0.0,0.0,0.0,0.0,0.0,0.0,0.0,0.0,0.0,0.0,0.0,0.0,0.0,0.0,0.0,0.0,0.0,0.0,0.0,0.0,0.0,2988,12,36,34.744186,4.851722,2988,11648388.46992,86.0,3.782914,0.523175,0.00011,23.53921,86,Benign
5.0,0.0,1.0,143.151202,143.151202,0.0,0.0,0.0,0.0,0.0,0.0,0.0,0.0,0.0,0.0,0.0,0.0,0.0,0.0,0.0,0.0,0.0,0.0,0.0,0.0,0.0,0.0,0.0,0.0,0.0,0.0,0.0,3408,12,36,24.0,12.0,3408,7035164.122886,142.0,2.25176,1.007018,-0.085458,144.0,142,BT-DoS
5.0,0.0,1.0,39.371754,39.371754,0.0,0.0,0.0,0.0,0.0,0.0,0.0,0.0,0.0,0.0,0.0,0.0,0.0,0.0,0.0,0.0,0.0,0.0,0.0,0.0,0.0,0.0,0.0,0.0,0.0,0.0,0.0,1643,18,50,43.236842,9.747967,1643,26085376.739502,38.0,7.189992,1.581329,0.009853,95.022853,38,Benign
5.0,0.0,1.0,32.54856,32.54856,0.0,0.0,0.0,0.0,0.0,0.0,0.0,0.0,0.0,0.0,0.0,0.0,0.0,0.0,0.0,0.0,0.0,0.0,0.0,0.0,0.0,0.0,0.0,0.0,0.0,0.0,0.0,1057,11,50,34.096774,15.779437,1057,31747436.523438,31.0,6.747952,2.834071,0.053643,248.990635,31,Benign
5.0,0.0,0.1,69.947035,69.947035,0.0,0.0,0.0,0.0,0.0,0.0,0.0,0.0,0.0,0.0,0.0,0.0,0.0,0.0,0.0,0.0,0.0,0.0,0.0,0.0,0.0,0.0,0.0,0.0,0.0,0.0,0.0,89,12,36,22.25,9.010411,89,19062042.236328,4.0,12.002604,4.505205,-0.266377,81.1875,4,Benign
5.0,0.0,0.9,3.199976,3.199976,0.0,0.0,0.0,0.0,0.0,0.0,0.0,0.0,0.0,0.0,0.0,0.0,0.0,0.0,0.0,0.0,0.0,0.0,0.0,0.0,0.0,0.0,0.0,0.0,0.0,0.0,0.0,54,18,18,18.0,0.0,54,468753457.069397,3.0,10.392305,0.0,0.0,0.0,3,Benign
5.0,0.0,1.0,147.184974,147.184974,0.0,0.0,0.0,0.0,0.0,0.0,0.0,0.0,0.0,0.0,0.0,0.0,0.0,0.0,0.0,0.0,0.0,0.0,0.0,0.0,0.0,0.0,0.0,0.0,0.0,0.0,0.0,3504,12,36,24.0,12.0,3504,6841028.14773,146.0,2.2207,0.993127,-0.083049,144.0,146,BT-DoS
5.0,0.0,1.0,29.008853,29.008853,0.0,0.0,0.0,0.0,0.0,0.0,0.0,0.0,0.0,0.0,0.0,0.0,0.0,0.0,0.0,0.0,0.0,0.0,0.0,0.0,0.0,0.0,0.0,0.0,0.0,0.0,0.0,800,12,36,27.586207,9.30894,800,35703386.579241,29.0,5.40643,1.728627,-0.163449,86.656361,29,Benign
5.0,0.0,0.0,81.804563,81.804563,0.0,0.0,0.0,0.0,0.0,0.0,0.0,0.0,0.0,0.0,0.0,0.0,0.0,0.0,0.0,0.0,0.0,0.0,0.0,0.0,0.0,0.0,0.0,0.0,0.0,0.0,0.0,89,12,36,22.25,9.010411,89,16299009.32312,4.0,12.002604,4.505205,0.124436,81.1875,4,Benign
5.0,0.0,1.0,161.292089,161.292089,0.0,0.0,0.0,0.0,0.0,0.0,0.0,0.0,0.0,0.0,0.0,0.0,0.0,0.0,0.0,0.0,0.0,0.0,0.0,0.0,0.0,0.0,0.0,0.0,0.0,0.0,0.0,3840,12,36,24.0,12.0,3840,6238925.382026,160.0,2.12132,0.948683,-0.075644,144.0,160,BT-DoS
5.0,0.0,0.9,30.618255,30.618255,0.0,0.0,0.0,0.0,0.0,0.0,0.0,0.0,0.0,0.0,0.0,0.0,0.0,0.0,0.0,0.0,0.0,0.0,0.0,0.0,0.0,0.0,0.0,0.0,0.0,0.0,0.0,750,12,36,27.777778,9.542627,750,33916418.369,27.0,5.652488,1.836479,-0.081127,91.061728,27,Benign
5.0,0.0,0.9,130.938685,130.938685,0.0,0.0,0.0,0.0,0.0,0.0,0.0,0.0,0.0,0.0,0.0,0.0,0.0,0.0,0.0,0.0,0.0,0.0,0.0,0.0,0.0,0.0,0.0,0.0,0.0,0.0,0.0,2976,12,36,24.0,12.0,2976,7699253.113289,124.0,2.409658,1.077632,-0.093681,144.0,124,BT-DoS
5.0,0.0,0.9,23.302064,23.302064,0.0,0.0,0.0,0.0,0.0,0.0,0.0,0.0,0.0,0.0,0.0,0.0,0.0,0.0,0.0,0.0,0.0,0.0,0.0,0.0,0.0,0.0,0.0,0.0,0.0,0.0,0.0,540,12,36,27.0,9.949874,540,45173318.762528,20.0,6.434283,2.22486,-0.099611,99.0,20,Benign
5.0,0.0,1.0,159.113448,159.113448,0.0,0.0,0.0,0.0,0.0,0.0,0.0,0.0,0.0,0.0,0.0,0.0,0.0,0.0,0.0,0.0,0.0,0.0,0.0,0.0,0.0,0.0,0.0,0.0,0.0,0.0,0.0,3792,12,36,24.0,12.0,3792,6324854.626018,158.0,2.134704,0.954669,-0.076613,144.0,158,BT-DoS
5.0,0.0,0.1,44.991797,44.991797,0.0,0.0,0.0,0.0,0.0,0.0,0.0,0.0,0.0,0.0,0.0,0.0,0.0,0.0,0.0,0.0,0.0,0.0,0.0,0.0,0.0,0.0,0.0,0.0,0.0,0.0,0.0,89,12,36,22.25,9.010411,89,29635032.018026,4.0,12.002604,4.505205,-0.080565,81.1875,4,Benign
5.0,0.0,1.0,189.523762,189.523762,0.0,0.0,0.0,0.0,0.0,0.0,0.0,0.0,0.0,0.0,0.0,0.0,0.0,0.0,0.0,0.0,0.0,0.0,0.0,0.0,0.0,0.0,0.0,0.0,0.0,0.0,0.0,4512,12,36,24.0,12.0,4512,5304599.190778,188.0,1.956984,0.87519,-0.064139,144.0,188,BT-DoS
5.0,0.0,0.7,9.779909,9.779909,0.0,0.0,0.0,0.0,0.0,0.0,0.0,0.0,0.0,0.0,0.0,0.0,0.0,0.0,0.0,0.0,0.0,0.0,0.0,0.0,0.0,0.0,0.0,0.0,0.0,0.0,0.0,238,12,50,34.0,15.184579,238,119292179.743449,7.0,14.074148,5.739231,1.647631,230.571429,7,Benign
5.0,0.0,1.0,307.824207,307.824207,0.0,0.0,0.0,0.0,0.0,0.0,0.0,0.0,0.0,0.0,0.0,0.0,0.0,0.0,0.0,0.0,0.0,0.0,0.0,0.0,0.0,0.0,0.0,0.0,0.0,0.0,0.0,7344,12,36,24.0,12.0,7344,3259258.582944,306.0,1.53393,0.685994,-0.039121,144.0,306,BT-DoS
5.0,0.0,1.0,147.17178,147.17178,0.0,0.0,0.0,0.0,0.0,0.0,0.0,0.0,0.0,0.0,0.0,0.0,0.0,0.0,0.0,0.0,0.0,0.0,0.0,0.0,0.0,0.0,0.0,0.0,0.0,0.0,0.0,3504,12,36,24.0,12.0,3504,6841641.458972,146.0,2.2207,0.993127,-0.083057,144.0,146,BT-DoS
5.0,0.0,0.1,50.75561,50.75561,0.0,0.0,0.0,0.0,0.0,0.0,0.0,0.0,0.0,0.0,0.0,0.0,0.0,0.0,0.0,0.0,0.0,0.0,0.0,0.0,0.0,0.0,0.0,0.0,0.0,0.0,0.0,89,12,36,22.25,9.010411,89,26269674.301147,4.0,12.002604,4.505205,0.344592,81.1875,4,Benign
5.0,0.0,1.0,16.003423,16.003423,0.0,0.0,0.0,0.0,0.0,0.0,0.0,0.0,0.0,0.0,0.0,0.0,0.0,0.0,0.0,0.0,0.0,0.0,0.0,0.0,0.0,0.0,0.0,0.0,0.0,0.0,0.0,618,18,50,38.625,12.429174,618,66652409.235636,16.0,10.143887,3.107294,-0.486192,154.484375,16,Benign
5.0,0.0,1.0,174.63654,174.63654,0.0,0.0,0.0,0.0,0.0,0.0,0.0,0.0,0.0,0.0,0.0,0.0,0.0,0.0,0.0,0.0,0.0,0.0,0.0,0.0,0.0,0.0,0.0,0.0,0.0,0.0,0.0,4032,12,36,24.0,12.0,4032,5760466.981077,168.0,2.070197,0.92582,-0.069772,144.0,168,BT-DoS
5.0,0.0,1.0,161.290965,161.290965,0.0,0.0,0.0,0.0,0.0,0.0,0.0,0.0,0.0,0.0,0.0,0.0,0.0,0.0,0.0,0.0,0.0,0.0,0.0,0.0,0.0,0.0,0.0,0.0,0.0,0.0,0.0,3840,12,36,24.0,12.0,3840,6238968.867176,160.0,2.12132,0.948683,-0.075636,144.0,160,BT-DoS
5.0,0.0,1.0,44.002728,44.002728,0.0,0.0,0.0,0.0,0.0,0.0,0.0,0.0,0.0,0.0,0.0,0.0,0.0,0.0,0.0,0.0,0.0,0.0,0.0,0.0,0.0,0.0,0.0,0.0,0.0,0.0,0.0,1875,18,50,42.613636,9.9595,1875,23254372.352778,44.0,6.597371,1.501451,0.015198,99.191632,44,Benign
5.0,0.0,1.0,22.928322,22.928322,0.0,0.0,0.0,0.0,0.0,0.0,0.0,0.0,0.0,0.0,0.0,0.0,0.0,0.0,0.0,0.0,0.0,0.0,0.0,0.0,0.0,0.0,0.0,0.0,0.0,0.0,0.0,612,12,36,27.818182,9.833322,612,45691047.395979,22.0,6.290489,2.096471,-0.09611,96.694215,22,Benign
5.0,0.0,1.0,169.378391,169.378391,0.0,0.0,0.0,0.0,0.0,0.0,0.0,0.0,0.0,0.0,0.0,0.0,0.0,0.0,0.0,0.0,0.0,0.0,0.0,0.0,0.0,0.0,0.0,0.0,0.0,0.0,0.0,4032,12,36,24.0,12.0,4032,5939293.764309,168.0,2.070197,0.92582,-0.071934,144.0,168,BT-DoS
5.0,0.0,1.0,31.345803,31.345803,0.0,0.0,0.0,0.0,0.0,0.0,0.0,0.0,0.0,0.0,0.0,0.0,0.0,0.0,0.0,0.0,0.0,0.0,0.0,0.0,0.0,0.0,0.0,0.0,0.0,0.0,0.0,876,12,36,28.258065,9.058832,876,32965604.464213,31.0,5.329712,1.627014,-0.158176,82.062435,31,Benign
5.0,0.0,1.0,143.146454,143.146454,0.0,0.0,0.0,0.0,0.0,0.0,0.0,0.0,0.0,0.0,0.0,0.0,0.0,0.0,0.0,0.0,0.0,0.0,0.0,0.0,0.0,0.0,0.0,0.0,0.0,0.0,0.0,3408,12,36,24.0,12.0,3408,7035397.468729,142.0,2.25176,1.007018,-0.085456,144.0,142,BT-DoS
5.0,0.0,0.7,12.188929,12.188929,0.0,0.0,0.0,0.0,0.0,0.0,0.0,0.0,0.0,0.0,0.0,0.0,0.0,0.0,0.0,0.0,0.0,0.0,0.0,0.0,0.0,0.0,0.0,0.0,0.0,0.0,0.0,327,12,50,36.333333,14.087031,327,92296868.562698,9.0,12.989549,4.695677,0.551968,198.444444,9,Benign
5.0,0.0,1.0,139.115162,139.115162,0.0,0.0,0.0,0.0,0.0,0.0,0.0,0.0,0.0,0.0,0.0,0.0,0.0,0.0,0.0,0.0,0.0,0.0,0.0,0.0,0.0,0.0,0.0,0.0,0.0,0.0,0.0,3312,12,36,24.0,12.0,3312,7240758.325062,138.0,2.284161,1.021508,-0.087902,144.0,138,BT-DoS
5.0,0.0,1.0,27.314524,27.314524,0.0,0.0,0.0,0.0,0.0,0.0,0.0,0.0,0.0,0.0,0.0,0.0,0.0,0.0,0.0,0.0,0.0,0.0,0.0,0.0,0.0,0.0,0.0,0.0,0.0,0.0,0.0,746,12,36,27.62963,9.843773,746,38018657.610967,27.0,5.644717,1.894435,-0.085797,96.899863,27,Benign
5.0,0.0,1.0,69.393882,69.393882,0.0,0.0,0.0,0.0,0.0,0.0,0.0,0.0,0.0,0.0,0.0,0.0,0.0,0.0,0.0,0.0,0.0,0.0,0.0,0.0,0.0,0.0,0.0,0.0,0.0,0.0,0.0,2978,19,50,43.15942,7.886189,2978,14622411.307167,69.0,5.281808,0.949386,0.06018,62.191976,69,Benign
5.0,0.0,1.0,151.212097,151.212097,0.0,0.0,0.0,0.0,0.0,0.0,0.0,0.0,0.0,0.0,0.0,0.0,0.0,0.0,0.0,0.0,0.0,0.0,0.0,0.0,0.0,0.0,0.0,0.0,0.0,0.0,0.0,3600,12,36,24.0,12.0,3600,6657611.603705,150.0,2.19089,0.979796,-0.080784,144.0,150,BT-DoS
5.0,0.0,0.5,24.507301,24.507301,0.0,0.0,0.0,0.0,0.0,0.0,0.0,0.0,0.0,0.0,0.0,0.0,0.0,0.0,0.0,0.0,0.0,0.0,0.0,0.0,0.0,0.0,0.0,0.0,0.0,0.0,0.0,184,11,33,15.333333,5.920773,184,44513637.369329,12.0,4.74488,1.70918,0.068307,35.055556,12,Benign
5.0,0.0,1.0,36.311115,36.311115,0.0,0.0,0.0,0.0,0.0,0.0,0.0,0.0,0.0,0.0,0.0,0.0,0.0,0.0,0.0,0.0,0.0,0.0,0.0,0.0,0.0,0.0,0.0,0.0,0.0,0.0,0.0,1314,8,50,36.5,14.123464,1314,28326627.186366,36.0,6.52287,2.353911,0.123288,199.472222,36,Benign
5.0,0.0,1.0,41.138636,41.138636,0.0,0.0,0.0,0.0,0.0,0.0,0.0,0.0,0.0,0.0,0.0,0.0,0.0,0.0,0.0,0.0,0.0,0.0,0.0,0.0,0.0,0.0,0.0,0.0,0.0,0.0,0.0,1704,18,50,42.6,9.66385,1704,24931333.0039,40.0,6.90679,1.527989,0.072295,93.39,40,Benign
5.0,0.0,1.0,53.863748,53.863748,0.0,0.0,0.0,0.0,0.0,0.0,0.0,0.0,0.0,0.0,0.0,0.0,0.0,0.0,0.0,0.0,0.0,0.0,0.0,0.0,0.0,0.0,0.0,0.0,0.0,0.0,0.0,2044,11,50,38.566038,14.097383,2044,18922388.553619,53.0,5.640279,1.936424,0.128051,198.736205,53,Benign
5.0,0.0,1.0,151.209843,151.209843,0.0,0.0,0.0,0.0,0.0,0.0,0.0,0.0,0.0,0.0,0.0,0.0,0.0,0.0,0.0,0.0,0.0,0.0,0.0,0.0,0.0,0.0,0.0,0.0,0.0,0.0,0.0,3600,12,36,24.0,12.0,3600,6657710.811436,150.0,2.19089,0.979796,-0.080815,144.0,150,BT-DoS
5.0,0.0,1.0,149.190521,149.190521,0.0,0.0,0.0,0.0,0.0,0.0,0.0,0.0,0.0,0.0,0.0,0.0,0.0,0.0,0.0,0.0,0.0,0.0,0.0,0.0,0.0,0.0,0.0,0.0,0.0,0.0,0.0,3552,12,36,24.0,12.0,3552,6748436.259575,148.0,2.205644,0.986394,-0.081894,144.0,148,BT-DoS
5.0,0.0,0.9,43.686023,43.686023,0.0,0.0,0.0,0.0,0.0,0.0,0.0,0.0,0.0,0.0,0.0,0.0,0.0,0.0,0.0,0.0,0.0,0.0,0.0,0.0,0.0,0.0,0.0,0.0,0.0,0.0,0.0,1596,8,50,40.923077,12.244066,1596,23493001.335546,39.0,6.839957,1.96062,0.102489,149.91716,39,Benign
5.0,0.0,1.0,12.010053,12.010053,0.0,0.0,0.0,0.0,0.0,0.0,0.0,0.0,0.0,0.0,0.0,0.0,0.0,0.0,0.0,0.0,0.0,0.0,0.0,0.0,0.0,0.0,0.0,0.0,0.0,0.0,0.0,438,12,50,36.5,14.103782,438,90832992.033525,12.0,11.295894,4.071411,1.106291,198.916667,12,Benign
5.0,0.0,0.6,3.57109,3.57109,0.0,0.0,0.0,0.0,0.0,0.0,0.0,0.0,0.0,0.0,0.0,0.0,0.0,0.0,0.0,0.0,0.0,0.0,0.0,0.0,0.0,0.0,0.0,0.0,0.0,0.0,0.0,36,18,18,18.0,0.0,36,560053110.122681,2.0,12.727922,0.0,0.0,0.0,2,Benign
5.0,0.0,1.0,375.62939,375.62939,0.0,0.0,0.0,0.0,0.0,0.0,0.0,0.0,0.0,0.0,0.0,0.0,0.0,0.0,0.0,0.0,0.0,0.0,0.0,0.0,0.0,0.0,0.0,0.0,0.0,0.0,0.0,8592,12,36,24.0,12.0,8592,2669655.642256,358.0,1.418158,0.63422,-0.031972,144.0,358,BT-DoS
5.0,0.0,0.9,25.853616,25.853616,0.0,0.0,0.0,0.0,0.0,0.0,0.0,0.0,0.0,0.0,0.0,0.0,0.0,0.0,0.0,0.0,0.0,0.0,0.0,0.0,0.0,0.0,0.0,0.0,0.0,0.0,0.0,1093,27,50,47.521739,5.492046,1093,40437459.945679,23.0,9.974921,1.145171,-0.053085,30.162571,23,Benign
5.0,0.0,0.9,79.997291,79.997291,0.0,0.0,0.0,0.0,0.0,0.0,0.0,0.0,0.0,0.0,0.0,0.0,0.0,0.0,0.0,0.0,0.0,0.0,0.0,0.0,0.0,0.0,0.0,0.0,0.0,0.0,0.0,3234,19,50,44.30137,8.232387,3234,12674040.264553,73.0,5.273848,0.963528,0.054097,67.77219,73,Benign
5.0,0.0,1.0,356.673072,356.673072,0.0,0.0,0.0,0.0,0.0,0.0,0.0,0.0,0.0,0.0,0.0,0.0,0.0,0.0,0.0,0.0,0.0,0.0,0.0,0.0,0.0,0.0,0.0,0.0,0.0,0.0,0.0,8544,12,36,24.0,12.0,8544,2811585.681539,356.0,1.422136,0.635999,-0.033671,144.0,356,BT-DoS
5.0,0.0,1.0,17.237464,17.237464,0.0,0.0,0.0,0.0,0.0,0.0,0.0,0.0,0.0,0.0,0.0,0.0,0.0,0.0,0.0,0.0,0.0,0.0,0.0,0.0,0.0,0.0,0.0,0.0,0.0,0.0,0.0,769,34,50,45.235294,5.672736,769,61638996.005058,17.0,11.057102,1.375841,-0.070109,32.179931,17,Benign
5.0,0.0,0.9,23.429294,23.429294,0.0,0.0,0.0,0.0,0.0,0.0,0.0,0.0,0.0,0.0,0.0,0.0,0.0,0.0,0.0,0.0,0.0,0.0,0.0,0.0,0.0,0.0,0.0,0.0,0.0,0.0,0.0,540,12,36,27.0,9.949874,540,44928011.141325,20.0,6.434283,2.22486,-0.143532,99.0,20,Benign
5.0,0.0,1.0,55.176014,55.176014,0.0,0.0,0.0,0.0,0.0,0.0,0.0,0.0,0.0,0.0,0.0,0.0,0.0,0.0,0.0,0.0,0.0,0.0,0.0,0.0,0.0,0.0,0.0,0.0,0.0,0.0,0.0,2378,19,50,43.236364,9.86447,2378,18459443.692808,55.0,5.979801,1.330125,0.089799,97.307769,55,Benign
5.0,0.0,1.0,78.364479,78.364479,0.0,0.0,0.0,0.0,0.0,0.0,0.0,0.0,0.0,0.0,0.0,0.0,0.0,0.0,0.0,0.0,0.0,0.0,0.0,0.0,0.0,0.0,0.0,0.0,0.0,0.0,0.0,3479,19,50,44.602564,6.060252,3479,12926609.48518,78.0,5.09665,0.686188,0.031708,36.72666,78,Benign
5.0,0.0,0.1,66.11346,66.11346,0.0,0.0,0.0,0.0,0.0,0.0,0.0,0.0,0.0,0.0,0.0,0.0,0.0,0.0,0.0,0.0,0.0,0.0,0.0,0.0,0.0,0.0,0.0,0.0,0.0,0.0,0.0,89,12,36,22.25,9.010411,89,20167350.769043,4.0,12.002604,4.505205,0.065664,81.1875,4,Benign
5.0,0.0,0.0,91.95212,91.95212,0.0,0.0,0.0,0.0,0.0,0.0,0.0,0.0,0.0,0.0,0.0,0.0,0.0,0.0,0.0,0.0,0.0,0.0,0.0,0.0,0.0,0.0,0.0,0.0,0.0,0.0,0.0,89,12,36,22.25,9.010411,89,14500300.089518,4.0,12.002604,4.505205,0.135246,81.1875,4,Benign
5.0,0.0,1.0,163.312558,163.312558,0.0,0.0,0.0,0.0,0.0,0.0,0.0,0.0,0.0,0.0,0.0,0.0,0.0,0.0,0.0,0.0,0.0,0.0,0.0,0.0,0.0,0.0,0.0,0.0,0.0,0.0,0.0,3888,12,36,24.0,12.0,3888,6161260.308686,162.0,2.108185,0.942809,-0.074681,144.0,162,BT-DoS
5.0,0.0,0.6,15.708821,15.708821,0.0,0.0,0.0,0.0,0.0,0.0,0.0,0.0,0.0,0.0,0.0,0.0,0.0,0.0,0.0,0.0,0.0,0.0,0.0,0.0,0.0,0.0,0.0,0.0,0.0,0.0,0.0,187,11,36,18.7,7.563729,187,70731666.353014,10.0,6.378871,2.391861,0.284678,57.21,10,BT-DoS
5.0,0.0,0.6,20.419728,20.419728,0.0,0.0,0.0,0.0,0.0,0.0,0.0,0.0,0.0,0.0,0.0,0.0,0.0,0.0,0.0,0.0,0.0,0.0,0.0,0.0,0.0,0.0,0.0,0.0,0.0,0.0,0.0,184,11,33,15.333333,5.920773,184,53424271.670255,12.0,4.74488,1.70918,0.126469,35.055556,12,Benign
5.0,0.0,1.0,162.627436,162.627436,0.0,0.0,0.0,0.0,0.0,0.0,0.0,0.0,0.0,0.0,0.0,0.0,0.0,0.0,0.0,0.0,0.0,0.0,0.0,0.0,0.0,0.0,0.0,0.0,0.0,0.0,0.0,3876,12,36,24.074534,11.999769,3876,6187455.356121,161.0,2.11997,0.945714,-0.075403,143.994445,161,BT-DoS
5.0,0.0,1.0,153.532394,153.532394,0.0,0.0,0.0,0.0,0.0,0.0,0.0,0.0,0.0,0.0,0.0,0.0,0.0,0.0,0.0,0.0,0.0,0.0,0.0,0.0,0.0,0.0,0.0,0.0,0.0,0.0,0.0,3648,12,36,24.0,12.0,3648,6556417.768365,152.0,2.176429,0.973329,-0.079526,144.0,152,BT-DoS
5.0,0.0,0.1,44.7973,44.7973,0.0,0.0,0.0,0.0,0.0,0.0,0.0,0.0,0.0,0.0,0.0,0.0,0.0,0.0,0.0,0.0,0.0,0.0,0.0,0.0,0.0,0.0,0.0,0.0,0.0,0.0,0.0,89,12,36,22.25,9.010411,89,29763698.577881,4.0,12.002604,4.505205,-0.096945,81.1875,4,Benign
5.0,0.0,1.0,16.11753,16.11753,0.0,0.0,0.0,0.0,0.0,0.0,0.0,0.0,0.0,0.0,0.0,0.0,0.0,0.0,0.0,0.0,0.0,0.0,0.0,0.0,0.0,0.0,0.0,0.0,0.0,0.0,0.0,598,18,50,37.375,13.401842,598,66180531.183879,16.0,9.926291,3.350461,-0.456366,179.609375,16,Benign
5.0,0.0,0.1,58.638836,58.638836,0.0,0.0,0.0,0.0,0.0,0.0,0.0,0.0,0.0,0.0,0.0,0.0,0.0,0.0,0.0,0.0,0.0,0.0,0.0,0.0,0.0,0.0,0.0,0.0,0.0,0.0,0.0,89,12,36,22.25,9.010411,89,22738059.361776,4.0,12.002604,4.505205,0.39335,81.1875,4,Benign
5.0,0.0,1.0,86.156746,86.156746,0.0,0.0,0.0,0.0,0.0,0.0,0.0,0.0,0.0,0.0,0.0,0.0,0.0,0.0,0.0,0.0,0.0,0.0,0.0,0.0,0.0,0.0,0.0,0.0,0.0,0.0,0.0,3736,19,50,43.952941,7.147037,3736,11744927.792322,85.0,4.829981,0.775205,0.038318,51.080138,85,Benign
5.0,0.0,1.0,34.446632,34.446632,0.0,0.0,0.0,0.0,0.0,0.0,0.0,0.0,0.0,0.0,0.0,0.0,0.0,0.0,0.0,0.0,0.0,0.0,0.0,0.0,0.0,0.0,0.0,0.0,0.0,0.0,0.0,1406,8,50,41.352941,12.041307,1406,29910123.709476,34.0,7.386512,2.065067,0.077542,144.99308,34,Benign
5.0,0.0,1.0,18.636322,18.636322,0.0,0.0,0.0,0.0,0.0,0.0,0.0,0.0,0.0,0.0,0.0,0.0,0.0,0.0,0.0,0.0,0.0,0.0,0.0,0.0,0.0,0.0,0.0,0.0,0.0,0.0,0.0,718,12,50,39.888889,12.797087,718,56815049.227546,18.0,9.873896,3.016302,0.041262,163.765432,18,Benign
5.0,0.0,0.9,23.19335,23.19335,0.0,0.0,0.0,0.0,0.0,0.0,0.0,0.0,0.0,0.0,0.0,0.0,0.0,0.0,0.0,0.0,0.0,0.0,0.0,0.0,0.0,0.0,0.0,0.0,0.0,0.0,0.0,540,12,36,27.0,9.949874,540,45385059.557463,20.0,6.434283,2.22486,-0.132913,99.0,20,Benign
5.0,0.0,1.0,35.282782,35.282782,0.0,0.0,0.0,0.0,0.0,0.0,0.0,0.0,0.0,0.0,0.0,0.0,0.0,0.0,0.0,0.0,0.0,0.0,0.0,0.0,0.0,0.0,0.0,0.0,0.0,0.0,0.0,1510,19,50,44.411765,7.18707,1510,29201298.049002,34.0,7.715643,1.232572,0.052135,51.653979,34,Benign
5.0,0.0,0.9,135.343719,135.343719,0.0,0.0,0.0,0.0,0.0,0.0,0.0,0.0,0.0,0.0,0.0,0.0,0.0,0.0,0.0,0.0,0.0,0.0,0.0,0.0,0.0,0.0,0.0,0.0,0.0,0.0,0.0,3024,12,36,24.0,12.0,3024,7447704.315186,126.0,2.390457,1.069045,-0.090661,144.0,126,BT-DoS
5.0,0.0,1.0,386.758431,386.758431,0.0,0.0,0.0,0.0,0.0,0.0,0.0,0.0,0.0,0.0,0.0,0.0,0.0,0.0,0.0,0.0,0.0,0.0,0.0,0.0,0.0,0.0,0.0,0.0,0.0,0.0,0.0,9264,12,36,24.0,12.0,9264,2592309.109576,386.0,1.365754,0.610784,-0.031025,144.0,386,BT-DoS
5.0,0.0,1.0,171.541141,171.541141,0.0,0.0,0.0,0.0,0.0,0.0,0.0,0.0,0.0,0.0,0.0,0.0,0.0,0.0,0.0,0.0,0.0,0.0,0.0,0.0,0.0,0.0,0.0,0.0,0.0,0.0,0.0,4080,12,36,24.0,12.0,4080,5863999.473978,170.0,2.057983,0.920358,-0.071035,144.0,170,BT-DoS
5.0,0.0,1.0,41.078292,41.078292,0.0,0.0,0.0,0.0,0.0,0.0,0.0,0.0,0.0,0.0,0.0,0.0,0.0,0.0,0.0,0.0,0.0,0.0,0.0,0.0,0.0,0.0,0.0,0.0,0.0,0.0,0.0,1814,19,50,44.243902,9.354223,1814,24952352.046967,41.0,7.062481,1.460884,0.087619,87.501487,41,Benign
5.0,0.0,0.9,49.188763,49.188763,0.0,0.0,0.0,0.0,0.0,0.0,0.0,0.0,0.0,0.0,0.0,0.0,0.0,0.0,0.0,0.0,0.0,0.0,0.0,0.0,0.0,0.0,0.0,0.0,0.0,0.0,0.0,1943,19,50,43.177778,8.446666,1943,20791888.237,45.0,6.558568,1.259155,0.003435,71.346173,45,Benign
5.0,0.0,1.0,27.713,27.713,0.0,0.0,0.0,0.0,0.0,0.0,0.0,0.0,0.0,0.0,0.0,0.0,0.0,0.0,0.0,0.0,0.0,0.0,0.0,0.0,0.0,0.0,0.0,0.0,0.0,0.0,0.0,1225,20,50,45.37037,7.097982,1225,37472000.488868,27.0,8.837739,1.366007,-0.075848,50.381344,27,Benign
5.0,0.0,0.1,53.276563,53.276563,0.0,0.0,0.0,0.0,0.0,0.0,0.0,0.0,0.0,0.0,0.0,0.0,0.0,0.0,0.0,0.0,0.0,0.0,0.0,0.0,0.0,0.0,0.0,0.0,0.0,0.0,0.0,89,12,36,22.25,9.010411,89,25026639.302572,4.0,12.002604,4.505205,-0.002802,81.1875,4,Benign
5.0,0.0,1.0,118.95689,118.95689,0.0,0.0,0.0,0.0,0.0,0.0,0.0,0.0,0.0,0.0,0.0,0.0,0.0,0.0,0.0,0.0,0.0,0.0,0.0,0.0,0.0,0.0,0.0,0.0,0.0,0.0,0.0,2832,12,36,24.0,12.0,2832,8478256.372305,118.0,2.470161,1.10469,-0.103304,144.0,118,BT-DoS
5.0,0.0,1.0,22.452874,22.452874,0.0,0.0,0.0,0.0,0.0,0.0,0.0,0.0,0.0,0.0,0.0,0.0,0.0,0.0,0.0,0.0,0.0,0.0,0.0,0.0,0.0,0.0,0.0,0.0,0.0,0.0,0.0,798,10,50,36.272727,14.232427,798,46658572.696504,22.0,8.30737,3.034364,-0.756065,202.561983,22,Benign
5.0,0.0,1.0,40.375557,40.375557,0.0,0.0,0.0,0.0,0.0,0.0,0.0,0.0,0.0,0.0,0.0,0.0,0.0,0.0,0.0,0.0,0.0,0.0,0.0,0.0,0.0,0.0,0.0,0.0,0.0,0.0,0.0,1736,18,50,44.512821,8.344726,1736,25419235.229492,39.0,7.251924,1.336226,-0.012444,69.634451,39,Benign
5.0,0.0,1.0,153.073039,153.073039,0.0,0.0,0.0,0.0,0.0,0.0,0.0,0.0,0.0,0.0,0.0,0.0,0.0,0.0,0.0,0.0,0.0,0.0,0.0,0.0,0.0,0.0,0.0,0.0,0.0,0.0,0.0,3648,12,36,24.0,12.0,3648,6576092.827399,152.0,2.176429,0.973329,-0.079701,144.0,152,BT-DoS
5.0,0.0,1.0,159.274828,159.274828,0.0,0.0,0.0,0.0,0.0,0.0,0.0,0.0,0.0,0.0,0.0,0.0,0.0,0.0,0.0,0.0,0.0,0.0,0.0,0.0,0.0,0.0,0.0,0.0,0.0,0.0,0.0,3792,12,36,24.0,12.0,3792,6318446.177586,158.0,2.134704,0.954669,-0.076605,144.0,158,BT-DoS
5.0,0.0,1.0,139.098881,139.098881,0.0,0.0,0.0,0.0,0.0,0.0,0.0,0.0,0.0,0.0,0.0,0.0,0.0,0.0,0.0,0.0,0.0,0.0,0.0,0.0,0.0,0.0,0.0,0.0,0.0,0.0,0.0,3312,12,36,24.0,12.0,3312,7241605.842201,138.0,2.284161,1.021508,-0.087863,144.0,138,BT-DoS
5.0,0.0,0.6,43.524132,43.524132,0.0,0.0,0.0,0.0,0.0,0.0,0.0,0.0,0.0,0.0,0.0,0.0,0.0,0.0,0.0,0.0,0.0,0.0,0.0,0.0,0.0,0.0,0.0,0.0,0.0,0.0,0.0,1083,8,50,43.32,11.13093,1083,23933082.818985,25.0,8.945435,2.226186,0.081923,123.8976,25,Benign
5.0,0.0,1.0,38.399389,38.399389,0.0,0.0,0.0,0.0,0.0,0.0,0.0,0.0,0.0,0.0,0.0,0.0,0.0,0.0,0.0,0.0,0.0,0.0,0.0,0.0,0.0,0.0,0.0,0.0,0.0,0.0,0.0,1587,8,50,42.891892,12.037742,1587,26765472.359127,37.0,7.323826,1.978993,0.114526,144.907232,37,Benign
5.0,0.0,0.1,65.007812,65.007812,0.0,0.0,0.0,0.0,0.0,0.0,0.0,0.0,0.0,0.0,0.0,0.0,0.0,0.0,0.0,0.0,0.0,0.0,0.0,0.0,0.0,0.0,0.0,0.0,0.0,0.0,0.0,89,12,36,22.25,9.010411,89,20510355.63151,4.0,12.002604,4.505205,0.043684,81.1875,4,Benign
5.0,0.0,1.0,175.402491,175.402491,0.0,0.0,0.0,0.0,0.0,0.0,0.0,0.0,0.0,0.0,0.0,0.0,0.0,0.0,0.0,0.0,0.0,0.0,0.0,0.0,0.0,0.0,0.0,0.0,0.0,0.0,0.0,4176,12,36,24.0,12.0,4176,5734128.070015,174.0,2.034191,0.909718,-0.069424,144.0,174,BT-DoS
5.0,0.0,1.0,177.41294,177.41294,0.0,0.0,0.0,0.0,0.0,0.0,0.0,0.0,0.0,0.0,0.0,0.0,0.0,0.0,0.0,0.0,0.0,0.0,0.0,0.0,0.0,0.0,0.0,0.0,0.0,0.0,0.0,4224,12,36,24.0,12.0,4224,5668776.375907,176.0,2.0226,0.904534,-0.068534,144.0,176,BT-DoS
5.0,0.0,1.0,30.581792,30.581792,0.0,0.0,0.0,0.0,0.0,0.0,0.0,0.0,0.0,0.0,0.0,0.0,0.0,0.0,0.0,0.0,0.0,0.0,0.0,0.0,0.0,0.0,0.0,0.0,0.0,0.0,0.0,1351,33,50,45.033333,5.753163,1351,33826754.010957,30.0,8.288747,1.050379,0.043763,33.098889,30,Benign
5.0,0.0,1.0,165.327729,165.327729,0.0,0.0,0.0,0.0,0.0,0.0,0.0,0.0,0.0,0.0,0.0,0.0,0.0,0.0,0.0,0.0,0.0,0.0,0.0,0.0,0.0,0.0,0.0,0.0,0.0,0.0,0.0,3936,12,36,24.0,12.0,3936,6085700.052648,164.0,2.095291,0.937043,-0.073769,144.0,164,BT-DoS
5.0,0.0,0.6,59.673183,59.673183,0.0,0.0,0.0,0.0,0.0,0.0,0.0,0.0,0.0,0.0,0.0,0.0,0.0,0.0,0.0,0.0,0.0,0.0,0.0,0.0,0.0,0.0,0.0,0.0,0.0,0.0,0.0,1359,10,50,35.763158,15.131762,1359,17210863.732003,38.0,6.299486,2.454696,0.183588,228.970222,38,Benign
5.0,0.0,0.9,35.815521,35.815521,0.0,0.0,0.0,0.0,0.0,0.0,0.0,0.0,0.0,0.0,0.0,0.0,0.0,0.0,0.0,0.0,0.0,0.0,0.0,0.0,0.0,0.0,0.0,0.0,0.0,0.0,0.0,1477,19,50,43.441176,8.568723,1477,28766942.746712,34.0,7.593648,1.469524,0.065544,73.42301,34,Benign
5.0,0.0,1.0,8.184503,8.184503,0.0,0.0,0.0,0.0,0.0,0.0,0.0,0.0,0.0,0.0,0.0,0.0,0.0,0.0,0.0,0.0,0.0,0.0,0.0,0.0,0.0,0.0,0.0,0.0,0.0,0.0,0.0,281,12,50,35.125,14.512387,281,139636720.929827,8.0,13.436773,5.130904,1.450964,210.609375,8,Benign
5.0,0.0,1.0,49.357789,49.357789,0.0,0.0,0.0,0.0,0.0,0.0,0.0,0.0,0.0,0.0,0.0,0.0,0.0,0.0,0.0,0.0,0.0,0.0,0.0,0.0,0.0,0.0,0.0,0.0,0.0,0.0,0.0,2152,8,50,43.918367,10.042434,2152,20682315.031687,49.0,6.435985,1.434633,0.040053,100.850479,49,Benign
5.0,0.0,1.0,314.793706,314.793706,0.0,0.0,0.0,0.0,0.0,0.0,0.0,0.0,0.0,0.0,0.0,0.0,0.0,0.0,0.0,0.0,0.0,0.0,0.0,0.0,0.0,0.0,0.0,0.0,0.0,0.0,0.0,7200,12,36,24.0,12.0,7200,3187307.944665,300.0,1.549193,0.69282,-0.03826,144.0,300,BT-DoS
5.0,0.0,0.9,299.900435,299.900435,0.0,0.0,0.0,0.0,0.0,0.0,0.0,0.0,0.0,0.0,0.0,0.0,0.0,0.0,0.0,0.0,0.0,0.0,0.0,0.0,0.0,0.0,0.0,0.0,0.0,0.0,0.0,6816,12,36,24.0,12.0,6816,3346222.449528,284.0,1.592235,0.712069,-0.040172,144.0,284,BT-DoS
5.0,0.0,0.0,95.269878,95.269878,0.0,0.0,0.0,0.0,0.0,0.0,0.0,0.0,0.0,0.0,0.0,0.0,0.0,0.0,0.0,0.0,0.0,0.0,0.0,0.0,0.0,0.0,0.0,0.0,0.0,0.0,0.0,89,12,36,22.25,9.010411,89,13995329.538981,4.0,12.002604,4.505205,0.155158,81.1875,4,Benign
5.0,0.0,1.0,153.853187,153.853187,0.0,0.0,0.0,0.0,0.0,0.0,0.0,0.0,0.0,0.0,0.0,0.0,0.0,0.0,0.0,0.0,0.0,0.0,0.0,0.0,0.0,0.0,0.0,0.0,0.0,0.0,0.0,3552,12,36,24.0,12.0,3552,6543918.531768,148.0,2.205644,0.986394,-0.079475,144.0,148,BT-DoS
5.0,0.0,1.0,149.048273,149.048273,0.0,0.0,0.0,0.0,0.0,0.0,0.0,0.0,0.0,0.0,0.0,0.0,0.0,0.0,0.0,0.0,0.0,0.0,0.0,0.0,0.0,0.0,0.0,0.0,0.0,0.0,0.0,3552,12,36,24.0,12.0,3552,6754876.805001,148.0,2.205644,0.986394,-0.081919,144.0,148,BT-DoS
5.0,0.0,0.1,74.682573,74.682573,0.0,0.0,0.0,0.0,0.0,0.0,0.0,0.0,0.0,0.0,0.0,0.0,0.0,0.0,0.0,0.0,0.0,0.0,0.0,0.0,0.0,0.0,0.0,0.0,0.0,0.0,0.0,89,12,36,22.25,9.010411,89,17853339.513143,4.0,12.002604,4.505205,0.106198,81.1875,4,Benign
5.0,0.0,1.0,165.497777,165.497777,0.0,0.0,0.0,0.0,0.0,0.0,0.0,0.0,0.0,0.0,0.0,0.0,0.0,0.0,0.0,0.0,0.0,0.0,0.0,0.0,0.0,0.0,0.0,0.0,0.0,0.0,0.0,3936,12,36,24.0,12.0,3936,6079447.050036,164.0,2.095291,0.937043,-0.073644,144.0,164,BT-DoS
5.0,0.0,1.0,124.998875,124.998875,0.0,0.0,0.0,0.0,0.0,0.0,0.0,0.0,0.0,0.0,0.0,0.0,0.0,0.0,0.0,0.0,0.0,0.0,0.0,0.0,0.0,0.0,0.0,0.0,0.0,0.0,0.0,2976,12,36,24.0,12.0,2976,8065113.207189,124.0,2.409658,1.077632,-0.098187,144.0,124,BT-DoS
5.0,0.0,0.1,53.289932,53.289932,0.0,0.0,0.0,0.0,0.0,0.0,0.0,0.0,0.0,0.0,0.0,0.0,0.0,0.0,0.0,0.0,0.0,0.0,0.0,0.0,0.0,0.0,0.0,0.0,0.0,0.0,0.0,89,12,36,22.25,9.010411,89,25020360.946655,4.0,12.002604,4.505205,0.358091,81.1875,4,Benign
5.0,0.0,1.0,43.755261,43.755261,0.0,0.0,0.0,0.0,0.0,0.0,0.0,0.0,0.0,0.0,0.0,0.0,0.0,0.0,0.0,0.0,0.0,0.0,0.0,0.0,0.0,0.0,0.0,0.0,0.0,0.0,0.0,1720,8,50,40.0,12.484409,1720,23398546.945481,43.0,6.390146,1.903855,0.103162,155.860465,43,Benign
5.0,0.0,0.7,12.055313,12.055313,0.0,0.0,0.0,0.0,0.0,0.0,0.0,0.0,0.0,0.0,0.0,0.0,0.0,0.0,0.0,0.0,0.0,0.0,0.0,0.0,0.0,0.0,0.0,0.0,0.0,0.0,0.0,268,12,50,33.5,13.56466,268,94801119.395665,8.0,12.778155,4.795832,0.888844,184.0,8,Benign
5.0,0.0,1.0,370.734787,370.734787,0.0,0.0,0.0,0.0,0.0,0.0,0.0,0.0,0.0,0.0,0.0,0.0,0.0,0.0,0.0,0.0,0.0,0.0,0.0,0.0,0.0,0.0,0.0,0.0,0.0,0.0,0.0,8880,12,36,24.0,12.0,8880,2704655.897973,370.0,1.394972,0.62385,-0.03239,144.0,370,BT-DoS
5.0,0.0,0.6,21.068567,21.068567,0.0,0.0,0.0,0.0,0.0,0.0,0.0,0.0,0.0,0.0,0.0,0.0,0.0,0.0,0.0,0.0,0.0,0.0,0.0,0.0,0.0,0.0,0.0,0.0,0.0,0.0,0.0,456,12,50,38.0,14.832397,456,51778988.404707,12.0,11.775681,4.281744,0.541035,220.0,12,Benign
5.0,0.0,1.0,177.429358,177.429358,0.0,0.0,0.0,0.0,0.0,0.0,0.0,0.0,0.0,0.0,0.0,0.0,0.0,0.0,0.0,0.0,0.0,0.0,0.0,0.0,0.0,0.0,0.0,0.0,0.0,0.0,0.0,4224,12,36,24.0,12.0,4224,5668251.855033,176.0,2.0226,0.904534,-0.06863,144.0,176,BT-DoS
5.0,0.0,0.9,32.057174,32.057174,0.0,0.0,0.0,0.0,0.0,0.0,0.0,0.0,0.0,0.0,0.0,0.0,0.0,0.0,0.0,0.0,0.0,0.0,0.0,0.0,0.0,0.0,0.0,0.0,0.0,0.0,0.0,1360,19,50,45.333333,7.072639,1360,32269930.017406,30.0,8.37682,1.291281,0.064371,50.022222,30,Benign
5.0,0.0,0.9,30.281727,30.281727,0.0,0.0,0.0,0.0,0.0,0.0,0.0,0.0,0.0,0.0,0.0,0.0,0.0,0.0,0.0,0.0,0.0,0.0,0.0,0.0,0.0,0.0,0.0,0.0,0.0,0.0,0.0,1172,19,50,43.407407,8.525601,1172,34293339.802669,27.0,8.513364,1.640753,0.135845,72.685871,27,Benign
5.0,0.0,1.0,175.402364,175.402364,0.0,0.0,0.0,0.0,0.0,0.0,0.0,0.0,0.0,0.0,0.0,0.0,0.0,0.0,0.0,0.0,0.0,0.0,0.0,0.0,0.0,0.0,0.0,0.0,0.0,0.0,0.0,4176,12,36,24.0,12.0,4176,5734132.204442,174.0,2.034191,0.909718,-0.06942,144.0,174,BT-DoS
5.0,0.0,1.0,45.844543,45.844543,0.0,0.0,0.0,0.0,0.0,0.0,0.0,0.0,0.0,0.0,0.0,0.0,0.0,0.0,0.0,0.0,0.0,0.0,0.0,0.0,0.0,0.0,0.0,0.0,0.0,0.0,0.0,1993,19,50,44.288889,8.670825,1993,22308593.446558,45.0,6.727537,1.29257,0.05779,75.18321,45,Benign
5.0,0.0,1.0,358.859977,358.859977,0.0,0.0,0.0,0.0,0.0,0.0,0.0,0.0,0.0,0.0,0.0,0.0,0.0,0.0,0.0,0.0,0.0,0.0,0.0,0.0,0.0,0.0,0.0,0.0,0.0,0.0,0.0,8208,12,36,24.0,12.0,8208,2794774.047091,342.0,1.450953,0.648886,-0.033495,144.0,342,BT-DoS
5.0,0.0,0.1,67.590378,67.590378,0.0,0.0,0.0,0.0,0.0,0.0,0.0,0.0,0.0,0.0,0.0,0.0,0.0,0.0,0.0,0.0,0.0,0.0,0.0,0.0,0.0,0.0,0.0,0.0,0.0,0.0,0.0,89,12,36,22.25,9.010411,89,19726673.762004,4.0,12.002604,4.505205,-0.275615,81.1875,4,Benign
5.0,0.0,1.0,346.691266,346.691266,0.0,0.0,0.0,0.0,0.0,0.0,0.0,0.0,0.0,0.0,0.0,0.0,0.0,0.0,0.0,0.0,0.0,0.0,0.0,0.0,0.0,0.0,0.0,0.0,0.0,0.0,0.0,8304,12,36,24.0,12.0,8304,2892771.320067,346.0,1.442541,0.645124,-0.034695,144.0,346,BT-DoS
5.0,0.0,0.8,47.295318,47.295318,0.0,0.0,0.0,0.0,0.0,0.0,0.0,0.0,0.0,0.0,0.0,0.0,0.0,0.0,0.0,0.0,0.0,0.0,0.0,0.0,0.0,0.0,0.0,0.0,0.0,0.0,0.0,1642,8,50,42.102564,11.853367,1642,21700156.362433,39.0,7.003897,1.898058,0.069758,140.502301,39,Benign
5.0,0.0,0.1,51.780572,51.780572,0.0,0.0,0.0,0.0,0.0,0.0,0.0,0.0,0.0,0.0,0.0,0.0,0.0,0.0,0.0,0.0,0.0,0.0,0.0,0.0,0.0,0.0,0.0,0.0,0.0,0.0,0.0,89,12,36,22.25,9.010411,89,25749683.380127,4.0,12.002604,4.505205,-0.032586,81.1875,4,Benign
5.0,0.0,1.0,367.084721,367.084721,0.0,0.0,0.0,0.0,0.0,0.0,0.0,0.0,0.0,0.0,0.0,0.0,0.0,0.0,0.0,0.0,0.0,0.0,0.0,0.0,0.0,0.0,0.0,0.0,0.0,0.0,0.0,8784,12,36,24.0,12.0,8784,2731630.246933,366.0,1.402574,0.62725,-0.032716,144.0,366,BT-DoS
5.0,0.0,0.1,50.560586,50.560586,0.0,0.0,0.0,0.0,0.0,0.0,0.0,0.0,0.0,0.0,0.0,0.0,0.0,0.0,0.0,0.0,0.0,0.0,0.0,0.0,0.0,0.0,0.0,0.0,0.0,0.0,0.0,89,12,36,22.25,9.010411,89,26371002.197266,4.0,12.002604,4.505205,-0.019472,81.1875,4,Benign
5.0,0.0,0.9,15.809009,15.809009,0.0,0.0,0.0,0.0,0.0,0.0,0.0,0.0,0.0,0.0,0.0,0.0,0.0,0.0,0.0,0.0,0.0,0.0,0.0,0.0,0.0,0.0,0.0,0.0,0.0,0.0,0.0,583,12,50,38.866667,13.509832,583,67773291.042873,15.0,10.624291,3.488224,0.696052,182.515556,15,Benign
5.0,0.0,1.0,50.292646,50.292646,0.0,0.0,0.0,0.0,0.0,0.0,0.0,0.0,0.0,0.0,0.0,0.0,0.0,0.0,0.0,0.0,0.0,0.0,0.0,0.0,0.0,0.0,0.0,0.0,0.0,0.0,0.0,1940,10,50,40.416667,12.238657,1940,20306678.528481,48.0,6.095237,1.766498,-0.003035,149.784722,48,Benign
5.0,0.0,1.0,134.944738,134.944738,0.0,0.0,0.0,0.0,0.0,0.0,0.0,0.0,0.0,0.0,0.0,0.0,0.0,0.0,0.0,0.0,0.0,0.0,0.0,0.0,0.0,0.0,0.0,0.0,0.0,0.0,0.0,3216,12,36,24.0,12.0,3216,7466158.472506,134.0,2.318002,1.036642,-0.0907,144.0,134,BT-DoS
5.0,0.0,0.1,35.023821,35.023821,0.0,0.0,0.0,0.0,0.0,0.0,0.0,0.0,0.0,0.0,0.0,0.0,0.0,0.0,0.0,0.0,0.0,0.0,0.0,0.0,0.0,0.0,0.0,0.0,0.0,0.0,0.0,89,12,36,22.25,9.010411,89,38069327.672323,4.0,12.002604,4.505205,-0.188357,81.1875,4,Benign
5.0,0.0,0.9,3.332352,3.332352,0.0,0.0,0.0,0.0,0.0,0.0,0.0,0.0,0.0,0.0,0.0,0.0,0.0,0.0,0.0,0.0,0.0,0.0,0.0,0.0,0.0,0.0,0.0,0.0,0.0,0.0,0.0,54,18,18,18.0,0.0,54,450132489.204407,3.0,10.392305,0.0,0.0,0.0,3,Benign
5.0,0.0,1.0,3.078622,3.078622,0.0,0.0,0.0,0.0,0.0,0.0,0.0,0.0,0.0,0.0,0.0,0.0,0.0,0.0,0.0,0.0,0.0,0.0,0.0,0.0,0.0,0.0,0.0,0.0,0.0,0.0,0.0,54,18,18,18.0,0.0,54,487231016.159058,3.0,10.392305,0.0,0.0,0.0,3,Benign
5.0,0.0,1.0,153.382611,153.382611,0.0,0.0,0.0,0.0,0.0,0.0,0.0,0.0,0.0,0.0,0.0,0.0,0.0,0.0,0.0,0.0,0.0,0.0,0.0,0.0,0.0,0.0,0.0,0.0,0.0,0.0,0.0,3648,12,36,24.0,12.0,3648,6562820.333519,152.0,2.176429,0.973329,-0.079621,144.0,152,BT-DoS
5.0,0.0,0.9,30.823652,30.823652,0.0,0.0,0.0,0.0,0.0,0.0,0.0,0.0,0.0,0.0,0.0,0.0,0.0,0.0,0.0,0.0,0.0,0.0,0.0,0.0,0.0,0.0,0.0,0.0,0.0,0.0,0.0,1294,19,50,44.62069,9.204249,1294,33601284.0271,29.0,8.460301,1.709186,0.114678,84.718193,29,Benign
5.0,0.0,1.0,65.660028,65.660028,0.0,0.0,0.0,0.0,0.0,0.0,0.0,0.0,0.0,0.0,0.0,0.0,0.0,0.0,0.0,0.0,0.0,0.0,0.0,0.0,0.0,0.0,0.0,0.0,0.0,0.0,0.0,1219,12,36,18.753846,7.129636,1219,15467934.310436,65.0,2.488554,0.884323,0.011364,50.831716,65,BT-DoS
5.0,0.0,0.1,44.051453,44.051453,0.0,0.0,0.0,0.0,0.0,0.0,0.0,0.0,0.0,0.0,0.0,0.0,0.0,0.0,0.0,0.0,0.0,0.0,0.0,0.0,0.0,0.0,0.0,0.0,0.0,0.0,0.0,89,12,36,22.25,9.010411,89,30267635.981242,4.0,12.002604,4.505205,0.0046,81.1875,4,Benign
5.0,0.0,0.9,152.364114,152.364114,0.0,0.0,0.0,0.0,0.0,0.0,0.0,0.0,0.0,0.0,0.0,0.0,0.0,0.0,0.0,0.0,0.0,0.0,0.0,0.0,0.0,0.0,0.0,0.0,0.0,0.0,0.0,3408,12,36,24.0,12.0,3408,6609772.959499,142.0,2.25176,1.007018,-0.080249,144.0,142,BT-DoS
5.0,0.0,1.0,163.309732,163.309732,0.0,0.0,0.0,0.0,0.0,0.0,0.0,0.0,0.0,0.0,0.0,0.0,0.0,0.0,0.0,0.0,0.0,0.0,0.0,0.0,0.0,0.0,0.0,0.0,0.0,0.0,0.0,3888,12,36,24.0,12.0,3888,6161366.93066,162.0,2.108185,0.942809,-0.074667,144.0,162,BT-DoS
5.0,0.0,1.0,155.248822,155.248822,0.0,0.0,0.0,0.0,0.0,0.0,0.0,0.0,0.0,0.0,0.0,0.0,0.0,0.0,0.0,0.0,0.0,0.0,0.0,0.0,0.0,0.0,0.0,0.0,0.0,0.0,0.0,3696,12,36,24.0,12.0,3696,6483372.519998,154.0,2.16225,0.966988,-0.078648,144.0,154,BT-DoS
5.0,0.0,1.0,103.954959,103.954959,0.0,0.0,0.0,0.0,0.0,0.0,0.0,0.0,0.0,0.0,0.0,0.0,0.0,0.0,0.0,0.0,0.0,0.0,0.0,0.0,0.0,0.0,0.0,0.0,0.0,0.0,0.0,2400,12,36,24.0,12.0,2400,9716717.883794,100.0,2.683282,1.2,-0.118783,144.0,100,BT-DoS
5.0,0.0,1.0,173.391663,173.391663,0.0,0.0,0.0,0.0,0.0,0.0,0.0,0.0,0.0,0.0,0.0,0.0,0.0,0.0,0.0,0.0,0.0,0.0,0.0,0.0,0.0,0.0,0.0,0.0,0.0,0.0,0.0,4128,12,36,24.0,12.0,4128,5801016.824287,172.0,2.045983,0.914991,-0.07026,144.0,172,BT-DoS
5.0,0.0,1.0,272.547329,272.547329,0.0,0.0,0.0,0.0,0.0,0.0,0.0,0.0,0.0,0.0,0.0,0.0,0.0,0.0,0.0,0.0,0.0,0.0,0.0,0.0,0.0,0.0,0.0,0.0,0.0,0.0,0.0,6528,12,36,24.0,12.0,6528,3682626.569403,272.0,1.626978,0.727607,-0.044249,144.0,272,BT-DoS
5.0,0.0,1.0,43.483719,43.483719,0.0,0.0,0.0,0.0,0.0,0.0,0.0,0.0,0.0,0.0,0.0,0.0,0.0,0.0,0.0,0.0,0.0,0.0,0.0,0.0,0.0,0.0,0.0,0.0,0.0,0.0,0.0,1398,12,50,32.511628,11.744117,1398,23544663.474673,43.0,5.271534,1.790961,-0.118532,137.924283,43,Benign
5.0,0.0,1.0,31.803873,31.803873,0.0,0.0,0.0,0.0,0.0,0.0,0.0,0.0,0.0,0.0,0.0,0.0,0.0,0.0,0.0,0.0,0.0,0.0,0.0,0.0,0.0,0.0,0.0,0.0,0.0,0.0,0.0,1147,8,50,37.0,14.749522,1147,32490801.811218,31.0,7.153949,2.649092,0.152384,217.548387,31,Benign
5.0,0.0,1.0,305.531627,305.531627,0.0,0.0,0.0,0.0,0.0,0.0,0.0,0.0,0.0,0.0,0.0,0.0,0.0,0.0,0.0,0.0,0.0,0.0,0.0,0.0,0.0,0.0,0.0,0.0,0.0,0.0,0.0,7296,12,36,24.0,12.0,7296,3283785.514706,304.0,1.538968,0.688247,-0.039415,144.0,304,BT-DoS
5.0,0.0,1.0,151.210897,151.210897,0.0,0.0,0.0,0.0,0.0,0.0,0.0,0.0,0.0,0.0,0.0,0.0,0.0,0.0,0.0,0.0,0.0,0.0,0.0,0.0,0.0,0.0,0.0,0.0,0.0,0.0,0.0,3600,12,36,24.0,12.0,3600,6657664.40782,150.0,2.19089,0.979796,-0.080783,144.0,150,BT-DoS
5.0,0.0,1.0,149.041223,149.041223,0.0,0.0,0.0,0.0,0.0,0.0,0.0,0.0,0.0,0.0,0.0,0.0,0.0,0.0,0.0,0.0,0.0,0.0,0.0,0.0,0.0,0.0,0.0,0.0,0.0,0.0,0.0,3552,12,36,24.0,12.0,3552,6755196.318334,148.0,2.205644,0.986394,-0.081925,144.0,148,BT-DoS
5.0,0.0,1.0,165.316246,165.316246,0.0,0.0,0.0,0.0,0.0,0.0,0.0,0.0,0.0,0.0,0.0,0.0,0.0,0.0,0.0,0.0,0.0,0.0,0.0,0.0,0.0,0.0,0.0,0.0,0.0,0.0,0.0,3936,12,36,24.0,12.0,3936,6086122.770251,164.0,2.095291,0.937043,-0.073735,144.0,164,BT-DoS
5.0,0.0,1.0,342.686058,342.686058,0.0,0.0,0.0,0.0,0.0,0.0,0.0,0.0,0.0,0.0,0.0,0.0,0.0,0.0,0.0,0.0,0.0,0.0,0.0,0.0,0.0,0.0,0.0,0.0,0.0,0.0,0.0,8208,12,36,24.0,12.0,8208,2926680.349535,342.0,1.450953,0.648886,-0.035072,144.0,342,BT-DoS
5.0,0.0,1.0,309.239153,309.239153,0.0,0.0,0.0,0.0,0.0,0.0,0.0,0.0,0.0,0.0,0.0,0.0,0.0,0.0,0.0,0.0,0.0,0.0,0.0,0.0,0.0,0.0,0.0,0.0,0.0,0.0,0.0,7392,12,36,24.0,12.0,7392,3244276.543782,308.0,1.528942,0.683763,-0.038934,144.0,308,BT-DoS
5.0,0.0,0.4,20.855068,20.855068,0.0,0.0,0.0,0.0,0.0,0.0,0.0,0.0,0.0,0.0,0.0,0.0,0.0,0.0,0.0,0.0,0.0,0.0,0.0,0.0,0.0,0.0,0.0,0.0,0.0,0.0,0.0,337,11,50,37.444444,15.924203,337,53943723.44017,9.0,13.563295,5.308068,-0.241379,253.580247,9,Benign
5.0,0.0,1.0,43.952315,43.952315,0.0,0.0,0.0,0.0,0.0,0.0,0.0,0.0,0.0,0.0,0.0,0.0,0.0,0.0,0.0,0.0,0.0,0.0,0.0,0.0,0.0,0.0,0.0,0.0,0.0,0.0,0.0,1929,18,50,44.860465,9.199549,1929,23293642.770676,43.0,6.983524,1.402918,0.061771,84.631693,43,Benign
5.0,0.0,0.9,146.083077,146.083077,0.0,0.0,0.0,0.0,0.0,0.0,0.0,0.0,0.0,0.0,0.0,0.0,0.0,0.0,0.0,0.0,0.0,0.0,0.0,0.0,0.0,0.0,0.0,0.0,0.0,0.0,0.0,3264,12,36,24.0,12.0,3264,6896126.71181,136.0,2.300895,1.028992,-0.083814,144.0,136,BT-DoS
5.0,0.0,1.0,168.578632,168.578632,0.0,0.0,0.0,0.0,0.0,0.0,0.0,0.0,0.0,0.0,0.0,0.0,0.0,0.0,0.0,0.0,0.0,0.0,0.0,0.0,0.0,0.0,0.0,0.0,0.0,0.0,0.0,3888,12,36,24.0,12.0,3888,5968794.3192,162.0,2.108185,0.942809,-0.07235,144.0,162,BT-DoS
5.0,0.0,1.0,183.275583,183.275583,0.0,0.0,0.0,0.0,0.0,0.0,0.0,0.0,0.0,0.0,0.0,0.0,0.0,0.0,0.0,0.0,0.0,0.0,0.0,0.0,0.0,0.0,0.0,0.0,0.0,0.0,0.0,4368,12,36,24.0,12.0,4368,5486409.308502,182.0,1.988981,0.889499,-0.066259,144.0,182,BT-DoS
5.0,0.0,1.0,40.804632,40.804632,0.0,0.0,0.0,0.0,0.0,0.0,0.0,0.0,0.0,0.0,0.0,0.0,0.0,0.0,0.0,0.0,0.0,0.0,0.0,0.0,0.0,0.0,0.0,0.0,0.0,0.0,0.0,1817,18,50,45.425,7.825879,1817,25135407.081017,40.0,7.288132,1.23738,0.021028,61.244375,40,Benign
5.0,0.0,0.9,6.388817,6.388817,0.0,0.0,0.0,0.0,0.0,0.0,0.0,0.0,0.0,0.0,0.0,0.0,0.0,0.0,0.0,0.0,0.0,0.0,0.0,0.0,0.0,0.0,0.0,0.0,0.0,0.0,0.0,111,8,38,18.5,9.552487,111,187828207.015991,6.0,8.5,3.899786,-0.872948,91.25,6,Benign
5.0,0.0,1.0,84.965511,84.965511,0.0,0.0,0.0,0.0,0.0,0.0,0.0,0.0,0.0,0.0,0.0,0.0,0.0,0.0,0.0,0.0,0.0,0.0,0.0,0.0,0.0,0.0,0.0,0.0,0.0,0.0,0.0,2880,12,36,34.698795,4.932643,2880,11913011.713726,83.0,3.846979,0.541428,-0.0082,24.330962,83,Benign
5.0,0.0,1.0,167.341749,167.341749,0.0,0.0,0.0,0.0,0.0,0.0,0.0,0.0,0.0,0.0,0.0,0.0,0.0,0.0,0.0,0.0,0.0,0.0,0.0,0.0,0.0,0.0,0.0,0.0,0.0,0.0,0.0,3984,12,36,24.0,12.0,3984,6012012.019302,166.0,2.08263,0.931381,-0.072836,144.0,166,BT-DoS
5.0,0.0,1.0,348.665942,348.665942,0.0,0.0,0.0,0.0,0.0,0.0,0.0,0.0,0.0,0.0,0.0,0.0,0.0,0.0,0.0,0.0,0.0,0.0,0.0,0.0,0.0,0.0,0.0,0.0,0.0,0.0,0.0,8352,12,36,24.0,12.0,8352,2876340.140527,348.0,1.43839,0.643268,-0.034458,144.0,348,BT-DoS
5.0,0.0,0.9,74.059823,74.059823,0.0,0.0,0.0,0.0,0.0,0.0,0.0,0.0,0.0,0.0,0.0,0.0,0.0,0.0,0.0,0.0,0.0,0.0,0.0,0.0,0.0,0.0,0.0,0.0,0.0,0.0,0.0,2927,19,50,43.686567,8.47861,2927,13707182.624123,67.0,5.43675,1.035827,0.039506,71.886834,67,Benign
5.0,0.0,1.0,173.209862,173.209862,0.0,0.0,0.0,0.0,0.0,0.0,0.0,0.0,0.0,0.0,0.0,0.0,0.0,0.0,0.0,0.0,0.0,0.0,0.0,0.0,0.0,0.0,0.0,0.0,0.0,0.0,0.0,4128,12,36,24.0,12.0,4128,5807105.560749,172.0,2.045983,0.914991,-0.070217,144.0,172,BT-DoS
5.0,0.0,1.0,38.221842,38.221842,0.0,0.0,0.0,0.0,0.0,0.0,0.0,0.0,0.0,0.0,0.0,0.0,0.0,0.0,0.0,0.0,0.0,0.0,0.0,0.0,0.0,0.0,0.0,0.0,0.0,0.0,0.0,1663,18,50,43.763158,8.086487,1663,26870160.489469,38.0,7.219501,1.311801,0.078594,65.391274,38,Benign
5.0,0.0,1.0,179.43512,179.43512,0.0,0.0,0.0,0.0,0.0,0.0,0.0,0.0,0.0,0.0,0.0,0.0,0.0,0.0,0.0,0.0,0.0,0.0,0.0,0.0,0.0,0.0,0.0,0.0,0.0,0.0,0.0,4272,12,36,24.0,12.0,4272,5604531.131895,178.0,2.011205,0.899438,-0.067825,144.0,178,BT-DoS
5.0,0.0,1.0,165.323239,165.323239,0.0,0.0,0.0,0.0,0.0,0.0,0.0,0.0,0.0,0.0,0.0,0.0,0.0,0.0,0.0,0.0,0.0,0.0,0.0,0.0,0.0,0.0,0.0,0.0,0.0,0.0,0.0,3936,12,36,24.0,12.0,3936,6085865.336693,164.0,2.095291,0.937043,-0.073739,144.0,164,BT-DoS
5.0,0.0,0.6,21.379364,21.379364,0.0,0.0,0.0,0.0,0.0,0.0,0.0,0.0,0.0,0.0,0.0,0.0,0.0,0.0,0.0,0.0,0.0,0.0,0.0,0.0,0.0,0.0,0.0,0.0,0.0,0.0,0.0,552,19,50,42.461538,8.837119,552,50671915.213267,13.0,12.029058,2.450976,0.117182,78.094675,13,Benign
5.0,0.0,1.0,39.337363,39.337363,0.0,0.0,0.0,0.0,0.0,0.0,0.0,0.0,0.0,0.0,0.0,0.0,0.0,0.0,0.0,0.0,0.0,0.0,0.0,0.0,0.0,0.0,0.0,0.0,0.0,0.0,0.0,1738,18,50,44.564103,8.799169,1738,26090101.191872,39.0,7.27374,1.408995,0.023499,77.425378,39,Benign
5.0,0.0,0.9,23.009216,23.009216,0.0,0.0,0.0,0.0,0.0,0.0,0.0,0.0,0.0,0.0,0.0,0.0,0.0,0.0,0.0,0.0,0.0,0.0,0.0,0.0,0.0,0.0,0.0,0.0,0.0,0.0,0.0,540,12,36,27.0,9.949874,540,45748258.891859,20.0,6.434283,2.22486,-0.139439,99.0,20,Benign
5.0,0.0,0.9,177.215733,177.215733,0.0,0.0,0.0,0.0,0.0,0.0,0.0,0.0,0.0,0.0,0.0,0.0,0.0,0.0,0.0,0.0,0.0,0.0,0.0,0.0,0.0,0.0,0.0,0.0,0.0,0.0,0.0,4032,12,36,24.0,12.0,4032,5676629.300603,168.0,2.070197,0.92582,-0.068663,144.0,168,BT-DoS
5.0,0.0,1.0,26.67449,26.67449,0.0,0.0,0.0,0.0,0.0,0.0,0.0,0.0,0.0,0.0,0.0,0.0,0.0,0.0,0.0,0.0,0.0,0.0,0.0,0.0,0.0,0.0,0.0,0.0,0.0,0.0,0.0,1124,19,50,43.230769,8.158562,1124,38988561.630249,26.0,8.62791,1.600026,0.087098,66.56213,26,Benign
5.0,0.0,1.0,33.288175,33.288175,0.0,0.0,0.0,0.0,0.0,0.0,0.0,0.0,0.0,0.0,0.0,0.0,0.0,0.0,0.0,0.0,0.0,0.0,0.0,0.0,0.0,0.0,0.0,0.0,0.0,0.0,0.0,1546,32,50,46.848485,5.093794,1546,30979469.418526,33.0,8.203339,0.886716,0.017183,25.94674,33,Benign
5.0,0.0,1.0,47.546599,47.546599,0.0,0.0,0.0,0.0,0.0,0.0,0.0,0.0,0.0,0.0,0.0,0.0,0.0,0.0,0.0,0.0,0.0,0.0,0.0,0.0,0.0,0.0,0.0,0.0,0.0,0.0,0.0,2175,19,50,46.276596,6.768834,2175,21489215.933758,47.0,6.821961,0.987336,0.01838,45.817112,47,Benign
5.0,0.0,0.9,266.082436,266.082436,0.0,0.0,0.0,0.0,0.0,0.0,0.0,0.0,0.0,0.0,0.0,0.0,0.0,0.0,0.0,0.0,0.0,0.0,0.0,0.0,0.0,0.0,0.0,0.0,0.0,0.0,0.0,5760,12,36,24.0,12.0,5760,3773958.613184,240.0,1.732051,0.774597,-0.045401,144.0,240,BT-DoS
5.0,0.0,1.0,163.299056,163.299056,0.0,0.0,0.0,0.0,0.0,0.0,0.0,0.0,0.0,0.0,0.0,0.0,0.0,0.0,0.0,0.0,0.0,0.0,0.0,0.0,0.0,0.0,0.0,0.0,0.0,0.0,0.0,3888,12,36,24.0,12.0,3888,6161769.724781,162.0,2.108185,0.942809,-0.074697,144.0,162,BT-DoS
5.0,0.0,0.9,29.810603,29.810603,0.0,0.0,0.0,0.0,0.0,0.0,0.0,0.0,0.0,0.0,0.0,0.0,0.0,0.0,0.0,0.0,0.0,0.0,0.0,0.0,0.0,0.0,0.0,0.0,0.0,0.0,0.0,1257,18,50,44.892857,8.653403,1257,34787522.421943,28.0,8.640126,1.635339,0.052302,74.881378,28,Benign
5.0,0.0,1.0,390.786641,390.786641,0.0,0.0,0.0,0.0,0.0,0.0,0.0,0.0,0.0,0.0,0.0,0.0,0.0,0.0,0.0,0.0,0.0,0.0,0.0,0.0,0.0,0.0,0.0,0.0,0.0,0.0,0.0,9360,12,36,24.0,12.0,9360,2565519.362305,390.0,1.358732,0.607644,-0.030701,144.0,390,BT-DoS
5.0,0.0,0.1,60.032905,60.032905,0.0,0.0,0.0,0.0,0.0,0.0,0.0,0.0,0.0,0.0,0.0,0.0,0.0,0.0,0.0,0.0,0.0,0.0,0.0,0.0,0.0,0.0,0.0,0.0,0.0,0.0,0.0,89,12,36,22.25,9.010411,89,22210041.681925,4.0,12.002604,4.505205,0.398406,81.1875,4,Benign
5.0,0.0,1.0,36.789513,36.789513,0.0,0.0,0.0,0.0,0.0,0.0,0.0,0.0,0.0,0.0,0.0,0.0,0.0,0.0,0.0,0.0,0.0,0.0,0.0,0.0,0.0,0.0,0.0,0.0,0.0,0.0,0.0,1480,18,50,42.285714,9.422076,1480,27981119.997361,35.0,7.322874,1.592621,0.133577,88.77551,35,Benign
5.0,0.0,1.0,76.464906,76.464906,0.0,0.0,0.0,0.0,0.0,0.0,0.0,0.0,0.0,0.0,0.0,0.0,0.0,0.0,0.0,0.0,0.0,0.0,0.0,0.0,0.0,0.0,0.0,0.0,0.0,0.0,0.0,2867,8,50,38.226667,14.227273,2867,13254623.155336,75.0,4.709838,1.642824,0.102158,202.415289,75,Benign
5.0,0.0,1.0,181.447582,181.447582,0.0,0.0,0.0,0.0,0.0,0.0,0.0,0.0,0.0,0.0,0.0,0.0,0.0,0.0,0.0,0.0,0.0,0.0,0.0,0.0,0.0,0.0,0.0,0.0,0.0,0.0,0.0,4320,12,36,24.0,12.0,4320,5542022.5559,180.0,2.0,0.894427,-0.067065,144.0,180,BT-DoS
5.0,0.0,1.0,11.31409,11.31409,0.0,0.0,0.0,0.0,0.0,0.0,0.0,0.0,0.0,0.0,0.0,0.0,0.0,0.0,0.0,0.0,0.0,0.0,0.0,0.0,0.0,0.0,0.0,0.0,0.0,0.0,0.0,404,12,50,36.727273,12.870621,404,97223901.748657,11.0,11.733966,3.880638,0.274295,165.652893,11,Benign
5.0,0.0,0.9,70.866083,70.866083,0.0,0.0,0.0,0.0,0.0,0.0,0.0,0.0,0.0,0.0,0.0,0.0,0.0,0.0,0.0,0.0,0.0,0.0,0.0,0.0,0.0,0.0,0.0,0.0,0.0,0.0,0.0,2902,19,50,44.646154,6.157999,2902,14331609.010696,65.0,5.590101,0.763806,0.034746,37.920947,65,Benign
5.0,0.0,1.0,35.491883,35.491883,0.0,0.0,0.0,0.0,0.0,0.0,0.0,0.0,0.0,0.0,0.0,0.0,0.0,0.0,0.0,0.0,0.0,0.0,0.0,0.0,0.0,0.0,0.0,0.0,0.0,0.0,0.0,1190,11,50,34.0,15.163867,1190,29004146.071041,35.0,6.292723,2.563161,0.028985,229.942857,35,Benign
5.0,0.0,0.9,37.423789,37.423789,0.0,0.0,0.0,0.0,0.0,0.0,0.0,0.0,0.0,0.0,0.0,0.0,0.0,0.0,0.0,0.0,0.0,0.0,0.0,0.0,0.0,0.0,0.0,0.0,0.0,0.0,0.0,1160,11,50,35.151515,15.990757,1160,27556002.140045,33.0,6.722494,2.783634,0.194067,255.704316,33,Benign
5.0,0.0,1.0,133.069747,133.069747,0.0,0.0,0.0,0.0,0.0,0.0,0.0,0.0,0.0,0.0,0.0,0.0,0.0,0.0,0.0,0.0,0.0,0.0,0.0,0.0,0.0,0.0,0.0,0.0,0.0,0.0,0.0,3168,12,36,24.0,12.0,3168,7572221.391984,132.0,2.335497,1.044466,-0.092077,144.0,132,BT-DoS
5.0,0.0,1.0,163.309732,163.309732,0.0,0.0,0.0,0.0,0.0,0.0,0.0,0.0,0.0,0.0,0.0,0.0,0.0,0.0,0.0,0.0,0.0,0.0,0.0,0.0,0.0,0.0,0.0,0.0,0.0,0.0,0.0,3888,12,36,24.0,12.0,3888,6161366.93066,162.0,2.108185,0.942809,-0.074683,144.0,162,BT-DoS
5.0,0.0,0.9,37.096396,37.096396,0.0,0.0,0.0,0.0,0.0,0.0,0.0,0.0,0.0,0.0,0.0,0.0,0.0,0.0,0.0,0.0,0.0,0.0,0.0,0.0,0.0,0.0,0.0,0.0,0.0,0.0,0.0,1412,8,50,40.342857,12.863998,1412,27749643.606298,35.0,7.157471,2.174413,-0.004124,165.482449,35,Benign
5.0,0.0,0.9,22.82589,22.82589,0.0,0.0,0.0,0.0,0.0,0.0,0.0,0.0,0.0,0.0,0.0,0.0,0.0,0.0,0.0,0.0,0.0,0.0,0.0,0.0,0.0,0.0,0.0,0.0,0.0,0.0,0.0,540,12,36,27.0,9.949874,540,46115687.018947,20.0,6.434283,2.22486,-0.083515,99.0,20,Benign
5.0,0.0,1.0,20.902792,20.902792,0.0,0.0,0.0,0.0,0.0,0.0,0.0,0.0,0.0,0.0,0.0,0.0,0.0,0.0,0.0,0.0,0.0,0.0,0.0,0.0,0.0,0.0,0.0,0.0,0.0,0.0,0.0,781,8,50,39.05,12.749412,781,50358420.924137,20.0,9.18545,2.850855,0.057825,162.5475,20,Benign
5.0,0.0,1.0,170.482795,170.482795,0.0,0.0,0.0,0.0,0.0,0.0,0.0,0.0,0.0,0.0,0.0,0.0,0.0,0.0,0.0,0.0,0.0,0.0,0.0,0.0,0.0,0.0,0.0,0.0,0.0,0.0,0.0,3936,12,36,24.0,12.0,3936,5901680.402229,164.0,2.095291,0.937043,-0.071501,144.0,164,BT-DoS
5.0,0.0,1.0,159.267938,159.267938,0.0,0.0,0.0,0.0,0.0,0.0,0.0,0.0,0.0,0.0,0.0,0.0,0.0,0.0,0.0,0.0,0.0,0.0,0.0,0.0,0.0,0.0,0.0,0.0,0.0,0.0,0.0,3792,12,36,24.0,12.0,3792,6318719.523728,158.0,2.134704,0.954669,-0.076576,144.0,158,BT-DoS
5.0,0.0,0.9,22.592595,22.592595,0.0,0.0,0.0,0.0,0.0,0.0,0.0,0.0,0.0,0.0,0.0,0.0,0.0,0.0,0.0,0.0,0.0,0.0,0.0,0.0,0.0,0.0,0.0,0.0,0.0,0.0,0.0,540,12,36,27.0,9.949874,540,46591884.21149,20.0,6.434283,2.22486,-0.178881,99.0,20,Benign
5.0,0.0,1.0,41.384839,41.384839,0.0,0.0,0.0,0.0,0.0,0.0,0.0,0.0,0.0,0.0,0.0,0.0,0.0,0.0,0.0,0.0,0.0,0.0,0.0,0.0,0.0,0.0,0.0,0.0,0.0,0.0,0.0,1509,11,50,36.804878,14.839334,1509,24767524.003983,41.0,6.19757,2.317515,0.142391,220.20583,41,Benign
5.0,0.0,1.0,43.053171,43.053171,0.0,0.0,0.0,0.0,0.0,0.0,0.0,0.0,0.0,0.0,0.0,0.0,0.0,0.0,0.0,0.0,0.0,0.0,0.0,0.0,0.0,0.0,0.0,0.0,0.0,0.0,0.0,1637,11,50,38.069767,14.749687,1637,23780118.851435,43.0,6.22609,2.249306,-0.149539,217.553272,43,Benign
5.0,0.0,1.0,137.097188,137.097188,0.0,0.0,0.0,0.0,0.0,0.0,0.0,0.0,0.0,0.0,0.0,0.0,0.0,0.0,0.0,0.0,0.0,0.0,0.0,0.0,0.0,0.0,0.0,0.0,0.0,0.0,0.0,3264,12,36,24.0,12.0,3264,7348125.952261,136.0,2.300895,1.028992,-0.089313,144.0,136,BT-DoS
5.0,0.0,1.0,78.023402,78.023402,0.0,0.0,0.0,0.0,0.0,0.0,0.0,0.0,0.0,0.0,0.0,0.0,0.0,0.0,0.0,0.0,0.0,0.0,0.0,0.0,0.0,0.0,0.0,0.0,0.0,0.0,0.0,3448,19,50,44.205128,6.95288,3448,12983117.784773,78.0,5.06678,0.787259,0.048706,48.342538,78,Benign
5.0,0.0,0.0,94.042163,94.042163,0.0,0.0,0.0,0.0,0.0,0.0,0.0,0.0,0.0,0.0,0.0,0.0,0.0,0.0,0.0,0.0,0.0,0.0,0.0,0.0,0.0,0.0,0.0,0.0,0.0,0.0,0.0,89,12,36,22.25,9.010411,89,14178037.643433,4.0,12.002604,4.505205,0.154802,81.1875,4,Benign
5.0,0.0,0.0,105.030901,105.030901,0.0,0.0,0.0,0.0,0.0,0.0,0.0,0.0,0.0,0.0,0.0,0.0,0.0,0.0,0.0,0.0,0.0,0.0,0.0,0.0,0.0,0.0,0.0,0.0,0.0,0.0,0.0,89,12,36,22.25,9.010411,89,12694676.717122,4.0,12.002604,4.505205,0.183223,81.1875,4,Benign
5.0,0.0,0.8,32.126534,32.126534,0.0,0.0,0.0,0.0,0.0,0.0,0.0,0.0,0.0,0.0,0.0,0.0,0.0,0.0,0.0,0.0,0.0,0.0,0.0,0.0,0.0,0.0,0.0,0.0,0.0,0.0,0.0,1097,19,50,43.88,7.951453,1097,32423873.742421,25.0,8.918924,1.590291,0.164519,63.2256,25,Benign
5.0,0.0,1.0,179.447973,179.447973,0.0,0.0,0.0,0.0,0.0,0.0,0.0,0.0,0.0,0.0,0.0,0.0,0.0,0.0,0.0,0.0,0.0,0.0,0.0,0.0,0.0,0.0,0.0,0.0,0.0,0.0,0.0,4272,12,36,24.0,12.0,4272,5604129.726604,178.0,2.011205,0.899438,-0.06783,144.0,178,BT-DoS
5.0,0.0,1.0,70.501763,70.501763,0.0,0.0,0.0,0.0,0.0,0.0,0.0,0.0,0.0,0.0,0.0,0.0,0.0,0.0,0.0,0.0,0.0,0.0,0.0,0.0,0.0,0.0,0.0,0.0,0.0,0.0,0.0,3169,32,50,45.271429,6.06847,3169,14389608.217322,70.0,5.459368,0.725321,0.018301,36.826327,70,Benign
5.0,0.0,1.0,42.64158,42.64158,0.0,0.0,0.0,0.0,0.0,0.0,0.0,0.0,0.0,0.0,0.0,0.0,0.0,0.0,0.0,0.0,0.0,0.0,0.0,0.0,0.0,0.0,0.0,0.0,0.0,0.0,0.0,1951,36,50,46.452381,5.13254,1951,24023271.188503,42.0,7.211378,0.791968,0.001485,26.342971,42,Benign
5.0,0.0,1.0,165.325424,165.325424,0.0,0.0,0.0,0.0,0.0,0.0,0.0,0.0,0.0,0.0,0.0,0.0,0.0,0.0,0.0,0.0,0.0,0.0,0.0,0.0,0.0,0.0,0.0,0.0,0.0,0.0,0.0,3936,12,36,24.0,12.0,3936,6085784.888706,164.0,2.095291,0.937043,-0.073747,144.0,164,BT-DoS
5.0,0.0,1.0,86.091771,86.091771,0.0,0.0,0.0,0.0,0.0,0.0,0.0,0.0,0.0,0.0,0.0,0.0,0.0,0.0,0.0,0.0,0.0,0.0,0.0,0.0,0.0,0.0,0.0,0.0,0.0,0.0,0.0,2141,12,36,24.895349,11.920306,2141,11752165.065092,86.0,2.976404,1.2854,-0.034065,142.093699,86,BT-DoS
5.0,0.0,0.9,160.332843,160.332843,0.0,0.0,0.0,0.0,0.0,0.0,0.0,0.0,0.0,0.0,0.0,0.0,0.0,0.0,0.0,0.0,0.0,0.0,0.0,0.0,0.0,0.0,0.0,0.0,0.0,0.0,0.0,3648,12,36,24.0,12.0,3648,6278330.127135,152.0,2.176429,0.973329,-0.076065,144.0,152,BT-DoS
5.0,0.0,1.0,33.020571,33.020571,0.0,0.0,0.0,0.0,0.0,0.0,0.0,0.0,0.0,0.0,0.0,0.0,0.0,0.0,0.0,0.0,0.0,0.0,0.0,0.0,0.0,0.0,0.0,0.0,0.0,0.0,0.0,1540,22,50,46.666667,6.332536,1540,31230531.6329,33.0,8.198076,1.102353,-0.017265,40.10101,33,Benign
5.0,0.0,1.0,167.165129,167.165129,0.0,0.0,0.0,0.0,0.0,0.0,0.0,0.0,0.0,0.0,0.0,0.0,0.0,0.0,0.0,0.0,0.0,0.0,0.0,0.0,0.0,0.0,0.0,0.0,0.0,0.0,0.0,3984,12,36,24.0,12.0,3984,6018364.068234,166.0,2.08263,0.931381,-0.072816,144.0,166,BT-DoS
5.0,0.0,1.0,40.693833,40.693833,0.0,0.0,0.0,0.0,0.0,0.0,0.0,0.0,0.0,0.0,0.0,0.0,0.0,0.0,0.0,0.0,0.0,0.0,0.0,0.0,0.0,0.0,0.0,0.0,0.0,0.0,0.0,1696,18,50,43.487179,9.10585,1696,25220425.505387,39.0,7.114541,1.458103,0.065074,82.916502,39,Benign
5.0,0.0,1.0,43.046834,43.046834,0.0,0.0,0.0,0.0,0.0,0.0,0.0,0.0,0.0,0.0,0.0,0.0,0.0,0.0,0.0,0.0,0.0,0.0,0.0,0.0,0.0,0.0,0.0,0.0,0.0,0.0,0.0,1737,18,50,42.365854,10.580138,1737,23811274.766922,41.0,6.819636,1.65234,0.093415,111.939322,41,Benign
5.0,0.0,1.0,134.941077,134.941077,0.0,0.0,0.0,0.0,0.0,0.0,0.0,0.0,0.0,0.0,0.0,0.0,0.0,0.0,0.0,0.0,0.0,0.0,0.0,0.0,0.0,0.0,0.0,0.0,0.0,0.0,0.0,3216,12,36,24.0,12.0,3216,7466361.038667,134.0,2.318002,1.036642,-0.090692,144.0,134,BT-DoS
5.0,0.0,1.0,352.707466,352.707466,0.0,0.0,0.0,0.0,0.0,0.0,0.0,0.0,0.0,0.0,0.0,0.0,0.0,0.0,0.0,0.0,0.0,0.0,0.0,0.0,0.0,0.0,0.0,0.0,0.0,0.0,0.0,8448,12,36,24.0,12.0,8448,2843288.274912,352.0,1.430194,0.639602,-0.034069,144.0,352,BT-DoS
5.0,0.0,1.0,356.71525,356.71525,0.0,0.0,0.0,0.0,0.0,0.0,0.0,0.0,0.0,0.0,0.0,0.0,0.0,0.0,0.0,0.0,0.0,0.0,0.0,0.0,0.0,0.0,0.0,0.0,0.0,0.0,0.0,8544,12,36,24.0,12.0,8544,2811253.238732,356.0,1.422136,0.635999,-0.033686,144.0,356,BT-DoS
5.0,0.0,0.5,57.130563,57.130563,0.0,0.0,0.0,0.0,0.0,0.0,0.0,0.0,0.0,0.0,0.0,0.0,0.0,0.0,0.0,0.0,0.0,0.0,0.0,0.0,0.0,0.0,0.0,0.0,0.0,0.0,0.0,786,11,50,30.230769,16.48381,786,18203916.549683,26.0,6.752821,3.232741,0.244783,271.715976,26,Benign
5.0,0.0,0.9,22.877489,22.877489,0.0,0.0,0.0,0.0,0.0,0.0,0.0,0.0,0.0,0.0,0.0,0.0,0.0,0.0,0.0,0.0,0.0,0.0,0.0,0.0,0.0,0.0,0.0,0.0,0.0,0.0,0.0,540,12,36,27.0,9.949874,540,46011673.776727,20.0,6.434283,2.22486,-0.095638,99.0,20,Benign
5.0,0.0,1.0,165.32757,165.32757,0.0,0.0,0.0,0.0,0.0,0.0,0.0,0.0,0.0,0.0,0.0,0.0,0.0,0.0,0.0,0.0,0.0,0.0,0.0,0.0,0.0,0.0,0.0,0.0,0.0,0.0,0.0,3936,12,36,24.0,12.0,3936,6085705.90341,164.0,2.095291,0.937043,-0.073753,144.0,164,BT-DoS
5.0,0.0,1.0,163.304943,163.304943,0.0,0.0,0.0,0.0,0.0,0.0,0.0,0.0,0.0,0.0,0.0,0.0,0.0,0.0,0.0,0.0,0.0,0.0,0.0,0.0,0.0,0.0,0.0,0.0,0.0,0.0,0.0,3888,12,36,24.0,12.0,3888,6161547.59567,162.0,2.108185,0.942809,-0.074663,144.0,162,BT-DoS
5.0,0.0,1.0,173.384287,173.384287,0.0,0.0,0.0,0.0,0.0,0.0,0.0,0.0,0.0,0.0,0.0,0.0,0.0,0.0,0.0,0.0,0.0,0.0,0.0,0.0,0.0,0.0,0.0,0.0,0.0,0.0,0.0,4128,12,36,24.0,12.0,4128,5801263.608431,172.0,2.045983,0.914991,-0.070276,144.0,172,BT-DoS
5.0,0.0,0.0,98.990554,98.990554,0.0,0.0,0.0,0.0,0.0,0.0,0.0,0.0,0.0,0.0,0.0,0.0,0.0,0.0,0.0,0.0,0.0,0.0,0.0,0.0,0.0,0.0,0.0,0.0,0.0,0.0,0.0,89,12,36,22.25,9.010411,89,13469298.680623,4.0,12.002604,4.505205,0.167684,81.1875,4,Benign
5.0,0.0,1.0,133.070035,133.070035,0.0,0.0,0.0,0.0,0.0,0.0,0.0,0.0,0.0,0.0,0.0,0.0,0.0,0.0,0.0,0.0,0.0,0.0,0.0,0.0,0.0,0.0,0.0,0.0,0.0,0.0,0.0,3168,12,36,24.0,12.0,3168,7572205.012081,132.0,2.335497,1.044466,-0.092081,144.0,132,BT-DoS
5.0,0.0,1.0,169.526925,169.526925,0.0,0.0,0.0,0.0,0.0,0.0,0.0,0.0,0.0,0.0,0.0,0.0,0.0,0.0,0.0,0.0,0.0,0.0,0.0,0.0,0.0,0.0,0.0,0.0,0.0,0.0,0.0,4032,12,36,24.0,12.0,4032,5934089.957597,168.0,2.070197,0.92582,-0.071908,144.0,168,BT-DoS
5.0,0.0,0.1,77.028255,77.028255,0.0,0.0,0.0,0.0,0.0,0.0,0.0,0.0,0.0,0.0,0.0,0.0,0.0,0.0,0.0,0.0,0.0,0.0,0.0,0.0,0.0,0.0,0.0,0.0,0.0,0.0,0.0,89,12,36,22.25,9.010411,89,17309665.679932,4.0,12.002604,4.505205,0.119344,81.1875,4,Benign
5.0,0.0,1.0,48.208694,48.208694,0.0,0.0,0.0,0.0,0.0,0.0,0.0,0.0,0.0,0.0,0.0,0.0,0.0,0.0,0.0,0.0,0.0,0.0,0.0,0.0,0.0,0.0,0.0,0.0,0.0,0.0,0.0,2236,19,50,46.583333,7.259572,2236,21184490.082112,48.0,6.804882,1.047829,0.034596,52.701389,48,Benign
5.0,0.0,1.0,135.081183,135.081183,0.0,0.0,0.0,0.0,0.0,0.0,0.0,0.0,0.0,0.0,0.0,0.0,0.0,0.0,0.0,0.0,0.0,0.0,0.0,0.0,0.0,0.0,0.0,0.0,0.0,0.0,0.0,3216,12,36,24.0,12.0,3216,7458616.916398,134.0,2.318002,1.036642,-0.090685,144.0,134,BT-DoS
5.0,0.0,0.0,102.173627,102.173627,0.0,0.0,0.0,0.0,0.0,0.0,0.0,0.0,0.0,0.0,0.0,0.0,0.0,0.0,0.0,0.0,0.0,0.0,0.0,0.0,0.0,0.0,0.0,0.0,0.0,0.0,0.0,89,12,36,22.25,9.010411,89,13049681.981405,4.0,12.002604,4.505205,0.194615,81.1875,4,Benign
5.0,0.0,1.0,155.245091,155.245091,0.0,0.0,0.0,0.0,0.0,0.0,0.0,0.0,0.0,0.0,0.0,0.0,0.0,0.0,0.0,0.0,0.0,0.0,0.0,0.0,0.0,0.0,0.0,0.0,0.0,0.0,0.0,3696,12,36,24.0,12.0,3696,6483528.349135,154.0,2.16225,0.966988,-0.07865,144.0,154,BT-DoS
5.0,0.0,1.0,31.431207,31.431207,0.0,0.0,0.0,0.0,0.0,0.0,0.0,0.0,0.0,0.0,0.0,0.0,0.0,0.0,0.0,0.0,0.0,0.0,0.0,0.0,0.0,0.0,0.0,0.0,0.0,0.0,0.0,1383,18,50,44.612903,7.236455,1383,32876030.604045,31.0,8.117439,1.299706,0.053852,52.366285,31,Benign
5.0,0.0,0.9,22.993606,22.993606,0.0,0.0,0.0,0.0,0.0,0.0,0.0,0.0,0.0,0.0,0.0,0.0,0.0,0.0,0.0,0.0,0.0,0.0,0.0,0.0,0.0,0.0,0.0,0.0,0.0,0.0,0.0,540,12,36,27.0,9.949874,540,45779316.048873,20.0,6.434283,2.22486,-0.162171,99.0,20,Benign
5.0,0.0,1.0,39.095467,39.095467,0.0,0.0,0.0,0.0,0.0,0.0,0.0,0.0,0.0,0.0,0.0,0.0,0.0,0.0,0.0,0.0,0.0,0.0,0.0,0.0,0.0,0.0,0.0,0.0,0.0,0.0,0.0,1720,19,50,44.102564,8.678872,1720,26251529.392443,39.0,7.197505,1.389732,0.048759,75.322814,39,Benign
5.0,0.0,1.0,41.401349,41.401349,0.0,0.0,0.0,0.0,0.0,0.0,0.0,0.0,0.0,0.0,0.0,0.0,0.0,0.0,0.0,0.0,0.0,0.0,0.0,0.0,0.0,0.0,0.0,0.0,0.0,0.0,0.0,1822,18,50,44.439024,8.955306,1822,24757647.514343,41.0,7.079728,1.398584,0.027185,80.197501,41,Benign
5.0,0.0,0.1,63.77957,63.77957,0.0,0.0,0.0,0.0,0.0,0.0,0.0,0.0,0.0,0.0,0.0,0.0,0.0,0.0,0.0,0.0,0.0,0.0,0.0,0.0,0.0,0.0,0.0,0.0,0.0,0.0,0.0,89,12,36,22.25,9.010411,89,20905335.744222,4.0,12.002604,4.505205,0.062304,81.1875,4,Benign
5.0,0.0,1.0,127.01575,127.01575,0.0,0.0,0.0,0.0,0.0,0.0,0.0,0.0,0.0,0.0,0.0,0.0,0.0,0.0,0.0,0.0,0.0,0.0,0.0,0.0,0.0,0.0,0.0,0.0,0.0,0.0,0.0,3024,12,36,24.0,12.0,3024,7936023.712158,126.0,2.390457,1.069045,-0.096435,144.0,126,BT-DoS
5.0,0.0,0.9,9.533019,9.533019,0.0,0.0,0.0,0.0,0.0,0.0,0.0,0.0,0.0,0.0,0.0,0.0,0.0,0.0,0.0,0.0,0.0,0.0,0.0,0.0,0.0,0.0,0.0,0.0,0.0,0.0,0.0,421,38,50,46.777778,4.34045,421,118010878.562927,9.0,15.659573,1.446817,-0.41652,18.839506,9,Benign
5.0,0.0,1.0,39.385308,39.385308,0.0,0.0,0.0,0.0,0.0,0.0,0.0,0.0,0.0,0.0,0.0,0.0,0.0,0.0,0.0,0.0,0.0,0.0,0.0,0.0,0.0,0.0,0.0,0.0,0.0,0.0,0.0,1489,12,132,38.179487,47.697698,1489,26058341.327466,39.0,9.783219,7.637744,-0.624141,2275.070348,39,BT-DoS
5.0,0.0,1.0,34.215932,34.215932,0.0,0.0,0.0,0.0,0.0,0.0,0.0,0.0,0.0,0.0,0.0,0.0,0.0,0.0,0.0,0.0,0.0,0.0,0.0,0.0,0.0,0.0,0.0,0.0,0.0,0.0,0.0,1440,19,50,43.636364,8.441665,1440,30139468.610287,33.0,7.736952,1.469505,0.088111,71.261708,33,Benign
5.0,0.0,1.0,139.105768,139.105768,0.0,0.0,0.0,0.0,0.0,0.0,0.0,0.0,0.0,0.0,0.0,0.0,0.0,0.0,0.0,0.0,0.0,0.0,0.0,0.0,0.0,0.0,0.0,0.0,0.0,0.0,0.0,3312,12,36,24.0,12.0,3312,7241247.344191,138.0,2.284161,1.021508,-0.087907,144.0,138,BT-DoS
5.0,0.0,0.0,96.003662,96.003662,0.0,0.0,0.0,0.0,0.0,0.0,0.0,0.0,0.0,0.0,0.0,0.0,0.0,0.0,0.0,0.0,0.0,0.0,0.0,0.0,0.0,0.0,0.0,0.0,0.0,0.0,0.0,89,12,36,22.25,9.010411,89,13888359.069824,4.0,12.002604,4.505205,0.160667,81.1875,4,Benign
5.0,0.0,1.0,90.536227,90.536227,0.0,0.0,0.0,0.0,0.0,0.0,0.0,0.0,0.0,0.0,0.0,0.0,0.0,0.0,0.0,0.0,0.0,0.0,0.0,0.0,0.0,0.0,0.0,0.0,0.0,0.0,0.0,4006,19,50,44.511111,6.904498,4006,11169406.805146,90.0,4.747995,0.727798,0.038413,47.672099,90,Benign
5.0,0.0,1.0,143.141534,143.141534,0.0,0.0,0.0,0.0,0.0,0.0,0.0,0.0,0.0,0.0,0.0,0.0,0.0,0.0,0.0,0.0,0.0,0.0,0.0,0.0,0.0,0.0,0.0,0.0,0.0,0.0,0.0,3408,12,36,24.0,12.0,3408,7035639.269132,142.0,2.25176,1.007018,-0.08544,144.0,142,BT-DoS
5.0,0.0,1.0,164.242526,164.242526,0.0,0.0,0.0,0.0,0.0,0.0,0.0,0.0,0.0,0.0,0.0,0.0,0.0,0.0,0.0,0.0,0.0,0.0,0.0,0.0,0.0,0.0,0.0,0.0,0.0,0.0,0.0,3792,12,36,24.0,12.0,3792,6127337.741244,158.0,2.134704,0.954669,-0.074321,144.0,158,BT-DoS
5.0,0.0,1.0,23.163602,23.163602,0.0,0.0,0.0,0.0,0.0,0.0,0.0,0.0,0.0,0.0,0.0,0.0,0.0,0.0,0.0,0.0,0.0,0.0,0.0,0.0,0.0,0.0,0.0,0.0,0.0,0.0,0.0,837,18,50,36.391304,11.724145,837,45133504.000577,23.0,7.972187,2.444653,0.223915,137.455577,23,Benign
5.0,0.0,1.0,143.449382,143.449382,0.0,0.0,0.0,0.0,0.0,0.0,0.0,0.0,0.0,0.0,0.0,0.0,0.0,0.0,0.0,0.0,0.0,0.0,0.0,0.0,0.0,0.0,0.0,0.0,0.0,0.0,0.0,3312,12,36,24.0,12.0,3312,7021984.044653,138.0,2.284161,1.021508,-0.085312,144.0,138,BT-DoS
5.0,0.0,0.1,78.402236,78.402236,0.0,0.0,0.0,0.0,0.0,0.0,0.0,0.0,0.0,0.0,0.0,0.0,0.0,0.0,0.0,0.0,0.0,0.0,0.0,0.0,0.0,0.0,0.0,0.0,0.0,0.0,0.0,89,12,36,22.25,9.010411,89,17006317.774455,4.0,12.002604,4.505205,0.139233,81.1875,4,Benign
5.0,0.0,1.0,179.424814,179.424814,0.0,0.0,0.0,0.0,0.0,0.0,0.0,0.0,0.0,0.0,0.0,0.0,0.0,0.0,0.0,0.0,0.0,0.0,0.0,0.0,0.0,0.0,0.0,0.0,0.0,0.0,0.0,4272,12,36,24.0,12.0,4272,5604853.064327,178.0,2.011205,0.899438,-0.067818,144.0,178,BT-DoS
5.0,0.0,1.0,173.386745,173.386745,0.0,0.0,0.0,0.0,0.0,0.0,0.0,0.0,0.0,0.0,0.0,0.0,0.0,0.0,0.0,0.0,0.0,0.0,0.0,0.0,0.0,0.0,0.0,0.0,0.0,0.0,0.0,4128,12,36,24.0,12.0,4128,5801181.347049,172.0,2.045983,0.914991,-0.070249,144.0,172,BT-DoS
5.0,0.0,0.9,137.339805,137.339805,0.0,0.0,0.0,0.0,0.0,0.0,0.0,0.0,0.0,0.0,0.0,0.0,0.0,0.0,0.0,0.0,0.0,0.0,0.0,0.0,0.0,0.0,0.0,0.0,0.0,0.0,0.0,3072,12,36,24.0,12.0,3072,7338542.637863,128.0,2.371708,1.06066,-0.089266,144.0,128,BT-DoS
5.0,0.0,1.0,40.638078,40.638078,0.0,0.0,0.0,0.0,0.0,0.0,0.0,0.0,0.0,0.0,0.0,0.0,0.0,0.0,0.0,0.0,0.0,0.0,0.0,0.0,0.0,0.0,0.0,0.0,0.0,0.0,0.0,1794,20,50,46.0,6.887372,1794,25255027.570223,39.0,7.448001,1.102862,0.041618,47.435897,39,Benign
5.0,0.0,1.0,155.536863,155.536863,0.0,0.0,0.0,0.0,0.0,0.0,0.0,0.0,0.0,0.0,0.0,0.0,0.0,0.0,0.0,0.0,0.0,0.0,0.0,0.0,0.0,0.0,0.0,0.0,0.0,0.0,0.0,3696,12,36,24.0,12.0,3696,6471365.885018,154.0,2.16225,0.966988,-0.078502,144.0,154,BT-DoS
5.0,0.0,1.0,153.238644,153.238644,0.0,0.0,0.0,0.0,0.0,0.0,0.0,0.0,0.0,0.0,0.0,0.0,0.0,0.0,0.0,0.0,0.0,0.0,0.0,0.0,0.0,0.0,0.0,0.0,0.0,0.0,0.0,3648,12,36,24.0,12.0,3648,6568986.059025,152.0,2.176429,0.973329,-0.079698,144.0,152,BT-DoS
5.0,0.0,1.0,52.198149,52.198149,0.0,0.0,0.0,0.0,0.0,0.0,0.0,0.0,0.0,0.0,0.0,0.0,0.0,0.0,0.0,0.0,0.0,0.0,0.0,0.0,0.0,0.0,0.0,0.0,0.0,0.0,0.0,2334,32,50,44.884615,6.005298,2334,19533409.791834,52.0,6.27984,0.832785,0.029821,36.063609,52,Benign
5.0,0.0,1.0,308.618443,308.618443,0.0,0.0,0.0,0.0,0.0,0.0,0.0,0.0,0.0,0.0,0.0,0.0,0.0,0.0,0.0,0.0,0.0,0.0,0.0,0.0,0.0,0.0,0.0,0.0,0.0,0.0,0.0,7392,12,36,24.0,12.0,7392,3250801.602093,308.0,1.528942,0.683763,-0.039026,144.0,308,BT-DoS
5.0,0.0,0.9,81.925053,81.925053,0.0,0.0,0.0,0.0,0.0,0.0,0.0,0.0,0.0,0.0,0.0,0.0,0.0,0.0,0.0,0.0,0.0,0.0,0.0,0.0,0.0,0.0,0.0,0.0,0.0,0.0,0.0,3452,19,50,45.421053,5.59902,3452,12369028.727214,76.0,5.249588,0.642252,0.031135,31.34903,76,Benign
5.0,0.0,1.0,173.391996,173.391996,0.0,0.0,0.0,0.0,0.0,0.0,0.0,0.0,0.0,0.0,0.0,0.0,0.0,0.0,0.0,0.0,0.0,0.0,0.0,0.0,0.0,0.0,0.0,0.0,0.0,0.0,0.0,4128,12,36,24.0,12.0,4128,5801005.670202,172.0,2.045983,0.914991,-0.070271,144.0,172,BT-DoS
5.0,0.0,0.9,124.603099,124.603099,0.0,0.0,0.0,0.0,0.0,0.0,0.0,0.0,0.0,0.0,0.0,0.0,0.0,0.0,0.0,0.0,0.0,0.0,0.0,0.0,0.0,0.0,0.0,0.0,0.0,0.0,0.0,2832,12,36,24.0,12.0,2832,8094076.41745,118.0,2.470161,1.10469,-0.098528,144.0,118,BT-DoS
5.0,0.0,0.9,23.413142,23.413142,0.0,0.0,0.0,0.0,0.0,0.0,0.0,0.0,0.0,0.0,0.0,0.0,0.0,0.0,0.0,0.0,0.0,0.0,0.0,0.0,0.0,0.0,0.0,0.0,0.0,0.0,0.0,540,12,36,27.0,9.949874,540,44959005.556608,20.0,6.434283,2.22486,-0.118828,99.0,20,Benign
5.0,0.0,1.0,45.445177,45.445177,0.0,0.0,0.0,0.0,0.0,0.0,0.0,0.0,0.0,0.0,0.0,0.0,0.0,0.0,0.0,0.0,0.0,0.0,0.0,0.0,0.0,0.0,0.0,0.0,0.0,0.0,0.0,1917,8,50,42.6,10.548091,1917,22504638.541829,45.0,6.542209,1.572417,0.037273,111.262222,45,Benign
5.0,0.0,1.0,122.992431,122.992431,0.0,0.0,0.0,0.0,0.0,0.0,0.0,0.0,0.0,0.0,0.0,0.0,0.0,0.0,0.0,0.0,0.0,0.0,0.0,0.0,0.0,0.0,0.0,0.0,0.0,0.0,0.0,2928,12,36,24.0,12.0,2928,8197776.542222,122.0,2.429329,1.086429,-0.099829,144.0,122,BT-DoS
5.0,0.0,1.0,38.02974,38.02974,0.0,0.0,0.0,0.0,0.0,0.0,0.0,0.0,0.0,0.0,0.0,0.0,0.0,0.0,0.0,0.0,0.0,0.0,0.0,0.0,0.0,0.0,0.0,0.0,0.0,0.0,0.0,1332,12,50,35.052632,12.557127,1332,27005891.542177,38.0,6.040147,2.037035,-0.212245,157.68144,38,Benign
5.0,0.0,0.1,63.229125,63.229125,0.0,0.0,0.0,0.0,0.0,0.0,0.0,0.0,0.0,0.0,0.0,0.0,0.0,0.0,0.0,0.0,0.0,0.0,0.0,0.0,0.0,0.0,0.0,0.0,0.0,0.0,0.0,89,12,36,22.25,9.010411,89,21087328.592936,4.0,12.002604,4.505205,0.033439,81.1875,4,Benign
5.0,0.0,0.9,50.314841,50.314841,0.0,0.0,0.0,0.0,0.0,0.0,0.0,0.0,0.0,0.0,0.0,0.0,0.0,0.0,0.0,0.0,0.0,0.0,0.0,0.0,0.0,0.0,0.0,0.0,0.0,0.0,0.0,1800,8,50,38.297872,13.185929,1800,20306913.749031,47.0,5.908155,1.923365,-0.02779,173.868719,47,Benign
5.0,0.0,1.0,153.07598,153.07598,0.0,0.0,0.0,0.0,0.0,0.0,0.0,0.0,0.0,0.0,0.0,0.0,0.0,0.0,0.0,0.0,0.0,0.0,0.0,0.0,0.0,0.0,0.0,0.0,0.0,0.0,0.0,3648,12,36,24.0,12.0,3648,6575966.51292,152.0,2.176429,0.973329,-0.079774,144.0,152,BT-DoS
5.0,0.0,1.0,15.046884,15.046884,0.0,0.0,0.0,0.0,0.0,0.0,0.0,0.0,0.0,0.0,0.0,0.0,0.0,0.0,0.0,0.0,0.0,0.0,0.0,0.0,0.0,0.0,0.0,0.0,0.0,0.0,0.0,540,18,50,36.0,11.236844,540,71206007.68498,15.0,9.737442,2.901341,-0.010043,126.266667,15,Benign
5.0,0.0,0.9,28.586383,28.586383,0.0,0.0,0.0,0.0,0.0,0.0,0.0,0.0,0.0,0.0,0.0,0.0,0.0,0.0,0.0,0.0,0.0,0.0,0.0,0.0,0.0,0.0,0.0,0.0,0.0,0.0,0.0,1193,32,50,45.884615,5.905193,1193,36380958.557129,26.0,9.072929,1.158104,-0.023585,34.871302,26,Benign
5.0,0.0,1.0,201.672871,201.672871,0.0,0.0,0.0,0.0,0.0,0.0,0.0,0.0,0.0,0.0,0.0,0.0,0.0,0.0,0.0,0.0,0.0,0.0,0.0,0.0,0.0,0.0,0.0,0.0,0.0,0.0,0.0,4656,12,36,24.0,12.0,4656,4984216.986543,194.0,1.926484,0.86155,-0.06024,144.0,194,BT-DoS
5.0,0.0,1.0,147.4664,147.4664,0.0,0.0,0.0,0.0,0.0,0.0,0.0,0.0,0.0,0.0,0.0,0.0,0.0,0.0,0.0,0.0,0.0,0.0,0.0,0.0,0.0,0.0,0.0,0.0,0.0,0.0,0.0,3504,12,36,24.0,12.0,3504,6827972.675192,146.0,2.2207,0.993127,-0.082877,144.0,146,BT-DoS
5.0,0.0,1.0,145.162043,145.162043,0.0,0.0,0.0,0.0,0.0,0.0,0.0,0.0,0.0,0.0,0.0,0.0,0.0,0.0,0.0,0.0,0.0,0.0,0.0,0.0,0.0,0.0,0.0,0.0,0.0,0.0,0.0,3456,12,36,24.0,12.0,3456,6937026.977539,144.0,2.236068,1.0,-0.084221,144.0,144,BT-DoS
5.0,0.0,1.0,270.542723,270.542723,0.0,0.0,0.0,0.0,0.0,0.0,0.0,0.0,0.0,0.0,0.0,0.0,0.0,0.0,0.0,0.0,0.0,0.0,0.0,0.0,0.0,0.0,0.0,0.0,0.0,0.0,0.0,6480,12,36,24.0,12.0,6480,3710014.669425,270.0,1.632993,0.730297,-0.04459,144.0,270,BT-DoS
5.0,0.0,0.6,16.997118,16.997118,0.0,0.0,0.0,0.0,0.0,0.0,0.0,0.0,0.0,0.0,0.0,0.0,0.0,0.0,0.0,0.0,0.0,0.0,0.0,0.0,0.0,0.0,0.0,0.0,0.0,0.0,0.0,414,19,50,41.4,9.76934,414,65370559.692383,10.0,13.451394,3.089336,0.557129,95.44,10,Benign
5.0,0.0,0.9,38.650735,38.650735,0.0,0.0,0.0,0.0,0.0,0.0,0.0,0.0,0.0,0.0,0.0,0.0,0.0,0.0,0.0,0.0,0.0,0.0,0.0,0.0,0.0,0.0,0.0,0.0,0.0,0.0,0.0,1491,19,50,45.181818,7.296552,1491,26681251.823902,33.0,7.967046,1.270167,0.030471,53.239669,33,Benign
5.0,0.0,0.9,168.5146,168.5146,0.0,0.0,0.0,0.0,0.0,0.0,0.0,0.0,0.0,0.0,0.0,0.0,0.0,0.0,0.0,0.0,0.0,0.0,0.0,0.0,0.0,0.0,0.0,0.0,0.0,0.0,0.0,3648,12,36,24.0,12.0,3648,5973503.289633,152.0,2.176429,0.973329,-0.072469,144.0,152,BT-DoS
5.0,0.0,1.0,350.705625,350.705625,0.0,0.0,0.0,0.0,0.0,0.0,0.0,0.0,0.0,0.0,0.0,0.0,0.0,0.0,0.0,0.0,0.0,0.0,0.0,0.0,0.0,0.0,0.0,0.0,0.0,0.0,0.0,8400,12,36,24.0,12.0,8400,2859564.428685,350.0,1.434274,0.641427,-0.034254,144.0,350,BT-DoS
5.0,0.0,1.0,9.033015,9.033015,0.0,0.0,0.0,0.0,0.0,0.0,0.0,0.0,0.0,0.0,0.0,0.0,0.0,0.0,0.0,0.0,0.0,0.0,0.0,0.0,0.0,0.0,0.0,0.0,0.0,0.0,0.0,338,12,50,37.555556,14.9526,338,124543130.397797,9.0,13.474255,4.9842,1.044524,223.580247,9,Benign
5.0,0.0,0.9,48.036978,48.036978,0.0,0.0,0.0,0.0,0.0,0.0,0.0,0.0,0.0,0.0,0.0,0.0,0.0,0.0,0.0,0.0,0.0,0.0,0.0,0.0,0.0,0.0,0.0,0.0,0.0,0.0,0.0,2039,36,50,46.340909,5.103222,2039,21301419.235939,44.0,7.028388,0.76934,0.045216,26.042872,44,Benign
5.0,0.0,1.0,53.930353,53.930353,0.0,0.0,0.0,0.0,0.0,0.0,0.0,0.0,0.0,0.0,0.0,0.0,0.0,0.0,0.0,0.0,0.0,0.0,0.0,0.0,0.0,0.0,0.0,0.0,0.0,0.0,0.0,2040,8,50,38.490566,14.764341,2040,18899018.947895,53.0,5.662704,2.028038,0.055725,217.98576,53,Benign
5.0,0.0,1.0,161.128896,161.128896,0.0,0.0,0.0,0.0,0.0,0.0,0.0,0.0,0.0,0.0,0.0,0.0,0.0,0.0,0.0,0.0,0.0,0.0,0.0,0.0,0.0,0.0,0.0,0.0,0.0,0.0,0.0,3840,12,36,24.0,12.0,3840,6245244.224116,160.0,2.12132,0.948683,-0.075617,144.0,160,BT-DoS
5.0,0.0,1.0,165.49925,165.49925,0.0,0.0,0.0,0.0,0.0,0.0,0.0,0.0,0.0,0.0,0.0,0.0,0.0,0.0,0.0,0.0,0.0,0.0,0.0,0.0,0.0,0.0,0.0,0.0,0.0,0.0,0.0,3936,12,36,24.0,12.0,3936,6079392.930481,164.0,2.095291,0.937043,-0.073669,144.0,164,BT-DoS
5.0,0.0,1.0,35.710122,35.710122,0.0,0.0,0.0,0.0,0.0,0.0,0.0,0.0,0.0,0.0,0.0,0.0,0.0,0.0,0.0,0.0,0.0,0.0,0.0,0.0,0.0,0.0,0.0,0.0,0.0,0.0,0.0,1493,18,50,43.911765,7.147059,1493,28851848.660093,34.0,7.629902,1.22571,-0.020463,51.08045,34,Benign
5.0,0.0,1.0,127.017551,127.017551,0.0,0.0,0.0,0.0,0.0,0.0,0.0,0.0,0.0,0.0,0.0,0.0,0.0,0.0,0.0,0.0,0.0,0.0,0.0,0.0,0.0,0.0,0.0,0.0,0.0,0.0,0.0,3024,12,36,24.0,12.0,3024,7935911.178589,126.0,2.390457,1.069045,-0.096579,144.0,126,BT-DoS
5.0,0.0,1.0,41.351363,41.351363,0.0,0.0,0.0,0.0,0.0,0.0,0.0,0.0,0.0,0.0,0.0,0.0,0.0,0.0,0.0,0.0,0.0,0.0,0.0,0.0,0.0,0.0,0.0,0.0,0.0,0.0,0.0,1847,19,50,45.04878,7.288317,1847,24787575.006485,41.0,7.126919,1.138244,-0.026415,53.119572,41,Benign
5.0,0.0,1.0,143.145869,143.145869,0.0,0.0,0.0,0.0,0.0,0.0,0.0,0.0,0.0,0.0,0.0,0.0,0.0,0.0,0.0,0.0,0.0,0.0,0.0,0.0,0.0,0.0,0.0,0.0,0.0,0.0,0.0,3408,12,36,24.0,12.0,3408,7035426.214232,142.0,2.25176,1.007018,-0.085461,144.0,142,BT-DoS
5.0,0.0,1.0,46.820869,46.820869,0.0,0.0,0.0,0.0,0.0,0.0,0.0,0.0,0.0,0.0,0.0,0.0,0.0,0.0,0.0,0.0,0.0,0.0,0.0,0.0,0.0,0.0,0.0,0.0,0.0,0.0,0.0,2028,19,50,44.086957,7.795835,2028,21832619.773017,46.0,6.601111,1.149433,0.036136,60.775047,46,Benign
5.0,0.0,1.0,157.256347,157.256347,0.0,0.0,0.0,0.0,0.0,0.0,0.0,0.0,0.0,0.0,0.0,0.0,0.0,0.0,0.0,0.0,0.0,0.0,0.0,0.0,0.0,0.0,0.0,0.0,0.0,0.0,0.0,3744,12,36,24.0,12.0,3744,6400069.882793,156.0,2.148345,0.960769,-0.077615,144.0,156,BT-DoS
5.0,0.0,0.1,54.575493,54.575493,0.0,0.0,0.0,0.0,0.0,0.0,0.0,0.0,0.0,0.0,0.0,0.0,0.0,0.0,0.0,0.0,0.0,0.0,0.0,0.0,0.0,0.0,0.0,0.0,0.0,0.0,0.0,89,12,36,22.25,9.010411,89,24430990.219116,4.0,12.002604,4.505205,0.011419,81.1875,4,Benign
5.0,0.0,1.0,161.286895,161.286895,0.0,0.0,0.0,0.0,0.0,0.0,0.0,0.0,0.0,0.0,0.0,0.0,0.0,0.0,0.0,0.0,0.0,0.0,0.0,0.0,0.0,0.0,0.0,0.0,0.0,0.0,0.0,3840,12,36,24.0,12.0,3840,6239126.313407,160.0,2.12132,0.948683,-0.075627,144.0,160,BT-DoS
5.0,0.0,1.0,46.202233,46.202233,0.0,0.0,0.0,0.0,0.0,0.0,0.0,0.0,0.0,0.0,0.0,0.0,0.0,0.0,0.0,0.0,0.0,0.0,0.0,0.0,0.0,0.0,0.0,0.0,0.0,0.0,0.0,2004,18,50,43.565217,9.84809,2004,22124952.740139,46.0,6.585414,1.452022,0.085091,96.984877,46,Benign
5.0,0.0,0.5,4.103793,4.103793,0.0,0.0,0.0,0.0,0.0,0.0,0.0,0.0,0.0,0.0,0.0,0.0,0.0,0.0,0.0,0.0,0.0,0.0,0.0,0.0,0.0,0.0,0.0,0.0,0.0,0.0,0.0,36,18,18,18.0,0.0,36,487354040.145874,2.0,12.727922,0.0,0.0,0.0,2,Benign
5.0,0.0,0.9,76.378946,76.378946,0.0,0.0,0.0,0.0,0.0,0.0,0.0,0.0,0.0,0.0,0.0,0.0,0.0,0.0,0.0,0.0,0.0,0.0,0.0,0.0,0.0,0.0,0.0,0.0,0.0,0.0,0.0,3117,19,50,44.528571,6.323926,3117,13282361.237899,70.0,5.375587,0.755854,0.022553,39.992041,70,Benign
5.0,0.0,1.0,9.129817,9.129817,0.0,0.0,0.0,0.0,0.0,0.0,0.0,0.0,0.0,0.0,0.0,0.0,0.0,0.0,0.0,0.0,0.0,0.0,0.0,0.0,0.0,0.0,0.0,0.0,0.0,0.0,0.0,324,12,50,36.0,14.290634,324,123222619.29512,9.0,12.910901,4.763545,1.324213,204.222222,9,Benign
5.0,0.0,0.8,76.743952,76.743952,0.0,0.0,0.0,0.0,0.0,0.0,0.0,0.0,0.0,0.0,0.0,0.0,0.0,0.0,0.0,0.0,0.0,0.0,0.0,0.0,0.0,0.0,0.0,0.0,0.0,0.0,0.0,1266,11,50,19.78125,9.17447,1266,13237173.595126,64.0,2.725656,1.146809,0.153277,84.170898,64,Benign
5.0,0.0,1.0,95.74232,95.74232,0.0,0.0,0.0,0.0,0.0,0.0,0.0,0.0,0.0,0.0,0.0,0.0,0.0,0.0,0.0,0.0,0.0,0.0,0.0,0.0,0.0,0.0,0.0,0.0,0.0,0.0,0.0,2088,12,50,22.212766,10.95724,2088,10557010.609617,94.0,2.554654,1.130153,0.007549,120.061114,94,Benign
5.0,0.0,1.0,28.172813,28.172813,0.0,0.0,0.0,0.0,0.0,0.0,0.0,0.0,0.0,0.0,0.0,0.0,0.0,0.0,0.0,0.0,0.0,0.0,0.0,0.0,0.0,0.0,0.0,0.0,0.0,0.0,0.0,1197,8,50,42.75,12.132086,1197,36809850.622106,28.0,8.398023,2.292749,0.223841,147.1875,28,Benign
5.0,0.0,1.0,39.261152,39.261152,0.0,0.0,0.0,0.0,0.0,0.0,0.0,0.0,0.0,0.0,0.0,0.0,0.0,0.0,0.0,0.0,0.0,0.0,0.0,0.0,0.0,0.0,0.0,0.0,0.0,0.0,0.0,1300,8,50,34.210526,16.1313,1300,26158861.211828,38.0,6.1357,2.616842,-0.041663,260.218837,38,Benign
5.0,0.0,1.0,171.376181,171.376181,0.0,0.0,0.0,0.0,0.0,0.0,0.0,0.0,0.0,0.0,0.0,0.0,0.0,0.0,0.0,0.0,0.0,0.0,0.0,0.0,0.0,0.0,0.0,0.0,0.0,0.0,0.0,4080,12,36,24.0,12.0,4080,5869643.928031,170.0,2.057983,0.920358,-0.07111,144.0,170,BT-DoS
5.0,0.0,1.0,39.478165,39.478165,0.0,0.0,0.0,0.0,0.0,0.0,0.0,0.0,0.0,0.0,0.0,0.0,0.0,0.0,0.0,0.0,0.0,0.0,0.0,0.0,0.0,0.0,0.0,0.0,0.0,0.0,0.0,1722,18,50,44.153846,9.107727,1722,25997048.930118,39.0,7.219121,1.458404,0.039572,82.95069,39,Benign
5.0,0.0,1.0,324.633663,324.633663,0.0,0.0,0.0,0.0,0.0,0.0,0.0,0.0,0.0,0.0,0.0,0.0,0.0,0.0,0.0,0.0,0.0,0.0,0.0,0.0,0.0,0.0,0.0,0.0,0.0,0.0,0.0,7776,12,36,24.0,12.0,7776,3089932.096263,324.0,1.490712,0.666667,-0.037058,144.0,324,BT-DoS
5.0,0.0,0.0,90.051453,90.051453,0.0,0.0,0.0,0.0,0.0,0.0,0.0,0.0,0.0,0.0,0.0,0.0,0.0,0.0,0.0,0.0,0.0,0.0,0.0,0.0,0.0,0.0,0.0,0.0,0.0,0.0,0.0,89,12,36,22.25,9.010411,89,14806350.072225,4.0,12.002604,4.505205,0.147998,81.1875,4,Benign
5.0,0.0,0.9,32.1829,32.1829,0.0,0.0,0.0,0.0,0.0,0.0,0.0,0.0,0.0,0.0,0.0,0.0,0.0,0.0,0.0,0.0,0.0,0.0,0.0,0.0,0.0,0.0,0.0,0.0,0.0,0.0,0.0,860,12,36,28.666667,9.271222,860,32143864.138373,30.0,5.500707,1.692686,-0.123795,85.955556,30,Benign
5.0,0.0,0.9,23.30679,23.30679,0.0,0.0,0.0,0.0,0.0,0.0,0.0,0.0,0.0,0.0,0.0,0.0,0.0,0.0,0.0,0.0,0.0,0.0,0.0,0.0,0.0,0.0,0.0,0.0,0.0,0.0,0.0,540,12,36,27.0,9.949874,540,45164158.469752,20.0,6.434283,2.22486,-0.073612,99.0,20,Benign
5.0,0.0,1.0,31.055932,31.055932,0.0,0.0,0.0,0.0,0.0,0.0,0.0,0.0,0.0,0.0,0.0,0.0,0.0,0.0,0.0,0.0,0.0,0.0,0.0,0.0,0.0,0.0,0.0,0.0,0.0,0.0,0.0,1029,11,50,33.193548,15.327436,1029,33273299.535116,31.0,6.566636,2.752889,0.013387,234.930281,31,Benign
5.0,0.0,0.1,35.524929,35.524929,0.0,0.0,0.0,0.0,0.0,0.0,0.0,0.0,0.0,0.0,0.0,0.0,0.0,0.0,0.0,0.0,0.0,0.0,0.0,0.0,0.0,0.0,0.0,0.0,0.0,0.0,0.0,89,12,36,22.25,9.010411,89,37532329.559326,4.0,12.002604,4.505205,0.222066,81.1875,4,Benign
5.0,0.0,1.0,82.868296,82.868296,0.0,0.0,0.0,0.0,0.0,0.0,0.0,0.0,0.0,0.0,0.0,0.0,0.0,0.0,0.0,0.0,0.0,0.0,0.0,0.0,0.0,0.0,0.0,0.0,0.0,0.0,0.0,2844,12,36,34.682927,4.960522,2844,12216320.744267,82.0,3.869065,0.547798,-0.010812,24.606782,82,Benign
5.0,0.0,1.0,43.561197,43.561197,0.0,0.0,0.0,0.0,0.0,0.0,0.0,0.0,0.0,0.0,0.0,0.0,0.0,0.0,0.0,0.0,0.0,0.0,0.0,0.0,0.0,0.0,0.0,0.0,0.0,0.0,0.0,1852,18,50,43.069767,9.084603,1852,23502786.954244,43.0,6.712596,1.385389,0.025216,82.530016,43,Benign
5.0,0.0,1.0,16.009879,16.009879,0.0,0.0,0.0,0.0,0.0,0.0,0.0,0.0,0.0,0.0,0.0,0.0,0.0,0.0,0.0,0.0,0.0,0.0,0.0,0.0,0.0,0.0,0.0,0.0,0.0,0.0,0.0,269,10,36,16.8125,7.875744,269,66625531.514486,16.0,4.64144,1.968936,-0.269913,62.027344,16,Benign
5.0,0.0,0.2,408.35727,408.35727,0.0,0.0,0.0,0.0,0.0,0.0,0.0,0.0,0.0,0.0,0.0,0.0,0.0,0.0,0.0,0.0,0.0,0.0,0.0,0.0,0.0,0.0,0.0,0.0,0.0,0.0,0.0,2102,8,259,24.44186,51.39306,2102,2477645.874023,86.0,6.136671,5.541856,-0.008417,2641.24662,86,Benign
5.0,0.0,1.0,40.17521,40.17521,0.0,0.0,0.0,0.0,0.0,0.0,0.0,0.0,0.0,0.0,0.0,0.0,0.0,0.0,0.0,0.0,0.0,0.0,0.0,0.0,0.0,0.0,0.0,0.0,0.0,0.0,0.0,1645,10,50,41.125,13.401842,1645,25529201.21413,40.0,6.838997,2.119017,0.178938,179.609375,40,Benign
5.0,0.0,1.0,294.883743,294.883743,0.0,0.0,0.0,0.0,0.0,0.0,0.0,0.0,0.0,0.0,0.0,0.0,0.0,0.0,0.0,0.0,0.0,0.0,0.0,0.0,0.0,0.0,0.0,0.0,0.0,0.0,0.0,7056,12,36,24.0,12.0,7056,3402740.882118,294.0,1.564922,0.699854,-0.040834,144.0,294,BT-DoS
5.0,0.0,1.0,35.895412,35.895412,0.0,0.0,0.0,0.0,0.0,0.0,0.0,0.0,0.0,0.0,0.0,0.0,0.0,0.0,0.0,0.0,0.0,0.0,0.0,0.0,0.0,0.0,0.0,0.0,0.0,0.0,0.0,1127,11,50,32.2,15.682201,1127,28678087.627186,35.0,6.053975,2.650776,0.102777,245.931429,35,Benign
5.0,0.0,0.1,43.318623,43.318623,0.0,0.0,0.0,0.0,0.0,0.0,0.0,0.0,0.0,0.0,0.0,0.0,0.0,0.0,0.0,0.0,0.0,0.0,0.0,0.0,0.0,0.0,0.0,0.0,0.0,0.0,0.0,89,12,36,22.25,9.010411,89,30779679.616292,4.0,12.002604,4.505205,-0.091009,81.1875,4,Benign
5.0,0.0,1.0,155.250875,155.250875,0.0,0.0,0.0,0.0,0.0,0.0,0.0,0.0,0.0,0.0,0.0,0.0,0.0,0.0,0.0,0.0,0.0,0.0,0.0,0.0,0.0,0.0,0.0,0.0,0.0,0.0,0.0,3696,12,36,24.0,12.0,3696,6483286.813973,154.0,2.16225,0.966988,-0.078662,144.0,154,BT-DoS
5.0,0.0,1.0,13.386081,13.386081,0.0,0.0,0.0,0.0,0.0,0.0,0.0,0.0,0.0,0.0,0.0,0.0,0.0,0.0,0.0,0.0,0.0,0.0,0.0,0.0,0.0,0.0,0.0,0.0,0.0,0.0,0.0,543,17,50,41.769231,9.09906,543,80929835.63741,13.0,11.856389,2.523625,0.487796,82.792899,13,Benign
5.0,0.0,0.9,33.234442,33.234442,0.0,0.0,0.0,0.0,0.0,0.0,0.0,0.0,0.0,0.0,0.0,0.0,0.0,0.0,0.0,0.0,0.0,0.0,0.0,0.0,0.0,0.0,0.0,0.0,0.0,0.0,0.0,992,12,50,33.066667,12.484479,992,31126828.029238,30.0,6.453079,2.279344,-0.143643,155.862222,30,Benign
5.0,0.0,1.0,159.279192,159.279192,0.0,0.0,0.0,0.0,0.0,0.0,0.0,0.0,0.0,0.0,0.0,0.0,0.0,0.0,0.0,0.0,0.0,0.0,0.0,0.0,0.0,0.0,0.0,0.0,0.0,0.0,0.0,3792,12,36,24.0,12.0,3792,6318273.058363,158.0,2.134704,0.954669,-0.076607,144.0,158,BT-DoS
5.0,0.0,1.0,332.665998,332.665998,0.0,0.0,0.0,0.0,0.0,0.0,0.0,0.0,0.0,0.0,0.0,0.0,0.0,0.0,0.0,0.0,0.0,0.0,0.0,0.0,0.0,0.0,0.0,0.0,0.0,0.0,0.0,7968,12,36,24.0,12.0,7968,3015099.695442,332.0,1.472642,0.658586,-0.036151,144.0,332,BT-DoS
5.0,0.0,0.7,27.610029,27.610029,0.0,0.0,0.0,0.0,0.0,0.0,0.0,0.0,0.0,0.0,0.0,0.0,0.0,0.0,0.0,0.0,0.0,0.0,0.0,0.0,0.0,0.0,0.0,0.0,0.0,0.0,0.0,684,19,50,38.0,11.435811,684,38349235.759062,18.0,9.353484,2.695447,0.120684,130.777778,18,Benign
5.0,0.0,0.9,31.408318,31.408318,0.0,0.0,0.0,0.0,0.0,0.0,0.0,0.0,0.0,0.0,0.0,0.0,0.0,0.0,0.0,0.0,0.0,0.0,0.0,0.0,0.0,0.0,0.0,0.0,0.0,0.0,0.0,754,12,36,27.925926,9.606811,754,33063264.993521,27.0,5.683466,1.848832,-0.080367,92.290809,27,Benign
5.0,0.0,1.0,48.806872,48.806872,0.0,0.0,0.0,0.0,0.0,0.0,0.0,0.0,0.0,0.0,0.0,0.0,0.0,0.0,0.0,0.0,0.0,0.0,0.0,0.0,0.0,0.0,0.0,0.0,0.0,0.0,0.0,1813,11,50,37.770833,14.51614,1813,20924852.24947,48.0,5.840509,2.095224,0.086475,210.718316,48,Benign
5.0,0.0,1.0,85.731533,85.731533,0.0,0.0,0.0,0.0,0.0,0.0,0.0,0.0,0.0,0.0,0.0,0.0,0.0,0.0,0.0,0.0,0.0,0.0,0.0,0.0,0.0,0.0,0.0,0.0,0.0,0.0,0.0,3602,19,50,42.880952,8.793131,3602,11804853.577212,84.0,4.77605,0.959409,0.045459,77.319161,84,Benign
5.0,0.0,1.0,163.305139,163.305139,0.0,0.0,0.0,0.0,0.0,0.0,0.0,0.0,0.0,0.0,0.0,0.0,0.0,0.0,0.0,0.0,0.0,0.0,0.0,0.0,0.0,0.0,0.0,0.0,0.0,0.0,0.0,3888,12,36,24.0,12.0,3888,6161540.191366,162.0,2.108185,0.942809,-0.074591,144.0,162,BT-DoS
5.0,0.0,1.0,181.444093,181.444093,0.0,0.0,0.0,0.0,0.0,0.0,0.0,0.0,0.0,0.0,0.0,0.0,0.0,0.0,0.0,0.0,0.0,0.0,0.0,0.0,0.0,0.0,0.0,0.0,0.0,0.0,0.0,4320,12,36,24.0,12.0,4320,5542129.11169,180.0,2.0,0.894427,-0.067031,144.0,180,BT-DoS
5.0,0.0,1.0,182.958234,182.958234,0.0,0.0,0.0,0.0,0.0,0.0,0.0,0.0,0.0,0.0,0.0,0.0,0.0,0.0,0.0,0.0,0.0,0.0,0.0,0.0,0.0,0.0,0.0,0.0,0.0,0.0,0.0,4224,12,36,24.0,12.0,4224,5496961.048671,176.0,2.0226,0.904534,-0.066525,144.0,176,BT-DoS
5.0,0.0,0.9,31.352762,31.352762,0.0,0.0,0.0,0.0,0.0,0.0,0.0,0.0,0.0,0.0,0.0,0.0,0.0,0.0,0.0,0.0,0.0,0.0,0.0,0.0,0.0,0.0,0.0,0.0,0.0,0.0,0.0,750,12,36,27.777778,9.417609,750,33121851.774362,27.0,5.644717,1.81242,-0.161957,88.691358,27,Benign
5.0,0.0,1.0,35.133748,35.133748,0.0,0.0,0.0,0.0,0.0,0.0,0.0,0.0,0.0,0.0,0.0,0.0,0.0,0.0,0.0,0.0,0.0,0.0,0.0,0.0,0.0,0.0,0.0,0.0,0.0,0.0,0.0,1210,11,50,34.571429,15.263936,1210,29299799.13375,35.0,6.387871,2.580076,0.316571,232.987755,35,Benign
5.0,0.0,1.0,28.191133,28.191133,0.0,0.0,0.0,0.0,0.0,0.0,0.0,0.0,0.0,0.0,0.0,0.0,0.0,0.0,0.0,0.0,0.0,0.0,0.0,0.0,0.0,0.0,0.0,0.0,0.0,0.0,0.0,1246,19,50,44.5,7.771284,1246,36785929.291337,28.0,8.536984,1.468635,-0.034378,60.392857,28,Benign
5.0,0.0,1.0,132.795703,132.795703,0.0,0.0,0.0,0.0,0.0,0.0,0.0,0.0,0.0,0.0,0.0,0.0,0.0,0.0,0.0,0.0,0.0,0.0,0.0,0.0,0.0,0.0,0.0,0.0,0.0,0.0,0.0,3168,12,36,24.0,12.0,3168,7587847.818855,132.0,2.335497,1.044466,-0.092229,144.0,132,BT-DoS
5.0,0.0,0.1,33.041756,33.041756,0.0,0.0,0.0,0.0,0.0,0.0,0.0,0.0,0.0,0.0,0.0,0.0,0.0,0.0,0.0,0.0,0.0,0.0,0.0,0.0,0.0,0.0,0.0,0.0,0.0,0.0,0.0,89,12,36,22.25,9.010411,89,40352980.295817,4.0,12.002604,4.505205,-0.235186,81.1875,4,Benign
5.0,0.0,1.0,352.738983,352.738983,0.0,0.0,0.0,0.0,0.0,0.0,0.0,0.0,0.0,0.0,0.0,0.0,0.0,0.0,0.0,0.0,0.0,0.0,0.0,0.0,0.0,0.0,0.0,0.0,0.0,0.0,0.0,8448,12,36,24.0,12.0,8448,2843034.233463,352.0,1.430194,0.639602,-0.034044,144.0,352,BT-DoS
5.0,0.0,1.0,153.840261,153.840261,0.0,0.0,0.0,0.0,0.0,0.0,0.0,0.0,0.0,0.0,0.0,0.0,0.0,0.0,0.0,0.0,0.0,0.0,0.0,0.0,0.0,0.0,0.0,0.0,0.0,0.0,0.0,3552,12,36,24.0,12.0,3552,6544468.354206,148.0,2.205644,0.986394,-0.079414,144.0,148,BT-DoS
5.0,0.0,1.0,306.468596,306.468596,0.0,0.0,0.0,0.0,0.0,0.0,0.0,0.0,0.0,0.0,0.0,0.0,0.0,0.0,0.0,0.0,0.0,0.0,0.0,0.0,0.0,0.0,0.0,0.0,0.0,0.0,0.0,7296,12,36,24.0,12.0,7296,3273745.968003,304.0,1.538968,0.688247,-0.039276,144.0,304,BT-DoS
5.0,0.0,1.0,179.43512,179.43512,0.0,0.0,0.0,0.0,0.0,0.0,0.0,0.0,0.0,0.0,0.0,0.0,0.0,0.0,0.0,0.0,0.0,0.0,0.0,0.0,0.0,0.0,0.0,0.0,0.0,0.0,0.0,4272,12,36,24.0,12.0,4272,5604531.131895,178.0,2.011205,0.899438,-0.067836,144.0,178,BT-DoS
5.0,0.0,1.0,161.320238,161.320238,0.0,0.0,0.0,0.0,0.0,0.0,0.0,0.0,0.0,0.0,0.0,0.0,0.0,0.0,0.0,0.0,0.0,0.0,0.0,0.0,0.0,0.0,0.0,0.0,0.0,0.0,0.0,3840,12,36,24.0,12.0,3840,6237836.753797,160.0,2.12132,0.948683,-0.075618,144.0,160,BT-DoS
5.0,0.0,1.0,335.783566,335.783566,0.0,0.0,0.0,0.0,0.0,0.0,0.0,0.0,0.0,0.0,0.0,0.0,0.0,0.0,0.0,0.0,0.0,0.0,0.0,0.0,0.0,0.0,0.0,0.0,0.0,0.0,0.0,7680,12,36,24.0,12.0,7680,2987444.587636,320.0,1.5,0.67082,-0.035805,144.0,320,BT-DoS
5.0,0.0,0.1,71.376311,71.376311,0.0,0.0,0.0,0.0,0.0,0.0,0.0,0.0,0.0,0.0,0.0,0.0,0.0,0.0,0.0,0.0,0.0,0.0,0.0,0.0,0.0,0.0,0.0,0.0,0.0,0.0,0.0,89,12,36,22.25,9.010411,89,18680334.091187,4.0,12.002604,4.505205,0.091659,81.1875,4,Benign
5.0,0.0,1.0,41.948074,41.948074,0.0,0.0,0.0,0.0,0.0,0.0,0.0,0.0,0.0,0.0,0.0,0.0,0.0,0.0,0.0,0.0,0.0,0.0,0.0,0.0,0.0,0.0,0.0,0.0,0.0,0.0,0.0,1877,19,50,45.780488,6.52766,1877,24434971.809387,41.0,7.222025,1.019449,0.035591,42.610351,41,Benign
5.0,0.0,1.0,163.326219,163.326219,0.0,0.0,0.0,0.0,0.0,0.0,0.0,0.0,0.0,0.0,0.0,0.0,0.0,0.0,0.0,0.0,0.0,0.0,0.0,0.0,0.0,0.0,0.0,0.0,0.0,0.0,0.0,3888,12,36,24.0,12.0,3888,6160744.969149,162.0,2.108185,0.942809,-0.074677,144.0,162,BT-DoS
5.0,0.0,0.9,156.656381,156.656381,0.0,0.0,0.0,0.0,0.0,0.0,0.0,0.0,0.0,0.0,0.0,0.0,0.0,0.0,0.0,0.0,0.0,0.0,0.0,0.0,0.0,0.0,0.0,0.0,0.0,0.0,0.0,3504,12,36,24.0,12.0,3504,6427421.240971,146.0,2.2207,0.993127,-0.078012,144.0,146,BT-DoS
5.0,0.0,1.0,159.275134,159.275134,0.0,0.0,0.0,0.0,0.0,0.0,0.0,0.0,0.0,0.0,0.0,0.0,0.0,0.0,0.0,0.0,0.0,0.0,0.0,0.0,0.0,0.0,0.0,0.0,0.0,0.0,0.0,3792,12,36,24.0,12.0,3792,6318434.028868,158.0,2.134704,0.954669,-0.076579,144.0,158,BT-DoS
5.0,0.0,1.0,199.797608,199.797608,0.0,0.0,0.0,0.0,0.0,0.0,0.0,0.0,0.0,0.0,0.0,0.0,0.0,0.0,0.0,0.0,0.0,0.0,0.0,0.0,0.0,0.0,0.0,0.0,0.0,0.0,0.0,5137,10,132,25.81407,19.056926,5137,5030343.026826,199.0,2.27454,1.35091,-0.069821,363.166435,199,BT-DoS
5.0,0.0,1.0,110.99315,110.99315,0.0,0.0,0.0,0.0,0.0,0.0,0.0,0.0,0.0,0.0,0.0,0.0,0.0,0.0,0.0,0.0,0.0,0.0,0.0,0.0,0.0,0.0,0.0,0.0,0.0,0.0,0.0,2640,12,36,24.0,12.0,2640,9092221.566296,110.0,2.558409,1.144155,-0.110871,144.0,110,BT-DoS
5.0,0.0,1.0,139.11105,139.11105,0.0,0.0,0.0,0.0,0.0,0.0,0.0,0.0,0.0,0.0,0.0,0.0,0.0,0.0,0.0,0.0,0.0,0.0,0.0,0.0,0.0,0.0,0.0,0.0,0.0,0.0,0.0,3312,12,36,24.0,12.0,3312,7240972.379698,138.0,2.284161,1.021508,-0.087871,144.0,138,BT-DoS
5.0,0.0,1.0,350.09071,350.09071,0.0,0.0,0.0,0.0,0.0,0.0,0.0,0.0,0.0,0.0,0.0,0.0,0.0,0.0,0.0,0.0,0.0,0.0,0.0,0.0,0.0,0.0,0.0,0.0,0.0,0.0,0.0,8352,12,36,24.0,12.0,8352,2864634.269253,348.0,1.43839,0.643268,-0.03433,144.0,348,BT-DoS
5.0,0.0,1.0,44.024508,44.024508,0.0,0.0,0.0,0.0,0.0,0.0,0.0,0.0,0.0,0.0,0.0,0.0,0.0,0.0,0.0,0.0,0.0,0.0,0.0,0.0,0.0,0.0,0.0,0.0,0.0,0.0,0.0,1673,11,50,39.833333,14.859527,1673,23268635.680036,42.0,6.560161,2.292875,0.09166,220.805556,42,Benign
5.0,0.0,1.0,175.408899,175.408899,0.0,0.0,0.0,0.0,0.0,0.0,0.0,0.0,0.0,0.0,0.0,0.0,0.0,0.0,0.0,0.0,0.0,0.0,0.0,0.0,0.0,0.0,0.0,0.0,0.0,0.0,0.0,4176,12,36,24.0,12.0,4176,5733918.59242,174.0,2.034191,0.909718,-0.069424,144.0,174,BT-DoS
5.0,0.0,1.0,43.282191,43.282191,0.0,0.0,0.0,0.0,0.0,0.0,0.0,0.0,0.0,0.0,0.0,0.0,0.0,0.0,0.0,0.0,0.0,0.0,0.0,0.0,0.0,0.0,0.0,0.0,0.0,0.0,0.0,1485,8,50,35.357143,15.445482,1485,23667707.675841,42.0,5.953571,2.38329,0.044434,238.562925,42,Benign
5.0,0.0,1.0,173.393371,173.393371,0.0,0.0,0.0,0.0,0.0,0.0,0.0,0.0,0.0,0.0,0.0,0.0,0.0,0.0,0.0,0.0,0.0,0.0,0.0,0.0,0.0,0.0,0.0,0.0,0.0,0.0,0.0,4128,12,36,24.0,12.0,4128,5800959.659599,172.0,2.045983,0.914991,-0.070215,144.0,172,BT-DoS
5.0,0.0,1.0,380.716174,380.716174,0.0,0.0,0.0,0.0,0.0,0.0,0.0,0.0,0.0,0.0,0.0,0.0,0.0,0.0,0.0,0.0,0.0,0.0,0.0,0.0,0.0,0.0,0.0,0.0,0.0,0.0,0.0,9120,12,36,24.0,12.0,9120,2633559.0433,380.0,1.376494,0.615587,-0.030789,144.0,380,BT-DoS
5.0,0.0,1.0,147.171639,147.171639,0.0,0.0,0.0,0.0,0.0,0.0,0.0,0.0,0.0,0.0,0.0,0.0,0.0,0.0,0.0,0.0,0.0,0.0,0.0,0.0,0.0,0.0,0.0,0.0,0.0,0.0,0.0,3504,12,36,24.0,12.0,3504,6841648.036036,146.0,2.2207,0.993127,-0.083051,144.0,146,BT-DoS
5.0,0.0,1.0,33.855082,33.855082,0.0,0.0,0.0,0.0,0.0,0.0,0.0,0.0,0.0,0.0,0.0,0.0,0.0,0.0,0.0,0.0,0.0,0.0,0.0,0.0,0.0,0.0,0.0,0.0,0.0,0.0,0.0,1436,18,50,43.515152,8.818442,1436,30460715.293884,33.0,7.728996,1.535094,0.026697,77.764922,33,Benign
5.0,0.0,1.0,160.083495,160.083495,0.0,0.0,0.0,0.0,0.0,0.0,0.0,0.0,0.0,0.0,0.0,0.0,0.0,0.0,0.0,0.0,0.0,0.0,0.0,0.0,0.0,0.0,0.0,0.0,0.0,0.0,0.0,3696,12,36,24.0,12.0,3696,6287568.534901,154.0,2.16225,0.966988,-0.076247,144.0,154,BT-DoS
5.0,0.0,0.7,38.236378,38.236378,0.0,0.0,0.0,0.0,0.0,0.0,0.0,0.0,0.0,0.0,0.0,0.0,0.0,0.0,0.0,0.0,0.0,0.0,0.0,0.0,0.0,0.0,0.0,0.0,0.0,0.0,0.0,1064,8,50,38.0,14.506156,1064,27121738.151268,28.0,7.68679,2.741406,-0.076743,210.428571,28,Benign
5.0,0.0,0.9,122.483689,122.483689,0.0,0.0,0.0,0.0,0.0,0.0,0.0,0.0,0.0,0.0,0.0,0.0,0.0,0.0,0.0,0.0,0.0,0.0,0.0,0.0,0.0,0.0,0.0,0.0,0.0,0.0,0.0,2784,12,36,24.0,12.0,2784,8235346.752664,116.0,2.491364,1.114172,-0.100266,144.0,116,BT-DoS
5.0,0.0,0.9,32.838079,32.838079,0.0,0.0,0.0,0.0,0.0,0.0,0.0,0.0,0.0,0.0,0.0,0.0,0.0,0.0,0.0,0.0,0.0,0.0,0.0,0.0,0.0,0.0,0.0,0.0,0.0,0.0,0.0,1381,19,50,44.548387,7.70772,1381,31467533.111572,31.0,8.120003,1.384347,0.028976,59.408949,31,Benign
5.0,0.0,1.0,133.062232,133.062232,0.0,0.0,0.0,0.0,0.0,0.0,0.0,0.0,0.0,0.0,0.0,0.0,0.0,0.0,0.0,0.0,0.0,0.0,0.0,0.0,0.0,0.0,0.0,0.0,0.0,0.0,0.0,3168,12,36,24.0,12.0,3168,7572649.089435,132.0,2.335497,1.044466,-0.091976,144.0,132,BT-DoS
5.0,0.0,1.0,131.041004,131.041004,0.0,0.0,0.0,0.0,0.0,0.0,0.0,0.0,0.0,0.0,0.0,0.0,0.0,0.0,0.0,0.0,0.0,0.0,0.0,0.0,0.0,0.0,0.0,0.0,0.0,0.0,0.0,3120,12,36,24.0,12.0,3120,7690355.759258,130.0,2.353394,1.05247,-0.093439,144.0,130,BT-DoS
5.0,0.0,1.0,185.487418,185.487418,0.0,0.0,0.0,0.0,0.0,0.0,0.0,0.0,0.0,0.0,0.0,0.0,0.0,0.0,0.0,0.0,0.0,0.0,0.0,0.0,0.0,0.0,0.0,0.0,0.0,0.0,0.0,4416,12,36,24.0,12.0,4416,5420661.363445,184.0,1.978141,0.884652,-0.065597,144.0,184,BT-DoS
5.0,0.0,1.0,161.323146,161.323146,0.0,0.0,0.0,0.0,0.0,0.0,0.0,0.0,0.0,0.0,0.0,0.0,0.0,0.0,0.0,0.0,0.0,0.0,0.0,0.0,0.0,0.0,0.0,0.0,0.0,0.0,0.0,3840,12,36,24.0,12.0,3840,6237724.292203,160.0,2.12132,0.948683,-0.075605,144.0,160,BT-DoS
5.0,0.0,1.0,143.450093,143.450093,0.0,0.0,0.0,0.0,0.0,0.0,0.0,0.0,0.0,0.0,0.0,0.0,0.0,0.0,0.0,0.0,0.0,0.0,0.0,0.0,0.0,0.0,0.0,0.0,0.0,0.0,0.0,3312,12,36,24.0,12.0,3312,7021949.239021,138.0,2.284161,1.021508,-0.085307,144.0,138,BT-DoS
5.0,0.0,1.0,139.109278,139.109278,0.0,0.0,0.0,0.0,0.0,0.0,0.0,0.0,0.0,0.0,0.0,0.0,0.0,0.0,0.0,0.0,0.0,0.0,0.0,0.0,0.0,0.0,0.0,0.0,0.0,0.0,0.0,3312,12,36,24.0,12.0,3312,7241064.614623,138.0,2.284161,1.021508,-0.087856,144.0,138,BT-DoS
5.0,0.0,1.0,18.01542,18.01542,0.0,0.0,0.0,0.0,0.0,0.0,0.0,0.0,0.0,0.0,0.0,0.0,0.0,0.0,0.0,0.0,0.0,0.0,0.0,0.0,0.0,0.0,0.0,0.0,0.0,0.0,0.0,707,18,50,39.277778,10.428623,707,58773181.017707,18.0,9.578622,2.45805,0.168409,108.756173,18,Benign
5.0,0.0,1.0,153.227337,153.227337,0.0,0.0,0.0,0.0,0.0,0.0,0.0,0.0,0.0,0.0,0.0,0.0,0.0,0.0,0.0,0.0,0.0,0.0,0.0,0.0,0.0,0.0,0.0,0.0,0.0,0.0,0.0,3648,12,36,24.0,12.0,3648,6569470.790838,152.0,2.176429,0.973329,-0.079689,144.0,152,BT-DoS
5.0,0.0,1.0,155.248039,155.248039,0.0,0.0,0.0,0.0,0.0,0.0,0.0,0.0,0.0,0.0,0.0,0.0,0.0,0.0,0.0,0.0,0.0,0.0,0.0,0.0,0.0,0.0,0.0,0.0,0.0,0.0,0.0,3696,12,36,24.0,12.0,3696,6483405.244117,154.0,2.16225,0.966988,-0.078636,144.0,154,BT-DoS
5.0,0.0,1.0,24.160424,24.160424,0.0,0.0,0.0,0.0,0.0,0.0,0.0,0.0,0.0,0.0,0.0,0.0,0.0,0.0,0.0,0.0,0.0,0.0,0.0,0.0,0.0,0.0,0.0,0.0,0.0,0.0,0.0,640,12,36,26.666667,10.027739,640,43189567.068349,24.0,5.815449,2.046904,-0.094003,100.555556,24,Benign
5.0,0.0,1.0,159.272914,159.272914,0.0,0.0,0.0,0.0,0.0,0.0,0.0,0.0,0.0,0.0,0.0,0.0,0.0,0.0,0.0,0.0,0.0,0.0,0.0,0.0,0.0,0.0,0.0,0.0,0.0,0.0,0.0,3792,12,36,24.0,12.0,3792,6318522.10707,158.0,2.134704,0.954669,-0.076626,144.0,158,BT-DoS
5.0,0.0,1.0,26.42137,26.42137,0.0,0.0,0.0,0.0,0.0,0.0,0.0,0.0,0.0,0.0,0.0,0.0,0.0,0.0,0.0,0.0,0.0,0.0,0.0,0.0,0.0,0.0,0.0,0.0,0.0,0.0,0.0,878,11,50,33.769231,16.770642,878,39362077.713013,26.0,7.394425,3.288994,0.62225,281.254438,26,Benign
5.0,0.0,1.0,161.288716,161.288716,0.0,0.0,0.0,0.0,0.0,0.0,0.0,0.0,0.0,0.0,0.0,0.0,0.0,0.0,0.0,0.0,0.0,0.0,0.0,0.0,0.0,0.0,0.0,0.0,0.0,0.0,0.0,3840,12,36,24.0,12.0,3840,6239055.837475,160.0,2.12132,0.948683,-0.075616,144.0,160,BT-DoS
5.0,0.0,1.0,41.663741,41.663741,0.0,0.0,0.0,0.0,0.0,0.0,0.0,0.0,0.0,0.0,0.0,0.0,0.0,0.0,0.0,0.0,0.0,0.0,0.0,0.0,0.0,0.0,0.0,0.0,0.0,0.0,0.0,1874,19,50,45.707317,8.073576,1874,24601727.724075,41.0,7.248787,1.260881,0.007227,65.182629,41,Benign
5.0,0.0,0.1,35.316663,35.316663,0.0,0.0,0.0,0.0,0.0,0.0,0.0,0.0,0.0,0.0,0.0,0.0,0.0,0.0,0.0,0.0,0.0,0.0,0.0,0.0,0.0,0.0,0.0,0.0,0.0,0.0,0.0,89,12,36,22.25,9.010411,89,37753661.473592,4.0,12.002604,4.505205,0.539307,81.1875,4,Benign
5.0,0.0,1.0,171.365966,171.365966,0.0,0.0,0.0,0.0,0.0,0.0,0.0,0.0,0.0,0.0,0.0,0.0,0.0,0.0,0.0,0.0,0.0,0.0,0.0,0.0,0.0,0.0,0.0,0.0,0.0,0.0,0.0,4080,12,36,24.0,12.0,4080,5869993.796715,170.0,2.057983,0.920358,-0.071103,144.0,170,BT-DoS
5.0,0.0,1.0,370.713266,370.713266,0.0,0.0,0.0,0.0,0.0,0.0,0.0,0.0,0.0,0.0,0.0,0.0,0.0,0.0,0.0,0.0,0.0,0.0,0.0,0.0,0.0,0.0,0.0,0.0,0.0,0.0,0.0,8880,12,36,24.0,12.0,8880,2704812.90533,370.0,1.394972,0.62385,-0.03236,144.0,370,BT-DoS
5.0,0.0,1.0,114.919812,114.919812,0.0,0.0,0.0,0.0,0.0,0.0,0.0,0.0,0.0,0.0,0.0,0.0,0.0,0.0,0.0,0.0,0.0,0.0,0.0,0.0,0.0,0.0,0.0,0.0,0.0,0.0,0.0,2736,12,36,24.0,12.0,2736,8778726.105141,114.0,2.513123,1.123903,-0.107034,144.0,114,BT-DoS
5.0,0.0,1.0,187.518368,187.518368,0.0,0.0,0.0,0.0,0.0,0.0,0.0,0.0,0.0,0.0,0.0,0.0,0.0,0.0,0.0,0.0,0.0,0.0,0.0,0.0,0.0,0.0,0.0,0.0,0.0,0.0,0.0,4464,12,36,24.0,12.0,4464,5361636.909279,186.0,1.967478,0.879883,-0.06483,144.0,186,BT-DoS
5.0,0.0,1.0,141.412573,141.412573,0.0,0.0,0.0,0.0,0.0,0.0,0.0,0.0,0.0,0.0,0.0,0.0,0.0,0.0,0.0,0.0,0.0,0.0,0.0,0.0,0.0,0.0,0.0,0.0,0.0,0.0,0.0,3360,12,36,24.0,12.0,3360,7122381.127996,140.0,2.267787,1.014185,-0.086416,144.0,140,BT-DoS
5.0,0.0,1.0,41.631968,41.631968,0.0,0.0,0.0,0.0,0.0,0.0,0.0,0.0,0.0,0.0,0.0,0.0,0.0,0.0,0.0,0.0,0.0,0.0,0.0,0.0,0.0,0.0,0.0,0.0,0.0,0.0,0.0,1826,18,50,44.536585,8.299567,1826,24620503.18718,41.0,7.075189,1.296175,0.033545,68.882808,41,Benign
5.0,0.0,0.9,34.965177,34.965177,0.0,0.0,0.0,0.0,0.0,0.0,0.0,0.0,0.0,0.0,0.0,0.0,0.0,0.0,0.0,0.0,0.0,0.0,0.0,0.0,0.0,0.0,0.0,0.0,0.0,0.0,0.0,1366,8,50,41.393939,11.893312,1366,29493629.932404,33.0,7.497291,2.07036,0.035552,141.450872,33,Benign
5.0,0.0,0.8,35.347552,35.347552,0.0,0.0,0.0,0.0,0.0,0.0,0.0,0.0,0.0,0.0,0.0,0.0,0.0,0.0,0.0,0.0,0.0,0.0,0.0,0.0,0.0,0.0,0.0,0.0,0.0,0.0,0.0,966,12,50,32.2,12.264855,966,29266036.789993,30.0,6.290911,2.239246,-0.080137,150.426667,30,Benign
5.0,0.0,1.0,172.562024,172.562024,0.0,0.0,0.0,0.0,0.0,0.0,0.0,0.0,0.0,0.0,0.0,0.0,0.0,0.0,0.0,0.0,0.0,0.0,0.0,0.0,0.0,0.0,0.0,0.0,0.0,0.0,0.0,3984,12,36,24.0,12.0,3984,5830139.102358,166.0,2.08263,0.931381,-0.070617,144.0,166,BT-DoS
5.0,0.0,1.0,36.385679,36.385679,0.0,0.0,0.0,0.0,0.0,0.0,0.0,0.0,0.0,0.0,0.0,0.0,0.0,0.0,0.0,0.0,0.0,0.0,0.0,0.0,0.0,0.0,0.0,0.0,0.0,0.0,0.0,1538,19,50,43.942857,8.464861,1538,28291674.221263,35.0,7.564255,1.430823,-0.016274,71.653878,35,Benign
5.0,0.0,1.0,171.543865,171.543865,0.0,0.0,0.0,0.0,0.0,0.0,0.0,0.0,0.0,0.0,0.0,0.0,0.0,0.0,0.0,0.0,0.0,0.0,0.0,0.0,0.0,0.0,0.0,0.0,0.0,0.0,0.0,4080,12,36,24.0,12.0,4080,5863906.363764,170.0,2.057983,0.920358,-0.070996,144.0,170,BT-DoS
5.0,0.0,1.0,179.438915,179.438915,0.0,0.0,0.0,0.0,0.0,0.0,0.0,0.0,0.0,0.0,0.0,0.0,0.0,0.0,0.0,0.0,0.0,0.0,0.0,0.0,0.0,0.0,0.0,0.0,0.0,0.0,0.0,4272,12,36,24.0,12.0,4272,5604412.596105,178.0,2.011205,0.899438,-0.067841,144.0,178,BT-DoS
5.0,0.0,0.1,63.461839,63.461839,0.0,0.0,0.0,0.0,0.0,0.0,0.0,0.0,0.0,0.0,0.0,0.0,0.0,0.0,0.0,0.0,0.0,0.0,0.0,0.0,0.0,0.0,0.0,0.0,0.0,0.0,0.0,89,12,36,22.25,9.010411,89,21010001.500448,4.0,12.002604,4.505205,0.059531,81.1875,4,Benign
5.0,0.0,1.0,336.667989,336.667989,0.0,0.0,0.0,0.0,0.0,0.0,0.0,0.0,0.0,0.0,0.0,0.0,0.0,0.0,0.0,0.0,0.0,0.0,0.0,0.0,0.0,0.0,0.0,0.0,0.0,0.0,0.0,8064,12,36,24.0,12.0,8064,2979151.882342,336.0,1.46385,0.654654,-0.035686,144.0,336,BT-DoS
5.0,0.0,0.9,36.164285,36.164285,0.0,0.0,0.0,0.0,0.0,0.0,0.0,0.0,0.0,0.0,0.0,0.0,0.0,0.0,0.0,0.0,0.0,0.0,0.0,0.0,0.0,0.0,0.0,0.0,0.0,0.0,0.0,1520,19,50,44.705882,8.417522,1520,28489517.443108,34.0,7.801717,1.443593,0.050355,70.854671,34,Benign
5.0,0.0,1.0,51.389214,51.389214,0.0,0.0,0.0,0.0,0.0,0.0,0.0,0.0,0.0,0.0,0.0,0.0,0.0,0.0,0.0,0.0,0.0,0.0,0.0,0.0,0.0,0.0,0.0,0.0,0.0,0.0,0.0,1857,10,50,36.411765,15.338247,1857,19848523.139954,51.0,5.532575,2.147784,0.176052,235.261822,51,Benign
5.0,0.0,0.4,4.446913,4.446913,0.0,0.0,0.0,0.0,0.0,0.0,0.0,0.0,0.0,0.0,0.0,0.0,0.0,0.0,0.0,0.0,0.0,0.0,0.0,0.0,0.0,0.0,0.0,0.0,0.0,0.0,0.0,36,18,18,18.0,0.0,36,449750185.012817,2.0,12.727922,0.0,0.0,0.0,2,Benign
5.0,0.0,1.0,330.64674,330.64674,0.0,0.0,0.0,0.0,0.0,0.0,0.0,0.0,0.0,0.0,0.0,0.0,0.0,0.0,0.0,0.0,0.0,0.0,0.0,0.0,0.0,0.0,0.0,0.0,0.0,0.0,0.0,7920,12,36,24.0,12.0,7920,3033568.431541,330.0,1.477098,0.660578,-0.036332,144.0,330,BT-DoS
5.0,0.0,1.0,350.702106,350.702106,0.0,0.0,0.0,0.0,0.0,0.0,0.0,0.0,0.0,0.0,0.0,0.0,0.0,0.0,0.0,0.0,0.0,0.0,0.0,0.0,0.0,0.0,0.0,0.0,0.0,0.0,0.0,8400,12,36,24.0,12.0,8400,2859593.120892,350.0,1.434274,0.641427,-0.034243,144.0,350,BT-DoS
5.0,0.0,1.0,38.27486,38.27486,0.0,0.0,0.0,0.0,0.0,0.0,0.0,0.0,0.0,0.0,0.0,0.0,0.0,0.0,0.0,0.0,0.0,0.0,0.0,0.0,0.0,0.0,0.0,0.0,0.0,0.0,0.0,1675,18,50,45.27027,8.208923,1675,26852554.745144,37.0,7.563754,1.349539,0.063581,67.386413,37,Benign
5.0,0.0,1.0,183.277255,183.277255,0.0,0.0,0.0,0.0,0.0,0.0,0.0,0.0,0.0,0.0,0.0,0.0,0.0,0.0,0.0,0.0,0.0,0.0,0.0,0.0,0.0,0.0,0.0,0.0,0.0,0.0,0.0,4368,12,36,24.0,12.0,4368,5486359.253773,182.0,1.988981,0.889499,-0.066284,144.0,182,BT-DoS
5.0,0.0,1.0,43.77,43.77,0.0,0.0,0.0,0.0,0.0,0.0,0.0,0.0,0.0,0.0,0.0,0.0,0.0,0.0,0.0,0.0,0.0,0.0,0.0,0.0,0.0,0.0,0.0,0.0,0.0,0.0,0.0,1863,19,50,43.325581,8.886156,1863,23390667.779105,43.0,6.744627,1.355126,0.101475,78.963764,43,Benign
5.0,0.0,0.9,31.53281,31.53281,0.0,0.0,0.0,0.0,0.0,0.0,0.0,0.0,0.0,0.0,0.0,0.0,0.0,0.0,0.0,0.0,0.0,0.0,0.0,0.0,0.0,0.0,0.0,0.0,0.0,0.0,0.0,754,12,36,27.925926,9.305219,754,32932730.821463,27.0,5.664851,1.79079,-0.144467,86.587106,27,Benign
5.0,0.0,1.0,58.772493,58.772493,0.0,0.0,0.0,0.0,0.0,0.0,0.0,0.0,0.0,0.0,0.0,0.0,0.0,0.0,0.0,0.0,0.0,0.0,0.0,0.0,0.0,0.0,0.0,0.0,0.0,0.0,0.0,2507,19,50,43.224138,7.808137,2507,17313267.055311,58.0,5.767467,1.025259,0.057943,60.967004,58,Benign
5.0,0.0,1.0,153.226122,153.226122,0.0,0.0,0.0,0.0,0.0,0.0,0.0,0.0,0.0,0.0,0.0,0.0,0.0,0.0,0.0,0.0,0.0,0.0,0.0,0.0,0.0,0.0,0.0,0.0,0.0,0.0,0.0,3648,12,36,24.0,12.0,3648,6569522.89556,152.0,2.176429,0.973329,-0.07969,144.0,152,BT-DoS
5.0,0.0,0.9,47.562029,47.562029,0.0,0.0,0.0,0.0,0.0,0.0,0.0,0.0,0.0,0.0,0.0,0.0,0.0,0.0,0.0,0.0,0.0,0.0,0.0,0.0,0.0,0.0,0.0,0.0,0.0,0.0,0.0,1738,11,50,38.622222,14.499485,1738,21503020.416607,45.0,6.149817,2.161456,0.108234,210.235062,45,Benign
5.0,0.0,1.0,45.369008,45.369008,0.0,0.0,0.0,0.0,0.0,0.0,0.0,0.0,0.0,0.0,0.0,0.0,0.0,0.0,0.0,0.0,0.0,0.0,0.0,0.0,0.0,0.0,0.0,0.0,0.0,0.0,0.0,2019,19,50,45.886364,7.992087,2019,22554070.450539,44.0,7.021771,1.204852,0.065094,63.87345,44,Benign
5.0,0.0,1.0,42.252925,42.252925,0.0,0.0,0.0,0.0,0.0,0.0,0.0,0.0,0.0,0.0,0.0,0.0,0.0,0.0,0.0,0.0,0.0,0.0,0.0,0.0,0.0,0.0,0.0,0.0,0.0,0.0,0.0,1477,12,50,35.166667,12.571541,1477,24244244.505719,42.0,5.762643,1.939831,-0.033913,158.043651,42,Benign
5.0,0.0,1.0,332.657653,332.657653,0.0,0.0,0.0,0.0,0.0,0.0,0.0,0.0,0.0,0.0,0.0,0.0,0.0,0.0,0.0,0.0,0.0,0.0,0.0,0.0,0.0,0.0,0.0,0.0,0.0,0.0,0.0,7968,12,36,24.0,12.0,7968,3015175.326713,332.0,1.472642,0.658586,-0.036141,144.0,332,BT-DoS
5.0,0.0,1.0,142.999835,142.999835,0.0,0.0,0.0,0.0,0.0,0.0,0.0,0.0,0.0,0.0,0.0,0.0,0.0,0.0,0.0,0.0,0.0,0.0,0.0,0.0,0.0,0.0,0.0,0.0,0.0,0.0,0.0,3408,12,36,24.0,12.0,3408,7042610.898931,142.0,2.25176,1.007018,-0.085465,144.0,142,BT-DoS
5.0,0.0,0.0,2393.781413,2393.781413,0.0,0.0,0.0,0.0,0.0,0.0,0.0,0.0,0.0,0.0,0.0,0.0,0.0,0.0,0.0,0.0,0.0,0.0,0.0,0.0,0.0,0.0,0.0,0.0,0.0,0.0,0.0,288,12,36,24.0,12.0,288,455726.276744,12.0,7.745967,3.464102,-0.006335,144.0,12,BT-DoS
5.0,0.0,1.0,151.21624,151.21624,0.0,0.0,0.0,0.0,0.0,0.0,0.0,0.0,0.0,0.0,0.0,0.0,0.0,0.0,0.0,0.0,0.0,0.0,0.0,0.0,0.0,0.0,0.0,0.0,0.0,0.0,0.0,3600,12,36,24.0,12.0,3600,6657429.18949,150.0,2.19089,0.979796,-0.080778,144.0,150,BT-DoS
5.0,0.0,1.0,183.469046,183.469046,0.0,0.0,0.0,0.0,0.0,0.0,0.0,0.0,0.0,0.0,0.0,0.0,0.0,0.0,0.0,0.0,0.0,0.0,0.0,0.0,0.0,0.0,0.0,0.0,0.0,0.0,0.0,4368,12,36,24.0,12.0,4368,5480624.035577,182.0,1.988981,0.889499,-0.066309,144.0,182,BT-DoS
5.0,0.0,1.0,37.363812,37.363812,0.0,0.0,0.0,0.0,0.0,0.0,0.0,0.0,0.0,0.0,0.0,0.0,0.0,0.0,0.0,0.0,0.0,0.0,0.0,0.0,0.0,0.0,0.0,0.0,0.0,0.0,0.0,1456,12,132,39.351351,48.694423,1456,27507305.145264,37.0,10.292579,8.005314,-0.713787,2371.146822,37,BT-DoS
5.0,0.0,1.0,147.327112,147.327112,0.0,0.0,0.0,0.0,0.0,0.0,0.0,0.0,0.0,0.0,0.0,0.0,0.0,0.0,0.0,0.0,0.0,0.0,0.0,0.0,0.0,0.0,0.0,0.0,0.0,0.0,0.0,3504,12,36,24.0,12.0,3504,6834428.063754,146.0,2.2207,0.993127,-0.083006,144.0,146,BT-DoS
5.0,0.0,0.0,84.769377,84.769377,0.0,0.0,0.0,0.0,0.0,0.0,0.0,0.0,0.0,0.0,0.0,0.0,0.0,0.0,0.0,0.0,0.0,0.0,0.0,0.0,0.0,0.0,0.0,0.0,0.0,0.0,0.0,89,12,36,22.25,9.010411,89,15728950.500488,4.0,12.002604,4.505205,0.127086,81.1875,4,Benign
5.0,0.0,1.0,153.848382,153.848382,0.0,0.0,0.0,0.0,0.0,0.0,0.0,0.0,0.0,0.0,0.0,0.0,0.0,0.0,0.0,0.0,0.0,0.0,0.0,0.0,0.0,0.0,0.0,0.0,0.0,0.0,0.0,3552,12,36,24.0,12.0,3552,6544122.89055,148.0,2.205644,0.986394,-0.079398,144.0,148,BT-DoS
5.0,0.0,1.0,178.97948,178.97948,0.0,0.0,0.0,0.0,0.0,0.0,0.0,0.0,0.0,0.0,0.0,0.0,0.0,0.0,0.0,0.0,0.0,0.0,0.0,0.0,0.0,0.0,0.0,0.0,0.0,0.0,0.0,4128,12,36,24.0,12.0,4128,5619906.542594,172.0,2.045983,0.914991,-0.068045,144.0,172,BT-DoS
5.0,0.0,1.0,311.110733,311.110733,0.0,0.0,0.0,0.0,0.0,0.0,0.0,0.0,0.0,0.0,0.0,0.0,0.0,0.0,0.0,0.0,0.0,0.0,0.0,0.0,0.0,0.0,0.0,0.0,0.0,0.0,0.0,7392,12,36,24.0,12.0,7392,3224759.614429,308.0,1.528942,0.683763,-0.038697,144.0,308,BT-DoS
5.0,0.0,1.0,41.362333,41.362333,0.0,0.0,0.0,0.0,0.0,0.0,0.0,0.0,0.0,0.0,0.0,0.0,0.0,0.0,0.0,0.0,0.0,0.0,0.0,0.0,0.0,0.0,0.0,0.0,0.0,0.0,0.0,1858,18,50,45.317073,7.924765,1858,24781000.614166,41.0,7.184738,1.23764,0.064438,62.801904,41,Benign
5.0,0.0,1.0,44.537297,44.537297,0.0,0.0,0.0,0.0,0.0,0.0,0.0,0.0,0.0,0.0,0.0,0.0,0.0,0.0,0.0,0.0,0.0,0.0,0.0,0.0,0.0,0.0,0.0,0.0,0.0,0.0,0.0,1973,19,50,44.840909,7.704612,1973,22975256.276685,44.0,6.859082,1.161514,0.055175,59.361054,44,Benign
5.0,0.0,1.0,21.037662,21.037662,0.0,0.0,0.0,0.0,0.0,0.0,0.0,0.0,0.0,0.0,0.0,0.0,0.0,0.0,0.0,0.0,0.0,0.0,0.0,0.0,0.0,0.0,0.0,0.0,0.0,0.0,0.0,540,12,36,27.0,9.949874,540,50035577.07134,20.0,6.434283,2.22486,-0.071041,99.0,20,Benign
5.0,0.0,0.5,9.745334,9.745334,0.0,0.0,0.0,0.0,0.0,0.0,0.0,0.0,0.0,0.0,0.0,0.0,0.0,0.0,0.0,0.0,0.0,0.0,0.0,0.0,0.0,0.0,0.0,0.0,0.0,0.0,0.0,208,27,50,41.6,8.260751,208,128266513.347626,5.0,18.96734,3.69432,-0.223384,68.24,5,Benign
5.0,0.0,1.0,161.297167,161.297167,0.0,0.0,0.0,0.0,0.0,0.0,0.0,0.0,0.0,0.0,0.0,0.0,0.0,0.0,0.0,0.0,0.0,0.0,0.0,0.0,0.0,0.0,0.0,0.0,0.0,0.0,0.0,3840,12,36,24.0,12.0,3840,6238728.949109,160.0,2.12132,0.948683,-0.075609,144.0,160,BT-DoS
5.0,0.0,0.1,79.195714,79.195714,0.0,0.0,0.0,0.0,0.0,0.0,0.0,0.0,0.0,0.0,0.0,0.0,0.0,0.0,0.0,0.0,0.0,0.0,0.0,0.0,0.0,0.0,0.0,0.0,0.0,0.0,0.0,89,12,36,22.25,9.010411,89,16835927.963257,4.0,12.002604,4.505205,0.125521,81.1875,4,Benign
5.0,0.0,1.0,38.003679,38.003679,0.0,0.0,0.0,0.0,0.0,0.0,0.0,0.0,0.0,0.0,0.0,0.0,0.0,0.0,0.0,0.0,0.0,0.0,0.0,0.0,0.0,0.0,0.0,0.0,0.0,0.0,0.0,1358,8,50,35.736842,16.622249,1358,27024410.866402,38.0,6.393708,2.696485,0.282609,276.299169,38,Benign
5.0,0.0,1.0,276.542562,276.542562,0.0,0.0,0.0,0.0,0.0,0.0,0.0,0.0,0.0,0.0,0.0,0.0,0.0,0.0,0.0,0.0,0.0,0.0,0.0,0.0,0.0,0.0,0.0,0.0,0.0,0.0,0.0,6624,12,36,24.0,12.0,6624,3629229.2855,276.0,1.615146,0.722315,-0.043594,144.0,276,BT-DoS
5.0,0.0,1.0,93.617338,93.617338,0.0,0.0,0.0,0.0,0.0,0.0,0.0,0.0,0.0,0.0,0.0,0.0,0.0,0.0,0.0,0.0,0.0,0.0,0.0,0.0,0.0,0.0,0.0,0.0,0.0,0.0,0.0,4173,19,50,45.358696,5.671403,4173,10799164.300437,92.0,4.765793,0.591285,0.021783,32.164816,92,Benign
5.0,0.0,0.1,217.349936,217.349936,0.0,0.0,0.0,0.0,0.0,0.0,0.0,0.0,0.0,0.0,0.0,0.0,0.0,0.0,0.0,0.0,0.0,0.0,0.0,0.0,0.0,0.0,0.0,0.0,0.0,0.0,0.0,593,17,36,34.882353,4.470588,593,4888430.23777,17.0,8.529412,1.084277,0.004548,19.986159,17,Benign
5.0,0.0,1.0,173.379578,173.379578,0.0,0.0,0.0,0.0,0.0,0.0,0.0,0.0,0.0,0.0,0.0,0.0,0.0,0.0,0.0,0.0,0.0,0.0,0.0,0.0,0.0,0.0,0.0,0.0,0.0,0.0,0.0,4128,12,36,24.0,12.0,4128,5801421.159889,172.0,2.045983,0.914991,-0.070241,144.0,172,BT-DoS
5.0,0.0,1.0,28.003111,28.003111,0.0,0.0,0.0,0.0,0.0,0.0,0.0,0.0,0.0,0.0,0.0,0.0,0.0,0.0,0.0,0.0,0.0,0.0,0.0,0.0,0.0,0.0,0.0,0.0,0.0,0.0,0.0,778,12,36,27.785714,9.186003,778,37032922.108968,28.0,5.530528,1.735991,-0.143922,84.382653,28,Benign
5.0,0.0,0.0,108.462627,108.462627,0.0,0.0,0.0,0.0,0.0,0.0,0.0,0.0,0.0,0.0,0.0,0.0,0.0,0.0,0.0,0.0,0.0,0.0,0.0,0.0,0.0,0.0,0.0,0.0,0.0,0.0,0.0,89,12,36,22.25,9.010411,89,12293020.884196,4.0,12.002604,4.505205,0.206652,81.1875,4,Benign
5.0,0.0,1.0,153.243101,153.243101,0.0,0.0,0.0,0.0,0.0,0.0,0.0,0.0,0.0,0.0,0.0,0.0,0.0,0.0,0.0,0.0,0.0,0.0,0.0,0.0,0.0,0.0,0.0,0.0,0.0,0.0,0.0,3648,12,36,24.0,12.0,3648,6568795.008375,152.0,2.176429,0.973329,-0.079636,144.0,152,BT-DoS
5.0,0.0,1.0,3.068746,3.068746,0.0,0.0,0.0,0.0,0.0,0.0,0.0,0.0,0.0,0.0,0.0,0.0,0.0,0.0,0.0,0.0,0.0,0.0,0.0,0.0,0.0,0.0,0.0,0.0,0.0,0.0,0.0,54,18,18,18.0,0.0,54,488798975.944519,3.0,10.392305,0.0,0.0,0.0,3,Benign
5.0,0.0,1.0,172.566173,172.566173,0.0,0.0,0.0,0.0,0.0,0.0,0.0,0.0,0.0,0.0,0.0,0.0,0.0,0.0,0.0,0.0,0.0,0.0,0.0,0.0,0.0,0.0,0.0,0.0,0.0,0.0,0.0,3984,12,36,24.0,12.0,3984,5829998.941133,166.0,2.08263,0.931381,-0.07065,144.0,166,BT-DoS
5.0,0.0,1.0,33.874992,33.874992,0.0,0.0,0.0,0.0,0.0,0.0,0.0,0.0,0.0,0.0,0.0,0.0,0.0,0.0,0.0,0.0,0.0,0.0,0.0,0.0,0.0,0.0,0.0,0.0,0.0,0.0,0.0,1469,27,50,44.515152,6.199322,1469,30442811.54871,33.0,7.823876,1.079163,0.025811,38.431589,33,Benign
5.0,0.0,1.0,147.16941,147.16941,0.0,0.0,0.0,0.0,0.0,0.0,0.0,0.0,0.0,0.0,0.0,0.0,0.0,0.0,0.0,0.0,0.0,0.0,0.0,0.0,0.0,0.0,0.0,0.0,0.0,0.0,0.0,3504,12,36,24.0,12.0,3504,6841751.624798,146.0,2.2207,0.993127,-0.083043,144.0,146,BT-DoS
5.0,0.0,1.0,372.751136,372.751136,0.0,0.0,0.0,0.0,0.0,0.0,0.0,0.0,0.0,0.0,0.0,0.0,0.0,0.0,0.0,0.0,0.0,0.0,0.0,0.0,0.0,0.0,0.0,0.0,0.0,0.0,0.0,8928,12,36,24.0,12.0,8928,2689986.21609,372.0,1.391217,0.622171,-0.032194,144.0,372,BT-DoS
5.0,0.0,0.9,51.892282,51.892282,0.0,0.0,0.0,0.0,0.0,0.0,0.0,0.0,0.0,0.0,0.0,0.0,0.0,0.0,0.0,0.0,0.0,0.0,0.0,0.0,0.0,0.0,0.0,0.0,0.0,0.0,0.0,1732,8,50,36.083333,15.625611,1732,19680702.939947,48.0,5.675545,2.255363,0.024887,244.159722,48,Benign
5.0,0.0,1.0,34.016027,34.016027,0.0,0.0,0.0,0.0,0.0,0.0,0.0,0.0,0.0,0.0,0.0,0.0,0.0,0.0,0.0,0.0,0.0,0.0,0.0,0.0,0.0,0.0,0.0,0.0,0.0,0.0,0.0,1450,18,50,43.939394,8.612674,1450,30316591.262817,33.0,7.79442,1.499274,0.00191,74.178145,33,Benign
5.0,0.0,1.0,177.415968,177.415968,0.0,0.0,0.0,0.0,0.0,0.0,0.0,0.0,0.0,0.0,0.0,0.0,0.0,0.0,0.0,0.0,0.0,0.0,0.0,0.0,0.0,0.0,0.0,0.0,0.0,0.0,0.0,4224,12,36,24.0,12.0,4224,5668679.646083,176.0,2.0226,0.904534,-0.068632,144.0,176,BT-DoS
5.0,0.0,0.1,29.164732,29.164732,0.0,0.0,0.0,0.0,0.0,0.0,0.0,0.0,0.0,0.0,0.0,0.0,0.0,0.0,0.0,0.0,0.0,0.0,0.0,0.0,0.0,0.0,0.0,0.0,0.0,0.0,0.0,89,12,36,22.25,9.010411,89,45717318.852743,4.0,12.002604,4.505205,-0.301377,81.1875,4,Benign
5.0,0.0,1.0,135.082839,135.082839,0.0,0.0,0.0,0.0,0.0,0.0,0.0,0.0,0.0,0.0,0.0,0.0,0.0,0.0,0.0,0.0,0.0,0.0,0.0,0.0,0.0,0.0,0.0,0.0,0.0,0.0,0.0,3216,12,36,24.0,12.0,3216,7458525.492733,134.0,2.318002,1.036642,-0.090644,144.0,134,BT-DoS
5.0,0.0,0.1,71.188235,71.188235,0.0,0.0,0.0,0.0,0.0,0.0,0.0,0.0,0.0,0.0,0.0,0.0,0.0,0.0,0.0,0.0,0.0,0.0,0.0,0.0,0.0,0.0,0.0,0.0,0.0,0.0,0.0,89,12,36,22.25,9.010411,89,18729686.737061,4.0,12.002604,4.505205,0.086272,81.1875,4,Benign
5.0,0.0,1.0,145.164659,145.164659,0.0,0.0,0.0,0.0,0.0,0.0,0.0,0.0,0.0,0.0,0.0,0.0,0.0,0.0,0.0,0.0,0.0,0.0,0.0,0.0,0.0,0.0,0.0,0.0,0.0,0.0,0.0,3456,12,36,24.0,12.0,3456,6936901.93283,144.0,2.236068,1.0,-0.084256,144.0,144,BT-DoS
5.0,0.0,1.0,10.051059,10.051059,0.0,0.0,0.0,0.0,0.0,0.0,0.0,0.0,0.0,0.0,0.0,0.0,0.0,0.0,0.0,0.0,0.0,0.0,0.0,0.0,0.0,0.0,0.0,0.0,0.0,0.0,0.0,397,18,50,39.7,11.331814,397,110546668.370565,10.0,13.05565,3.583434,1.213514,128.41,10,Benign
5.0,0.0,1.0,158.013026,158.013026,0.0,0.0,0.0,0.0,0.0,0.0,0.0,0.0,0.0,0.0,0.0,0.0,0.0,0.0,0.0,0.0,0.0,0.0,0.0,0.0,0.0,0.0,0.0,0.0,0.0,0.0,0.0,3648,12,36,24.0,12.0,3648,6370503.381388,152.0,2.176429,0.973329,-0.077263,144.0,152,BT-DoS
5.0,0.0,1.0,136.957194,136.957194,0.0,0.0,0.0,0.0,0.0,0.0,0.0,0.0,0.0,0.0,0.0,0.0,0.0,0.0,0.0,0.0,0.0,0.0,0.0,0.0,0.0,0.0,0.0,0.0,0.0,0.0,0.0,3264,12,36,24.0,12.0,3264,7355637.020535,136.0,2.300895,1.028992,-0.089317,144.0,136,BT-DoS
5.0,0.0,1.0,31.432963,31.432963,0.0,0.0,0.0,0.0,0.0,0.0,0.0,0.0,0.0,0.0,0.0,0.0,0.0,0.0,0.0,0.0,0.0,0.0,0.0,0.0,0.0,0.0,0.0,0.0,0.0,0.0,0.0,1081,11,50,34.870968,16.401695,1081,32874194.780986,31.0,6.921216,2.945831,0.114401,269.015609,31,Benign
5.0,0.0,1.0,29.018514,29.018514,0.0,0.0,0.0,0.0,0.0,0.0,0.0,0.0,0.0,0.0,0.0,0.0,0.0,0.0,0.0,0.0,0.0,0.0,0.0,0.0,0.0,0.0,0.0,0.0,0.0,0.0,0.0,794,12,36,27.37931,9.338145,794,35691499.710083,29.0,5.37179,1.73405,-0.148753,87.200951,29,Benign
5.0,0.0,0.8,23.596229,23.596229,0.0,0.0,0.0,0.0,0.0,0.0,0.0,0.0,0.0,0.0,0.0,0.0,0.0,0.0,0.0,0.0,0.0,0.0,0.0,0.0,0.0,0.0,0.0,0.0,0.0,0.0,0.0,540,12,36,27.0,9.949874,540,44610161.530344,20.0,6.434283,2.22486,-0.065704,99.0,20,Benign
5.0,0.0,1.0,50.452099,50.452099,0.0,0.0,0.0,0.0,0.0,0.0,0.0,0.0,0.0,0.0,0.0,0.0,0.0,0.0,0.0,0.0,0.0,0.0,0.0,0.0,0.0,0.0,0.0,0.0,0.0,0.0,0.0,1876,8,50,37.52,15.041596,1876,20225286.483765,50.0,5.716642,2.127203,0.06063,226.2496,50,Benign
5.0,0.0,0.1,73.773568,73.773568,0.0,0.0,0.0,0.0,0.0,0.0,0.0,0.0,0.0,0.0,0.0,0.0,0.0,0.0,0.0,0.0,0.0,0.0,0.0,0.0,0.0,0.0,0.0,0.0,0.0,0.0,0.0,89,12,36,22.25,9.010411,89,18073320.388794,4.0,12.002604,4.505205,0.378959,81.1875,4,Benign
5.0,0.0,1.0,41.721367,41.721367,0.0,0.0,0.0,0.0,0.0,0.0,0.0,0.0,0.0,0.0,0.0,0.0,0.0,0.0,0.0,0.0,0.0,0.0,0.0,0.0,0.0,0.0,0.0,0.0,0.0,0.0,0.0,1875,19,50,45.731707,6.644361,1875,24567747.116089,41.0,7.217081,1.037675,0.056985,44.147531,41,Benign
5.0,0.0,1.0,252.504249,252.504249,0.0,0.0,0.0,0.0,0.0,0.0,0.0,0.0,0.0,0.0,0.0,0.0,0.0,0.0,0.0,0.0,0.0,0.0,0.0,0.0,0.0,0.0,0.0,0.0,0.0,0.0,0.0,6048,12,36,24.0,12.0,6048,3976107.593552,252.0,1.690309,0.755929,-0.047849,144.0,252,BT-DoS
5.0,0.0,1.0,53.419454,53.419454,0.0,0.0,0.0,0.0,0.0,0.0,0.0,0.0,0.0,0.0,0.0,0.0,0.0,0.0,0.0,0.0,0.0,0.0,0.0,0.0,0.0,0.0,0.0,0.0,0.0,0.0,0.0,2368,19,50,44.679245,7.545519,2368,19079767.74069,53.0,6.22407,1.036457,0.045711,56.934852,53,Benign
5.0,0.0,1.0,153.231204,153.231204,0.0,0.0,0.0,0.0,0.0,0.0,0.0,0.0,0.0,0.0,0.0,0.0,0.0,0.0,0.0,0.0,0.0,0.0,0.0,0.0,0.0,0.0,0.0,0.0,0.0,0.0,0.0,3648,12,36,24.0,12.0,3648,6569305.003084,152.0,2.176429,0.973329,-0.0797,144.0,152,BT-DoS
5.0,0.0,1.0,157.256952,157.256952,0.0,0.0,0.0,0.0,0.0,0.0,0.0,0.0,0.0,0.0,0.0,0.0,0.0,0.0,0.0,0.0,0.0,0.0,0.0,0.0,0.0,0.0,0.0,0.0,0.0,0.0,0.0,3744,12,36,24.0,12.0,3744,6400045.271843,156.0,2.148345,0.960769,-0.077523,144.0,156,BT-DoS
5.0,0.0,1.0,176.71997,176.71997,0.0,0.0,0.0,0.0,0.0,0.0,0.0,0.0,0.0,0.0,0.0,0.0,0.0,0.0,0.0,0.0,0.0,0.0,0.0,0.0,0.0,0.0,0.0,0.0,0.0,0.0,0.0,4080,12,36,24.0,12.0,4080,5692153.287357,170.0,2.057983,0.920358,-0.068924,144.0,170,BT-DoS
5.0,0.0,0.6,25.963999,25.963999,0.0,0.0,0.0,0.0,0.0,0.0,0.0,0.0,0.0,0.0,0.0,0.0,0.0,0.0,0.0,0.0,0.0,0.0,0.0,0.0,0.0,0.0,0.0,0.0,0.0,0.0,0.0,600,18,50,40.0,11.349009,600,41265930.44826,15.0,10.735611,2.930301,0.186626,128.8,15,Benign
5.0,0.0,1.0,6.001789,6.001789,0.0,0.0,0.0,0.0,0.0,0.0,0.0,0.0,0.0,0.0,0.0,0.0,0.0,0.0,0.0,0.0,0.0,0.0,0.0,0.0,0.0,0.0,0.0,0.0,0.0,0.0,0.0,236,12,50,39.333333,15.477582,236,199940395.355225,6.0,17.256239,6.318697,0.053344,239.555556,6,Benign
5.0,0.0,0.1,296.021578,296.021578,0.0,0.0,0.0,0.0,0.0,0.0,0.0,0.0,0.0,0.0,0.0,0.0,0.0,0.0,0.0,0.0,0.0,0.0,0.0,0.0,0.0,0.0,0.0,0.0,0.0,0.0,0.0,773,17,36,33.608696,6.176668,773,3531683.575023,23.0,7.125263,1.287924,-0.004183,38.151229,23,Benign
5.0,0.0,0.9,335.085316,335.085316,0.0,0.0,0.0,0.0,0.0,0.0,0.0,0.0,0.0,0.0,0.0,0.0,0.0,0.0,0.0,0.0,0.0,0.0,0.0,0.0,0.0,0.0,0.0,0.0,0.0,0.0,0.0,7632,12,36,24.0,12.0,7632,2993728.836252,318.0,1.50471,0.672927,-0.035873,144.0,318,BT-DoS
5.0,0.0,1.0,139.291429,139.291429,0.0,0.0,0.0,0.0,0.0,0.0,0.0,0.0,0.0,0.0,0.0,0.0,0.0,0.0,0.0,0.0,0.0,0.0,0.0,0.0,0.0,0.0,0.0,0.0,0.0,0.0,0.0,3216,12,36,24.0,12.0,3216,7233171.534718,134.0,2.318002,1.036642,-0.087936,144.0,134,BT-DoS
5.0,0.0,1.0,43.28553,43.28553,0.0,0.0,0.0,0.0,0.0,0.0,0.0,0.0,0.0,0.0,0.0,0.0,0.0,0.0,0.0,0.0,0.0,0.0,0.0,0.0,0.0,0.0,0.0,0.0,0.0,0.0,0.0,1961,19,50,46.690476,7.398481,1961,23665881.73843,42.0,7.294385,1.14161,0.053309,54.737528,42,Benign
5.0,0.0,0.1,54.188924,54.188924,0.0,0.0,0.0,0.0,0.0,0.0,0.0,0.0,0.0,0.0,0.0,0.0,0.0,0.0,0.0,0.0,0.0,0.0,0.0,0.0,0.0,0.0,0.0,0.0,0.0,0.0,0.0,89,12,36,22.25,9.010411,89,24605274.200439,4.0,12.002604,4.505205,0.002711,81.1875,4,Benign
5.0,0.0,1.0,167.346294,167.346294,0.0,0.0,0.0,0.0,0.0,0.0,0.0,0.0,0.0,0.0,0.0,0.0,0.0,0.0,0.0,0.0,0.0,0.0,0.0,0.0,0.0,0.0,0.0,0.0,0.0,0.0,0.0,3984,12,36,24.0,12.0,3984,6011848.738699,166.0,2.08263,0.931381,-0.072844,144.0,166,BT-DoS
5.0,0.0,1.0,11.031517,11.031517,0.0,0.0,0.0,0.0,0.0,0.0,0.0,0.0,0.0,0.0,0.0,0.0,0.0,0.0,0.0,0.0,0.0,0.0,0.0,0.0,0.0,0.0,0.0,0.0,0.0,0.0,0.0,422,12,50,38.363636,13.699852,422,99714303.016663,11.0,12.282488,4.130661,0.848541,187.68595,11,Benign
5.0,0.0,1.0,29.29722,29.29722,0.0,0.0,0.0,0.0,0.0,0.0,0.0,0.0,0.0,0.0,0.0,0.0,0.0,0.0,0.0,0.0,0.0,0.0,0.0,0.0,0.0,0.0,0.0,0.0,0.0,0.0,0.0,776,12,36,27.714286,9.284615,776,35397114.577117,28.0,5.523604,1.754627,-0.162866,86.204082,28,Benign
5.0,0.0,0.9,41.711371,41.711371,0.0,0.0,0.0,0.0,0.0,0.0,0.0,0.0,0.0,0.0,0.0,0.0,0.0,0.0,0.0,0.0,0.0,0.0,0.0,0.0,0.0,0.0,0.0,0.0,0.0,0.0,0.0,1657,8,50,42.487179,11.771046,1657,24605180.087842,39.0,7.059669,1.884876,-0.112747,138.557528,39,Benign
5.0,0.0,1.0,153.224097,153.224097,0.0,0.0,0.0,0.0,0.0,0.0,0.0,0.0,0.0,0.0,0.0,0.0,0.0,0.0,0.0,0.0,0.0,0.0,0.0,0.0,0.0,0.0,0.0,0.0,0.0,0.0,0.0,3648,12,36,24.0,12.0,3648,6569609.736765,152.0,2.176429,0.973329,-0.079685,144.0,152,BT-DoS
5.0,0.0,1.0,274.835784,274.835784,0.0,0.0,0.0,0.0,0.0,0.0,0.0,0.0,0.0,0.0,0.0,0.0,0.0,0.0,0.0,0.0,0.0,0.0,0.0,0.0,0.0,0.0,0.0,0.0,0.0,0.0,0.0,6576,12,36,24.0,12.0,6576,3651864.362724,274.0,1.62103,0.724947,-0.043866,144.0,274,BT-DoS
5.0,0.0,1.0,153.231536,153.231536,0.0,0.0,0.0,0.0,0.0,0.0,0.0,0.0,0.0,0.0,0.0,0.0,0.0,0.0,0.0,0.0,0.0,0.0,0.0,0.0,0.0,0.0,0.0,0.0,0.0,0.0,0.0,3648,12,36,24.0,12.0,3648,6569290.792705,152.0,2.176429,0.973329,-0.079701,144.0,152,BT-DoS
