Header_Length,Protocol Type,Duration,Rate,Srate,Drate,fin_flag_number,syn_flag_number,rst_flag_number,psh_flag_number,ack_flag_number,ece_flag_number,cwr_flag_number,ack_count,syn_count,fin_count,rst_count,HTTP,HTTPS,DNS,Telnet,SMTP,SSH,IRC,TCP,UDP,DHCP,ARP,ICMP,IGMP,IPv,LLC,Tot sum,Min,Max,AVG,Std,Tot size,IAT,Number,Magnitue,Radius,Covariance,Variance,Weight,label
292451.7,7.1,83.1,1.8501590396750085,1.8501590396750085,0.0,0.0,0.0,0.0,0.5,0.9,0.0,0.0,0.0,0.0,0.0,3685.7,0.0,0.0,0.0,0.0,0.0,0.0,0.0,0.9,0.1,0.0,0.0,0.0,0.0,1.0,1.0,523.9,67.9,181.6,91.6876984126984,38.346273492326944,95.9,0.0995740175247192,5.5,13.513697696298612,54.22982003931666,2151.967174540186,0.9,38.5,Benign
103039.2,6.0,64.0,1.5912408035436545,1.5912408035436545,0.0,0.0,0.0,0.0,0.5,1.0,0.0,0.0,0.0,0.0,0.0,1261.1,0.0,0.0,0.0,0.0,0.0,0.0,0.0,1.0,0.0,0.0,0.0,0.0,0.0,1.0,1.0,1214.1,66.0,109.0,78.2559097752093,13.987688935102607,80.5,169462414.4997954,13.5,12.508138060035533,19.82877663777496,197.7165798849266,1.0,244.6,Benign
496.19,6.0,64.0,11.894113762028788,11.894113762028788,0.0,0.37,0.06,0.18,0.15,0.78,0.0,0.0,1.46,1.94,0.41,5.79,0.0,0.0,0.0,0.0,0.0,0.0,0.0,1.0,0.0,0.0,0.0,0.0,0.0,1.0,1.0,687.08,59.61,77.03,66.28726714947419,5.264161498495114,65.7,84667017.4253311,9.5,11.51005623585687,7.454489018145384,36.99363434104538,0.88,141.55,MQTT-DDoS-Connect_Flood
21341.94,6.0,64.0,93.16345456790464,93.16345456790464,0.0,0.0,0.0,0.0,0.63,1.0,0.0,0.0,0.0,0.0,0.0,74.28,0.0,0.0,0.0,0.0,0.0,0.0,0.0,1.0,0.0,0.0,0.0,0.0,0.0,1.0,1.0,1348.09,112.87,155.38,127.06471403020784,16.939401813050516,135.76,84666982.87256323,9.5,15.614460887044208,23.96850749187656,787.6182397836035,0.39,141.55,MQTT-DDoS-Publish_Flood
78399.5,7.1,100.9,1.3687961434590092,1.3687961434590092,0.0,0.0,0.0,0.0,0.4,0.9,0.0,0.0,0.0,0.0,0.0,950.2,0.0,0.1,0.0,0.0,0.0,0.0,0.0,0.9,0.1,0.0,0.0,0.0,0.0,1.0,1.0,530.2,58.2,197.4,93.37285714285716,46.42352196652727,93.0,0.0999511003494262,5.5,13.629379934758967,65.65277437818816,2871.970092970522,0.9,38.5,Benign
170969.1,8.2,88.2,1.4647557313337136,1.4647557313337136,0.0,0.0,0.0,0.0,0.4,0.8,0.0,0.0,0.0,0.0,0.0,2009.5,0.0,0.1,0.0,0.0,0.0,0.0,0.0,0.8,0.2,0.0,0.0,0.0,0.0,1.0,1.0,1594.9,56.4,329.2,103.17017014719026,68.99094236237124,119.9,169467967.5322481,13.5,14.355566412697735,97.79998157054392,4885.158424014478,1.0,244.6,Benign
101988.9,7.1,83.1,1.5939174755565768,1.5939174755565768,0.0,0.0,0.0,0.0,0.4,0.9,0.0,0.0,0.0,0.0,0.0,1250.6,0.0,0.0,0.0,0.0,0.0,0.0,0.0,0.9,0.1,0.0,0.0,0.0,0.0,1.0,1.0,538.0,66.0,195.6,93.28761904761906,45.15540663923988,94.2,0.0999747037887573,5.5,13.607298404153578,63.85938848368514,2748.4653560090705,0.9,38.5,Benign
52714.6,6.0,64.0,1.904253148898244,1.904253148898244,0.0,0.0,0.0,0.0,0.5,1.0,0.0,0.0,0.0,0.0,0.0,653.1,0.0,0.0,0.0,0.0,0.0,0.0,0.0,1.0,0.0,0.0,0.0,0.0,0.0,1.0,1.0,1214.2,42.0,214.0,78.17805780176135,39.42692162849973,80.8,169464533.1148719,13.5,12.500444378687586,55.880926057492175,1569.368392181446,1.0,244.6,Benign
306.63,6.0,64.0,10.326085884313864,10.326085884313864,0.0,0.22,0.32,0.13,0.2,0.76,0.0,0.0,0.65,1.11,0.23,3.78,0.0,0.0,0.0,0.0,0.0,0.0,0.0,1.0,0.0,0.0,0.0,0.0,0.0,1.0,1.0,753.82,66.33,80.8,71.6760696064771,5.291872007453511,71.65,84667044.498211,9.5,11.970968724619045,7.486059316566358,32.659045583607664,0.89,141.55,MQTT-DDoS-Connect_Flood
356.34,6.0,64.0,13.519853844033616,13.519853844033616,0.0,0.06,0.1,0.65,0.04,0.25,0.0,0.0,1.4,0.41,1.02,3.98,0.0,0.0,0.0,0.0,0.0,0.0,0.0,1.0,0.0,0.0,0.0,0.0,0.0,1.0,1.0,624.94,54.0,70.6,58.88782472923532,6.340221441656664,59.66,84667045.18166313,9.5,10.84955114145167,8.97179628303024,56.00743404937918,0.78,141.55,MQTT-DDoS-Connect_Flood
21005.9,6.0,64.0,3.1964092416317635,3.1964092416317635,0.0,0.0,0.0,0.0,0.5,1.0,0.0,0.0,0.0,0.8,0.0,247.1,0.0,0.0,0.0,0.0,0.0,0.0,0.0,1.0,0.0,0.0,0.0,0.0,0.0,1.0,1.0,538.7,69.6,198.3,102.60325396825397,47.64275698734578,90.4,0.0566131830215454,5.5,14.276357655251251,67.37703308034995,2579.005735386748,0.9,38.5,Benign
592.47,6.0,64.0,51.16321561259457,51.16321561259457,0.0,0.08,0.18,0.09,0.34,0.88,0.0,0.0,0.39,2.54,0.87,6.59,0.0,0.0,0.0,0.0,0.0,0.0,0.0,1.0,0.0,0.0,0.0,0.0,0.0,1.0,1.0,724.65,64.54,77.89,69.83233212839791,4.648454330321691,68.97,84662360.99078482,9.5,11.812063622302032,6.567594911679875,26.74882434711545,0.94,141.55,MQTT-DoS-Connect_Flood
105368.0,6.0,64.0,0.5642859064117982,0.5642859064117982,0.0,0.0,0.0,0.0,0.5,1.0,0.0,0.0,0.0,0.0,0.0,1411.5,0.0,0.0,0.0,0.0,0.0,0.0,0.0,1.0,0.0,0.0,0.0,0.0,0.0,1.0,1.0,411.2,66.0,86.5,73.72710317460317,8.674448852427581,75.4,0.0001113891601562,5.5,12.140536862498877,12.267523213214815,85.1127070893172,0.9,38.5,Benign
520246.8,6.0,64.0,1.740584351910935,1.740584351910935,0.0,0.0,0.0,0.0,0.5,1.0,0.0,0.0,0.0,0.0,0.0,6650.7,0.0,0.0,0.0,0.0,0.0,0.0,0.0,1.0,0.0,0.0,0.0,0.0,0.0,1.0,1.0,447.8,70.5,111.0,85.15738095238095,15.18717538740999,78.3,0.000100302696228,5.5,13.032968074772436,21.47790940701407,261.7798520408163,0.9,38.5,Benign
284448.3,6.0,62.2,18.167944806254592,18.167944806254592,0.0,0.0,0.0,0.0,0.6,1.0,0.0,0.0,0.0,0.3,0.0,3453.1,0.0,0.3,0.0,0.0,0.0,0.0,0.0,1.0,0.0,0.0,0.0,0.0,0.0,1.0,1.0,5283.6,66.0,1474.0,350.2643811159601,503.6248308431692,93.9,169469783.2955946,13.5,26.43565026222949,713.6485691321525,255742.7726437937,1.0,244.6,Benign
16545.7,8.2,70.4,1.3999418053672923,1.3999418053672923,0.0,0.0,0.0,0.0,0.4,0.8,0.0,0.0,0.0,0.0,0.0,196.6,0.0,0.0,0.0,0.0,0.0,0.0,0.0,0.8,0.2,0.0,0.0,0.0,0.0,1.0,1.0,1297.4,68.2,762.4,229.65007936507936,251.8266252851234,190.4,0.1002134084701538,5.5,20.909435308665905,356.13662884486894,80136.24433327036,0.9,38.5,Benign
249117.3,6.0,87.8,1.4731123066558474,1.4731123066558474,0.0,0.0,0.0,0.0,0.4,1.0,0.0,0.0,0.0,0.0,0.0,3247.8,0.0,0.2,0.0,0.0,0.0,0.0,0.0,1.0,0.0,0.0,0.0,0.0,0.0,1.0,1.0,393.5,60.0,83.1,71.60742063492064,8.916829258123709,71.7,0.1001135110855102,5.5,11.965163525604137,12.610300870203774,88.78070727828167,0.9,38.5,Benign
481.85,6.0,64.0,9.274755501628706,9.274755501628706,0.0,0.13,0.2,0.23,0.15,0.7,0.0,0.0,1.26,1.97,0.7,5.44,0.0,0.0,0.0,0.0,0.0,0.0,0.0,1.0,0.0,0.0,0.0,0.0,0.0,1.0,1.0,705.9,59.81,78.5,67.41774723728284,7.129614824363518,66.46,84667023.292148,9.5,11.605652984123068,10.078936247997325,60.31842730566034,0.93,141.55,MQTT-DDoS-Connect_Flood
124660.9,7.1,64.0,1.852635154209196,1.852635154209196,0.0,0.0,0.0,0.0,0.4,0.9,0.0,0.0,0.0,0.0,0.0,1498.2,0.0,0.0,0.0,0.0,0.0,0.0,0.0,0.9,0.1,0.0,0.0,0.0,0.0,1.0,1.0,1242.0,66.0,121.2,79.88515603505542,17.8544199740659,93.4,169463262.21333343,13.5,12.586177311081576,22.793302245114063,260.7003464656501,1.0,244.6,Benign
129.16,6.0,64.0,183689.464087914,183689.464087914,0.0,0.15,0.15,0.17,0.21,0.74,0.0,0.0,0.21,0.27,0.27,1.43,0.0,0.0,0.0,0.0,0.0,0.0,0.0,1.0,0.0,0.0,0.0,0.0,0.0,1.0,1.0,713.21,60.52,77.56,68.12297305373505,6.382646127747483,67.37,84667029.66679479,9.5,11.669745886617733,9.01709056741102,47.576924032598754,0.95,141.55,MQTT-DDoS-Connect_Flood
60368.67,6.0,64.0,71.46460572563151,71.46460572563151,0.0,0.0,0.0,0.0,0.55,1.0,0.0,0.0,0.0,0.0,0.0,197.57,0.0,0.0,0.0,0.0,0.0,0.0,0.0,1.0,0.0,0.0,0.0,0.0,0.0,1.0,1.0,2228.37,113.5,419.16,193.87105831934664,88.2932051025524,242.58,84666495.69765265,9.5,18.506050825240614,123.74757697631924,23366.06405363708,0.54,141.55,MQTT-DoS-Publish_Flood
413.02,6.0,64.0,12.674364848783446,12.674364848783446,0.0,0.19,0.12,0.33,0.22,0.61,0.0,0.0,1.11,1.51,0.54,4.61,0.0,0.0,0.0,0.0,0.0,0.0,0.0,1.0,0.0,0.0,0.0,0.0,0.0,1.0,1.0,689.03,58.77,75.06,66.16459006847126,5.982187553462519,64.64,84667045.19652276,9.5,11.497732685129098,8.452080096018381,46.57837901185999,0.94,141.55,MQTT-DDoS-Connect_Flood
877.8,6.0,64.0,23.227337962468585,23.227337962468585,0.0,0.05,0.18,0.13,0.28,0.89,0.0,0.0,0.55,3.55,1.39,10.03,0.0,0.0,0.0,0.0,0.0,0.0,0.0,1.0,0.0,0.0,0.0,0.0,0.0,1.0,1.0,730.47,62.22,79.5,69.98700709709107,5.473597054862572,69.63,84662362.88427317,9.5,11.828106969001208,7.7283504437458115,37.459871222464535,0.93,141.55,MQTT-DoS-Connect_Flood
314.88,6.0,64.0,15.10956599705642,15.10956599705642,0.0,0.19,0.12,0.31,0.18,0.63,0.0,0.0,0.92,0.76,0.48,3.7,0.0,0.0,0.0,0.0,0.0,0.0,0.0,1.0,0.0,0.0,0.0,0.0,0.0,1.0,1.0,689.48,58.92,78.12,65.50531832718364,6.390117414510004,65.48,84667025.90273328,9.5,11.436274239130446,9.03435918398018,51.37319201846447,0.88,141.55,MQTT-DDoS-Connect_Flood
78558.61,6.0,64.0,77.6443105683795,77.6443105683795,0.0,0.0,0.0,0.0,0.8,1.0,0.0,0.0,0.0,0.0,0.0,226.92,0.0,0.0,0.0,0.0,0.0,0.0,0.0,1.0,0.0,0.0,0.0,0.0,0.0,1.0,1.0,5755.87,242.12,950.55,508.6465195368786,262.44337580386264,576.12,84666489.5358251,9.5,30.83692767163772,371.39576718414617,119242.1399465872,0.74,141.55,MQTT-DoS-Publish_Flood
69950.1,6.0,64.0,0.5498377898183016,0.5498377898183016,0.0,0.0,0.0,0.0,1.0,1.0,0.0,0.0,0.0,0.0,0.0,932.3,0.0,0.0,0.0,0.0,0.0,0.0,0.0,1.0,0.0,0.0,0.0,0.0,0.0,1.0,1.0,499.5,82.0,113.7,91.69976190476191,11.21430868726811,88.1,0.0001420021057128,5.5,13.538449439299065,15.859427438172984,142.86953911564626,0.9,38.5,Benign
430.32,6.0,64.0,8.992247335071722,8.992247335071722,0.0,0.13,0.25,0.34,0.14,0.64,0.0,0.0,1.08,1.72,0.79,4.86,0.0,0.0,0.0,0.0,0.0,0.0,0.0,1.0,0.0,0.0,0.0,0.0,0.0,1.0,1.0,683.11,60.16,73.39,65.16928587378395,4.484806559899083,64.73,84667024.49798131,9.5,11.401495674030208,6.344196618519778,29.556956885910605,0.81,141.55,MQTT-DDoS-Connect_Flood
96.48,6.0,64.0,92562.171474231,92562.171474231,0.0,0.1,0.19,0.25,0.12,0.73,0.0,0.0,0.1,0.19,0.36,1.06,0.0,0.0,0.0,0.0,0.0,0.0,0.0,1.0,0.0,0.0,0.0,0.0,0.0,1.0,1.0,704.66,57.68,78.81,66.9992694851588,7.474217620851692,67.23,84667029.48473924,9.5,11.572415337491588,10.574811874711996,67.16461439448133,0.95,141.55,MQTT-DDoS-Connect_Flood
183930.0,6.0,64.0,2.256673656276172,2.256673656276172,0.0,0.0,0.0,0.0,0.5,1.0,0.0,0.0,0.0,0.4,0.0,2127.9,0.0,0.0,0.0,0.0,0.0,0.0,0.0,1.0,0.0,0.0,0.0,0.0,0.0,1.0,1.0,1324.4,54.0,212.0,85.3230453335794,40.03170526420666,90.6,169461739.4417956,13.5,13.070958182164503,56.73046513918867,1620.2308835764634,1.0,244.6,Benign
91107.58,6.0,64.0,68.54506759376358,68.54506759376358,0.0,0.0,0.0,0.0,0.45,1.0,0.0,0.0,0.0,0.0,0.0,248.83,0.0,0.0,0.0,0.0,0.0,0.0,0.0,1.0,0.0,0.0,0.0,0.0,0.0,1.0,1.0,2920.96,83.44,564.13,255.81763986877417,168.6355553931775,285.09,84666491.2138856,9.5,21.317020502997604,238.5086070489473,43874.129634212426,0.67,141.55,MQTT-DoS-Publish_Flood
3399781.4,6.0,81.4,95.046161735107,95.046161735107,0.0,0.0,0.0,0.0,0.2,1.0,0.0,0.0,0.0,0.0,0.0,3438.7,0.0,1.0,0.0,0.0,0.0,0.0,0.0,1.0,0.0,0.0,0.0,0.0,0.0,1.0,1.0,5602.7,66.0,1217.8,329.1517254722402,442.8356768153649,1038.1,169323367.45442373,13.5,24.52719022689719,628.5701955562766,246094.4862116237,0.9,244.6,MQTT-Malformed_Data
47045.8,6.0,64.0,1.191120814509181,1.191120814509181,0.0,0.0,0.0,0.0,0.5,1.0,0.0,0.0,0.0,0.0,0.0,624.3,0.0,0.0,0.0,0.0,0.0,0.0,0.0,1.0,0.0,0.0,0.0,0.0,0.0,1.0,1.0,412.3,66.0,84.4,73.93369047619048,8.622242641776374,76.3,6.949901580810547e-05,5.5,12.157607647507174,12.193692482071771,82.9411614229025,0.9,38.5,Benign
303974.9,7.1,57.7,1.9803882415256129,1.9803882415256129,0.0,0.0,0.0,0.0,0.4,0.9,0.0,0.0,0.0,0.0,0.0,3830.8,0.0,0.0,0.0,0.0,0.0,0.0,0.0,0.9,0.1,0.0,0.0,0.0,0.0,1.0,1.0,474.2,66.0,138.3,83.31492063492064,25.025579786104704,91.0,0.0999989986419677,5.5,12.891634886138425,35.39151433975925,851.5499959687579,0.9,38.5,Benign
37213.25,6.0,64.0,85.17844349931242,85.17844349931242,0.0,0.0,0.0,0.0,0.46,1.0,0.0,0.0,0.0,0.0,0.0,215.45,0.0,0.0,0.0,0.0,0.0,0.0,0.0,1.0,0.0,0.0,0.0,0.0,0.0,1.0,1.0,3267.58,165.19,508.54,314.3755910190171,117.19042582887818,274.19,84666509.77433711,9.5,23.060594324841567,165.66937916907295,29551.33417430673,0.57,141.55,MQTT-DoS-Publish_Flood
48678.7,6.0,64.0,2.035498927786474,2.035498927786474,0.0,0.0,0.0,0.0,0.5,1.0,0.0,0.0,0.0,0.0,0.0,648.7,0.0,0.0,0.0,0.0,0.0,0.0,0.0,1.0,0.0,0.0,0.0,0.0,0.0,1.0,1.0,407.0,66.0,82.3,73.16353174603175,7.771897975186297,75.0,0.0999948978424072,5.5,12.094606276272986,10.991123521888458,67.19789114071554,0.9,38.5,Benign
608.61,6.11,64.0,39.84066008492729,39.84066008492729,0.0,0.04,0.19,0.19,0.24,0.87,0.0,0.0,0.33,2.43,0.81,6.29,0.0,0.0,0.0,0.0,0.0,0.0,0.0,0.99,0.01,0.0,0.0,0.0,0.0,1.0,1.0,825.02,61.88,174.3,76.39996057412662,29.20574622451028,78.24,84662380.97682665,9.5,12.290561363516154,41.37694067500456,5423.588875672742,0.95,141.55,MQTT-DoS-Connect_Flood
124088.8,6.0,64.0,2.0335542293801256,2.0335542293801256,0.0,0.0,0.0,0.0,0.5,1.0,0.0,0.0,0.0,0.0,0.0,1544.7,0.0,0.0,0.0,0.0,0.0,0.0,0.0,1.0,0.0,0.0,0.0,0.0,0.0,1.0,1.0,3812.6,54.0,1474.0,251.95433447443511,409.84568320943663,80.4,169462943.8377419,13.5,22.43784161135051,580.7345388564138,169604.10489459574,1.0,244.6,Benign
15800.41,6.0,64.0,25.608310485452044,25.608310485452044,0.0,0.01,0.0,0.66,0.1,0.34,0.0,0.0,0.73,0.35,10.51,26.48,0.0,0.0,0.0,0.0,0.0,0.0,0.0,1.0,0.0,0.0,0.0,0.0,0.0,1.0,1.0,2042.27,63.18,610.87,211.51884401275544,198.2495054307476,167.74,84666970.49008606,9.5,17.82162223043975,280.7649746627925,111360.34790302394,0.57,141.55,MQTT-DDoS-Publish_Flood
548.0,6.0,64.0,10.169424893169047,10.169424893169047,0.0,0.38,0.33,0.0,0.25,0.88,0.0,0.0,1.58,2.09,0.61,6.38,0.0,0.0,0.0,0.0,0.0,0.0,0.0,1.0,0.0,0.0,0.0,0.0,0.0,1.0,1.0,755.28,66.5,79.13,71.82239709851552,5.450943083549886,72.59,84667047.28649017,9.5,11.98329692846009,7.705795460902573,34.549167090272576,0.95,141.55,MQTT-DDoS-Connect_Flood
95.69,6.0,64.0,137445.8664605114,137445.8664605114,0.0,0.2,0.06,0.36,0.19,0.62,0.0,0.0,0.2,0.06,0.46,0.99,0.0,0.0,0.0,0.0,0.0,0.0,0.0,1.0,0.0,0.0,0.0,0.0,0.0,1.0,1.0,678.87,56.73,76.68,64.66686997402323,7.248844366611484,64.08,84667041.7086643,9.5,11.365526017346482,10.25278159947608,67.14655039589195,0.9,141.55,MQTT-DDoS-Connect_Flood
20615.2,7.1,83.1,1.867167699450317,1.867167699450317,0.0,0.0,0.0,0.0,0.4,0.9,0.0,0.0,0.0,0.0,0.0,246.8,0.0,0.0,0.0,0.0,0.0,0.0,0.0,0.9,0.1,0.0,0.0,0.0,0.0,1.0,1.0,556.3,66.0,201.0,97.69940476190476,47.4717109447353,96.6,0.099924898147583,5.5,13.9325850156511,67.13513744709994,2783.790278202948,0.9,38.5,Benign
110633.4,6.0,64.0,1.7202510474633386,1.7202510474633386,0.0,0.0,0.0,0.0,0.5,1.0,0.0,0.0,0.0,0.0,0.0,1415.1,0.0,0.0,0.0,0.0,0.0,0.0,0.0,1.0,0.0,0.0,0.0,0.0,0.0,1.0,1.0,1197.0,66.0,107.0,77.20330498062309,12.306644405097494,78.4,169464581.2144363,13.5,12.430486755891645,17.413011110488625,152.99201727966786,1.0,244.6,Benign
438.33,6.0,64.0,68.54250670497017,68.54250670497017,0.0,0.03,0.23,0.14,0.22,0.85,0.0,0.0,0.18,2.07,0.52,4.81,0.0,0.0,0.0,0.0,0.0,0.0,0.0,1.0,0.0,0.0,0.0,0.0,0.0,1.0,1.0,720.46,63.16,76.52,68.30974575845552,4.34552705788916,69.4,84662362.0576901,9.5,11.686410883435268,6.142015090603513,24.263865714089285,0.89,141.55,MQTT-DoS-Connect_Flood
614.45,6.0,64.0,11.14829604404006,11.14829604404006,0.0,0.13,0.07,0.41,0.21,0.57,0.0,0.0,1.69,2.24,0.98,6.9,0.0,0.0,0.0,0.0,0.0,0.0,0.0,1.0,0.0,0.0,0.0,0.0,0.0,1.0,1.0,686.84,56.4,76.66,65.29606717787716,7.349764090918642,64.41,84667040.83818932,9.5,11.417724246376135,10.380852246353022,68.36883618552817,0.86,141.55,MQTT-DDoS-Connect_Flood
601.39,6.0,64.0,60.59269677438344,60.59269677438344,0.0,0.06,0.21,0.15,0.26,0.87,0.0,0.0,0.39,2.54,1.01,6.69,0.0,0.0,0.0,0.0,0.0,0.0,0.0,1.0,0.0,0.0,0.0,0.0,0.0,1.0,1.0,726.16,61.84,78.94,68.9124526026519,5.361076655251262,69.63,84662362.16388263,9.5,11.738200894289635,7.588914307271001,35.55688339958386,0.93,141.55,MQTT-DoS-Connect_Flood
746.76,6.0,64.0,58.6780490192922,58.6780490192922,0.0,0.03,0.11,0.26,0.13,0.76,0.0,0.0,1.26,2.96,1.66,7.82,0.0,0.0,0.0,0.0,0.0,0.0,0.0,1.0,0.0,0.0,0.0,0.0,0.0,1.0,1.0,689.8,59.88,74.0,65.85342298465208,4.267833442575987,65.92,84662359.04500312,9.5,11.47573290261133,6.038780384180544,28.207762984772263,0.76,141.55,MQTT-DoS-Connect_Flood
75259.6,17.0,64.0,53.05588688835104,53.05588688835104,0.0,0.0,0.0,0.0,0.0,0.0,0.0,0.0,0.0,0.0,0.0,0.0,0.0,0.0,0.0,0.0,0.0,0.0,0.0,0.0,1.0,0.0,0.0,0.0,0.0,1.0,1.0,1580.6,88.0,112.0,101.99745575932496,5.230266444718473,101.3,169470758.42704898,13.5,14.2833394589519,7.4108258676423615,27.67821588241033,1.0,244.6,Benign
585.76,6.0,64.0,81.17632587939798,81.17632587939798,0.0,0.03,0.2,0.15,0.2,0.83,0.0,0.0,0.3,2.61,0.77,6.51,0.0,0.0,0.0,0.0,0.0,0.0,0.0,1.0,0.0,0.0,0.0,0.0,0.0,1.0,1.0,723.08,63.17,79.41,69.24696906314361,5.722628171361367,68.73,84662385.63525845,9.5,11.762583642990098,8.102028427638492,37.61359185393655,0.91,141.55,MQTT-DoS-Connect_Flood
474.27,6.0,64.0,9.56802658048749,9.56802658048749,0.0,0.23,0.15,0.18,0.28,0.78,0.0,0.0,1.2,1.73,0.7,5.6,0.0,0.0,0.0,0.0,0.0,0.0,0.0,1.0,0.0,0.0,0.0,0.0,0.0,1.0,1.0,704.86,61.12,75.64,66.66199395457484,5.186883209958232,68.16,84667039.46509168,9.5,11.539263604677425,7.336151991683944,41.28874953027195,0.83,141.55,MQTT-DDoS-Connect_Flood
231878.2,7.1,70.4,1.8385538297000967,1.8385538297000967,0.0,0.0,0.0,0.0,0.4,0.9,0.0,0.0,0.0,0.0,0.0,2776.8,0.0,0.0,0.0,0.0,0.0,0.0,0.0,0.9,0.1,0.0,0.0,0.0,0.0,1.0,1.0,663.8,66.0,314.4,126.47583333333334,93.43594621944712,106.2,0.1000093936920166,5.5,15.753554985490776,132.13838235670525,10017.021532738096,0.9,38.5,Benign
528.55,6.0,64.0,13.504163441386847,13.504163441386847,0.0,0.17,0.01,0.36,0.18,0.64,0.0,0.0,1.48,1.88,0.71,6.12,0.0,0.0,0.0,0.0,0.0,0.0,0.0,1.0,0.0,0.0,0.0,0.0,0.0,1.0,1.0,673.01,58.37,72.44,64.70339078736022,5.313454126569162,63.73,84667041.46360703,9.5,11.361548460762268,7.494920900285487,41.92276114145811,0.76,141.55,MQTT-DDoS-Connect_Flood
285.05,6.0,64.0,8.942571490925406,8.942571490925406,0.0,0.19,0.25,0.0,0.39,1.0,0.0,0.0,0.39,1.67,0.27,3.28,0.0,0.0,0.0,0.0,0.0,0.0,0.0,1.0,0.0,0.0,0.0,0.0,0.0,1.0,1.0,731.28,66.32,72.76,69.65370234718841,2.722983484238982,69.56,84667043.5533461,9.5,11.802024591688635,3.8520101820027857,8.429084609647754,0.92,141.55,MQTT-DDoS-Connect_Flood
71528.6,6.0,64.0,1.1903401953851926,1.1903401953851926,0.0,0.0,0.0,0.0,0.5,1.0,0.0,0.0,0.0,0.0,0.0,895.7,0.0,0.0,0.0,0.0,0.0,0.0,0.0,1.0,0.0,0.0,0.0,0.0,0.0,1.0,1.0,432.4,68.2,92.6,79.30789682539684,10.478924701764022,79.0,0.0001155138015747,5.5,12.591778257615646,14.81943743232112,124.46034200995211,0.9,38.5,Benign
583.53,6.0,64.0,10.598329550812624,10.598329550812624,0.0,0.04,0.17,0.14,0.24,0.84,0.0,0.0,0.82,2.34,0.66,6.59,0.0,0.0,0.0,0.0,0.0,0.0,0.0,1.0,0.0,0.0,0.0,0.0,0.0,1.0,1.0,718.62,60.65,76.14,68.5873334359569,5.3844215568896185,68.48,84662384.08660966,9.5,11.707303016343058,7.604805304294969,34.66499669205148,0.93,141.55,MQTT-DoS-Connect_Flood
43653.89,6.0,64.0,79.56929191150661,79.56929191150661,0.0,0.0,0.0,0.0,0.56,1.0,0.0,0.0,0.0,0.0,0.0,124.4,0.0,0.0,0.0,0.0,0.0,0.0,0.0,1.0,0.0,0.0,0.0,0.0,0.0,1.0,1.0,4896.9,180.76,1000.36,453.63187880712337,297.9151241906475,535.0,84666484.0482478,9.5,28.09028541007605,420.0895797278934,135606.01606685392,0.74,141.55,MQTT-DoS-Publish_Flood
312.65,6.0,64.0,7.679530923266026,7.679530923266026,0.0,0.19,0.39,0.0,0.16,0.85,0.0,0.0,0.58,1.84,0.34,3.34,0.0,0.0,0.0,0.0,0.0,0.0,0.0,1.0,0.0,0.0,0.0,0.0,0.0,1.0,1.0,744.68,66.36,77.16,70.88484630247635,4.134669496763877,70.79,84667019.84720822,9.5,11.905129896928369,5.848555102589356,20.84020151261939,0.91,141.55,MQTT-DDoS-Connect_Flood
234.96,6.0,64.0,11.846456882766596,11.846456882766596,0.0,0.14,0.42,0.03,0.13,0.72,0.0,0.0,0.35,1.34,0.08,2.71,0.0,0.0,0.0,0.0,0.0,0.0,0.0,1.0,0.0,0.0,0.0,0.0,0.0,1.0,1.0,738.1,64.52,75.6,70.16259104341651,3.6020654020916627,70.39,84667041.56572181,9.5,11.8442196291097,5.096083318329388,19.45309960243285,0.84,141.55,MQTT-DDoS-Connect_Flood
388.46,6.0,64.0,11.386851626340553,11.386851626340553,0.0,0.38,0.23,0.0,0.29,0.77,0.0,0.0,1.01,1.82,0.16,4.57,0.0,0.0,0.0,0.0,0.0,0.0,0.0,1.0,0.0,0.0,0.0,0.0,0.0,1.0,1.0,732.24,66.36,76.32,69.63063975446637,3.8478170278031945,70.26,84667045.22458553,9.5,11.798838754568624,5.4394738497567285,20.40022204991084,0.89,141.55,MQTT-DDoS-Connect_Flood
13595.42,6.0,64.0,15.52066297855057,15.52066297855057,0.0,0.01,0.06,0.23,0.5,0.77,0.0,0.0,0.63,1.64,8.66,25.61,0.0,0.0,0.0,0.0,0.0,0.0,0.0,1.0,0.0,0.0,0.0,0.0,0.0,1.0,1.0,3210.81,99.98,769.68,297.48501582670855,264.8691026776253,397.57,84666977.21094365,9.5,22.105412838659326,370.68614354218863,148595.5777051593,0.9,141.55,MQTT-DDoS-Publish_Flood
76671.0,6.0,248.0,42.48848590997661,42.48848590997661,0.0,0.0,0.0,0.0,0.0,1.0,0.0,0.0,0.0,1.0,0.0,866.5,0.0,1.0,0.0,0.0,0.0,0.0,0.0,1.0,0.0,0.0,0.0,0.0,0.0,1.0,1.0,363.0,66.0,66.0,66.0,0.0,66.0,0.0001301050186157,5.5,11.489125293076055,0.0,0.0,0.0,38.5,Benign
2523.4,8.2,71.6,21.8159352127391,21.8159352127391,0.0,0.1,0.1,0.0,0.2,0.8,0.0,0.0,0.3,0.8,0.0,6.6,0.0,0.8,0.2,0.0,0.0,0.0,0.0,0.8,0.2,0.0,0.0,0.0,0.0,1.0,1.0,2211.9,66.0,578.1,132.75824477809775,144.20279104892882,472.1,169463142.3633852,13.5,15.678004474683007,199.7910541007748,47326.86809460055,1.0,244.6,Benign
495.96,6.0,64.0,11.70114463172029,11.70114463172029,0.0,0.16,0.32,0.19,0.09,0.5,0.0,0.0,1.42,2.03,0.45,5.7,0.0,0.0,0.0,0.0,0.0,0.0,0.0,1.0,0.0,0.0,0.0,0.0,0.0,1.0,1.0,707.15,58.96,78.2,67.01131211646111,6.166411594009074,67.89,84667033.71121314,9.5,11.570374117663755,8.725510088122023,47.9403326265813,0.85,141.55,MQTT-DDoS-Connect_Flood
305080.0,7.1,83.1,1.1510019989595586,1.1510019989595586,0.0,0.0,0.0,0.0,0.4,0.9,0.0,0.0,0.0,0.0,0.0,3613.6,0.0,0.0,0.0,0.0,0.0,0.0,0.0,0.9,0.1,0.0,0.0,0.0,0.0,1.0,1.0,1224.2,66.0,123.8,78.6925849778017,16.274753191238602,94.8,169468147.2449777,13.5,12.478209534117584,19.53870899680062,191.31259261837693,1.0,244.6,Benign
71.66,6.0,64.0,163.55604852686304,163.55604852686304,0.0,0.03,0.43,0.0,0.38,0.73,0.0,0.0,0.03,0.43,0.0,0.74,0.0,0.0,0.0,0.0,0.0,0.0,0.0,1.0,0.0,0.0,0.0,0.0,0.0,1.0,1.0,746.24,68.88,73.28,71.09997911135991,1.5624180674535797,70.96,84667042.93559578,9.5,11.92369476515852,2.2089976710558163,3.7178327957249415,0.68,141.55,MQTT-DDoS-Connect_Flood
79684.22,6.0,64.0,62.76474733434266,62.76474733434266,0.0,0.0,0.0,0.0,0.56,1.0,0.0,0.0,0.0,0.0,0.0,246.49,0.0,0.0,0.0,0.0,0.0,0.0,0.0,1.0,0.0,0.0,0.0,0.0,0.0,1.0,1.0,4056.13,140.62,1136.14,394.5278301249834,331.32394146805643,411.53,84666499.1727383,9.5,26.766333798519845,468.0400386506072,144248.90702497523,0.87,141.55,MQTT-DoS-Publish_Flood
283898.9,9.3,51.4,1.73079688287855,1.73079688287855,0.0,0.0,0.0,0.0,0.4,0.7,0.0,0.0,0.0,0.0,0.0,3572.4,0.0,0.0,0.0,0.0,0.0,0.0,0.0,0.7,0.3,0.0,0.0,0.0,0.0,1.0,1.0,1078.8,67.9,597.0,168.69186507936507,177.18923507867984,192.6,0.1001556158065795,5.5,17.879236394576093,250.5834193547836,50273.28750357458,0.9,38.5,Benign
341.22,6.0,64.0,17.665512201107777,17.665512201107777,0.0,0.14,0.07,0.3,0.13,0.65,0.0,0.0,1.05,0.79,0.51,3.81,0.0,0.0,0.0,0.0,0.0,0.0,0.0,1.0,0.0,0.0,0.0,0.0,0.0,1.0,1.0,676.43,55.56,76.32,63.85609706603165,6.488715881138128,64.88,84667049.61751899,9.5,11.29641624811255,9.176392715037622,49.64227666426045,0.9,141.55,MQTT-DDoS-Connect_Flood
188941.5,7.1,64.0,15.608467318840807,15.608467318840807,0.0,0.0,0.0,0.0,0.4,0.9,0.0,0.0,0.0,0.0,0.0,474.8,0.0,0.0,0.0,0.0,0.0,0.0,0.0,0.9,0.1,0.0,0.0,0.0,0.0,1.0,1.0,464.8,66.0,117.6,82.8295238095238,20.87337834623439,94.4,0.0009001016616821,5.5,12.858800700921933,29.51941474978956,546.7840532879818,0.9,38.5,Benign
295231.5,3.0,32.0,2.0336482812239653,2.0336482812239653,0.0,0.0,0.0,0.0,0.2,0.5,0.0,0.0,0.0,0.0,0.0,3800.8,0.0,0.0,0.0,0.0,0.0,0.0,0.0,0.5,0.0,0.0,0.5,0.0,0.0,0.5,0.5,2022.8,54.0,928.0,133.17177834678222,212.28651618446693,59.4,169468629.88472998,13.5,16.314542528212918,300.85216089181034,45549.19405111144,1.0,244.6,Benign
87423.0,6.0,64.0,2004.275080904768,2004.275080904768,0.0,0.0,0.0,0.0,0.0,1.0,0.0,0.0,0.0,0.0,0.0,80.5,0.0,1.0,0.0,0.0,0.0,0.0,0.0,1.0,0.0,0.0,0.0,0.0,0.0,1.0,1.0,23157.0,1494.0,1494.0,1494.0,0.0,1494.0,169323394.65853012,13.5,54.6626014748658,0.0,0.0,0.0,244.6,MQTT-Malformed_Data
397631.0,6.0,64.0,1.5938979497235155,1.5938979497235155,0.0,0.0,0.0,0.0,0.5,1.0,0.0,0.0,0.0,0.0,0.0,5065.1,0.0,0.0,0.0,0.0,0.0,0.0,0.0,1.0,0.0,0.0,0.0,0.0,0.0,1.0,1.0,435.5,66.0,106.5,79.08150793650793,15.714200324179538,78.3,0.0001056909561157,5.5,12.568931640084958,22.22323522030239,280.9733053036029,0.9,38.5,Benign
424.78,6.0,64.0,10.01215128600146,10.01215128600146,0.0,0.13,0.2,0.25,0.22,0.66,0.0,0.0,0.99,1.77,0.48,4.93,0.0,0.0,0.0,0.0,0.0,0.0,0.0,1.0,0.0,0.0,0.0,0.0,0.0,1.0,1.0,710.61,60.44,79.06,68.2329935461855,6.766646993549199,67.61,84667020.17834693,9.5,11.677811029742102,9.578833368292596,54.95076793731359,0.95,141.55,MQTT-DDoS-Connect_Flood
533.01,6.0,64.0,10.422969406147867,10.422969406147867,0.0,0.23,0.24,0.03,0.29,0.79,0.0,0.0,1.37,2.13,0.48,6.27,0.0,0.0,0.0,0.0,0.0,0.0,0.0,1.0,0.0,0.0,0.0,0.0,0.0,1.0,1.0,755.19,66.33,78.29,71.528649710111,4.73968074526863,72.03,84667033.62897995,9.5,11.957361335965452,6.702161097264335,29.093475909233835,0.87,141.55,MQTT-DDoS-Connect_Flood
341708.0,6.0,64.0,2.033977268896931,2.033977268896931,0.0,0.0,0.0,0.0,0.5,1.0,0.0,0.0,0.0,0.0,0.0,4399.1,0.0,0.0,0.0,0.0,0.0,0.0,0.0,1.0,0.0,0.0,0.0,0.0,0.0,1.0,1.0,2301.6,66.0,930.0,151.0970320542031,217.7546807496138,77.9,169467219.3817107,13.5,17.38596987007866,308.5685005187544,47922.00285975078,1.0,244.6,Benign
599314.0,7.1,57.7,2.0285143559474683,2.0285143559474683,0.0,0.0,0.0,0.0,0.4,0.9,0.0,0.0,0.0,0.0,0.0,7410.6,0.0,0.0,0.0,0.0,0.0,0.0,0.0,0.9,0.1,0.0,0.0,0.0,0.0,1.0,1.0,464.3,66.0,117.1,82.84285714285716,20.775732088550328,93.7,0.0033934116363525,5.5,12.860081941969783,29.38132208785778,533.2838310657596,0.9,38.5,Benign
28816.6,6.0,64.0,45.876958715486815,45.876958715486815,0.0,0.0,0.02,0.38,0.38,0.6,0.0,0.0,0.91,0.11,21.06,40.71,0.0,0.0,0.0,0.0,0.0,0.0,0.0,1.0,0.0,0.0,0.0,0.0,0.0,1.0,1.0,6979.73,285.02,1181.88,645.181920642481,359.01313257510816,806.37,84666968.06608595,9.5,32.383152782689564,507.27880153634527,190210.5549440716,0.73,141.55,MQTT-DDoS-Publish_Flood
494.13,6.0,64.0,8.408980026186438,8.408980026186438,0.0,0.1,0.09,0.32,0.11,0.62,0.0,0.0,1.28,1.93,0.65,5.59,0.0,0.0,0.0,0.0,0.0,0.0,0.0,1.0,0.0,0.0,0.0,0.0,0.0,1.0,1.0,670.9,54.65,76.3,63.41843102129208,7.720373336503445,64.6,84667020.90528767,9.5,11.258537672470224,10.91661534408154,69.0793800375616,0.94,141.55,MQTT-DDoS-Connect_Flood
447.67,6.0,64.0,43.74535873752198,43.74535873752198,0.0,0.03,0.18,0.14,0.3,0.87,0.0,0.0,0.08,2.11,0.44,5.04,0.0,0.0,0.0,0.0,0.0,0.0,0.0,1.0,0.0,0.0,0.0,0.0,0.0,1.0,1.0,746.13,63.91,79.68,70.77923304052328,5.611248365183386,70.68,84662383.88200195,9.5,11.89374233339245,7.940311408590138,37.76216267124512,0.91,141.55,MQTT-DoS-Connect_Flood
86504.68,6.0,64.0,73.85975771884878,73.85975771884878,0.0,0.0,0.0,0.0,0.8,1.0,0.0,0.0,0.0,0.0,0.0,318.0,0.0,0.0,0.0,0.0,0.0,0.0,0.0,1.0,0.0,0.0,0.0,0.0,0.0,1.0,1.0,1865.84,137.94,217.51,179.3556947088859,28.715329956276605,175.0,84666496.74624825,9.5,18.660212434385727,40.62658950194069,1574.1613411325325,0.57,141.55,MQTT-DoS-Publish_Flood
275.7,6.0,63.91,24.30769249224397,24.30769249224397,0.0,0.15,0.1,0.41,0.14,0.55,0.0,0.0,0.74,0.76,0.61,2.91,0.0,0.01,0.0,0.0,0.0,0.0,0.0,1.0,0.0,0.0,0.0,0.0,0.0,1.0,1.0,668.97,56.04,72.87,63.54487656014437,5.4728754323115485,63.08,84667023.491717,9.5,11.264584253955933,7.747690677449941,41.21884786360911,0.81,141.55,MQTT-DDoS-Connect_Flood
43549.4,6.0,64.0,1.481717660045595,1.481717660045595,0.0,0.0,0.0,0.0,0.5,1.0,0.0,0.0,0.0,0.0,0.0,552.7,0.0,0.0,0.0,0.0,0.0,0.0,0.0,1.0,0.0,0.0,0.0,0.0,0.0,1.0,1.0,435.6,68.2,97.2,79.72952380952383,11.32280008112551,78.6,0.0998955965042114,5.5,12.625293432680191,16.01285743876688,146.76542630385487,0.9,38.5,Benign
18775.43,6.0,65.84,36.30155083916216,36.30155083916216,0.0,0.0,0.0,0.46,0.23,0.54,0.0,0.0,0.85,0.88,7.49,30.12,0.0,0.01,0.0,0.0,0.0,0.0,0.0,1.0,0.0,0.0,0.0,0.0,0.0,1.0,1.0,5056.0,93.58,913.5,459.0820474422809,351.45585006245614,512.17,84666961.0155803,9.5,26.480580702172976,496.9197161607122,219390.59814466487,0.79,141.55,MQTT-DDoS-Publish_Flood
282.0,6.0,64.0,14.93407360843195,14.93407360843195,0.0,0.18,0.35,0.0,0.21,0.99,0.0,0.0,0.53,1.5,0.28,3.32,0.0,0.0,0.0,0.0,0.0,0.0,0.0,1.0,0.0,0.0,0.0,0.0,0.0,1.0,1.0,739.51,66.56,73.43,70.50108847636712,2.7552845825069268,70.25,84667027.31061968,9.5,11.873383639307468,3.8987037391932944,9.36116318655528,0.88,141.55,MQTT-DDoS-Connect_Flood
376.59,6.0,64.0,12.418689988137308,12.418689988137308,0.0,0.52,0.0,0.19,0.04,0.81,0.0,0.0,0.98,1.29,0.39,4.48,0.0,0.0,0.0,0.0,0.0,0.0,0.0,1.0,0.0,0.0,0.0,0.0,0.0,1.0,1.0,671.92,61.08,66.0,63.63788684311904,2.279841885488363,63.88,84667023.84599681,9.5,11.277744354268172,3.2034913640932707,12.110501319462209,0.5,141.55,MQTT-DDoS-Connect_Flood
206729.4,6.0,64.0,2.033576565392216,2.033576565392216,0.0,0.0,0.0,0.0,0.5,1.0,0.0,0.0,0.0,0.0,0.0,2755.1,0.0,0.0,0.0,0.0,0.0,0.0,0.0,1.0,0.0,0.0,0.0,0.0,0.0,1.0,1.0,1222.8,66.0,111.0,79.03448215698991,14.9846648652482,75.2,169470442.04704928,13.5,12.577353945872073,21.203965444422344,225.3992642180596,1.0,244.6,Benign
188894.6,6.0,64.0,1.4474534009444189,1.4474534009444189,0.0,0.0,0.0,0.0,0.5,1.0,0.0,0.0,0.0,0.0,0.0,2343.2,0.0,0.0,0.0,0.0,0.0,0.0,0.0,1.0,0.0,0.0,0.0,0.0,0.0,1.0,1.0,432.3,66.0,101.9,77.35587301587302,13.5721071316745,78.5,1.4281272888183592e-05,5.5,12.43293766161373,19.193857975594675,211.0895095742001,0.9,38.5,Benign
582.4,6.0,64.0,9.928781143311111,9.928781143311111,0.0,0.22,0.08,0.33,0.18,0.62,0.0,0.0,1.74,2.01,0.88,6.71,0.0,0.0,0.0,0.0,0.0,0.0,0.0,1.0,0.0,0.0,0.0,0.0,0.0,1.0,1.0,672.59,56.6,75.9,63.08111799487922,7.124869003193724,64.79,84667047.61198369,9.5,11.224836081821882,10.073373948844196,65.98298444402407,0.89,141.55,MQTT-DDoS-Connect_Flood
687.29,6.0,64.0,51.01536019808551,51.01536019808551,0.0,0.06,0.24,0.14,0.23,0.83,0.0,0.0,0.29,2.98,1.0,7.79,0.0,0.0,0.0,0.0,0.0,0.0,0.0,1.0,0.0,0.0,0.0,0.0,0.0,1.0,1.0,726.71,64.28,76.56,69.12312839899178,4.545847367859498,69.37,84662362.90693867,9.5,11.754935484536666,6.435480155110539,26.649552003360483,0.87,141.55,MQTT-DoS-Connect_Flood
294959.0,7.0,57.6,1.2995707262121807,1.2995707262121807,0.0,0.0,0.0,0.0,0.3,0.6,0.0,0.0,0.0,0.0,0.0,3920.3,0.0,0.0,0.1,0.0,0.0,0.0,0.0,0.6,0.2,0.0,0.2,0.0,0.0,0.8,0.8,753.4,60.6,422.8,116.9034126984127,115.70203623111776,163.6,0.0080054998397827,5.5,14.968127458259248,163.62738883222994,31028.13367189468,0.9,38.5,Benign
182251.8,6.0,64.0,2.0330094279176416,2.0330094279176416,0.0,0.0,0.0,0.0,0.5,1.0,0.0,0.0,0.0,0.0,0.0,2428.7,0.0,0.0,0.0,0.0,0.0,0.0,0.0,1.0,0.0,0.0,0.0,0.0,0.0,1.0,1.0,1223.8,66.0,111.0,79.10135929730743,15.122795292338177,75.2,169465433.5192688,13.5,12.582686572356495,21.39973802574448,229.5933141528606,1.0,244.6,Benign
344.36,6.0,64.0,11.13108783202724,11.13108783202724,0.0,0.17,0.35,0.1,0.11,0.77,0.0,0.0,0.88,1.58,0.27,4.17,0.0,0.0,0.0,0.0,0.0,0.0,0.0,1.0,0.0,0.0,0.0,0.0,0.0,1.0,1.0,721.54,63.72,73.59,68.85093529299219,3.928317580226724,68.3,84667041.95859377,9.5,11.728559594769592,5.5424145141003525,17.417406867439997,0.93,141.55,MQTT-DDoS-Connect_Flood
122551.7,8.2,57.7,1.010970243114529,1.010970243114529,0.0,0.0,0.0,0.0,0.4,0.8,0.0,0.0,0.0,0.0,0.0,1615.4,0.0,0.0,0.0,0.0,0.0,0.0,0.0,0.8,0.2,0.0,0.0,0.0,0.0,1.0,1.0,2011.7,66.0,847.2,129.693074050992,188.5781559485428,162.0,169469639.6419674,13.5,16.077104283567998,267.30851401563314,39233.552347808334,1.0,244.6,Benign
35826.8,6.0,81.5,1.7360716735461648,1.7360716735461648,0.0,0.0,0.0,0.0,0.5,1.0,0.0,0.0,0.0,0.0,0.0,448.7,0.0,0.0,0.0,0.0,0.0,0.0,0.0,1.0,0.0,0.0,0.0,0.0,0.0,1.0,1.0,545.0,70.8,222.0,114.81924603174602,54.0645982539023,87.8,0.0998603820800781,5.5,14.984466565125183,76.45888809492138,3377.1176477544723,0.9,38.5,Benign
156693.0,6.0,64.0,2.034342742128163,2.034342742128163,0.0,0.0,0.0,0.0,0.5,1.0,0.0,0.0,0.0,0.0,0.0,1983.5,0.0,0.0,0.0,0.0,0.0,0.0,0.0,1.0,0.0,0.0,0.0,0.0,0.0,1.0,1.0,9242.8,60.0,1435.0,615.2148190822766,569.6140061790936,80.4,169462175.69845507,13.5,35.01838329014558,806.6200018815118,325389.1599308279,1.0,244.6,Benign
7945.92,6.0,64.0,12.922690350593454,12.922690350593454,0.0,0.04,0.0,0.12,0.43,0.88,0.0,0.0,0.7,1.46,5.19,18.89,0.0,0.0,0.0,0.0,0.0,0.0,0.0,1.0,0.0,0.0,0.0,0.0,0.0,1.0,1.0,4807.25,123.32,1044.27,420.6943207599935,331.23324690694494,556.15,84666968.5412433,9.5,27.117982938167994,468.65870291156295,155686.73449601873,0.95,141.55,MQTT-DDoS-Publish_Flood
10122.0,7.1,62.2,77.35077450467948,77.35077450467948,0.0,0.0,0.0,0.0,0.7,0.9,0.0,0.0,0.0,0.9,0.0,11.9,0.0,0.9,0.1,0.0,0.0,0.0,0.0,0.9,0.1,0.0,0.0,0.0,0.0,1.0,1.0,15608.8,66.0,1514.0,1012.243232338267,623.3093933909437,751.0,169469420.9234708,13.5,45.037295231154914,881.8081858723496,388955.3870459591,1.0,244.6,Benign
159313.0,6.0,64.0,2.0343377625272487,2.0343377625272487,0.0,0.0,0.0,0.0,0.5,1.0,0.0,0.0,0.0,0.0,0.0,1983.5,0.0,0.0,0.0,0.0,0.0,0.0,0.0,1.0,0.0,0.0,0.0,0.0,0.0,1.0,1.0,1374.2,66.0,217.0,88.90520336431715,37.66321804924881,80.6,169463631.407337,13.5,13.342136539525152,53.342459418858496,1429.067306804744,1.0,244.6,Benign
714.96,6.0,64.0,6.065003798913864,6.065003798913864,0.0,0.15,0.06,0.13,0.27,0.81,0.0,0.0,1.9,3.1,0.76,7.96,0.0,0.0,0.0,0.0,0.0,0.0,0.0,1.0,0.0,0.0,0.0,0.0,0.0,1.0,1.0,745.54,60.72,82.08,71.834127991032,7.612250529542689,69.43,84667042.86363064,9.5,11.98107314445408,10.771897755262792,66.92736304059295,0.92,141.55,MQTT-DDoS-Connect_Flood
487.31,6.0,64.0,7.846725861148444,7.846725861148444,0.0,0.15,0.13,0.13,0.22,0.87,0.0,0.0,1.15,2.17,0.53,5.52,0.0,0.0,0.0,0.0,0.0,0.0,0.0,1.0,0.0,0.0,0.0,0.0,0.0,1.0,1.0,710.55,59.24,77.71,67.54999576098996,6.188198492862779,67.91,84667042.27365486,9.5,11.6186143966416,8.754474193982475,47.03263620273714,0.92,141.55,MQTT-DDoS-Connect_Flood
573.16,6.0,64.0,8.92268625989253,8.92268625989253,0.0,0.34,0.24,0.12,0.28,0.67,0.0,0.0,1.72,2.18,0.55,6.71,0.0,0.0,0.0,0.0,0.0,0.0,0.0,1.0,0.0,0.0,0.0,0.0,0.0,1.0,1.0,720.75,61.73,76.82,68.45936241179702,4.820670426418373,68.98,84667038.55864954,9.5,11.699166074214128,6.826274124408591,31.411552305564182,0.86,141.55,MQTT-DDoS-Connect_Flood
334.69,6.0,64.0,9.37027177955328,9.37027177955328,0.0,0.33,0.28,0.01,0.28,0.93,0.0,0.0,0.72,1.69,0.15,3.94,0.0,0.0,0.0,0.0,0.0,0.0,0.0,1.0,0.0,0.0,0.0,0.0,0.0,1.0,1.0,745.0,66.86,77.0,71.17713853286375,4.10066486599118,70.92,84667018.98712313,9.5,11.929550936435126,5.801555738365197,22.684195262608167,0.88,141.55,MQTT-DDoS-Connect_Flood
397.42,6.0,64.0,9.949937292377918,9.949937292377918,0.0,0.26,0.28,0.05,0.05,0.89,0.0,0.0,0.99,1.89,0.44,4.53,0.0,0.0,0.0,0.0,0.0,0.0,0.0,1.0,0.0,0.0,0.0,0.0,0.0,1.0,1.0,718.18,63.17,75.83,68.10522805221954,4.849378821441769,68.49,84667038.34775615,9.5,11.667525005523911,6.852728458551363,28.668536270133,0.9,141.55,MQTT-DDoS-Connect_Flood
126.62,6.0,64.0,22428.715801088256,22428.715801088256,0.0,0.16,0.12,0.26,0.18,0.7,0.0,0.0,0.22,0.19,0.32,1.47,0.0,0.0,0.0,0.0,0.0,0.0,0.0,1.0,0.0,0.0,0.0,0.0,0.0,1.0,1.0,685.64,57.36,78.5,65.13013911054546,6.959177809817972,65.34,84667044.80702518,9.5,11.408665778680756,9.840594924609972,59.31194566349271,0.91,141.55,MQTT-DDoS-Connect_Flood
407.34,6.0,64.0,13.251925933446174,13.251925933446174,0.0,0.39,0.1,0.14,0.25,0.8,0.0,0.0,1.14,1.5,0.24,4.91,0.0,0.0,0.0,0.0,0.0,0.0,0.0,1.0,0.0,0.0,0.0,0.0,0.0,1.0,1.0,733.31,62.14,80.72,70.13716497322767,7.387521461815998,69.33,84667038.25580451,9.5,11.83988909618701,10.445138713568454,67.81644468838053,0.9,141.55,MQTT-DDoS-Connect_Flood
451.81,6.0,64.0,11.968561568055025,11.968561568055025,0.0,0.34,0.05,0.08,0.48,0.88,0.0,0.0,1.02,1.92,0.31,5.27,0.0,0.0,0.0,0.0,0.0,0.0,0.0,1.0,0.0,0.0,0.0,0.0,0.0,1.0,1.0,734.12,62.28,76.29,69.76970956627652,5.104741657502984,70.14,84667028.20723535,9.5,11.80758996649336,7.226339329662474,40.192260572402354,0.83,141.55,MQTT-DDoS-Connect_Flood
199484.1,7.1,64.0,1.852052044091605,1.852052044091605,0.0,0.0,0.0,0.0,0.5,0.9,0.0,0.0,0.0,0.0,0.0,2442.7,0.0,0.0,0.0,0.0,0.0,0.0,0.0,0.9,0.1,0.0,0.0,0.0,0.0,1.0,1.0,1431.1,66.0,230.0,92.21676384245268,44.34299168036157,95.3,169466514.9241162,13.5,13.57293313446221,62.85326453648744,1983.517730125456,1.0,244.6,Benign
236.38,6.0,64.0,56.98926226208244,56.98926226208244,0.0,0.45,0.28,0.15,0.05,0.85,0.0,0.0,0.68,0.96,0.26,2.87,0.0,0.0,0.0,0.0,0.0,0.0,0.0,1.0,0.0,0.0,0.0,0.0,0.0,1.0,1.0,703.82,62.32,75.54,67.30794025706835,4.920434968074253,67.01,84667027.4533381,9.5,11.595194510182978,6.96322910705322,32.41533525998791,0.91,141.55,MQTT-DDoS-Connect_Flood
129.51,6.0,64.0,212033.82420568075,212033.82420568075,0.0,0.18,0.11,0.15,0.27,0.76,0.0,0.0,0.2,0.19,0.21,1.46,0.0,0.0,0.0,0.0,0.0,0.0,0.0,1.0,0.0,0.0,0.0,0.0,0.0,1.0,1.0,735.14,59.24,78.32,69.85051304753898,6.7706316419077055,69.85,84667035.576614,9.5,11.809319903475888,9.557786237790364,59.04980337025624,0.87,141.55,MQTT-DDoS-Connect_Flood
659.21,6.0,64.0,45.49536762291391,45.49536762291391,0.0,0.06,0.16,0.15,0.25,0.83,0.0,0.0,0.52,2.71,1.04,7.37,0.0,0.0,0.0,0.0,0.0,0.0,0.0,1.0,0.0,0.0,0.0,0.0,0.0,1.0,1.0,727.08,64.22,79.35,69.91451841884466,5.235295125871058,68.81,84662359.99931727,9.5,11.821498372766202,7.412192759201877,31.36981856040888,0.93,141.55,MQTT-DoS-Connect_Flood
280153.2,6.0,64.0,1.5132996442320947,1.5132996442320947,0.0,0.0,0.0,0.0,0.5,1.0,0.0,0.0,0.0,0.0,0.0,3409.9,0.0,0.0,0.0,0.0,0.0,0.0,0.0,1.0,0.0,0.0,0.0,0.0,0.0,1.0,1.0,1233.0,66.0,111.0,79.60298905300066,15.58331840785183,81.2,169463093.3047914,13.5,12.6232020938214,22.052373804671973,243.4938632727974,1.0,244.6,Benign
421748.7,6.0,64.0,1.304205631904654,1.304205631904654,0.0,0.0,0.0,0.0,0.5,1.0,0.0,0.0,0.0,0.0,0.0,5188.3,0.0,0.0,0.0,0.0,0.0,0.0,0.0,1.0,0.0,0.0,0.0,0.0,0.0,1.0,1.0,433.4,66.0,101.9,77.42218253968254,13.782782975067168,80.8,7.889270782470703e-05,5.5,12.438144600710324,19.491798610584983,217.7927235292265,0.9,38.5,Benign
676901.0,6.0,64.0,2.0338370181102454,2.0338370181102454,0.0,0.0,0.0,0.0,0.5,1.0,0.0,0.0,0.0,0.0,0.0,8427.9,0.0,0.0,0.0,0.0,0.0,0.0,0.0,1.0,0.0,0.0,0.0,0.0,0.0,1.0,1.0,2102.4,66.0,930.0,137.58150786477026,211.7185540762423,80.5,169467417.50746349,13.5,16.594772027384586,300.03107135983,45338.92735739907,1.0,244.6,Benign
491.26,6.0,64.0,12.149007335093028,12.149007335093028,0.0,0.44,0.13,0.12,0.25,0.76,0.0,0.0,1.27,2.02,0.42,5.65,0.0,0.0,0.0,0.0,0.0,0.0,0.0,1.0,0.0,0.0,0.0,0.0,0.0,1.0,1.0,728.35,61.1,78.76,69.56182005838158,6.222226646879366,68.76,84667025.95205444,9.5,11.791588362347548,8.80294544378431,51.32536017435097,0.85,141.55,MQTT-DDoS-Connect_Flood
223.32,6.0,64.0,10.677973082648515,10.677973082648515,0.0,0.25,0.24,0.2,0.12,0.73,0.0,0.0,0.71,0.77,0.32,2.5,0.0,0.0,0.0,0.0,0.0,0.0,0.0,1.0,0.0,0.0,0.0,0.0,0.0,1.0,1.0,708.92,60.68,77.16,67.35926138262323,5.469993271312237,67.16,84667018.06319496,9.5,11.602618253003016,7.732281594104055,42.73317863383785,0.87,141.55,MQTT-DDoS-Connect_Flood
13243.27,6.0,64.0,21.552365863294195,21.552365863294195,0.0,0.0,0.01,0.01,0.34,0.98,0.0,0.0,0.6,0.42,7.63,23.29,0.0,0.0,0.0,0.0,0.0,0.0,0.0,1.0,0.0,0.0,0.0,0.0,0.0,1.0,1.0,8599.2,270.46,1206.98,782.7412616899784,381.4411881454977,793.48,84666976.03863879,9.5,36.76371651759632,538.56956384594,213157.5342205033,0.72,141.55,MQTT-DDoS-Publish_Flood
432.87,6.0,64.0,8.586975541617925,8.586975541617925,0.0,0.22,0.45,0.28,0.01,0.31,0.0,0.0,1.14,1.96,0.54,4.7,0.0,0.0,0.0,0.0,0.0,0.0,0.0,1.0,0.0,0.0,0.0,0.0,0.0,1.0,1.0,700.05,62.16,72.93,66.83219576635096,4.399163122282155,66.89,84667045.22557367,9.5,11.550001825305564,6.225507741386689,25.31083947457756,0.89,141.55,MQTT-DDoS-Connect_Flood
371.99,6.0,64.0,10.691773333992671,10.691773333992671,0.0,0.2,0.2,0.26,0.16,0.72,0.0,0.0,0.97,1.47,0.5,4.45,0.0,0.0,0.0,0.0,0.0,0.0,0.0,1.0,0.0,0.0,0.0,0.0,0.0,1.0,1.0,688.65,61.48,74.89,65.54242974650909,4.888651003596849,65.74,84667035.29530573,9.5,11.441070190393493,6.90020147558689,39.12682227027594,0.87,141.55,MQTT-DDoS-Connect_Flood
43247.29,6.0,64.0,70.52978298127458,70.52978298127458,0.0,0.0,0.0,0.0,0.5,1.0,0.0,0.0,0.0,0.0,0.0,130.98,0.0,0.0,0.0,0.0,0.0,0.0,0.0,1.0,0.0,0.0,0.0,0.0,0.0,1.0,1.0,4422.55,66.0,1103.74,380.51348234608537,351.50442453848285,387.71,84666503.59827867,9.5,26.212183619076853,497.4873391518381,166261.0384034129,0.85,141.55,MQTT-DoS-Publish_Flood
299.45,6.0,64.0,12.594937425229626,12.594937425229626,0.0,0.28,0.37,0.0,0.25,0.72,0.0,0.0,0.78,1.33,0.0,3.38,0.0,0.0,0.0,0.0,0.0,0.0,0.0,1.0,0.0,0.0,0.0,0.0,0.0,1.0,1.0,761.57,67.28,81.19,72.55882292178926,4.871980204513849,72.24,84667031.80977908,9.5,12.04555167213858,6.8880736388352775,29.19744635627809,0.86,141.55,MQTT-DDoS-Connect_Flood
614.43,6.0,64.0,6.4776338355414325,6.4776338355414325,0.0,0.08,0.14,0.5,0.14,0.44,0.0,0.0,1.63,2.21,1.51,6.49,0.0,0.0,0.0,0.0,0.0,0.0,0.0,1.0,0.0,0.0,0.0,0.0,0.0,1.0,1.0,645.9,55.2,69.2,61.00776585115091,4.656995155695014,62.2,84667031.39479347,9.5,11.033810760162078,6.575153931994757,33.618868826751644,0.7,141.55,MQTT-DDoS-Connect_Flood
89202.97,6.0,64.0,69.18920679488927,69.18920679488927,0.0,0.0,0.0,0.0,0.03,1.0,0.0,0.0,0.0,0.0,0.0,419.31,0.0,0.0,0.0,0.0,0.0,0.0,0.0,1.0,0.0,0.0,0.0,0.0,0.0,1.0,1.0,805.27,66.0,130.31,72.27991576367388,16.500658776558268,88.89,84666508.0530405,9.5,11.904185722273178,23.428736721826244,4912.434854916816,0.06,141.55,MQTT-DoS-Publish_Flood
355182.4,6.0,64.0,1.4465307636082525,1.4465307636082525,0.0,0.0,0.0,0.0,0.5,1.0,0.0,0.0,0.0,0.0,0.0,4310.7,0.0,0.0,0.0,0.0,0.0,0.0,0.0,1.0,0.0,0.0,0.0,0.0,0.0,1.0,1.0,4907.6,66.0,1292.0,325.19184402456847,408.9628237956784,81.2,169470604.4565319,13.5,25.482435839962086,579.3273429005246,168388.54013739392,1.0,244.6,Benign
463.44,6.0,64.0,14.349545869870465,14.349545869870465,0.0,0.31,0.1,0.31,0.17,0.64,0.0,0.0,1.25,1.69,0.64,5.47,0.0,0.0,0.0,0.0,0.0,0.0,0.0,1.0,0.0,0.0,0.0,0.0,0.0,1.0,1.0,681.68,60.08,72.3,64.84205847527946,4.346795015495038,64.39,84667033.70531203,9.5,11.378692358527992,6.153207428289533,24.47016253551099,0.83,141.55,MQTT-DDoS-Connect_Flood
96207.0,6.0,248.0,37.78932715842883,37.78932715842883,0.0,0.0,0.0,0.0,0.0,1.0,0.0,0.0,0.0,1.0,0.0,1093.5,0.0,1.0,0.0,0.0,0.0,0.0,0.0,1.0,0.0,0.0,0.0,0.0,0.0,1.0,1.0,363.0,66.0,66.0,66.0,0.0,66.0,0.0007086038589477,5.5,11.489125293076055,0.0,0.0,0.0,38.5,Benign
60921.1,6.0,64.0,1.2541707980760424,1.2541707980760424,0.0,0.0,0.0,0.0,0.5,1.0,0.0,0.0,0.0,0.0,0.0,731.5,0.0,0.0,0.0,0.0,0.0,0.0,0.0,1.0,0.0,0.0,0.0,0.0,0.0,1.0,1.0,2160.8,66.0,928.0,141.4883213866457,210.9051110227368,80.8,169464140.51132423,13.5,16.820123344689016,298.9186186866872,44993.42092318476,1.0,244.6,Benign
41228.1,6.0,64.0,0.6633519717494598,0.6633519717494598,0.0,0.0,0.0,0.0,0.5,1.0,0.0,0.0,0.0,0.0,0.0,548.3,0.0,0.0,0.0,0.0,0.0,0.0,0.0,1.0,0.0,0.0,0.0,0.0,0.0,1.0,1.0,1214.0,66.0,117.0,78.37970772004054,16.13849168317676,78.2,169464165.011415,13.5,12.50440263782536,22.540996062143204,254.9175045169847,1.0,244.6,Benign
7445.47,6.0,64.0,22.95392019342527,22.95392019342527,0.0,0.0,0.02,0.03,0.47,0.95,0.0,0.0,0.35,0.06,2.98,17.03,0.0,0.0,0.0,0.0,0.0,0.0,0.0,1.0,0.0,0.0,0.0,0.0,0.0,1.0,1.0,6345.55,125.84,1426.66,588.5090707050088,540.9652712413599,630.25,84666961.4737559,9.5,33.446102630942846,765.3275644316226,324303.7883690276,0.92,141.55,MQTT-DDoS-Publish_Flood
176259.4,8.2,57.7,1.7877344573296958,1.7877344573296958,0.0,0.0,0.0,0.0,0.4,0.8,0.0,0.0,0.0,0.0,0.0,2135.6,0.0,0.0,0.0,0.0,0.0,0.0,0.0,0.8,0.2,0.0,0.0,0.0,0.0,1.0,1.0,650.5,70.5,274.8,107.8295634920635,66.43867216598437,180.2,0.0173381090164184,5.5,14.511085951552117,93.95847124319496,13866.893789099897,0.9,38.5,Benign
556.48,6.0,64.0,10.199665772016,10.199665772016,0.0,0.1,0.09,0.3,0.19,0.65,0.0,0.0,1.36,2.09,0.77,6.37,0.0,0.0,0.0,0.0,0.0,0.0,0.0,1.0,0.0,0.0,0.0,0.0,0.0,1.0,1.0,693.94,57.53,77.84,65.59047339472532,7.20477889847354,65.87,84667044.6014459,9.5,11.447016017484236,10.186320478446309,64.0675042198966,0.91,141.55,MQTT-DDoS-Connect_Flood
537.79,6.0,64.0,11.908423491813808,11.908423491813808,0.0,0.19,0.18,0.35,0.15,0.58,0.0,0.0,1.51,1.97,0.77,6.2,0.0,0.0,0.0,0.0,0.0,0.0,0.0,1.0,0.0,0.0,0.0,0.0,0.0,1.0,1.0,678.05,56.81,76.86,64.18124363991701,7.639078955802192,65.37,84667020.41729894,9.5,11.323302579767995,10.806072612427426,74.2358503115261,0.9,141.55,MQTT-DDoS-Connect_Flood
88469.17,6.0,64.0,118.75169630506572,118.75169630506572,0.0,0.0,0.0,0.0,0.33,1.0,0.0,0.0,0.0,0.0,0.0,432.49,0.0,0.0,0.0,0.0,0.0,0.0,0.0,1.0,0.0,0.0,0.0,0.0,0.0,1.0,1.0,1145.35,66.0,164.1,97.65811949887916,37.74803870401357,113.96,84666479.69847932,9.5,13.736274640235104,53.39816229174734,3069.9476176901453,0.49,141.55,MQTT-DoS-Publish_Flood
22005.4,8.2,62.6,1.7256252231693452,1.7256252231693452,0.0,0.2,0.0,0.0,0.4,0.8,0.0,0.0,0.6,2.5,0.0,185.1,0.5,0.0,0.0,0.0,0.0,0.0,0.0,0.8,0.2,0.0,0.0,0.0,0.0,1.0,1.0,1273.1,80.8,787.6,241.21821428571428,255.2207206505012,187.6,0.0561177968978881,5.5,21.746487218389262,360.9366045425738,78726.12759112811,0.9,38.5,MQTT-Malformed_Data
331.07,6.0,64.0,145.27446531814553,145.27446531814553,0.0,0.15,0.13,0.29,0.21,0.63,0.0,0.0,0.53,1.72,0.57,3.14,0.0,0.0,0.0,0.0,0.0,0.0,0.0,1.0,0.0,0.0,0.0,0.0,0.0,1.0,1.0,703.35,56.15,79.91,66.94469168619479,8.768232071570763,66.78,84662358.36176002,9.5,11.568110020671902,12.406072779402274,86.41351347757212,0.92,141.55,MQTT-DoS-Connect_Flood
1265007.0,17.0,60.0,435.22044922794777,435.22044922794777,0.0,0.0,0.0,0.0,0.0,0.0,0.0,0.0,0.0,0.0,0.0,0.0,0.0,0.0,0.0,0.0,0.0,0.0,0.0,0.0,1.0,0.0,0.0,0.0,0.0,1.0,1.0,7106.0,1292.0,1292.0,1292.0,0.0,1292.0,0.0013524055480957,5.5,50.83306010855534,0.0,0.0,0.0,38.5,Benign
8423.4,5.4,179.2,6.02717591842175,6.02717591842175,0.0,0.1,0.0,0.0,0.5,0.9,0.0,0.0,0.5,2.8,0.8,68.8,0.0,0.9,0.0,0.0,0.0,0.0,0.0,0.9,0.0,0.0,0.1,0.0,0.0,0.9,0.9,1364.2,42.0,394.4,86.0918273410456,82.92846834761653,127.5,169462199.7886071,13.5,13.08328467787681,117.55459991889153,8149.527429638579,1.0,244.6,Benign
46954.67,6.0,64.0,78.78890333892934,78.78890333892934,0.0,0.0,0.0,0.0,0.03,1.0,0.0,0.0,0.0,0.0,0.0,237.5,0.0,0.0,0.0,0.0,0.0,0.0,0.0,1.0,0.0,0.0,0.0,0.0,0.0,1.0,1.0,718.07,67.09,89.98,70.08790464733924,7.063509960793633,69.27,84666493.28891678,9.5,11.799097373100151,9.879324239085571,249.93595161992343,0.21,141.55,MQTT-DoS-Publish_Flood
649808.0,6.0,64.0,2.0338649461251084,2.0338649461251084,0.0,0.0,0.0,0.0,0.5,1.0,0.0,0.0,0.0,0.0,0.0,8090.9,0.0,0.0,0.0,0.0,0.0,0.0,0.0,1.0,0.0,0.0,0.0,0.0,0.0,1.0,1.0,445.0,67.8,100.4,80.34900793650795,13.148305008490942,80.6,0.0677196979522705,5.5,12.674263372290977,18.594511265225982,206.7465020628621,0.9,38.5,Benign
457.73,6.0,64.0,8.880636001694592,8.880636001694592,0.0,0.24,0.19,0.19,0.24,0.71,0.0,0.0,1.18,1.79,0.64,5.34,0.0,0.0,0.0,0.0,0.0,0.0,0.0,1.0,0.0,0.0,0.0,0.0,0.0,1.0,1.0,698.55,59.8,73.59,66.08768279188132,4.680184322643759,67.45,84667035.74089041,9.5,11.489997196068211,6.617521113521214,31.46098714064205,0.92,141.55,MQTT-DDoS-Connect_Flood
359862.0,6.0,69.9,1.8389220942641848,1.8389220942641848,0.0,0.0,0.0,0.0,0.4,1.0,0.0,0.0,0.0,0.0,0.0,4618.7,0.0,0.1,0.0,0.0,0.0,0.0,0.0,1.0,0.0,0.0,0.0,0.0,0.0,1.0,1.0,410.5,66.0,92.3,73.30996031746031,9.923845881858345,75.8,0.1000411987304687,5.5,12.105496237352964,14.03443743702446,119.0008928413958,0.9,38.5,Benign
338.31,6.0,64.0,9.62551841472119,9.62551841472119,0.0,0.2,0.1,0.14,0.22,0.85,0.0,0.0,0.67,1.56,0.31,4.02,0.0,0.0,0.0,0.0,0.0,0.0,0.0,1.0,0.0,0.0,0.0,0.0,0.0,1.0,1.0,700.19,62.76,72.35,66.55927634804998,3.6669504890868097,66.37,84667019.49292947,9.5,11.532116651848291,5.176691314186187,17.01906381660048,0.91,141.55,MQTT-DDoS-Connect_Flood
39670.5,6.0,64.0,94.19519180195796,94.19519180195796,0.0,0.0,0.0,0.0,0.4,1.0,0.0,0.0,0.0,0.0,0.0,145.9,0.0,0.0,0.0,0.0,0.0,0.0,0.0,1.0,0.0,0.0,0.0,0.0,0.0,1.0,1.0,1709.1,105.24,306.02,164.78346790692106,60.42374102770313,181.56,84666983.68674068,9.5,16.638253369811768,85.12310281973532,9630.254429450571,0.53,141.55,MQTT-DDoS-Publish_Flood
486.21,6.0,64.0,67.90369499256173,67.90369499256173,0.0,0.05,0.24,0.15,0.26,0.87,0.0,0.0,0.37,2.19,0.69,5.3,0.0,0.0,0.0,0.0,0.0,0.0,0.0,1.0,0.0,0.0,0.0,0.0,0.0,1.0,1.0,739.43,63.93,78.92,69.88909084379674,5.25690159529184,70.41,84662373.34191167,9.5,11.816935243614768,7.439592644177601,31.758160190789223,0.89,141.55,MQTT-DoS-Connect_Flood
63759.01,6.0,64.0,81.13817416630692,81.13817416630692,0.0,0.0,0.0,0.0,0.03,1.0,0.0,0.0,0.0,0.0,0.0,182.76,0.0,0.0,0.0,0.0,0.0,0.0,0.0,1.0,0.0,0.0,0.0,0.0,0.0,1.0,1.0,745.32,66.0,94.34,69.02904727505037,7.559071676388279,74.72,84666484.69549252,9.5,11.719555074395911,10.724437117070016,853.827886304747,0.07,141.55,MQTT-DoS-Publish_Flood
402088.0,6.0,64.0,2.0338867106662155,2.0338867106662155,0.0,0.0,0.0,0.0,0.5,1.0,0.0,0.0,0.0,0.0,0.0,5176.3,0.0,0.0,0.0,0.0,0.0,0.0,0.0,1.0,0.0,0.0,0.0,0.0,0.0,1.0,1.0,1206.6,66.0,111.0,77.86656340649375,13.24824270555655,77.9,169464753.4169115,13.5,12.484300707825858,18.748134936622503,176.17443823477868,1.0,244.6,Benign
400.06,6.0,64.0,63.32225302579058,63.32225302579058,0.0,0.09,0.21,0.11,0.22,0.81,0.0,0.0,0.36,1.9,0.53,4.19,0.0,0.0,0.0,0.0,0.0,0.0,0.0,1.0,0.0,0.0,0.0,0.0,0.0,1.0,1.0,710.27,61.88,75.41,67.70177976319346,4.798376686327245,68.37,84662359.2627315,9.5,11.627705139011288,6.7641465001888506,28.57862863989764,0.94,141.55,MQTT-DoS-Connect_Flood
75307.22,6.0,64.0,82.6203463068647,82.6203463068647,0.0,0.0,0.0,0.0,0.83,1.0,0.0,0.0,0.0,0.0,0.0,407.32,0.0,0.0,0.0,0.0,0.0,0.0,0.0,1.0,0.0,0.0,0.0,0.0,0.0,1.0,1.0,2530.89,151.81,611.91,240.7726561760393,153.0519727288414,253.79,84666487.81301272,9.5,21.192693318705533,214.585527550154,49619.50280564179,0.83,141.55,MQTT-DoS-Publish_Flood
114311.7,6.0,99.6,1.3597437874239626,1.3597437874239626,0.0,0.0,0.0,0.0,0.5,1.0,0.0,0.0,0.0,0.0,0.0,1381.3,0.0,0.2,0.0,0.0,0.0,0.0,0.0,1.0,0.0,0.0,0.0,0.0,0.0,1.0,1.0,460.9,54.0,116.1,81.77702380952381,23.12095033520252,83.4,0.0999770879745483,5.5,12.76334315348814,32.697961538998165,605.6978915816327,0.9,38.5,Benign
68296.47,6.0,64.0,98.52979438198896,98.52979438198896,0.0,0.0,0.0,0.0,0.75,1.0,0.0,0.0,0.0,0.0,0.0,331.91,0.0,0.0,0.0,0.0,0.0,0.0,0.0,1.0,0.0,0.0,0.0,0.0,0.0,1.0,1.0,2006.45,146.66,244.76,186.89347110822607,32.832076285836635,186.99,84666487.73597145,9.5,18.844686402149065,46.21647432613767,2068.691843200328,0.57,141.55,MQTT-DoS-Publish_Flood
202.24,6.0,64.0,13.559307548666707,13.559307548666707,0.0,0.23,0.33,0.01,0.22,0.95,0.0,0.0,0.39,1.05,0.01,2.65,0.0,0.0,0.0,0.0,0.0,0.0,0.0,1.0,0.0,0.0,0.0,0.0,0.0,1.0,1.0,739.07,66.69,76.96,70.6929168344985,4.030431201644833,70.28,84667037.89204648,9.5,11.88944341337812,5.702486056142032,19.2249981768962,0.93,141.55,MQTT-DDoS-Connect_Flood
389.9,6.0,64.0,85.04516446954693,85.04516446954693,0.0,0.07,0.17,0.14,0.2,0.87,0.0,0.0,0.48,1.84,0.62,3.99,0.0,0.0,0.0,0.0,0.0,0.0,0.0,1.0,0.0,0.0,0.0,0.0,0.0,1.0,1.0,716.1,59.4,75.06,67.66013929530223,5.408714165069672,68.24,84662359.27040295,9.5,11.62794979542099,7.651764587796027,41.13223326731355,0.9,141.55,MQTT-DoS-Connect_Flood
521.9,6.0,64.0,100.93053855617056,100.93053855617056,0.0,0.12,0.12,0.34,0.16,0.62,0.0,0.0,1.07,2.23,0.84,5.56,0.0,0.0,0.0,0.0,0.0,0.0,0.0,1.0,0.0,0.0,0.0,0.0,0.0,1.0,1.0,683.61,58.8,76.51,65.36869186725727,6.5948739762342665,64.65,84662358.41522226,9.5,11.428221609153251,9.323813803476511,58.85855216476096,0.93,141.55,MQTT-DoS-Connect_Flood
456.26,6.0,64.0,11.968304543747298,11.968304543747298,0.0,0.38,0.32,0.01,0.25,0.83,0.0,0.0,1.25,2.01,0.25,5.32,0.0,0.0,0.0,0.0,0.0,0.0,0.0,1.0,0.0,0.0,0.0,0.0,0.0,1.0,1.0,753.84,64.48,80.18,71.31664031964766,5.393157391285012,72.1,84667049.86981054,9.5,11.942127480547676,7.629408891428245,35.16030433684305,0.9,141.55,MQTT-DDoS-Connect_Flood
403.12,6.0,64.0,8.70562923540153,8.70562923540153,0.0,0.04,0.29,0.21,0.07,0.76,0.0,0.0,0.88,1.77,0.6,4.61,0.0,0.0,0.0,0.0,0.0,0.0,0.0,1.0,0.0,0.0,0.0,0.0,0.0,1.0,1.0,702.24,61.48,76.36,66.82759469542324,5.764543311435553,67.2,84667034.69871587,9.5,11.549776342363105,8.139079245864387,40.2265206224364,0.94,141.55,MQTT-DDoS-Connect_Flood
317.93,6.0,64.0,96.6591374303624,96.6591374303624,0.0,0.02,0.33,0.11,0.23,0.8,0.0,0.0,0.04,1.73,0.19,3.4,0.0,0.0,0.0,0.0,0.0,0.0,0.0,1.0,0.0,0.0,0.0,0.0,0.0,1.0,1.0,743.64,66.32,77.0,70.498412941161,3.901000348003113,70.85,84662361.69330041,9.5,11.873279900120629,5.518988004824134,18.196140692285866,0.93,141.55,MQTT-DoS-Connect_Flood
66728.37,6.0,64.0,194.3470923113481,194.3470923113481,0.0,0.0,0.0,0.0,0.8,1.0,0.0,0.0,0.0,1.29,0.0,492.47,0.0,0.0,0.0,0.0,0.0,0.0,0.0,1.0,0.0,0.0,0.0,0.0,0.0,1.0,1.0,1743.75,133.58,245.85,168.3912239163915,38.71394899168258,160.05,84666980.53918056,9.5,18.11919317145625,54.800779250507055,3047.887832311324,0.61,141.55,MQTT-DDoS-Publish_Flood
512049.9,6.0,64.0,2.0336316344160226,2.0336316344160226,0.0,0.0,0.0,0.0,0.5,1.0,0.0,0.0,0.0,0.0,0.0,6375.5,0.0,0.0,0.0,0.0,0.0,0.0,0.0,1.0,0.0,0.0,0.0,0.0,0.0,1.0,1.0,1744.6,42.0,260.0,113.62751971970238,74.69674462834857,80.6,169463847.4095395,13.5,15.07773766904524,105.8570057197168,5630.931357709516,1.0,244.6,Benign
412.91,6.0,64.0,8.283341099806336,8.283341099806336,0.0,0.04,0.16,0.27,0.06,0.72,0.0,0.0,0.98,1.78,0.58,4.71,0.0,0.0,0.0,0.0,0.0,0.0,0.0,1.0,0.0,0.0,0.0,0.0,0.0,1.0,1.0,679.98,57.0,75.55,64.79780755978628,6.008046007976875,65.03,84667049.73409744,9.5,11.379321439776133,8.506508245399361,44.140137839494656,0.89,141.55,MQTT-DDoS-Connect_Flood
569.82,6.0,64.0,11.564838076910414,11.564838076910414,0.0,0.09,0.03,0.41,0.12,0.59,0.0,0.0,1.51,2.08,0.93,6.44,0.0,0.0,0.0,0.0,0.0,0.0,0.0,1.0,0.0,0.0,0.0,0.0,0.0,1.0,1.0,658.12,56.76,73.03,62.52504820652344,5.364573796116822,62.94,84667021.82548611,9.5,11.168113171296673,7.576269637636422,38.029051195127096,0.83,141.55,MQTT-DDoS-Connect_Flood
18042.22,6.0,64.0,26.373411908555124,26.373411908555124,0.0,0.0,0.01,0.18,0.47,0.82,0.0,0.0,0.49,1.02,7.7,26.93,0.0,0.0,0.0,0.0,0.0,0.0,0.0,1.0,0.0,0.0,0.0,0.0,0.0,1.0,1.0,5032.67,112.56,869.4,459.868790203003,337.7698168069718,455.8,84666956.7784001,9.5,27.42925257961745,477.8741777513605,205391.1271418401,0.93,141.55,MQTT-DDoS-Publish_Flood
30787.88,6.0,64.0,81.13733380676699,81.13733380676699,0.0,0.0,0.0,0.0,0.76,1.0,0.0,0.0,0.0,0.0,0.0,87.13,0.0,0.0,0.0,0.0,0.0,0.0,0.0,1.0,0.0,0.0,0.0,0.0,0.0,1.0,1.0,4898.22,249.12,823.55,478.7893682194997,187.6124078074241,461.67,84666983.2857121,9.5,29.54758873621424,265.50650955371435,44804.94224531108,0.83,141.55,MQTT-DDoS-Publish_Flood
703.07,6.0,64.0,10.89725522298366,10.89725522298366,0.0,0.27,0.35,0.05,0.26,0.62,0.0,0.0,1.92,2.64,0.87,8.06,0.0,0.0,0.0,0.0,0.0,0.0,0.0,1.0,0.0,0.0,0.0,0.0,0.0,1.0,1.0,761.87,63.5,82.48,72.98683204136765,6.437516528124742,72.34,84667027.422113,9.5,12.079972107435829,9.08792638962352,45.19440549093481,0.95,141.55,MQTT-DDoS-Connect_Flood
256345.4,6.0,64.0,2.0340919096677537,2.0340919096677537,0.0,0.0,0.0,0.0,0.5,1.0,0.0,0.0,0.0,0.0,0.0,3191.5,0.0,0.0,0.0,0.0,0.0,0.0,0.0,1.0,0.0,0.0,0.0,0.0,0.0,1.0,1.0,434.8,67.9,95.4,78.84924603174603,11.077075940401368,80.6,4.4918060302734376e-05,5.5,12.555445370921955,15.665351026352322,147.7658660084404,0.9,38.5,Benign
465861.7,6.0,64.0,1.5140193669682394,1.5140193669682394,0.0,0.0,0.0,0.0,0.5,1.0,0.0,0.0,0.0,0.0,0.0,5665.8,0.0,0.0,0.0,0.0,0.0,0.0,0.0,1.0,0.0,0.0,0.0,0.0,0.0,1.0,1.0,454.4,66.0,106.5,81.95055555555557,18.258810367752005,81.2,0.0998994827270507,5.5,12.793335635486464,25.82185725487337,373.31605511463846,0.9,38.5,Benign
425.03,6.0,64.0,11.29624238021236,11.29624238021236,0.0,0.27,0.21,0.08,0.29,0.72,0.0,0.0,1.11,1.74,0.28,5.08,0.0,0.0,0.0,0.0,0.0,0.0,0.0,1.0,0.0,0.0,0.0,0.0,0.0,1.0,1.0,738.33,62.92,78.36,70.34919748328728,4.9148121840266805,69.79,84667029.71292636,9.5,11.85792336267384,6.954924270482064,31.065471564676265,0.93,141.55,MQTT-DDoS-Connect_Flood
4518.23,6.0,64.0,16.07876994380414,16.07876994380414,0.0,0.1,0.03,0.11,0.46,0.87,0.0,0.0,0.49,2.16,4.32,14.39,0.0,0.0,0.0,0.0,0.0,0.0,0.0,1.0,0.0,0.0,0.0,0.0,0.0,1.0,1.0,4286.01,129.64,710.51,385.5696366398479,245.81188430488447,419.91,84666954.22788471,9.5,24.202594382277745,347.7987318894452,142219.12690270314,0.9,141.55,MQTT-DDoS-Publish_Flood
26942.44,6.0,64.0,77.17413009722291,77.17413009722291,0.0,0.0,0.0,0.0,0.35,1.0,0.0,0.0,0.0,0.0,0.0,80.87,0.0,0.0,0.0,0.0,0.0,0.0,0.0,1.0,0.0,0.0,0.0,0.0,0.0,1.0,1.0,4139.28,93.28,866.76,392.3024613411614,283.3476825762713,398.76,84666504.27220045,9.5,24.99164512977088,400.21444221822713,148345.2238628276,0.55,141.55,MQTT-DoS-Publish_Flood
111591.8,8.2,68.2,1.4395478476383388,1.4395478476383388,0.0,0.0,0.0,0.0,0.3,0.8,0.0,0.0,0.0,0.0,0.0,1440.7,0.0,0.0,0.0,0.0,0.0,0.0,0.0,0.8,0.2,0.0,0.0,0.0,0.0,1.0,1.0,1961.6,66.0,521.9,121.91574079214558,134.41449230172884,197.9,169466482.22345218,13.5,15.512203010544834,190.66557396335952,24387.342645537363,1.0,244.6,Benign
308.23,6.0,64.0,10.515512938808683,10.515512938808683,0.0,0.22,0.17,0.08,0.23,0.91,0.0,0.0,0.68,1.43,0.23,3.77,0.0,0.0,0.0,0.0,0.0,0.0,0.0,1.0,0.0,0.0,0.0,0.0,0.0,1.0,1.0,716.78,63.21,75.69,68.45302216617232,4.251978127069632,68.08,84667035.9871385,9.5,11.698258378627528,6.010700788949304,29.74273142577765,0.88,141.55,MQTT-DDoS-Connect_Flood
531.81,6.0,64.0,10.186118237175638,10.186118237175638,0.0,0.23,0.05,0.31,0.2,0.68,0.0,0.0,1.47,2.1,0.77,5.94,0.0,0.0,0.0,0.0,0.0,0.0,0.0,1.0,0.0,0.0,0.0,0.0,0.0,1.0,1.0,678.73,58.17,76.12,65.04361975039065,6.913748586710175,64.63,84667017.45023458,9.5,11.39930076228512,9.778763914839518,68.14005614873517,0.93,141.55,MQTT-DDoS-Connect_Flood
35588.2,8.2,57.3,0.6216346942924528,0.6216346942924528,0.0,0.0,0.0,0.0,0.5,0.8,0.0,0.0,0.0,0.0,0.0,432.6,0.0,0.0,0.0,0.0,0.0,0.0,0.0,0.8,0.2,0.0,0.0,0.0,0.0,1.0,1.0,1498.2,77.1,637.9,291.3022619047619,253.23780600759687,203.5,0.0998392820358276,5.5,23.66363141034055,358.13233976155044,71582.812825822,0.9,38.5,Benign
116853.3,6.0,64.0,1.7204762419232722,1.7204762419232722,0.0,0.0,0.0,0.0,0.5,1.0,0.0,0.0,0.0,0.0,0.0,1492.1,0.0,0.0,0.0,0.0,0.0,0.0,0.0,1.0,0.0,0.0,0.0,0.0,0.0,1.0,1.0,1221.1,66.0,111.0,78.8373451634365,15.501155462299025,78.5,169464585.71483213,13.5,12.543914493207549,21.73983948076086,236.92164037588736,1.0,244.6,Benign
358.25,6.0,64.0,6.725524190077899,6.725524190077899,0.0,0.2,0.31,0.16,0.18,0.71,0.0,0.0,0.79,1.92,0.36,3.9,0.0,0.0,0.0,0.0,0.0,0.0,0.0,1.0,0.0,0.0,0.0,0.0,0.0,1.0,1.0,709.11,62.57,74.81,67.5904256003714,4.525076207286087,67.67,84667017.68951227,9.5,11.619139278739022,6.381837413636752,27.555819960242605,0.89,141.55,MQTT-DDoS-Connect_Flood
3535405.0,6.0,64.0,107.72222334054176,107.72222334054176,0.0,0.0,0.0,0.0,0.0,1.0,0.0,0.0,0.0,0.0,0.0,3590.5,0.0,1.0,0.0,0.0,0.0,0.0,0.0,1.0,0.0,0.0,0.0,0.0,0.0,1.0,1.0,8217.0,1494.0,1494.0,1494.0,0.0,1494.0,4.6706199645996095e-05,5.5,54.6626014748658,0.0,0.0,0.0,38.5,MQTT-Malformed_Data
123.16,6.0,64.0,4392.123541496166,4392.123541496166,0.0,0.28,0.28,0.0,0.26,1.0,0.0,0.0,0.28,0.28,0.0,1.8,0.0,0.0,0.0,0.0,0.0,0.0,0.0,1.0,0.0,0.0,0.0,0.0,0.0,1.0,1.0,724.44,66.16,73.04,68.81413432473958,2.76926851555377,69.28,84667048.5461463,9.5,11.731048985182952,3.918294718145361,8.72860313395281,0.92,141.55,MQTT-DDoS-Connect_Flood
438.43,6.0,64.0,9.459146936924515,9.459146936924515,0.0,0.23,0.16,0.17,0.18,0.81,0.0,0.0,1.17,1.69,0.61,5.13,0.0,0.0,0.0,0.0,0.0,0.0,0.0,1.0,0.0,0.0,0.0,0.0,0.0,1.0,1.0,706.46,62.12,76.98,67.41903640154993,5.203021446754729,66.96,84667034.17403255,9.5,11.606528915428026,7.351166017623881,39.641468993043325,0.89,141.55,MQTT-DDoS-Connect_Flood
6116369.0,6.0,55.0,1107.506363515708,1107.506363515708,0.0,0.0,0.0,0.0,0.0,1.0,0.0,0.0,0.0,0.0,0.0,4043.5,0.0,1.0,0.0,0.0,0.0,0.0,0.0,1.0,0.0,0.0,0.0,0.0,0.0,1.0,1.0,23467.0,1514.0,1514.0,1514.0,0.0,1514.0,169466381.2744347,13.5,55.02726596879042,0.0,0.0,0.0,244.6,Benign
323.32,6.0,64.0,9.275779112431104,9.275779112431104,0.0,0.2,0.26,0.15,0.14,0.81,0.0,0.0,0.98,1.27,0.29,3.98,0.0,0.0,0.0,0.0,0.0,0.0,0.0,1.0,0.0,0.0,0.0,0.0,0.0,1.0,1.0,705.01,62.04,74.93,67.3178914070106,5.108558595632696,67.36,84667022.39698988,9.5,11.599688152138429,7.224176569528768,35.067996282566654,0.92,141.55,MQTT-DDoS-Connect_Flood
187754.4,6.0,64.0,0.7173899782461529,0.7173899782461529,0.0,0.0,0.0,0.0,0.7,1.0,0.0,0.0,0.0,0.0,0.0,2497.1,0.0,0.0,0.0,0.0,0.0,0.0,0.0,1.0,0.0,0.0,0.0,0.0,0.0,1.0,1.0,370.8,66.6,68.0,67.54452380952381,0.6519708262510109,67.4,6.079673767089844e-05,5.5,11.622751092785531,0.9220259847557726,0.6081604308390023,0.7,38.5,Benign
583647.0,6.0,56.0,8145.208044912334,8145.208044912334,0.0,0.0,0.0,0.0,0.1,1.0,0.0,0.0,0.0,0.0,0.0,385.5,1.0,0.0,0.0,0.0,0.0,0.0,0.0,1.0,0.0,0.0,0.0,0.0,0.0,1.0,1.0,8327.0,1514.0,1514.0,1514.0,0.0,1514.0,0.000120997428894,5.5,55.02726596879042,0.0,0.0,0.0,38.5,Benign
694719.7,6.0,64.0,2.03383974238515,2.03383974238515,0.0,0.0,0.0,0.0,0.5,1.0,0.0,0.0,0.0,0.0,0.0,8649.9,0.0,0.0,0.0,0.0,0.0,0.0,0.0,1.0,0.0,0.0,0.0,0.0,0.0,1.0,1.0,441.6,66.0,101.3,78.31936507936508,14.820827480162343,80.6,0.000154685974121,5.5,12.50816528627175,20.959815228037453,258.2035197782817,0.9,38.5,Benign
399.78,6.0,64.0,10.04548874335432,10.04548874335432,0.0,0.19,0.18,0.15,0.21,0.73,0.0,0.0,0.95,1.66,0.48,4.77,0.0,0.0,0.0,0.0,0.0,0.0,0.0,1.0,0.0,0.0,0.0,0.0,0.0,1.0,1.0,702.43,60.0,77.0,66.99204091110128,5.52956797565121,67.25,84667036.063811,9.5,11.569153283038723,7.827701525623386,41.23660688022027,0.95,141.55,MQTT-DDoS-Connect_Flood
29441.9,6.0,64.0,105.0301999705231,105.0301999705231,0.0,0.0,0.0,0.0,0.78,1.0,0.0,0.0,0.0,0.0,0.0,182.97,0.0,0.0,0.0,0.0,0.0,0.0,0.0,1.0,0.0,0.0,0.0,0.0,0.0,1.0,1.0,1651.11,131.4,200.07,152.72173098216712,20.986197278826783,159.74,84666480.75892508,9.5,17.197947353287585,29.727418344547008,1023.6645687475684,0.48,141.55,MQTT-DoS-Publish_Flood
1189267.0,6.0,82.4,199.327860364518,199.327860364518,0.0,0.0,0.0,0.0,0.0,1.0,0.0,0.0,0.0,2.0,0.0,1322.5,0.0,1.0,0.0,0.0,0.0,0.0,0.0,1.0,0.0,0.0,0.0,0.0,0.0,1.0,1.0,18873.0,66.0,1494.0,1207.4983308796466,567.7655928559701,1351.2,169323356.8272931,13.5,49.10721993760591,804.4707333046374,325090.5028439998,1.0,244.6,MQTT-Malformed_Data
263958.9,6.0,64.0,1.644436361975925,1.644436361975925,0.0,0.0,0.0,0.0,0.5,1.0,0.0,0.0,0.0,0.0,0.0,3232.7,0.0,0.0,0.0,0.0,0.0,0.0,0.0,1.0,0.0,0.0,0.0,0.0,0.0,1.0,1.0,1375.9,66.0,246.0,88.95043394256241,43.76589505066596,81.3,169465122.91064823,13.5,13.33737382370821,62.03759439365068,1934.567010672142,1.0,244.6,Benign
190409.5,6.0,64.0,1.4472392465780015,1.4472392465780015,0.0,0.0,0.0,0.0,0.5,1.0,0.0,0.0,0.0,0.0,0.0,2361.9,0.0,0.0,0.0,0.0,0.0,0.0,0.0,1.0,0.0,0.0,0.0,0.0,0.0,1.0,1.0,1525.6,66.0,246.0,99.10298570624424,53.45196656684478,78.6,169470469.6469017,13.5,14.079550055356544,75.76155545132562,2884.971242733304,1.0,244.6,Benign
13797.41,6.0,64.0,48.495003890107576,48.495003890107576,0.0,0.0,0.02,0.08,0.32,0.9,0.0,0.0,0.16,0.32,9.29,19.14,0.0,0.0,0.0,0.0,0.0,0.0,0.0,1.0,0.0,0.0,0.0,0.0,0.0,1.0,1.0,6276.08,254.44,1074.93,616.9208644198939,338.4077573687593,602.08,84666970.93982683,9.5,31.40853395412284,478.9430152421403,194017.70761636828,0.86,141.55,MQTT-DDoS-Publish_Flood
109779.0,8.2,64.0,2.4286568427319173,2.4286568427319173,0.0,0.1,0.1,0.0,0.4,0.7,0.0,0.0,0.1,1.3,0.0,975.1,0.0,0.5,0.2,0.0,0.0,0.0,0.0,0.8,0.2,0.0,0.0,0.0,0.0,1.0,1.0,452.9,66.0,126.2,80.70710317460319,21.77882596478366,80.5,0.0509549856185913,5.5,12.689741152533855,30.79991105196036,602.8839994173595,0.9,38.5,Benign
15550.1,6.0,64.0,1.7371809188462588,1.7371809188462588,0.0,0.0,0.0,0.0,0.5,1.0,0.0,0.0,0.0,0.0,0.0,191.1,0.0,0.0,0.0,0.0,0.0,0.0,0.0,1.0,0.0,0.0,0.0,0.0,0.0,1.0,1.0,1202.0,66.0,108.7,77.37856847229139,13.646830598687153,81.2,169461603.9954167,13.5,12.437262925703212,19.34296242757528,189.8437187692986,1.0,244.6,Benign
345.91,6.0,64.0,11.170408998517816,11.170408998517816,0.0,0.22,0.24,0.15,0.24,0.85,0.0,0.0,0.81,1.52,0.36,4.16,0.0,0.0,0.0,0.0,0.0,0.0,0.0,1.0,0.0,0.0,0.0,0.0,0.0,1.0,1.0,716.76,62.72,77.01,68.7121332720427,5.214623631971105,68.22,84667034.96293816,9.5,11.717816131025216,7.3741824623282195,34.34613564333547,0.93,141.55,MQTT-DDoS-Connect_Flood
32294.4,7.1,83.1,1.3345058817560247,1.3345058817560247,0.0,0.0,0.0,0.0,0.4,0.9,0.0,0.0,0.0,0.0,0.0,398.2,0.0,0.0,0.0,0.0,0.0,0.0,0.0,0.9,0.1,0.0,0.0,0.0,0.0,1.0,1.0,1304.8,66.0,178.5,83.54920263688838,28.65673574638456,92.0,169469936.3442112,13.5,12.930413564905844,40.63089644430802,983.6443238141394,1.0,244.6,Benign
418.28,6.0,64.0,10.68827968187666,10.68827968187666,0.0,0.4,0.19,0.0,0.29,1.0,0.0,0.0,1.33,1.65,0.27,5.2,0.0,0.0,0.0,0.0,0.0,0.0,0.0,1.0,0.0,0.0,0.0,0.0,0.0,1.0,1.0,718.16,66.16,71.72,68.17222074623004,2.2694098910817213,68.68,84667021.49832173,9.5,11.676315697795925,3.2107641233776456,6.555850402456922,0.86,141.55,MQTT-DDoS-Connect_Flood
47664.1,6.0,64.0,1.310469943531747,1.310469943531747,0.0,0.0,0.0,0.0,0.5,1.0,0.0,0.0,0.0,0.0,0.0,586.5,0.0,0.0,0.0,0.0,0.0,0.0,0.0,1.0,0.0,0.0,0.0,0.0,0.0,1.0,1.0,1366.7,66.0,214.0,88.44879005626298,36.5245835800502,80.9,169466197.51659256,13.5,13.29016107670294,51.70866792382973,1343.4691576850562,1.0,244.6,Benign
4256451.7,6.0,119.2,90.40370485340377,90.40370485340377,0.0,0.0,0.0,0.0,0.3,1.0,0.0,0.0,0.0,1.8,0.0,4467.8,0.0,0.8,0.0,0.0,0.0,0.0,0.0,1.0,0.0,0.0,0.0,0.0,0.0,1.0,1.0,4436.1,142.1,1360.6,810.5675396825396,511.85901064864186,634.6,0.0083436012268066,5.5,39.99592666635592,723.8779548821836,295739.03083893924,0.9,38.5,MQTT-Malformed_Data
245577.5,6.0,64.0,1.51324211078911,1.51324211078911,0.0,0.0,0.0,0.0,0.5,1.0,0.0,0.0,0.0,0.0,0.0,3052.1,0.0,0.0,0.0,0.0,0.0,0.0,0.0,1.0,0.0,0.0,0.0,0.0,0.0,1.0,1.0,1410.2,66.0,260.0,91.4463186117288,47.25337588531731,78.6,169468457.9331818,13.5,13.52360388920084,66.97942158837978,2256.714588930399,1.0,244.6,Benign
104930.7,6.0,96.8,1.603928470043703,1.603928470043703,0.0,0.0,0.0,0.0,0.6,1.0,0.0,0.0,0.0,0.6,0.0,1390.5,0.2,0.0,0.0,0.0,0.0,0.0,0.0,1.0,0.0,0.0,0.0,0.0,0.0,1.0,1.0,1944.0,60.0,507.3,121.063724140067,124.04308574189947,197.7,169462207.5980993,13.5,15.476998127519227,176.02053036310446,20428.15284942679,1.0,244.6,Benign
455.92,6.0,64.0,10.251337391018572,10.251337391018572,0.0,0.24,0.29,0.19,0.18,0.75,0.0,0.0,1.26,1.8,0.64,5.34,0.0,0.0,0.0,0.0,0.0,0.0,0.0,1.0,0.0,0.0,0.0,0.0,0.0,1.0,1.0,714.83,60.32,78.31,68.34987199569437,6.343302460935637,67.9,84667045.53704661,9.5,11.690114550443589,8.9707770432627,51.90130752697453,0.93,141.55,MQTT-DDoS-Connect_Flood
483.54,6.0,64.0,8.10292836866225,8.10292836866225,0.0,0.21,0.35,0.17,0.16,0.69,0.0,0.0,1.27,1.98,0.76,5.41,0.0,0.0,0.0,0.0,0.0,0.0,0.0,1.0,0.0,0.0,0.0,0.0,0.0,1.0,1.0,728.76,62.45,79.11,69.6419767608982,5.677289180832861,69.06,84667024.51987952,9.5,11.793393916123089,8.011984845486579,40.96763520280328,0.87,141.55,MQTT-DDoS-Connect_Flood
358.3,6.0,64.0,11.335925478643343,11.335925478643343,0.0,0.31,0.07,0.0,0.34,1.0,0.0,0.0,0.61,2.06,0.26,3.86,0.0,0.0,0.0,0.0,0.0,0.0,0.0,1.0,0.0,0.0,0.0,0.0,0.0,1.0,1.0,713.5,66.08,71.46,67.74363887024569,1.9369203386033744,68.17,84667036.16179109,9.5,11.639034825727483,2.7164632896196794,4.723077209444258,0.82,141.55,MQTT-DDoS-Connect_Flood
7537016.0,17.0,60.0,1081.4130991943566,1081.4130991943566,0.0,0.0,0.0,0.0,0.0,0.0,0.0,0.0,0.0,0.0,0.0,0.0,0.0,0.0,0.0,0.0,0.0,0.0,0.0,0.0,1.0,0.0,0.0,0.0,0.0,1.0,1.0,17597.0,75.0,1292.0,1129.5554261686884,410.8792436078106,1292.0,169461869.41501132,13.5,47.51225666567136,582.2547815193814,170533.20247622728,1.0,244.6,Benign
9220.5,6.0,64.0,3.3013709337539856,3.3013709337539856,0.0,0.0,0.0,0.0,0.5,1.0,0.0,0.0,0.0,0.0,0.0,87.1,0.0,0.0,0.0,0.0,0.0,0.0,0.0,1.0,0.0,0.0,0.0,0.0,0.0,1.0,1.0,507.3,66.0,179.4,85.59539682539682,38.23956702593859,94.9,0.0997206211090087,5.5,13.022964966869557,54.078914307357344,2467.129581758629,0.6,38.5,MQTT-Malformed_Data
152822.6,6.0,64.0,2.0336173756742086,2.0336173756742086,0.0,0.0,0.0,0.0,0.5,1.0,0.0,0.0,0.0,0.0,0.0,1905.1,0.0,0.0,0.0,0.0,0.0,0.0,0.0,1.0,0.0,0.0,0.0,0.0,0.0,1.0,1.0,1246.8,66.0,111.0,80.42227017736306,16.32976652301179,80.5,169470400.2465141,13.5,12.688437232070156,23.10813292416944,267.53729782669296,1.0,244.6,Benign
579.24,6.0,64.0,60.53253132486512,60.53253132486512,0.0,0.06,0.27,0.07,0.22,0.85,0.0,0.0,0.81,2.46,0.8,6.21,0.0,0.0,0.0,0.0,0.0,0.0,0.0,1.0,0.0,0.0,0.0,0.0,0.0,1.0,1.0,718.94,63.24,74.9,68.36439705830806,4.068017250702814,68.58,84662359.0024636,9.5,11.691645476881062,5.760111745175297,20.8574166127496,0.9,141.55,MQTT-DoS-Connect_Flood
204527.4,7.1,83.1,1.2940166127438677,1.2940166127438677,0.0,0.0,0.0,0.0,0.5,0.9,0.0,0.0,0.0,0.0,0.0,2599.3,0.0,0.0,0.0,0.0,0.0,0.0,0.0,0.9,0.1,0.0,0.0,0.0,0.0,1.0,1.0,513.9,67.9,181.6,90.52964285714286,38.48512097788328,89.9,0.0997140169143676,5.5,13.42845699235929,54.42618003649185,2175.786578089569,0.9,38.5,Benign
1848.8,6.0,64.0,2.330814801549935,2.330814801549935,0.0,0.0,0.0,0.0,0.5,1.0,0.0,0.0,0.0,0.0,0.0,24.7,0.0,0.0,0.0,0.0,0.0,0.0,0.0,1.0,0.0,0.0,0.0,0.0,0.0,1.0,1.0,1230.2,66.0,111.0,79.5288952125446,15.203555611734435,75.3,169467433.032041,13.5,12.616716828824844,21.51252784343776,231.9953438241677,1.0,244.6,Benign
32268.17,6.0,64.0,105.3724047419256,105.3724047419256,0.0,0.0,0.0,0.0,0.27,1.0,0.0,0.0,0.0,0.0,0.0,113.06,0.0,0.0,0.0,0.0,0.0,0.0,0.0,1.0,0.0,0.0,0.0,0.0,0.0,1.0,1.0,1721.18,108.36,349.86,177.30710812012205,88.9213428105238,151.02,84666980.91972347,9.5,17.374826507896774,125.22482457930364,19321.684988522466,0.56,141.55,MQTT-DDoS-Publish_Flood
4758.5,6.0,64.0,16370.26836645951,16370.26836645951,0.0,0.0,0.0,0.0,0.6,1.0,0.0,0.0,0.0,0.0,0.0,59.5,0.0,0.0,0.0,0.0,0.0,0.0,0.0,1.0,0.0,0.0,0.0,0.0,0.0,1.0,1.0,1119.3,66.0,113.0,72.29120290485227,12.098562880117834,73.6,169464503.9139889,13.5,12.02659468475571,17.139878414713337,147.3707497058248,1.0,244.6,Benign
304665.3,6.0,64.0,1.4470602448794163,1.4470602448794163,0.0,0.0,0.0,0.0,0.7,1.0,0.0,0.0,0.0,0.0,0.0,3771.9,0.0,0.0,0.0,0.0,0.0,0.0,0.0,1.0,0.0,0.0,0.0,0.0,0.0,1.0,1.0,1095.7,66.0,112.0,70.71707434851011,11.768029369207095,73.7,169462595.9009654,13.5,11.89356384014453,16.67948491615648,139.61686887299058,1.0,244.6,Benign
198773.5,6.0,64.0,1.903820007653109,1.903820007653109,0.0,0.0,0.0,0.0,0.5,1.0,0.0,0.0,0.0,0.0,0.0,2463.5,0.0,0.0,0.0,0.0,0.0,0.0,0.0,1.0,0.0,0.0,0.0,0.0,0.0,1.0,1.0,2077.2,42.0,928.0,135.8930298958008,214.5919542500572,80.8,169464628.2157276,13.5,16.4857357627558,304.1453592771078,46594.13014917779,1.0,244.6,Benign
459.65,6.0,64.0,9.441090256243225,9.441090256243225,0.0,0.33,0.26,0.0,0.28,0.8,0.0,0.0,1.14,1.94,0.45,5.34,0.0,0.0,0.0,0.0,0.0,0.0,0.0,1.0,0.0,0.0,0.0,0.0,0.0,1.0,1.0,749.27,66.12,78.78,70.81594356378916,5.002032413854132,71.49,84667038.39113927,9.5,11.899551861516551,7.072843977158385,30.91306883564656,0.92,141.55,MQTT-DDoS-Connect_Flood
327.34,6.0,64.0,12.489482830458904,12.489482830458904,0.0,0.18,0.22,0.27,0.15,0.51,0.0,0.0,0.96,0.97,0.37,3.59,0.0,0.0,0.0,0.0,0.0,0.0,0.0,1.0,0.0,0.0,0.0,0.0,0.0,1.0,1.0,693.75,57.6,76.96,65.73329483515282,6.794145758232695,67.01,84667043.81069683,9.5,11.45233760249811,9.608054656619842,56.18342991709781,0.89,141.55,MQTT-DDoS-Connect_Flood
256496.0,6.0,64.0,1.5141178542002636,1.5141178542002636,0.0,0.0,0.0,0.0,0.5,1.0,0.0,0.0,0.0,0.0,0.0,3256.9,0.0,0.0,0.0,0.0,0.0,0.0,0.0,1.0,0.0,0.0,0.0,0.0,0.0,1.0,1.0,1239.8,66.0,111.0,80.02941230295333,15.94603565151363,78.5,169463749.1083252,13.5,12.656959623591016,22.564798866056083,254.7877543180958,1.0,244.6,Benign
139597.0,8.2,64.0,1.180217447444207,1.180217447444207,0.0,0.0,0.0,0.0,0.4,0.8,0.0,0.0,0.0,0.0,0.0,1725.1,0.0,0.0,0.0,0.0,0.0,0.0,0.0,0.8,0.2,0.0,0.0,0.0,0.0,1.0,1.0,1200.8,66.0,511.8,173.55603174603172,182.4544786635041,249.3,0.0998167037963867,5.5,17.78549173710054,258.0295982416401,62579.440824011086,0.9,38.5,Benign
351628.0,8.2,63.4,1.4582290525364374,1.4582290525364374,0.0,0.0,0.0,0.0,0.5,0.8,0.0,0.0,0.0,0.0,0.0,4370.2,0.0,0.1,0.0,0.0,0.0,0.0,0.0,0.8,0.2,0.0,0.0,0.0,0.0,1.0,1.0,1152.7,67.8,620.2,186.1416666666667,185.8065719776384,193.4,0.0998991012573242,5.5,18.88131074382472,262.77017406882885,49667.31500396826,0.9,38.5,Benign
3151.07,6.0,64.0,393.0900408688261,393.0900408688261,0.0,0.03,0.04,0.31,0.41,0.68,0.0,0.0,0.03,0.08,3.91,4.1,0.0,0.0,0.0,0.0,0.0,0.0,0.0,1.0,0.0,0.0,0.0,0.0,0.0,1.0,1.0,2680.99,60.35,412.55,247.82483457052925,159.6819225769375,247.54,84666965.25185579,9.5,19.11987450452556,226.01719565383755,94237.73373480546,0.87,141.55,MQTT-DDoS-Publish_Flood
9141.63,6.0,64.0,107.53479328762722,107.53479328762722,0.0,0.0,0.0,0.0,0.94,1.0,0.0,0.0,0.0,0.0,0.0,61.3,0.0,0.0,0.0,0.0,0.0,0.0,0.0,1.0,0.0,0.0,0.0,0.0,0.0,1.0,1.0,1723.05,153.2,168.46,160.95378264228032,7.17433546051622,168.46,84666505.04201451,9.5,17.829769317907726,10.156173122439728,370.76177038218,0.14,141.55,MQTT-DoS-Publish_Flood
26917.5,6.0,64.0,69.064610471779,69.064610471779,0.0,0.0,0.0,0.0,0.21,1.0,0.0,0.0,0.0,0.0,0.0,82.07,0.0,0.0,0.0,0.0,0.0,0.0,0.0,1.0,0.0,0.0,0.0,0.0,0.0,1.0,1.0,1928.28,91.24,435.33,200.72750020387247,110.5589910571016,166.28,84666499.03583507,9.5,17.621815306546665,156.2554902472347,38073.639946017625,0.43,141.55,MQTT-DoS-Publish_Flood
1619752.6,17.0,64.0,53.63981664639935,53.63981664639935,0.0,0.0,0.0,0.0,0.0,0.0,0.0,0.0,0.0,0.0,0.0,0.0,0.0,0.0,0.0,0.0,0.0,0.0,0.0,0.0,1.0,0.0,0.0,0.0,0.0,1.0,1.0,1624.6,88.0,154.0,104.93049416012266,13.824690096708006,101.7,169470786.5217598,13.5,14.48729339050526,19.594061798865056,193.3954191989293,1.0,244.6,Benign
4174.7,6.0,64.0,549.68166623297,549.68166623297,0.0,0.2,0.2,0.3,0.3,0.6,0.0,0.0,0.7,1.4,0.7,35.9,0.0,0.0,0.0,0.0,0.0,0.0,0.0,1.0,0.0,0.0,0.0,0.0,0.0,1.0,1.0,1407.2,54.0,378.0,91.43546565663438,77.08072576567058,70.2,169323361.498846,13.5,13.528254817003548,109.23722055121075,6010.181180321282,1.0,244.6,MQTT-Malformed_Data
301744.0,6.0,64.0,1.6274236160217534,1.6274236160217534,0.0,0.0,0.0,0.0,0.5,1.0,0.0,0.0,0.0,0.0,0.0,3849.0,0.0,0.0,0.0,0.0,0.0,0.0,0.0,1.0,0.0,0.0,0.0,0.0,0.0,1.0,1.0,1164.3,42.0,110.9,75.01935975574135,17.551906230472675,78.5,169469714.4441835,13.5,12.243498213004893,24.84635863185168,309.59515093056814,1.0,244.6,Benign
3139.7,8.2,149.2,20.584179796739186,20.584179796739186,0.0,0.0,0.1,0.0,0.1,0.8,0.0,0.0,0.0,1.3,0.0,5.2,0.0,0.8,0.1,0.0,0.0,0.0,0.0,0.8,0.2,0.0,0.0,0.0,0.0,1.0,1.0,3348.7,66.0,1103.8,209.5433031360625,287.70957615026447,514.5,169462885.0568327,13.5,20.243425511349365,407.5246427092361,92430.01930286716,1.0,244.6,Benign
356056.9,6.0,81.8,1.8436869636789623,1.8436869636789623,0.0,0.0,0.0,0.0,0.4,1.0,0.0,0.0,0.0,0.0,0.0,4406.3,0.0,0.1,0.0,0.0,0.0,0.0,0.0,1.0,0.0,0.0,0.0,0.0,0.0,1.0,1.0,1350.0,59.4,214.0,87.37792143443072,37.5934376965687,77.4,169465165.31207788,13.5,13.230898581545883,53.19055390365399,1421.578584318038,1.0,244.6,Benign
408.48,6.0,64.0,9.663250444634224,9.663250444634224,0.0,0.3,0.26,0.0,0.27,0.87,0.0,0.0,1.01,1.77,0.24,4.92,0.0,0.0,0.0,0.0,0.0,0.0,0.0,1.0,0.0,0.0,0.0,0.0,0.0,1.0,1.0,754.64,67.22,78.33,72.46052219791731,4.377517887310429,71.31,84667040.65784197,9.5,12.034736677717142,6.1911539997270975,24.44981094297457,0.92,141.55,MQTT-DDoS-Connect_Flood
19214.38,6.0,64.0,32.14958723351158,32.14958723351158,0.0,0.0,0.02,0.23,0.32,0.75,0.0,0.0,0.32,0.06,12.71,20.06,0.0,0.0,0.0,0.0,0.0,0.0,0.0,1.0,0.0,0.0,0.0,0.0,0.0,1.0,1.0,10898.4,428.29,1441.24,1045.3167815241177,441.69161958144537,904.68,84666976.85760193,9.5,44.6545496289269,623.4015127206778,271680.7016461609,0.79,141.55,MQTT-DDoS-Publish_Flood
1033435.2,6.0,56.6,1128.2537537870253,1128.2537537870253,0.0,0.0,0.0,0.0,0.4,1.0,0.0,0.0,0.0,0.0,0.0,1118.7,1.0,0.0,0.0,0.0,0.0,0.0,0.0,1.0,0.0,0.0,0.0,0.0,0.0,1.0,1.0,8327.0,1514.0,1514.0,1514.0,0.0,1514.0,0.0002129077911376,5.5,55.02726596879042,0.0,0.0,0.0,38.5,Benign
300.58,6.0,64.0,12.86123469232578,12.86123469232578,0.0,0.25,0.18,0.11,0.15,0.8,0.0,0.0,0.73,1.23,0.19,3.77,0.0,0.0,0.0,0.0,0.0,0.0,0.0,1.0,0.0,0.0,0.0,0.0,0.0,1.0,1.0,705.04,62.64,73.76,67.38455158107287,3.7809199913647777,66.98,84667019.45626055,9.5,11.60355071519766,5.345063657085699,18.044131202104605,0.91,141.55,MQTT-DDoS-Connect_Flood
147598.3,8.2,63.9,2.060317073753354,2.060317073753354,0.0,0.0,0.0,0.0,0.4,0.8,0.0,0.0,0.0,0.0,0.0,1598.2,0.0,0.0,0.0,0.0,0.0,0.0,0.0,0.8,0.2,0.0,0.0,0.0,0.0,1.0,1.0,1933.4,46.0,928.0,126.39322841030658,214.4322164056611,162.8,169462783.33536467,13.5,15.90570327553402,303.89317016883655,46527.16307149887,1.0,244.6,Benign
449.85,6.0,64.0,9.962105497554615,9.962105497554615,0.0,0.25,0.28,0.05,0.26,0.75,0.0,0.0,1.14,1.89,0.48,5.28,0.0,0.0,0.0,0.0,0.0,0.0,0.0,1.0,0.0,0.0,0.0,0.0,0.0,1.0,1.0,743.89,64.08,78.48,70.92110766585495,5.51032437293561,70.34,84667034.30999544,9.5,11.907345093003652,7.794262079299374,41.598494701827256,0.93,141.55,MQTT-DDoS-Connect_Flood
458.41,6.0,64.0,10.244369930747633,10.244369930747633,0.0,0.05,0.09,0.38,0.11,0.54,0.0,0.0,1.06,1.86,0.59,5.11,0.0,0.0,0.0,0.0,0.0,0.0,0.0,1.0,0.0,0.0,0.0,0.0,0.0,1.0,1.0,671.95,55.92,76.67,63.284059813939066,6.679066063918093,64.14,84667032.95662194,9.5,11.244343626862875,9.453317096932835,57.17048658365823,0.83,141.55,MQTT-DDoS-Connect_Flood
721.04,6.0,64.0,8.763550805660328,8.763550805660328,0.0,0.08,0.06,0.74,0.08,0.2,0.0,0.0,2.25,2.29,1.64,7.84,0.0,0.0,0.0,0.0,0.0,0.0,0.0,1.0,0.0,0.0,0.0,0.0,0.0,1.0,1.0,627.97,54.61,73.53,60.04892859797581,6.761296532616595,58.92,84667045.34551501,9.5,10.948931058599689,9.569547268125358,68.06328181794508,0.7,141.55,MQTT-DDoS-Connect_Flood
458234.5,6.0,64.0,2.0334026230423574,2.0334026230423574,0.0,0.0,0.0,0.0,0.5,1.0,0.0,0.0,0.0,0.0,0.0,5800.7,0.0,0.0,0.0,0.0,0.0,0.0,0.0,1.0,0.0,0.0,0.0,0.0,0.0,1.0,1.0,1212.2,66.0,111.0,78.14532390554062,14.2322280734794,80.6,169470191.1453547,13.5,12.488448718394888,19.94489018733708,199.33788861681856,1.0,244.6,Benign
494.46,6.0,64.0,10.740983652387674,10.740983652387674,0.0,0.15,0.17,0.17,0.09,0.66,0.0,0.0,1.37,2.03,0.34,5.76,0.0,0.0,0.0,0.0,0.0,0.0,0.0,1.0,0.0,0.0,0.0,0.0,0.0,1.0,1.0,699.85,58.96,76.49,66.21310790933353,5.71850295683454,66.8,84667024.94738263,9.5,11.503135353195889,8.064255126317137,38.78299020309191,0.89,141.55,MQTT-DDoS-Connect_Flood
40191.78,6.0,64.0,81.63672015867884,81.63672015867884,0.0,0.0,0.0,0.0,0.67,1.0,0.0,0.0,0.0,0.0,0.0,160.6,0.0,0.0,0.0,0.0,0.0,0.0,0.0,1.0,0.0,0.0,0.0,0.0,0.0,1.0,1.0,1723.05,137.94,229.5,164.10887501400387,31.85215188399594,165.19,84666498.79064183,9.5,17.496327755035296,44.59547067052596,1871.2985706551544,0.59,141.55,MQTT-DoS-Publish_Flood
515.66,6.0,64.0,9.55494753527364,9.55494753527364,0.0,0.08,0.1,0.39,0.11,0.54,0.0,0.0,1.2,2.02,0.62,5.83,0.0,0.0,0.0,0.0,0.0,0.0,0.0,1.0,0.0,0.0,0.0,0.0,0.0,1.0,1.0,675.51,56.66,76.09,64.95720600211622,6.702617177978937,64.3,84667032.82080787,9.5,11.390844597995898,9.474595155402133,59.25414213391462,0.84,141.55,MQTT-DDoS-Connect_Flood
16521.57,6.0,64.0,686.8871234526138,686.8871234526138,0.0,0.0,0.0,0.0,0.64,1.0,0.0,0.0,0.0,0.0,0.0,85.45,0.0,0.0,0.0,0.0,0.0,0.0,0.0,1.0,0.0,0.0,0.0,0.0,0.0,1.0,1.0,1392.78,79.08,189.17,132.8986006680368,44.78993396233341,137.94,84666498.20622918,9.5,16.21878795067314,63.35847981738915,2496.3261755012563,0.82,141.55,MQTT-DoS-Publish_Flood
525.75,6.0,64.0,7.038193300693456,7.038193300693456,0.0,0.2,0.22,0.35,0.19,0.43,0.0,0.0,1.32,2.29,0.69,5.58,0.0,0.0,0.0,0.0,0.0,0.0,0.0,1.0,0.0,0.0,0.0,0.0,0.0,1.0,1.0,690.54,59.64,74.04,65.66526270805218,5.482703969991673,66.01,84667018.3072428,9.5,11.438640407732924,7.750885143615805,42.92832625257184,0.78,141.55,MQTT-DDoS-Connect_Flood
394.59,6.0,64.0,9.73322513361398,9.73322513361398,0.0,0.26,0.34,0.07,0.25,0.84,0.0,0.0,0.89,1.94,0.51,4.32,0.0,0.0,0.0,0.0,0.0,0.0,0.0,1.0,0.0,0.0,0.0,0.0,0.0,1.0,1.0,735.57,63.76,76.77,69.72503473311173,4.99787798743431,70.39,84667018.6578859,9.5,11.805637739613552,7.053733363527669,33.62169026890295,0.95,141.55,MQTT-DDoS-Connect_Flood
706.35,6.0,64.0,5.57854459892544,5.57854459892544,0.0,0.1,0.14,0.27,0.11,0.59,0.0,0.0,1.84,3.26,0.82,7.75,0.0,0.0,0.0,0.0,0.0,0.0,0.0,1.0,0.0,0.0,0.0,0.0,0.0,1.0,1.0,688.55,60.5,72.15,65.6943455396083,4.213005858974681,65.73,84667036.99292481,9.5,11.439891751497552,5.953811225043506,28.39525810727756,0.69,141.55,MQTT-DDoS-Connect_Flood
374.53,6.0,64.0,5.616087652334016,5.616087652334016,0.0,0.27,0.44,0.0,0.19,0.67,0.0,0.0,0.82,2.12,0.28,4.0,0.0,0.0,0.0,0.0,0.0,0.0,0.0,1.0,0.0,0.0,0.0,0.0,0.0,1.0,1.0,751.12,66.93,77.31,71.69763305601349,4.039187511079515,71.58,84667031.15757014,9.5,11.97288001465508,5.713007268433061,19.64989754742003,0.93,141.55,MQTT-DDoS-Connect_Flood
256.44,6.0,64.0,9.106842898889074,9.106842898889074,0.0,0.18,0.15,0.03,0.26,0.97,0.0,0.0,0.31,1.75,0.06,2.83,0.0,0.0,0.0,0.0,0.0,0.0,0.0,1.0,0.0,0.0,0.0,0.0,0.0,1.0,1.0,716.62,65.56,72.5,68.41251486830166,2.4460533063779297,68.01,84667032.77090816,9.5,11.69704803022443,3.453241775846761,7.616060702147122,0.88,141.55,MQTT-DDoS-Connect_Flood
50178.3,6.0,64.0,62.9891873966632,62.9891873966632,0.0,0.0,0.05,0.82,0.0,0.18,0.0,0.0,0.82,0.05,23.06,59.81,0.0,0.0,0.0,0.0,0.0,0.0,0.0,1.0,0.0,0.0,0.0,0.0,0.0,1.0,1.0,598.48,55.08,63.16,57.42400942504349,3.057565512538573,56.56,84666976.35002023,9.5,10.70608599153092,4.315815492943403,18.2199604424436,0.6,141.55,MQTT-DDoS-Publish_Flood
60901.19,6.0,64.0,72.11255258046488,72.11255258046488,0.0,0.0,0.0,0.0,0.37,1.0,0.0,0.0,0.0,0.0,0.0,282.17,0.0,0.0,0.0,0.0,0.0,0.0,0.0,1.0,0.0,0.0,0.0,0.0,0.0,1.0,1.0,3294.66,159.74,861.48,342.69248438678625,221.8973036339848,298.17,84666502.90456912,9.5,23.88742930348414,313.7086784920442,85755.41680983613,0.65,141.55,MQTT-DoS-Publish_Flood
40554.83,6.0,64.0,136.13694814672596,136.13694814672596,0.0,0.0,0.0,0.0,0.06,1.0,0.0,0.0,0.0,0.0,0.0,110.18,0.0,0.0,0.0,0.0,0.0,0.0,0.0,1.0,0.0,0.0,0.0,0.0,0.0,1.0,1.0,741.92,67.09,99.66,71.40208859608744,10.087105308807647,74.84,84666478.21359506,9.5,11.903822824072272,14.273409362689785,467.54198460916734,0.32,141.55,MQTT-DoS-Publish_Flood
487785.0,6.0,64.0,2.034020734250545,2.034020734250545,0.0,0.0,0.0,0.0,0.5,1.0,0.0,0.0,0.0,0.0,0.0,6073.5,0.0,0.0,0.0,0.0,0.0,0.0,0.0,1.0,0.0,0.0,0.0,0.0,0.0,1.0,1.0,5053.2,66.0,1474.0,334.9462025925571,510.0878725467742,80.6,169469410.135526,13.5,25.860601520638703,722.707686971012,262399.3536321693,1.0,244.6,Benign
585.82,6.0,64.0,10.842312589085749,10.842312589085749,0.0,0.18,0.22,0.29,0.19,0.49,0.0,0.0,1.71,2.19,0.67,6.69,0.0,0.0,0.0,0.0,0.0,0.0,0.0,1.0,0.0,0.0,0.0,0.0,0.0,1.0,1.0,704.82,59.36,78.49,67.17385568662503,7.46638400642344,67.45,84667034.331201,9.5,11.581691982788756,10.565858473010444,68.18603238798264,0.93,141.55,MQTT-DDoS-Connect_Flood
145891.0,7.1,79.8,1.0710634596158364,1.0710634596158364,0.0,0.0,0.0,0.0,0.5,0.9,0.0,0.0,0.0,0.0,0.0,1919.7,0.0,0.0,0.0,0.0,0.0,0.0,0.0,0.9,0.1,0.0,0.0,0.0,0.0,1.0,1.0,1069.4,68.2,682.1,180.0660317460317,214.8561783491782,167.6,0.0996517896652221,5.5,18.56160165269121,303.85252138106034,64510.02677110103,0.9,38.5,Benign
24210.26,6.0,64.0,24.03886758673088,24.03886758673088,0.0,0.0,0.02,0.55,0.19,0.45,0.0,0.0,0.8,1.21,4.98,46.79,0.0,0.0,0.0,0.0,0.0,0.0,0.0,1.0,0.0,0.0,0.0,0.0,0.0,1.0,1.0,1130.62,56.42,221.41,95.63808308495769,55.03297684959338,155.48,84666962.25792262,9.5,13.20140719389334,77.24822081543729,16388.408336047396,0.72,141.55,MQTT-DDoS-Publish_Flood
112.36,6.0,64.0,65958.40629790498,65958.40629790498,0.0,0.2,0.14,0.17,0.18,0.8,0.0,0.0,0.2,0.14,0.27,1.39,0.0,0.0,0.0,0.0,0.0,0.0,0.0,1.0,0.0,0.0,0.0,0.0,0.0,1.0,1.0,698.29,61.6,75.75,66.52629765036305,5.112007978657446,66.44,84667024.5423787,9.5,11.530881298367651,7.231804210100254,38.159884700427845,0.93,141.55,MQTT-DDoS-Connect_Flood
55287.6,6.0,64.0,1.1139869345921372,1.1139869345921372,0.0,0.0,0.0,0.0,0.5,1.0,0.0,0.0,0.0,0.0,0.0,691.9,0.0,0.0,0.0,0.0,0.0,0.0,0.0,1.0,0.0,0.0,0.0,0.0,0.0,1.0,1.0,1173.1,66.0,97.0,75.5504624718247,10.595772405836383,78.7,169469968.04518768,13.5,12.28659882193312,14.97898495756245,113.81058408747674,1.0,244.6,Benign
11837.1,6.0,64.0,2.820246987887658,2.820246987887658,0.0,0.0,0.0,0.0,0.7,1.0,0.0,0.0,0.0,0.0,0.0,111.9,0.0,0.0,0.0,0.0,0.0,0.0,0.0,1.0,0.0,0.0,0.0,0.0,0.0,1.0,1.0,1313.8,66.0,211.0,84.8790045493722,35.95128296611225,92.0,169323367.9855231,13.5,13.03591862306844,50.924033549199024,1306.742141502793,1.0,244.6,MQTT-Malformed_Data
9315.81,6.0,64.0,17.09640975560809,17.09640975560809,0.0,0.04,0.08,0.36,0.28,0.64,0.0,0.0,0.73,1.6,7.23,20.89,0.0,0.0,0.0,0.0,0.0,0.0,0.0,1.0,0.0,0.0,0.0,0.0,0.0,1.0,1.0,5260.04,308.48,678.89,513.8661391660885,147.0763483821068,510.77,84666957.80105203,9.5,26.35322113214725,206.38572350416536,66471.52912885025,0.88,141.55,MQTT-DDoS-Publish_Flood
945140.0,6.0,54.0,686.1307093286026,686.1307093286026,0.0,0.0,0.0,0.0,0.1,1.0,0.0,0.0,0.0,1.0,0.0,627.5,1.0,0.0,0.0,0.0,0.0,0.0,0.0,1.0,0.0,0.0,0.0,0.0,0.0,1.0,1.0,8327.0,1514.0,1514.0,1514.0,0.0,1514.0,0.0001268863677978,5.5,55.02726596879042,0.0,0.0,0.0,38.5,Benign
543.05,6.0,64.0,14.273601376928882,14.273601376928882,0.0,0.27,0.49,0.11,0.13,0.4,0.0,0.0,1.64,2.19,0.43,6.27,0.0,0.0,0.0,0.0,0.0,0.0,0.0,1.0,0.0,0.0,0.0,0.0,0.0,1.0,1.0,737.76,64.28,77.74,69.80659021130228,4.923711946207842,70.73,84667036.73912026,9.5,11.804950748479811,6.960572047887657,29.652482543055463,0.88,141.55,MQTT-DDoS-Connect_Flood
5011.91,6.0,64.0,8.166669647530261,8.166669647530261,0.0,0.0,0.02,0.32,0.32,0.66,0.0,0.0,0.88,1.47,6.84,11.89,0.0,0.0,0.0,0.0,0.0,0.0,0.0,1.0,0.0,0.0,0.0,0.0,0.0,1.0,1.0,8273.75,209.37,1266.4,735.8958666502056,485.488392853254,833.22,84666970.34882714,9.5,35.97379194735162,686.3733236053204,309527.48736918333,0.85,141.55,MQTT-DDoS-Publish_Flood
212397.6,6.0,64.0,1.461297953523553,1.461297953523553,0.0,0.0,0.0,0.0,0.5,1.0,0.0,0.0,0.0,0.0,0.0,2699.1,0.0,0.0,0.0,0.0,0.0,0.0,0.0,1.0,0.0,0.0,0.0,0.0,0.0,1.0,1.0,1227.8,66.0,111.0,79.2503678141604,14.919223463138914,78.1,169465912.5197564,13.5,12.594807488695675,21.110585761862115,223.27048003303847,1.0,244.6,Benign
137934.7,6.0,64.0,0.6135993342029529,0.6135993342029529,0.0,0.0,0.0,0.0,0.5,1.0,0.0,0.0,0.0,0.0,0.0,1847.7,0.0,0.0,0.0,0.0,0.0,0.0,0.0,1.0,0.0,0.0,0.0,0.0,0.0,1.0,1.0,1185.7,66.0,91.0,76.54527671459947,9.947381802369511,74.9,169464800.01711112,13.5,12.369309413514188,14.07559856089866,99.09953228364112,1.0,244.6,Benign
2886344.0,6.0,64.0,122.47254853321516,122.47254853321516,0.0,0.0,0.0,0.0,0.0,1.0,0.0,0.0,0.0,2.0,0.0,3034.5,0.0,1.0,0.0,0.0,0.0,0.0,0.0,1.0,0.0,0.0,0.0,0.0,0.0,1.0,1.0,8217.0,1494.0,1494.0,1494.0,0.0,1494.0,3.299713134765625e-05,5.5,54.6626014748658,0.0,0.0,0.0,38.5,MQTT-Malformed_Data
4742947.0,6.0,64.0,99.16697681028656,99.16697681028656,0.0,0.0,0.0,0.0,0.0,1.0,0.0,0.0,0.0,0.0,0.0,4794.5,0.0,1.0,0.0,0.0,0.0,0.0,0.0,1.0,0.0,0.0,0.0,0.0,0.0,1.0,1.0,8217.0,1494.0,1494.0,1494.0,0.0,1494.0,2.47955322265625e-05,5.5,54.6626014748658,0.0,0.0,0.0,38.5,MQTT-Malformed_Data
521087.6,6.0,57.6,3367.812364290906,3367.812364290906,0.0,0.0,0.0,0.0,0.3,1.0,0.0,0.0,0.0,0.0,0.0,353.3,1.0,0.0,0.0,0.0,0.0,0.0,0.0,1.0,0.0,0.0,0.0,0.0,0.0,1.0,1.0,7458.2,645.2,1514.0,1391.5520634920636,299.38756729262553,1369.2,0.0001563072204589,5.5,52.7160207658298,423.3979580711187,150853.3030738221,0.6,38.5,Benign
70060.24,6.0,64.0,103.29779229089836,103.29779229089836,0.0,0.0,0.0,0.0,0.46,1.0,0.0,0.0,0.0,0.0,0.0,214.16,0.0,0.0,0.0,0.0,0.0,0.0,0.0,1.0,0.0,0.0,0.0,0.0,0.0,1.0,1.0,4486.48,135.76,958.48,380.4671016227494,308.45126904488177,448.12,84666479.8160454,9.5,26.21841508293832,436.130038696892,144657.59050471394,0.8,141.55,MQTT-DoS-Publish_Flood
130.9,6.0,64.0,42352.19053508672,42352.19053508672,0.0,0.26,0.17,0.07,0.28,0.84,0.0,0.0,0.3,0.2,0.1,1.68,0.0,0.0,0.0,0.0,0.0,0.0,0.0,1.0,0.0,0.0,0.0,0.0,0.0,1.0,1.0,730.77,64.62,78.12,69.98673307475978,5.295548957554347,69.4,84667019.08386582,9.5,11.827414553343608,7.493045140861842,38.050716754081975,0.94,141.55,MQTT-DDoS-Connect_Flood
394.91,6.0,64.0,8.043560174538866,8.043560174538866,0.0,0.11,0.14,0.12,0.07,0.88,0.0,0.0,0.8,2.06,0.47,4.25,0.0,0.0,0.0,0.0,0.0,0.0,0.0,1.0,0.0,0.0,0.0,0.0,0.0,1.0,1.0,696.87,60.24,73.66,66.49310398760166,4.783736508442787,66.22,84667030.3735579,9.5,11.526952162026168,6.76998227436171,28.39637548392507,0.94,141.55,MQTT-DDoS-Connect_Flood
69993.0,6.0,244.0,40.14283619629587,40.14283619629587,0.0,0.0,0.0,0.0,0.0,1.0,0.0,0.0,0.0,1.0,0.0,765.5,0.0,1.0,0.0,0.0,0.0,0.0,0.0,1.0,0.0,0.0,0.0,0.0,0.0,1.0,1.0,363.0,66.0,66.0,66.0,0.0,66.0,0.0079122066497802,5.5,11.489125293076055,0.0,0.0,0.0,38.5,Benign
8298677.0,6.0,56.0,7828.020704614109,7828.020704614109,0.0,0.0,0.0,0.0,0.1,1.0,0.0,0.0,0.0,0.0,0.0,5484.5,1.0,0.0,0.0,0.0,0.0,0.0,0.0,1.0,0.0,0.0,0.0,0.0,0.0,1.0,1.0,8327.0,1514.0,1514.0,1514.0,0.0,1514.0,9.6893310546875e-05,5.5,55.02726596879042,0.0,0.0,0.0,38.5,Benign
106.85,6.0,64.0,453896.41027304105,453896.41027304105,0.0,0.13,0.04,0.4,0.28,0.58,0.0,0.0,0.13,0.04,0.6,1.02,0.0,0.0,0.0,0.0,0.0,0.0,0.0,1.0,0.0,0.0,0.0,0.0,0.0,1.0,1.0,682.52,55.81,74.9,64.78179292241985,6.906697094510232,65.15,84667023.11716184,9.5,11.371989807492122,9.76102726985417,60.69429052339176,0.86,141.55,MQTT-DDoS-Connect_Flood
475.88,6.0,64.0,6.841780659706769,6.841780659706769,0.0,0.21,0.34,0.3,0.06,0.38,0.0,0.0,1.7,1.49,0.91,5.31,0.0,0.0,0.0,0.0,0.0,0.0,0.0,1.0,0.0,0.0,0.0,0.0,0.0,1.0,1.0,687.09,60.08,74.83,65.13278192739492,5.1131424928522105,66.14,84667042.13418736,9.5,11.398908063579572,7.230795619774457,31.475347429590144,0.89,141.55,MQTT-DDoS-Connect_Flood
549.68,6.0,64.0,11.034249880690114,11.034249880690114,0.0,0.16,0.13,0.35,0.16,0.52,0.0,0.0,1.59,2.02,0.7,6.28,0.0,0.0,0.0,0.0,0.0,0.0,0.0,1.0,0.0,0.0,0.0,0.0,0.0,1.0,1.0,684.18,57.6,76.02,64.8270208875232,6.458885367617983,65.27,84667023.73057811,9.5,11.376456204591824,9.142539056221038,57.31626532142766,0.84,141.55,MQTT-DDoS-Connect_Flood
475557.4,7.1,79.8,1.6505664491624537,1.6505664491624537,0.0,0.0,0.0,0.0,0.5,0.9,0.0,0.0,0.0,0.0,0.0,5825.5,0.0,0.0,0.0,0.0,0.0,0.0,0.0,0.9,0.1,0.0,0.0,0.0,0.0,1.0,1.0,688.2,67.8,223.4,121.63107142857146,65.1430402440683,113.4,0.0999434947967529,5.5,15.50519923425183,92.1261710073777,5194.670464710884,0.9,38.5,Benign
31755.4,8.2,67.4,23.608331371312,23.608331371312,0.0,0.0,0.0,0.0,0.6,0.8,0.0,0.0,0.0,1.6,0.0,212.6,0.0,0.6,0.0,0.0,0.0,0.0,0.0,0.8,0.2,0.0,0.0,0.0,0.0,1.0,1.0,5451.0,66.0,1474.0,358.7374423662852,501.3530434010677,250.3,169461541.40745878,13.5,26.767688004215472,710.5724045998215,253844.82663640328,1.0,244.6,Benign
304.37,6.0,64.0,65.69913054054774,65.69913054054774,0.0,0.03,0.31,0.18,0.2,0.78,0.0,0.0,0.07,1.75,0.22,3.11,0.0,0.0,0.0,0.0,0.0,0.0,0.0,1.0,0.0,0.0,0.0,0.0,0.0,1.0,1.0,751.5,66.56,78.1,71.61111643739817,4.815492239865577,71.45,84662367.99572268,9.5,11.965818605205088,6.812944396929846,27.95287604904648,0.92,141.55,MQTT-DoS-Connect_Flood
355.56,6.0,64.0,15.865765683935628,15.865765683935628,0.0,0.68,0.1,0.07,0.28,0.86,0.0,0.0,1.73,0.78,0.15,4.32,0.0,0.0,0.0,0.0,0.0,0.0,0.0,1.0,0.0,0.0,0.0,0.0,0.0,1.0,1.0,711.41,64.12,72.65,67.88120338772855,3.268374821351996,67.82,84667026.73669517,9.5,11.65012759424532,4.605582987376248,18.824376411037537,0.77,141.55,MQTT-DDoS-Connect_Flood
188229.5,6.0,64.0,1.5942092343332073,1.5942092343332073,0.0,0.0,0.0,0.0,0.5,1.0,0.0,0.0,0.0,0.0,0.0,2397.7,0.0,0.0,0.0,0.0,0.0,0.0,0.0,1.0,0.0,0.0,0.0,0.0,0.0,1.0,1.0,1217.5,66.0,111.0,78.57679925896257,15.157360269682728,78.3,169470456.8470844,13.5,12.533101707243542,21.47593621797415,231.1388012998296,1.0,244.6,Benign
283.32,6.0,64.0,98.40582442522846,98.40582442522846,0.0,0.18,0.19,0.08,0.26,0.85,0.0,0.0,0.72,0.86,0.15,3.45,0.0,0.0,0.0,0.0,0.0,0.0,0.0,1.0,0.0,0.0,0.0,0.0,0.0,1.0,1.0,731.32,63.2,78.44,69.92604434016275,5.550618279695905,69.21,84667044.14539622,9.5,11.824819802531346,7.846592841540041,39.736360857149855,0.91,141.55,MQTT-DDoS-Connect_Flood
352.59,6.0,64.0,74.02226065562778,74.02226065562778,0.0,0.0,0.3,0.1,0.26,0.87,0.0,0.0,0.0,1.87,0.14,3.88,0.0,0.0,0.0,0.0,0.0,0.0,0.0,1.0,0.0,0.0,0.0,0.0,0.0,1.0,1.0,737.53,66.64,77.94,70.35636591800872,3.873926511065644,70.47,84662364.83100215,9.5,11.859892972879049,5.465024025735459,18.03124274513793,0.88,141.55,MQTT-DoS-Connect_Flood
153.85,6.0,64.0,219170.39576555268,219170.39576555268,0.0,0.15,0.12,0.21,0.42,0.76,0.0,0.0,0.15,0.53,0.36,1.48,0.0,0.0,0.0,0.0,0.0,0.0,0.0,1.0,0.0,0.0,0.0,0.0,0.0,1.0,1.0,700.08,63.25,73.84,66.88796201287533,4.031288316330969,66.77,84667020.819891,9.5,11.556022792192572,5.692157314101711,32.58717761761038,0.75,141.55,MQTT-DDoS-Connect_Flood
9705629.0,6.0,56.0,7342.130308820473,7342.130308820473,0.0,0.0,0.0,0.0,0.2,1.0,0.0,0.0,0.0,0.0,0.0,6412.5,1.0,0.0,0.0,0.0,0.0,0.0,0.0,1.0,0.0,0.0,0.0,0.0,0.0,1.0,1.0,23467.0,1514.0,1514.0,1514.0,0.0,1514.0,169469425.5336695,13.5,55.02726596879042,0.0,0.0,0.0,244.6,Benign
49662.48,6.0,64.0,124.24429124298877,124.24429124298877,0.0,0.0,0.0,0.0,0.27,1.0,0.0,0.0,0.0,0.0,0.0,239.37,0.0,0.0,0.0,0.0,0.0,0.0,0.0,1.0,0.0,0.0,0.0,0.0,0.0,1.0,1.0,1871.13,127.04,381.76,207.163244089373,91.12839369982288,163.01,84666480.76719202,9.5,17.151631614586407,128.9363102829168,38982.191561184765,0.27,141.55,MQTT-DoS-Publish_Flood
195786.7,6.0,64.0,0.870553772465765,0.870553772465765,0.0,0.0,0.0,0.0,1.0,1.0,0.0,0.0,0.0,0.0,0.0,2508.1,0.0,0.0,0.0,0.0,0.0,0.0,0.0,1.0,0.0,0.0,0.0,0.0,0.0,1.0,1.0,2071.2,66.0,929.0,135.26700114299183,211.67402162934167,90.1,169465602.0202707,13.5,16.44364811289801,300.0271860208416,45353.41365917141,1.0,244.6,Benign
642.5,6.0,64.0,10.25148050813515,10.25148050813515,0.0,0.25,0.06,0.53,0.09,0.41,0.0,0.0,2.06,2.08,1.1,7.23,0.0,0.0,0.0,0.0,0.0,0.0,0.0,1.0,0.0,0.0,0.0,0.0,0.0,1.0,1.0,642.82,55.61,76.4,60.88553971643253,7.134760978153432,61.63,84667024.09990184,9.5,11.02750995138214,10.098591636122856,67.65879714272813,0.81,141.55,MQTT-DDoS-Connect_Flood
148089.0,6.0,64.0,0.9605875337059904,0.9605875337059904,0.0,0.0,0.0,0.0,0.5,1.0,0.0,0.0,0.0,0.0,0.0,1969.9,0.0,0.0,0.0,0.0,0.0,0.0,0.0,1.0,0.0,0.0,0.0,0.0,0.0,1.0,1.0,1216.4,66.0,114.6,78.45039398166332,14.742627395540158,78.1,169470111.04598337,13.5,12.530934029072927,20.86668733097268,218.7954872520976,1.0,244.6,Benign
10674.69,6.0,64.0,151.7942637564767,151.7942637564767,0.0,0.0,0.0,0.0,0.68,1.0,0.0,0.0,0.0,0.0,0.0,74.29,0.0,0.0,0.0,0.0,0.0,0.0,0.0,1.0,0.0,0.0,0.0,0.0,0.0,1.0,1.0,1508.32,112.87,186.99,143.05623396929008,28.76070441149128,145.57,84666486.29892327,9.5,16.642845336838807,40.48827478531295,1451.5238917931551,0.59,141.55,MQTT-DoS-Publish_Flood
84450.3,6.0,64.0,2.037170200930998,2.037170200930998,0.0,0.0,0.0,0.0,0.5,1.0,0.0,0.0,0.0,0.0,0.0,1068.3,0.0,0.0,0.0,0.0,0.0,0.0,0.0,1.0,0.0,0.0,0.0,0.0,0.0,1.0,1.0,1205.5,66.0,111.0,77.70230047343436,13.879871912019157,80.5,169468737.0366943,13.5,12.452771940033134,19.43667536702697,189.38345179242512,1.0,244.6,Benign
235937.1,6.0,64.0,0.8471046607907977,0.8471046607907977,0.0,0.0,0.0,0.0,0.1,1.0,0.0,0.0,0.0,0.0,0.0,3153.1,0.0,0.0,0.0,0.0,0.0,0.0,0.0,1.0,0.0,0.0,0.0,0.0,0.0,1.0,1.0,1026.6,66.0,69.6,66.18473684210525,0.7942352858036456,67.8,169467804.2254844,13.5,11.505558101182748,1.136842105263158,3.2310249307479224,0.2,244.6,Benign
84409.5,6.0,64.0,71.6420131483124,71.6420131483124,0.0,0.0,0.0,0.0,0.55,1.0,0.0,0.0,0.0,0.0,0.0,413.71,0.0,0.0,0.0,0.0,0.0,0.0,0.0,1.0,0.0,0.0,0.0,0.0,0.0,1.0,1.0,1388.42,100.88,160.83,128.98584539810895,24.153712612964263,125.95,84666508.57924615,9.5,15.828505549294498,34.08363775756188,1084.1716002263463,0.55,141.55,MQTT-DoS-Publish_Flood
516.37,6.0,64.0,66.10662153645363,66.10662153645363,0.0,0.02,0.23,0.07,0.23,0.87,0.0,0.0,0.23,2.43,0.54,5.72,0.0,0.0,0.0,0.0,0.0,0.0,0.0,1.0,0.0,0.0,0.0,0.0,0.0,1.0,1.0,730.45,63.44,73.94,69.0497889884883,4.042479497486486,69.95,84662360.00123687,9.5,11.744926586087448,5.718613960452679,22.1967710607328,0.85,141.55,MQTT-DoS-Connect_Flood
226792.2,6.0,81.5,2.174661620871442,2.174661620871442,0.0,0.0,0.0,0.0,0.6,1.0,0.0,0.0,0.0,0.8,0.0,2645.7,0.0,0.0,0.0,0.0,0.0,0.0,0.0,1.0,0.0,0.0,0.0,0.0,0.0,1.0,1.0,1320.2,64.8,160.2,84.30954837731927,26.2966003498106,105.8,169462035.34342343,13.5,12.993046866308967,37.24992926471924,883.8566115325739,1.0,244.6,Benign
459.78,6.0,64.0,9.18118693924334,9.18118693924334,0.0,0.06,0.15,0.2,0.19,0.78,0.0,0.0,0.97,1.84,0.53,5.32,0.0,0.0,0.0,0.0,0.0,0.0,0.0,1.0,0.0,0.0,0.0,0.0,0.0,1.0,1.0,727.45,58.57,79.73,69.3420133624975,7.002761795585331,68.43,84667044.07918274,9.5,11.771931454801823,9.911073058775408,59.46542355339714,0.9,141.55,MQTT-DDoS-Connect_Flood
168.74,6.0,64.0,25576.94550712864,25576.94550712864,0.0,0.28,0.05,0.25,0.26,0.73,0.0,0.0,0.32,0.56,0.34,1.95,0.0,0.0,0.0,0.0,0.0,0.0,0.0,1.0,0.0,0.0,0.0,0.0,0.0,1.0,1.0,699.49,55.85,78.5,67.50234376579733,7.743795453018298,65.85,84667030.59119011,9.5,11.611070856196571,10.938953277936651,69.1396692956971,0.94,141.55,MQTT-DDoS-Connect_Flood
235.3,6.0,64.0,67139.87750261292,67139.87750261292,0.0,0.22,0.12,0.32,0.24,0.56,0.0,0.0,0.65,0.49,0.46,2.86,0.0,0.0,0.0,0.0,0.0,0.0,0.0,1.0,0.0,0.0,0.0,0.0,0.0,1.0,1.0,689.9,56.56,77.77,65.56866795270433,7.128328060646507,65.97,84667028.30366953,9.5,11.4430161074579,10.073702089191473,62.92742462664274,0.89,141.55,MQTT-DDoS-Connect_Flood
424.38,6.0,64.0,9.15288656726806,9.15288656726806,0.0,0.09,0.04,0.24,0.37,0.74,0.0,0.0,0.87,1.9,0.34,4.82,0.0,0.0,0.0,0.0,0.0,0.0,0.0,1.0,0.0,0.0,0.0,0.0,0.0,1.0,1.0,687.47,58.12,74.48,65.42057322325937,5.60685971605433,66.32,84667023.18874793,9.5,11.425573719985996,7.9272626019831,42.16577506603064,0.85,141.55,MQTT-DDoS-Connect_Flood
45336.44,6.0,64.0,64.96709219677211,64.96709219677211,0.0,0.0,0.0,0.0,0.52,1.0,0.0,0.0,0.0,0.0,0.0,141.27,0.0,0.0,0.0,0.0,0.0,0.0,0.0,1.0,0.0,0.0,0.0,0.0,0.0,1.0,1.0,4340.21,130.31,880.65,410.6725431505629,250.3651803689936,445.0,84666508.16813426,9.5,26.24198401641137,354.3294193260757,105942.43729485538,0.63,141.55,MQTT-DoS-Publish_Flood
434.54,6.0,64.0,10.651968175133767,10.651968175133767,0.0,0.04,0.07,0.18,0.11,0.81,0.0,0.0,0.88,1.65,0.37,5.09,0.0,0.0,0.0,0.0,0.0,0.0,0.0,1.0,0.0,0.0,0.0,0.0,0.0,1.0,1.0,688.14,57.84,72.45,65.37517712099562,5.214630120847554,66.25,84667025.93151557,9.5,11.427952913669284,7.378720783048775,34.43265369966607,0.86,141.55,MQTT-DDoS-Connect_Flood
260874.3,6.0,64.0,2.034806279684396,2.034806279684396,0.0,0.0,0.0,0.0,0.5,1.0,0.0,0.0,0.0,0.0,0.0,3476.9,0.0,0.0,0.0,0.0,0.0,0.0,0.0,1.0,0.0,0.0,0.0,0.0,0.0,1.0,1.0,408.6,66.0,82.7,73.46599206349207,8.096381030350226,75.2,0.1000706911087036,5.5,12.119450888952464,11.450011859261542,72.87474148085161,0.9,38.5,Benign
55460.06,6.0,64.0,47.77168980247199,47.77168980247199,0.0,0.03,0.03,0.09,0.34,0.9,0.0,0.0,0.58,0.34,12.57,64.22,0.0,0.0,0.0,0.0,0.0,0.0,0.0,1.0,0.0,0.0,0.0,0.0,0.0,1.0,1.0,10578.48,574.32,1507.62,1074.160563446873,388.5681109023577,913.46,84666959.4480734,9.5,45.15936247643831,549.9450287684272,210955.420816904,0.93,141.55,MQTT-DDoS-Publish_Flood
416.58,6.0,64.0,6.926772018368048,6.926772018368048,0.0,0.12,0.23,0.08,0.16,0.92,0.0,0.0,0.8,2.03,0.58,4.55,0.0,0.0,0.0,0.0,0.0,0.0,0.0,1.0,0.0,0.0,0.0,0.0,0.0,1.0,1.0,709.04,63.2,71.88,67.48743300559089,3.522653801885531,67.64,84667022.84096175,9.5,11.61490686123364,4.98115765800218,15.10873783493357,0.91,141.55,MQTT-DDoS-Connect_Flood
41564.0,6.0,64.0,1.513135978963993,1.513135978963993,0.0,0.0,0.0,0.0,0.5,1.0,0.0,0.0,0.0,0.0,0.0,505.1,0.0,0.0,0.0,0.0,0.0,0.0,0.0,1.0,0.0,0.0,0.0,0.0,0.0,1.0,1.0,1725.4,66.0,260.0,112.39447485478058,67.72492544368586,81.2,169468289.5347006,13.5,14.995213253463106,95.9762990674506,4626.773785044211,1.0,244.6,Benign
610.54,6.0,64.0,9.536289331749556,9.536289331749556,0.0,0.22,0.07,0.12,0.25,0.81,0.0,0.0,1.7,2.25,0.71,7.05,0.0,0.0,0.0,0.0,0.0,0.0,0.0,1.0,0.0,0.0,0.0,0.0,0.0,1.0,1.0,719.62,62.21,78.57,68.46170045335641,6.276383419707043,68.51,84667029.98609921,9.5,11.696723980943911,8.863594478408329,50.03048576105357,0.92,141.55,MQTT-DDoS-Connect_Flood
15172.47,6.0,64.0,103.64451896744876,103.64451896744876,0.0,0.0,0.0,0.0,0.64,1.0,0.0,0.0,0.0,0.0,0.0,26.85,0.0,0.01,0.0,0.0,0.0,0.0,0.0,1.0,0.0,0.0,0.0,0.0,0.0,1.0,1.0,6786.46,201.97,1280.31,629.9065266306621,375.08746755422345,624.87,84666479.52968475,9.5,34.235037418421136,530.9990078467629,171148.12566309117,0.91,141.55,MQTT-DoS-Publish_Flood
127407.6,6.0,64.0,1.7221528453300627,1.7221528453300627,0.0,0.0,0.0,0.0,0.5,1.0,0.0,0.0,0.0,0.0,0.0,1629.9,0.0,0.0,0.0,0.0,0.0,0.0,0.0,1.0,0.0,0.0,0.0,0.0,0.0,1.0,1.0,427.8,67.8,93.6,78.14218253968252,10.025539744484142,78.4,0.0999413967132568,5.5,12.499757309229858,14.178254276759969,114.84098278848576,0.9,38.5,Benign
457.41,6.0,64.0,9.32244799846482,9.32244799846482,0.0,0.25,0.22,0.31,0.13,0.48,0.0,0.0,1.38,1.73,0.48,5.13,0.0,0.0,0.0,0.0,0.0,0.0,0.0,1.0,0.0,0.0,0.0,0.0,0.0,1.0,1.0,700.59,55.66,77.94,66.61008079772824,7.611827311992671,66.35,84667019.31124537,9.5,11.535107195469712,10.764665609345691,65.68643312281546,0.93,141.55,MQTT-DDoS-Connect_Flood
23046.5,6.0,64.0,83.64390307776186,83.64390307776186,0.0,0.0,0.0,0.0,0.63,1.0,0.0,0.0,0.0,0.0,0.0,66.19,0.0,0.0,0.0,0.0,0.0,0.0,0.0,1.0,0.0,0.0,0.0,0.0,0.0,1.0,1.0,3587.25,166.28,803.28,335.10189633066454,207.98531769975384,387.08,84666498.52499224,9.5,24.6090046093412,293.13586343745413,61763.71892279612,0.79,141.55,MQTT-DoS-Publish_Flood
82134.36,6.0,64.0,68.12126033228745,68.12126033228745,0.0,0.0,0.0,0.0,0.61,1.0,0.0,0.0,0.0,0.0,0.0,243.21,0.0,0.0,0.0,0.0,0.0,0.0,0.0,1.0,0.0,0.0,0.0,0.0,0.0,1.0,1.0,4041.15,117.7,1033.86,381.94254526635217,286.3930242640432,377.27,84666490.73266137,9.5,26.03560083569076,405.4701575580045,122994.88972649902,0.81,141.55,MQTT-DoS-Publish_Flood
10625.77,6.0,64.0,3080.7026247901667,3080.7026247901667,0.0,0.0,0.05,0.1,0.59,0.89,0.0,0.0,0.04,0.06,8.82,11.72,0.0,0.0,0.0,0.0,0.0,0.0,0.0,1.0,0.0,0.0,0.0,0.0,0.0,1.0,1.0,7368.89,265.87,1111.55,669.345107972265,351.8389358203518,744.38,84666967.58007126,9.5,34.23109054578772,496.7325933532379,196544.5420773961,0.83,141.55,MQTT-DDoS-Publish_Flood
540.8,6.0,64.0,7.917108723646217,7.917108723646217,0.0,0.16,0.22,0.23,0.19,0.63,0.0,0.0,1.38,2.26,0.63,6.07,0.0,0.0,0.0,0.0,0.0,0.0,0.0,1.0,0.0,0.0,0.0,0.0,0.0,1.0,1.0,720.13,61.41,78.37,68.64115135835955,6.055777718027534,68.39,84667024.69635154,9.5,11.706412782655793,8.559091227972969,43.98114053801886,0.92,141.55,MQTT-DDoS-Connect_Flood
609.14,6.0,64.0,11.980483463397398,11.980483463397398,0.0,0.13,0.08,0.36,0.11,0.6,0.0,0.0,2.01,1.93,0.64,7.24,0.0,0.0,0.0,0.0,0.0,0.0,0.0,1.0,0.0,0.0,0.0,0.0,0.0,1.0,1.0,682.36,59.64,74.44,65.40771340733569,5.87399330802354,65.64,84667027.68186316,9.5,11.4209903115891,8.30494065208132,49.54666340414756,0.82,141.55,MQTT-DDoS-Connect_Flood
209679.0,6.0,248.0,33.25818197522471,33.25818197522471,0.0,0.0,0.0,0.0,0.0,1.0,0.0,0.0,0.0,1.0,0.0,2466.5,0.0,1.0,0.0,0.0,0.0,0.0,0.0,1.0,0.0,0.0,0.0,0.0,0.0,1.0,1.0,1023.0,66.0,66.0,66.0,0.0,66.0,169463124.2721174,13.5,11.489125293076055,0.0,0.0,0.0,244.6,Benign
763.98,6.0,64.0,50.27309330195265,50.27309330195265,0.0,0.13,0.4,0.1,0.23,0.8,0.0,0.0,1.15,3.06,1.55,8.21,0.0,0.0,0.0,0.0,0.0,0.0,0.0,1.0,0.0,0.0,0.0,0.0,0.0,1.0,1.0,741.41,63.88,77.97,69.84956236286074,4.806131209345729,71.13,84662359.44379003,9.5,11.816527591375966,6.80283702733178,28.4614049039024,0.94,141.55,MQTT-DoS-Connect_Flood
58320.6,6.0,64.0,1.1898281967709008,1.1898281967709008,0.0,0.0,0.0,0.0,0.5,1.0,0.0,0.0,0.0,0.0,0.0,773.9,0.0,0.0,0.0,0.0,0.0,0.0,0.0,1.0,0.0,0.0,0.0,0.0,0.0,1.0,1.0,421.6,67.7,86.4,77.07285714285715,8.612576579002388,76.2,3.5309791564941405e-05,5.5,12.414232354075622,12.180022605002048,82.82639455782314,0.9,38.5,Benign
9565.26,6.0,64.0,15.05146254793463,15.05146254793463,0.0,0.0,0.03,0.01,0.59,0.97,0.0,0.0,0.47,1.75,6.28,19.55,0.0,0.0,0.0,0.0,0.0,0.0,0.0,1.0,0.0,0.0,0.0,0.0,0.0,1.0,1.0,11596.05,381.94,1476.01,1092.746032472086,431.5584917550445,1088.51,84666967.66865267,9.5,46.14477945004224,610.6198842355484,230243.6244358118,0.87,141.55,MQTT-DDoS-Publish_Flood
554.63,6.0,64.0,9.19067459583706,9.19067459583706,0.0,0.08,0.17,0.4,0.1,0.6,0.0,0.0,1.52,2.14,1.01,6.1,0.0,0.0,0.0,0.0,0.0,0.0,0.0,1.0,0.0,0.0,0.0,0.0,0.0,1.0,1.0,668.99,56.36,74.05,63.41917236573197,6.654006804992419,63.84,84667046.57741183,9.5,11.251260594229718,9.4082452169119,59.13410812187905,0.85,141.55,MQTT-DDoS-Connect_Flood
477.48,6.0,64.0,11.23812052287724,11.23812052287724,0.0,0.16,0.27,0.31,0.18,0.45,0.0,0.0,1.3,1.88,0.69,5.32,0.0,0.0,0.0,0.0,0.0,0.0,0.0,1.0,0.0,0.0,0.0,0.0,0.0,1.0,1.0,695.71,57.44,78.88,65.89986412276235,7.767666155897529,66.92,84667040.74650006,9.5,11.46482150041184,10.970966431172142,69.58086444474618,0.9,141.55,MQTT-DDoS-Connect_Flood
396.44,6.0,64.0,11.18806026552664,11.18806026552664,0.0,0.3,0.2,0.03,0.32,0.85,0.0,0.0,0.98,1.68,0.18,4.82,0.0,0.0,0.0,0.0,0.0,0.0,0.0,1.0,0.0,0.0,0.0,0.0,0.0,1.0,1.0,741.81,62.88,79.57,70.23233795203764,5.257285736100721,70.57,84667041.11612785,9.5,11.850392946199785,7.440280849592208,35.19656278233012,0.87,141.55,MQTT-DDoS-Connect_Flood
215806.1,6.0,64.0,1.093093440778429,1.093093440778429,0.0,0.0,0.0,0.0,0.5,1.0,0.0,0.0,0.0,0.0,0.0,2794.3,0.0,0.0,0.0,0.0,0.0,0.0,0.0,1.0,0.0,0.0,0.0,0.0,0.0,1.0,1.0,416.5,66.0,90.5,74.94714285714284,10.089202446198104,78.3,5.698204040527344e-05,5.5,12.240020188910329,14.268286932941162,114.84294217687076,0.9,38.5,Benign
207969.5,6.0,69.9,1.004783865917862,1.004783865917862,0.0,0.0,0.0,0.0,0.6,1.0,0.0,0.0,0.0,0.0,0.0,2759.3,0.0,0.1,0.0,0.0,0.0,0.0,0.0,1.0,0.0,0.0,0.0,0.0,0.0,1.0,1.0,435.3,68.2,89.5,79.79940476190477,9.73824255940157,78.9,0.0997701168060302,5.5,12.631101393873482,13.771954701184583,105.44910756802722,0.9,38.5,Benign
89883.72,6.0,64.0,73.58304243297243,73.58304243297243,0.0,0.0,0.0,0.0,0.08,1.0,0.0,0.0,0.0,0.0,0.0,343.3,0.0,0.0,0.0,0.0,0.0,0.0,0.0,1.0,0.0,0.0,0.0,0.0,0.0,1.0,1.0,913.18,66.0,164.1,80.6919458849544,25.455564805086304,89.98,84666496.2742226,9.5,12.432445300661124,36.04585525757387,5680.780154924162,0.12,141.55,MQTT-DoS-Publish_Flood
1335797.0,6.0,56.0,2977.7111357558874,2977.7111357558874,0.0,0.0,0.0,0.0,0.0,1.0,0.0,0.0,0.0,1.0,0.0,884.5,1.0,0.0,0.0,0.0,0.0,0.0,0.0,1.0,0.0,0.0,0.0,0.0,0.0,1.0,1.0,8327.0,1514.0,1514.0,1514.0,0.0,1514.0,0.0001178979873657,5.5,55.02726596879042,0.0,0.0,0.0,38.5,Benign
511.88,6.0,64.0,11.867780288975611,11.867780288975611,0.0,0.14,0.19,0.28,0.2,0.53,0.0,0.0,1.38,1.92,0.63,5.77,0.0,0.0,0.0,0.0,0.0,0.0,0.0,1.0,0.0,0.0,0.0,0.0,0.0,1.0,1.0,722.41,60.17,81.69,69.35491239994955,8.054555367604939,67.5,84667046.29646263,9.5,11.768206111745917,11.394303421520556,75.45335958793167,0.92,141.55,MQTT-DDoS-Connect_Flood
130.07,6.0,64.0,15094.038348800445,15094.038348800445,0.0,0.12,0.26,0.24,0.13,0.76,0.0,0.0,0.17,0.46,0.38,1.33,0.0,0.0,0.0,0.0,0.0,0.0,0.0,1.0,0.0,0.0,0.0,0.0,0.0,1.0,1.0,710.77,58.52,77.33,67.46038925780101,6.248817859862402,67.1,84667038.74485552,9.5,11.61077012447742,8.835083005975362,49.56294717487139,0.91,141.55,MQTT-DDoS-Connect_Flood
540.51,6.0,64.0,58.65730505769439,58.65730505769439,0.0,0.1,0.19,0.09,0.22,0.91,0.0,0.0,0.78,2.29,1.05,5.66,0.0,0.0,0.0,0.0,0.0,0.0,0.0,1.0,0.0,0.0,0.0,0.0,0.0,1.0,1.0,710.79,62.32,73.63,67.86053477709942,4.126748047562432,67.57,84662359.31221858,9.5,11.646268842465885,5.838229447066211,23.82595858713936,0.92,141.55,MQTT-DoS-Connect_Flood
105990.8,6.0,64.0,1.9070524517611376,1.9070524517611376,0.0,0.0,0.0,0.0,0.5,1.0,0.0,0.0,0.0,0.0,0.0,1313.9,0.0,0.0,0.0,0.0,0.0,0.0,0.0,1.0,0.0,0.0,0.0,0.0,0.0,1.0,1.0,429.9,66.0,95.4,76.09353174603174,11.999143654882433,80.7,8.339881896972657e-05,5.5,12.33072647021608,16.969351693597805,174.29679193436635,0.9,38.5,Benign
505.14,6.0,64.0,10.048706467219237,10.048706467219237,0.0,0.09,0.19,0.23,0.14,0.68,0.0,0.0,1.33,1.96,0.69,5.77,0.0,0.0,0.0,0.0,0.0,0.0,0.0,1.0,0.0,0.0,0.0,0.0,0.0,1.0,1.0,703.43,60.13,78.46,67.6391113309635,6.66805745513686,66.84,84667040.5996136,9.5,11.623193267232391,9.431558643389808,52.42247331635014,0.93,141.55,MQTT-DDoS-Connect_Flood
3155.6,6.0,64.0,1.8681981289856389,1.8681981289856389,0.0,0.0,0.0,0.0,0.5,1.0,0.0,0.0,0.0,0.0,0.0,39.1,0.0,0.0,0.0,0.0,0.0,0.0,0.0,1.0,0.0,0.0,0.0,0.0,0.0,1.0,1.0,454.6,70.5,111.0,85.8204365079365,16.300571198506738,80.3,7.388591766357421e-05,5.5,13.085533800510197,23.052488863356487,298.007320845931,0.9,38.5,Benign
512.43,6.0,64.0,122.84816915162806,122.84816915162806,0.0,0.08,0.1,0.46,0.11,0.5,0.0,0.0,1.03,2.08,1.32,5.09,0.0,0.0,0.0,0.0,0.0,0.0,0.0,1.0,0.0,0.0,0.0,0.0,0.0,1.0,1.0,647.1,58.88,69.74,61.58427739267098,3.61894756767417,61.95,84662358.36717607,9.5,11.085254682531945,5.102381205063148,25.44823807923296,0.7,141.55,MQTT-DoS-Connect_Flood
17569.67,6.0,64.0,44.42320119311139,44.42320119311139,0.0,0.0,0.0,0.04,0.42,0.96,0.0,0.0,0.22,0.02,10.42,20.48,0.0,0.0,0.0,0.0,0.0,0.0,0.0,1.0,0.0,0.0,0.0,0.0,0.0,1.0,1.0,8309.94,196.1,1240.48,719.4949322651893,421.2906192660714,755.82,84666959.9697989,9.5,35.52223341908352,595.072592971657,236502.85642528563,0.79,141.55,MQTT-DDoS-Publish_Flood
476.3,6.0,64.0,8.970150740267426,8.970150740267426,0.0,0.14,0.42,0.14,0.1,0.44,0.0,0.0,1.24,2.27,0.57,5.16,0.0,0.0,0.0,0.0,0.0,0.0,0.0,1.0,0.0,0.0,0.0,0.0,0.0,1.0,1.0,722.31,62.24,78.97,68.75305001087663,5.865869589307787,69.33,84667048.09602442,9.5,11.718394794704512,8.296582793200642,40.73320192168297,0.94,141.55,MQTT-DDoS-Connect_Flood
354.9,6.0,64.0,20.93267111100128,20.93267111100128,0.0,0.32,0.08,0.13,0.29,0.81,0.0,0.0,0.9,1.3,0.34,4.4,0.0,0.0,0.0,0.0,0.0,0.0,0.0,1.0,0.0,0.0,0.0,0.0,0.0,1.0,1.0,710.24,62.8,75.66,68.01703212297679,4.385127356562814,67.26,84667021.76525798,9.5,11.661564063265851,6.206230518644271,33.295404426252546,0.85,141.55,MQTT-DDoS-Connect_Flood
30505.59,6.0,64.0,20.78210719218619,20.78210719218619,0.0,0.01,0.06,0.38,0.33,0.62,0.0,0.0,0.81,0.72,9.49,38.76,0.0,0.0,0.0,0.0,0.0,0.0,0.0,1.0,0.0,0.0,0.0,0.0,0.0,1.0,1.0,6651.56,233.8,1184.08,636.4525618157213,341.4123521577497,648.42,84666971.33813927,9.5,32.03052115405534,479.95136663430526,152042.61616128188,0.95,141.55,MQTT-DDoS-Publish_Flood
17882.13,6.0,64.0,128.60528101810263,128.60528101810263,0.0,0.0,0.08,0.31,0.31,0.66,0.0,0.0,0.25,0.13,4.04,20.89,0.0,0.0,0.0,0.0,0.0,0.0,0.0,1.0,0.0,0.0,0.0,0.0,0.0,1.0,1.0,7717.17,230.74,1325.12,721.942477323631,448.9673503843552,813.88,84666964.1744058,9.5,35.06586778410312,634.6195682613333,277394.15913096274,0.84,141.55,MQTT-DDoS-Publish_Flood
119095.6,7.1,64.0,0.9657854189344992,0.9657854189344992,0.0,0.0,0.0,0.0,0.4,0.9,0.0,0.0,0.0,0.0,0.0,1491.4,0.0,0.0,0.0,0.0,0.0,0.0,0.0,0.9,0.1,0.0,0.0,0.0,0.0,1.0,1.0,428.8,66.0,99.6,76.02452380952381,12.797071967133157,89.2,0.0510351181030273,5.5,12.32331067357277,18.097792734584253,273.93873185941044,0.9,38.5,Benign
196.36,6.0,64.0,8.95655719751,8.95655719751,0.0,0.12,0.4,0.0,0.09,1.0,0.0,0.0,0.31,1.16,0.19,2.47,0.0,0.0,0.0,0.0,0.0,0.0,0.0,1.0,0.0,0.0,0.0,0.0,0.0,1.0,1.0,728.28,66.36,72.8,69.13190428078973,2.9254994786055395,69.56,84667027.82054767,9.5,11.75754845595975,4.1354697558836016,10.634613461199478,0.81,141.55,MQTT-DDoS-Connect_Flood
550.2,6.0,64.0,9.146247116921884,9.146247116921884,0.0,0.12,0.16,0.45,0.1,0.39,0.0,0.0,1.78,2.06,0.81,6.16,0.0,0.0,0.0,0.0,0.0,0.0,0.0,1.0,0.0,0.0,0.0,0.0,0.0,1.0,1.0,677.77,55.76,80.28,65.0429856484245,8.701967871110844,63.54,84667024.24479139,9.5,11.400687423728703,12.2886362794207,81.69836768174167,0.95,141.55,MQTT-DDoS-Connect_Flood
3397196.6,17.0,64.0,53.61603344447169,53.61603344447169,0.0,0.0,0.0,0.0,0.0,0.0,0.0,0.0,0.0,0.0,0.0,0.0,0.0,0.0,0.0,0.0,0.0,0.0,0.0,0.0,1.0,0.0,0.0,0.0,0.0,1.0,1.0,575.6,100.6,118.2,103.6693253968254,5.42795441745609,106.8,0.0191408157348632,5.5,14.398165952471254,7.676286753109355,82.22659994646006,0.9,38.5,Benign
434461.6,6.0,79.8,1.83701975417805,1.83701975417805,0.0,0.0,0.0,0.0,0.5,1.0,0.0,0.0,0.0,0.0,0.0,5372.1,0.0,0.0,0.0,0.0,0.0,0.0,0.0,1.0,0.0,0.0,0.0,0.0,0.0,1.0,1.0,456.8,66.0,108.9,82.13242063492063,18.837315622724848,85.6,0.0701936960220337,5.5,12.807258798337788,26.639987232360067,397.3599387597632,0.9,38.5,Benign
448.01,6.0,64.0,8.477856737041707,8.477856737041707,0.0,0.25,0.18,0.35,0.09,0.63,0.0,0.0,1.1,1.92,0.77,4.86,0.0,0.0,0.0,0.0,0.0,0.0,0.0,1.0,0.0,0.0,0.0,0.0,0.0,1.0,1.0,671.32,61.48,69.08,64.04717311687281,3.1500372041390654,63.6,84667032.11207134,9.5,11.305473716564824,4.459810083425605,15.946688865110202,0.73,141.55,MQTT-DDoS-Connect_Flood
58083.73,6.0,64.0,117.3673093448457,117.3673093448457,0.0,0.0,0.0,0.0,0.24,1.0,0.0,0.0,0.0,0.0,0.0,269.88,0.0,0.0,0.0,0.0,0.0,0.0,0.0,1.0,0.0,0.0,0.0,0.0,0.0,1.0,1.0,1006.92,87.8,113.96,94.58168231317184,10.76855801134392,101.97,84666479.63152601,9.5,13.294882957418498,15.194070828317583,534.5752555493963,0.22,141.55,MQTT-DoS-Publish_Flood
335.86,6.0,64.0,100.15368677198845,100.15368677198845,0.0,0.02,0.31,0.16,0.23,0.8,0.0,0.0,0.06,1.82,0.26,3.56,0.0,0.0,0.0,0.0,0.0,0.0,0.0,1.0,0.0,0.0,0.0,0.0,0.0,1.0,1.0,751.01,66.57,79.46,71.57181580558245,4.795031518379205,71.56,84662363.13817675,9.5,11.961082630100243,6.77345049642473,27.722404525278822,0.88,141.55,MQTT-DoS-Connect_Flood
207.39,6.0,64.0,898.1717674971683,898.1717674971683,0.0,0.21,0.14,0.2,0.21,0.7,0.0,0.0,0.51,0.5,0.36,2.24,0.0,0.0,0.0,0.0,0.0,0.0,0.0,1.0,0.0,0.0,0.0,0.0,0.0,1.0,1.0,702.1,61.41,75.36,67.03596707197171,5.328853494316518,66.6,84667021.00322141,9.5,11.572110758316684,7.536853132754581,38.32522406260015,0.93,141.55,MQTT-DDoS-Connect_Flood
596.53,6.0,64.0,9.646173776629372,9.646173776629372,0.0,0.11,0.15,0.36,0.16,0.56,0.0,0.0,1.68,2.2,0.97,6.69,0.0,0.0,0.0,0.0,0.0,0.0,0.0,1.0,0.0,0.0,0.0,0.0,0.0,1.0,1.0,684.24,56.76,75.96,65.21869098767588,6.992024387829838,65.46,84667047.45309931,9.5,11.40494512136097,9.86904470993657,62.90341541608517,0.82,141.55,MQTT-DDoS-Connect_Flood
168565.9,6.0,64.0,1.093663732823611,1.093663732823611,0.0,0.0,0.0,0.0,0.5,1.0,0.0,0.0,0.0,0.0,0.0,2182.7,0.0,0.0,0.0,0.0,0.0,0.0,0.0,1.0,0.0,0.0,0.0,0.0,0.0,1.0,1.0,2490.7,66.0,930.0,163.75766013699064,217.3438107162225,78.3,169463733.5086793,13.5,18.083837795839703,308.0582589307846,47729.35017425615,1.0,244.6,Benign
310397.0,6.0,64.0,1.3040082224567109,1.3040082224567109,0.0,0.0,0.0,0.0,0.5,1.0,0.0,0.0,0.0,0.0,0.0,3818.3,0.0,0.0,0.0,0.0,0.0,0.0,0.0,1.0,0.0,0.0,0.0,0.0,0.0,1.0,1.0,432.7,66.0,101.3,77.31261904761905,13.581452277608042,80.7,0.0001251935958862,5.5,12.429478331677284,19.20707400771625,211.09720124716551,0.9,38.5,Benign
11939.8,6.0,64.0,1.766144254690682,1.766144254690682,0.0,0.0,0.0,0.0,0.4,1.0,0.0,0.0,0.0,0.0,0.0,150.0,0.0,0.0,0.0,0.0,0.0,0.0,0.0,1.0,0.0,0.0,0.0,0.0,0.0,1.0,1.0,1517.8,60.0,214.0,98.87701248785616,46.78000740139379,76.0,169323381.59449318,13.5,14.067535493605146,66.25749569612094,2202.9706689795166,1.0,244.6,MQTT-Malformed_Data
28438.29,6.0,64.0,92.5247317396803,92.5247317396803,0.0,0.0,0.0,0.0,0.82,1.0,0.0,0.0,0.0,0.0,0.0,114.79,0.0,0.0,0.0,0.0,0.0,0.0,0.0,1.0,0.0,0.0,0.0,0.0,0.0,1.0,1.0,1736.13,117.23,214.24,163.43488375169724,33.17851809904882,166.28,84666494.13862237,9.5,17.997152354397915,46.96828896544272,2012.6028901391392,0.58,141.55,MQTT-DoS-Publish_Flood
18144.0,6.0,64.0,2.513853883509499,2.513853883509499,0.0,0.0,0.0,0.0,0.0,1.0,0.0,0.0,0.0,0.0,0.0,185.9,0.0,0.0,0.0,0.0,0.0,0.0,0.0,1.0,0.0,0.0,0.0,0.0,0.0,1.0,1.0,2114.0,66.0,933.0,138.96296008643918,211.8187599661064,66.0,169323380.516666,13.5,16.66839879251518,300.18279415709213,45352.801122137855,1.0,244.6,MQTT-Malformed_Data
324.63,6.0,64.0,10.343635840564318,10.343635840564318,0.0,0.26,0.14,0.0,0.28,1.0,0.0,0.0,0.65,1.4,0.43,4.06,0.0,0.0,0.0,0.0,0.0,0.0,0.0,1.0,0.0,0.0,0.0,0.0,0.0,1.0,1.0,719.24,66.44,73.44,68.77293918826271,2.62838458740174,68.36,84667032.89110368,9.5,11.727008476353753,3.719672913095632,8.210572262832194,0.9,141.55,MQTT-DDoS-Connect_Flood
82460.09,6.0,64.0,76.16616917185799,76.16616917185799,0.0,0.0,0.0,0.0,0.23,1.0,0.0,0.0,0.0,0.0,0.0,305.04,0.0,0.0,0.0,0.0,0.0,0.0,0.0,1.0,0.0,0.0,0.0,0.0,0.0,1.0,1.0,1170.42,75.81,198.98,114.56664166664092,45.31413680297787,107.42,84666495.75948653,9.5,14.259337755270126,64.15117846239045,9165.109167610775,0.29,141.55,MQTT-DoS-Publish_Flood
405654.0,6.0,64.0,1.4599948330726422,1.4599948330726422,0.0,0.0,0.0,0.0,0.5,1.0,0.0,0.0,0.0,0.0,0.0,5148.0,0.0,0.0,0.0,0.0,0.0,0.0,0.0,1.0,0.0,0.0,0.0,0.0,0.0,1.0,1.0,1223.3,66.0,110.9,78.95282400562974,15.282394342022211,78.9,169465666.52012712,13.5,12.5608128567473,21.6270599434132,234.3471180120028,1.0,244.6,Benign
408.27,6.0,64.0,6.644552480261711,6.644552480261711,0.0,0.16,0.23,0.18,0.3,0.65,0.0,0.0,0.92,1.98,0.35,4.52,0.0,0.0,0.0,0.0,0.0,0.0,0.0,1.0,0.0,0.0,0.0,0.0,0.0,1.0,1.0,718.47,61.6,78.8,68.56833991189409,5.981774617182492,68.29,84667020.58026849,9.5,11.7030229136151,8.462756714029108,44.64769535249096,0.95,141.55,MQTT-DDoS-Connect_Flood
69168.93,6.0,64.0,83.2816319645933,83.2816319645933,0.0,0.0,0.0,0.0,0.07,1.0,0.0,0.0,0.0,0.0,0.0,369.1,0.0,0.0,0.0,0.0,0.0,0.0,0.0,1.0,0.0,0.0,0.0,0.0,0.0,1.0,1.0,827.07,66.0,144.48,76.68918825064684,23.532621820299468,96.52,84666505.7180621,9.5,12.252544182003284,33.38101785274198,3140.287942301642,0.25,141.55,MQTT-DoS-Publish_Flood
303.27,6.0,64.0,7.362887383784008,7.362887383784008,0.0,0.27,0.21,0.25,0.1,0.57,0.0,0.0,0.83,1.37,0.78,3.03,0.0,0.0,0.0,0.0,0.0,0.0,0.0,1.0,0.0,0.0,0.0,0.0,0.0,1.0,1.0,685.0,63.2,68.64,65.37484745320039,1.7054908711910812,65.2,84667031.0591342,9.5,11.420205612695902,2.403268847589001,7.094951070392126,0.51,141.55,MQTT-DDoS-Connect_Flood
391358.2,6.0,64.0,1.5937196274142278,1.5937196274142278,0.0,0.0,0.0,0.0,0.5,1.0,0.0,0.0,0.0,0.0,0.0,4792.7,0.0,0.0,0.0,0.0,0.0,0.0,0.0,1.0,0.0,0.0,0.0,0.0,0.0,1.0,1.0,1243.4,66.0,111.0,80.12020677336079,17.08009346195252,81.2,169463481.3063493,13.5,12.655508526137655,24.20738227375297,293.34338815673755,1.0,244.6,Benign
93696.5,7.1,88.9,1.925072724597958,1.925072724597958,0.0,0.0,0.0,0.0,0.5,0.9,0.0,0.0,0.0,0.8,0.0,826.9,0.0,0.4,0.0,0.0,0.0,0.0,0.0,0.9,0.1,0.0,0.0,0.0,0.0,1.0,1.0,2513.6,54.0,932.0,161.87848009704433,218.6095823732356,151.6,169461733.2560333,13.5,18.009473238809235,309.7732041183425,48213.64560698271,1.0,244.6,Benign
12450.64,6.0,64.0,75.70360559772799,75.70360559772799,0.0,0.01,0.12,0.38,0.15,0.53,0.0,0.0,0.13,0.46,9.79,9.27,0.0,0.0,0.0,0.0,0.0,0.0,0.0,1.0,0.0,0.0,0.0,0.0,0.0,1.0,1.0,3182.92,57.56,746.44,261.2203479784749,282.3025394858277,343.22,84666973.680182,9.5,19.96323602678149,395.2806464139248,172016.8373869886,0.84,141.55,MQTT-DDoS-Publish_Flood
40561.2,7.1,83.1,1.9558634713422136,1.9558634713422136,0.0,0.0,0.0,0.0,0.5,0.9,0.0,0.0,0.0,0.4,0.0,470.7,0.0,0.0,0.0,0.0,0.0,0.0,0.0,0.9,0.1,0.0,0.0,0.0,0.0,1.0,1.0,503.2,66.0,139.0,86.37198412698413,27.678762656044302,106.4,0.0586951971054077,5.5,13.108200643332486,39.143681537883815,1126.977685500126,0.9,38.5,Benign
67825.29,6.0,64.0,74.16498609539975,74.16498609539975,0.0,0.0,0.0,0.0,0.35,1.0,0.0,0.0,0.0,0.0,0.0,264.52,0.0,0.0,0.0,0.0,0.0,0.0,0.0,1.0,0.0,0.0,0.0,0.0,0.0,1.0,1.0,1220.56,95.43,164.1,115.13744885008354,25.821633957308485,115.05,84666495.22784899,9.5,14.782770467149616,36.55646946864647,1905.379437999435,0.39,141.55,MQTT-DoS-Publish_Flood
57854.9,6.0,64.0,0.6138448843269183,0.6138448843269183,0.0,0.0,0.0,0.0,0.6,1.0,0.0,0.0,0.0,0.0,0.0,731.5,0.0,0.0,0.0,0.0,0.0,0.0,0.0,1.0,0.0,0.0,0.0,0.0,0.0,1.0,1.0,371.2,66.4,68.0,67.5847619047619,0.684267499256997,67.2,9.169578552246094e-05,5.5,11.62622198975488,0.967700377740367,0.5923129251700681,0.8,38.5,Benign
3134869.0,6.0,56.0,7128.8471762064455,7128.8471762064455,0.0,0.0,0.0,0.0,0.2,1.0,0.0,0.0,0.0,0.0,0.0,2072.5,1.0,0.0,0.0,0.0,0.0,0.0,0.0,1.0,0.0,0.0,0.0,0.0,0.0,1.0,1.0,8327.0,1514.0,1514.0,1514.0,0.0,1514.0,0.0001166105270385,5.5,55.02726596879042,0.0,0.0,0.0,38.5,Benign
34354.38,6.0,64.0,88.35291048016073,88.35291048016073,0.0,0.0,0.0,0.0,0.26,1.0,0.0,0.0,0.0,0.0,0.0,168.36,0.0,0.0,0.0,0.0,0.0,0.0,0.0,1.0,0.0,0.0,0.0,0.0,0.0,1.0,1.0,2493.36,71.45,753.73,239.91914578850808,238.7972187082368,221.4,84666495.42140312,9.5,19.90752466294349,338.0941412510715,122391.0598846256,0.51,141.55,MQTT-DoS-Publish_Flood
349.09,6.0,64.0,9.070171011583518,9.070171011583518,0.0,0.27,0.18,0.0,0.28,1.0,0.0,0.0,0.73,1.57,0.47,4.16,0.0,0.0,0.0,0.0,0.0,0.0,0.0,1.0,0.0,0.0,0.0,0.0,0.0,1.0,1.0,722.0,66.36,72.28,68.71982592708288,2.4449944448133425,68.56,84667041.8640697,9.5,11.7236246728961,3.4594061563527703,7.290494445858354,0.87,141.55,MQTT-DDoS-Connect_Flood
15388.0,6.0,64.0,1.5079808180090684,1.5079808180090684,0.0,0.0,0.0,0.0,0.6,1.0,0.0,0.0,0.0,0.0,0.0,191.0,0.0,0.0,0.0,0.0,0.0,0.0,0.0,1.0,0.0,0.0,0.0,0.0,0.0,1.0,1.0,455.0,69.8,108.4,84.37730158730159,14.412290854133918,83.2,2.901554107666016e-05,5.5,12.98504725122548,20.382057190781904,233.27985840262028,0.9,38.5,MQTT-Malformed_Data
244.34,6.0,64.0,37.36533145963767,37.36533145963767,0.0,0.29,0.04,0.33,0.16,0.65,0.0,0.0,0.63,0.67,0.5,2.56,0.0,0.0,0.0,0.0,0.0,0.0,0.0,1.0,0.0,0.0,0.0,0.0,0.0,1.0,1.0,677.96,57.96,73.95,64.0292672164437,5.261186350014107,64.38,84667026.72540854,9.5,11.30345735767339,7.368474231724473,46.06180422659097,0.73,141.55,MQTT-DDoS-Connect_Flood
123.6,6.0,64.0,115960.13847566584,115960.13847566584,0.0,0.26,0.1,0.14,0.43,0.8,0.0,0.0,0.27,0.11,0.18,1.55,0.0,0.0,0.0,0.0,0.0,0.0,0.0,1.0,0.0,0.0,0.0,0.0,0.0,1.0,1.0,721.15,60.49,78.6,68.55877705640592,6.1052168861249365,68.75,84667039.10519567,9.5,11.70519109141905,8.641155145335174,50.17004993062071,0.93,141.55,MQTT-DDoS-Connect_Flood
337.48,6.0,64.0,5.544930630353718,5.544930630353718,0.0,0.15,0.29,0.04,0.35,0.81,0.0,0.0,0.56,1.89,0.46,3.54,0.0,0.0,0.0,0.0,0.0,0.0,0.0,1.0,0.0,0.0,0.0,0.0,0.0,1.0,1.0,731.66,64.84,75.06,69.88145778000809,3.4034221312067814,69.62,84667037.30989923,9.5,11.821287749218463,4.818003966871252,18.097422285146777,0.86,141.55,MQTT-DDoS-Connect_Flood
489.59,6.0,64.0,10.1383807050298,10.1383807050298,0.0,0.17,0.16,0.19,0.16,0.77,0.0,0.0,1.28,1.99,0.57,5.59,0.0,0.0,0.0,0.0,0.0,0.0,0.0,1.0,0.0,0.0,0.0,0.0,0.0,1.0,1.0,706.58,58.16,77.77,67.14018628615105,6.6967908624525,66.9,84667018.65909022,9.5,11.584515487316166,9.476857738248126,54.58185066265065,0.91,141.55,MQTT-DDoS-Connect_Flood
54837.43,6.0,64.0,98.19639870164924,98.19639870164924,0.0,0.0,0.0,0.0,0.48,1.0,0.0,0.0,0.0,0.0,0.0,338.87,0.0,0.0,0.0,0.0,0.0,0.0,0.0,1.0,0.0,0.0,0.0,0.0,0.0,1.0,1.0,1497.42,113.96,224.05,146.63114395915403,40.58199316202485,137.94,84666498.3744604,9.5,16.498785229805627,57.3818724445035,2976.6060558879226,0.58,141.55,MQTT-DoS-Publish_Flood
348.24,6.0,64.0,11.034237268372472,11.034237268372472,0.0,0.31,0.18,0.05,0.24,0.84,0.0,0.0,0.81,1.57,0.24,4.19,0.0,0.0,0.0,0.0,0.0,0.0,0.0,1.0,0.0,0.0,0.0,0.0,0.0,1.0,1.0,727.84,63.81,77.33,69.3759066315951,4.840601147817439,69.06,84667046.47652984,9.5,11.775949563652862,6.834686801673449,33.20030425634712,0.93,141.55,MQTT-DDoS-Connect_Flood
495.8,6.0,64.0,9.994330614371323,9.994330614371323,0.0,0.12,0.1,0.32,0.21,0.62,0.0,0.0,1.28,1.9,0.83,5.59,0.0,0.0,0.0,0.0,0.0,0.0,0.0,1.0,0.0,0.0,0.0,0.0,0.0,1.0,1.0,674.72,59.0,76.12,64.52592650022837,5.774235324141209,64.55,84667020.40105043,9.5,11.351309607277235,8.155450202025632,44.71035574835355,0.91,141.55,MQTT-DDoS-Connect_Flood
6051589.4,6.0,119.2,96.79443557623092,96.79443557623092,0.0,0.0,0.0,0.0,0.0,1.0,0.0,0.0,0.0,0.0,0.0,6146.5,0.0,1.0,0.0,0.0,0.0,0.0,0.0,1.0,0.0,0.0,0.0,0.0,0.0,1.0,1.0,4361.4,66.0,1065.6,596.2299999999999,475.7478130556378,1065.6,0.0005917072296142,5.5,31.5819566810238,672.8090094926227,324025.35500000004,0.7,38.5,MQTT-Malformed_Data
565.64,6.0,64.0,9.503972247211994,9.503972247211994,0.0,0.14,0.12,0.38,0.14,0.59,0.0,0.0,1.42,2.42,0.97,6.14,0.0,0.0,0.0,0.0,0.0,0.0,0.0,1.0,0.0,0.0,0.0,0.0,0.0,1.0,1.0,671.17,58.0,75.49,63.75844199415135,5.949472441210621,63.45,84667030.38532132,9.5,11.28479308402052,8.413069605304395,44.05468833359837,0.94,141.55,MQTT-DDoS-Connect_Flood
54504.66,6.0,64.0,120.81974138500314,120.81974138500314,0.0,0.0,0.0,0.0,0.32,1.0,0.0,0.0,0.0,0.0,0.0,161.94,0.0,0.0,0.0,0.0,0.0,0.0,0.0,1.0,0.0,0.0,0.0,0.0,0.0,1.0,1.0,1764.47,91.07,310.16,155.8147825884126,71.85841603001926,185.9,84666478.34995313,9.5,16.46387360808847,101.73935938727266,14797.314476723428,0.4,141.55,MQTT-DoS-Publish_Flood
524.14,6.0,64.0,11.310305270172606,11.310305270172606,0.0,0.13,0.23,0.24,0.12,0.53,0.0,0.0,1.31,2.08,0.58,5.94,0.0,0.0,0.0,0.0,0.0,0.0,0.0,1.0,0.0,0.0,0.0,0.0,0.0,1.0,1.0,703.3,58.53,78.4,67.67716899603664,7.0329336491759,66.98,84667041.63592364,9.5,11.629185620684073,9.950611668351112,60.96023561306883,0.88,141.55,MQTT-DDoS-Connect_Flood
49608.9,6.0,64.0,0.9371733445084288,0.9371733445084288,0.0,0.0,0.0,0.0,0.5,1.0,0.0,0.0,0.0,0.0,0.0,638.1,0.0,0.0,0.0,0.0,0.0,0.0,0.0,1.0,0.0,0.0,0.0,0.0,0.0,1.0,1.0,1155.3,54.0,93.0,74.4413638580202,11.112430655360848,78.1,169462936.00363278,13.5,12.186688061831491,15.369465725860229,118.15432402115778,1.0,244.6,Benign
550.09,6.0,64.0,9.97760040148795,9.97760040148795,0.0,0.23,0.26,0.2,0.18,0.6,0.0,0.0,1.39,2.15,0.58,6.29,0.0,0.0,0.0,0.0,0.0,0.0,0.0,1.0,0.0,0.0,0.0,0.0,0.0,1.0,1.0,729.87,61.8,80.53,69.42247876242263,7.098427367796815,69.42,84667029.63619831,9.5,11.780109590473575,10.04375635016735,59.24261610567169,0.94,141.55,MQTT-DDoS-Connect_Flood
552.59,6.0,64.0,8.914578726427912,8.914578726427912,0.0,0.19,0.17,0.25,0.16,0.59,0.0,0.0,1.55,2.09,0.68,6.28,0.0,0.0,0.0,0.0,0.0,0.0,0.0,1.0,0.0,0.0,0.0,0.0,0.0,1.0,1.0,705.64,57.72,78.47,67.2717341937818,7.406205569989663,67.01,84667019.86432093,9.5,11.591609941825942,10.469830930043283,61.72268696457075,0.94,141.55,MQTT-DDoS-Connect_Flood
70189.06,6.0,64.0,128.80529244173286,128.80529244173286,0.0,0.0,0.0,0.0,0.5,1.0,0.0,0.0,0.0,0.0,0.0,283.87,0.0,0.0,0.0,0.0,0.0,0.0,0.0,1.0,0.0,0.0,0.0,0.0,0.0,1.0,1.0,4157.68,153.67,867.57,379.8319783393851,257.93151963376005,411.53,84666478.8482239,9.5,25.52237839808512,364.7468783440592,109095.95770353323,0.67,141.55,MQTT-DoS-Publish_Flood
412.97,6.0,64.0,10.098521279181124,10.098521279181124,0.0,0.14,0.3,0.23,0.17,0.69,0.0,0.0,1.1,1.56,0.97,4.61,0.0,0.0,0.0,0.0,0.0,0.0,0.0,1.0,0.0,0.0,0.0,0.0,0.0,1.0,1.0,695.43,60.16,73.13,65.73203359871123,5.068807008214368,66.58,84667028.06487776,9.5,11.457792794747354,7.171643404239337,37.84382919629534,0.88,141.55,MQTT-DDoS-Connect_Flood
486.32,6.0,64.0,10.64457602809035,10.64457602809035,0.0,0.25,0.15,0.19,0.18,0.73,0.0,0.0,1.46,1.76,0.37,5.84,0.0,0.0,0.0,0.0,0.0,0.0,0.0,1.0,0.0,0.0,0.0,0.0,0.0,1.0,1.0,719.51,61.69,80.86,68.8918653606026,7.213156736439715,67.91,84667047.00523828,9.5,11.73254404724742,10.198646803262577,61.84937917632208,0.92,141.55,MQTT-DDoS-Connect_Flood
44934.7,6.0,64.0,0.8558855886879242,0.8558855886879242,0.0,0.0,0.0,0.0,0.0,1.0,0.0,0.0,0.0,0.0,0.0,575.2,0.0,0.0,0.0,0.0,0.0,0.0,0.0,1.0,0.0,0.0,0.0,0.0,0.0,1.0,1.0,1167.0,66.0,118.0,75.63030820572617,17.171210446266095,66.0,169466220.0204489,13.5,12.301007415318995,24.32807276465336,297.0792097607963,1.0,244.6,Benign
217283.1,7.1,64.0,1.8426870739397967,1.8426870739397967,0.0,0.0,0.0,0.0,0.4,0.9,0.0,0.0,0.0,0.0,0.0,2730.6,0.0,0.0,0.0,0.0,0.0,0.0,0.0,0.9,0.1,0.0,0.0,0.0,0.0,1.0,1.0,688.0,66.0,351.6,107.27698412698412,91.65322694332784,162.2,0.1000476121902465,5.5,14.376067944998493,129.61723657851343,21824.58482438901,0.9,38.5,Benign
442.87,6.0,64.0,6.601655839587197,6.601655839587197,0.0,0.62,0.24,0.0,0.02,1.0,0.0,0.0,1.12,2.48,0.48,4.84,0.0,0.0,0.0,0.0,0.0,0.0,0.0,1.0,0.0,0.0,0.0,0.0,0.0,1.0,1.0,716.32,66.08,71.92,68.29654967461158,2.5126094531479826,68.0,84667018.37100433,9.5,11.68589204446915,3.5474746599004203,8.815618356253863,0.74,141.55,MQTT-DDoS-Connect_Flood
466685.4,6.0,64.0,2.8373913385955456,2.8373913385955456,0.0,0.0,0.0,0.0,0.5,1.0,0.0,0.0,0.0,0.8,0.0,4990.7,0.0,0.0,0.0,0.0,0.0,0.0,0.0,1.0,0.0,0.0,0.0,0.0,0.0,1.0,1.0,1271.2,66.0,161.5,81.56345269453628,25.16185115063384,88.1,169461839.99657878,13.5,12.77659008185152,35.66895148979363,718.8531106158828,1.0,244.6,Benign
918.92,6.0,64.0,35.252688419472776,35.252688419472776,0.0,0.08,0.11,0.14,0.3,0.9,0.0,0.0,0.45,2.45,0.73,9.01,0.0,0.0,0.0,0.0,0.0,0.0,0.0,1.0,0.0,0.0,0.0,0.0,0.0,1.0,1.0,727.21,62.24,86.52,68.4073780075274,6.989757617585447,70.89,84662380.2500912,9.5,11.688079550711285,9.883228295895153,141.21555809755748,0.9,141.55,MQTT-DoS-Connect_Flood
109309.0,5.3,69.2,2.330921870868276,2.330921870868276,0.0,0.0,0.0,0.0,0.2,0.6,0.0,0.0,0.0,0.8,0.0,917.1,0.0,0.2,0.0,0.0,0.0,0.0,0.0,0.6,0.1,0.0,0.3,0.0,0.0,0.7,0.7,485.8,42.0,178.0,79.06261904761905,48.72735324073163,95.4,0.0640816926956176,5.5,12.450757124503674,68.91088381158725,3205.908090136054,0.9,38.5,Benign
17463.22,6.0,64.0,37.50996651863888,37.50996651863888,0.0,0.0,0.0,0.03,0.65,0.97,0.0,0.0,0.68,0.0,9.83,23.29,0.0,0.0,0.0,0.0,0.0,0.0,0.0,1.0,0.0,0.0,0.0,0.0,0.0,1.0,1.0,12615.34,685.98,1488.48,1190.3206292610896,343.73713821183753,1236.46,84666977.1142189,9.5,48.587060694625336,486.3171985266495,142260.64794947504,0.92,141.55,MQTT-DDoS-Publish_Flood
36574.63,6.0,64.0,32.917231784999736,32.917231784999736,0.0,0.0,0.0,0.4,0.4,0.6,0.0,0.0,0.56,1.17,13.54,45.33,0.0,0.0,0.0,0.0,0.0,0.0,0.0,1.0,0.0,0.0,0.0,0.0,0.0,1.0,1.0,5308.34,153.04,1125.3,543.77701660706,364.7626620707208,488.47,84666963.44752766,9.5,31.17893512431182,516.222291461127,181117.95662261,0.94,141.55,MQTT-DDoS-Publish_Flood
102087.4,6.0,64.0,2.0340816053826063,2.0340816053826063,0.0,0.0,0.0,0.0,0.5,1.0,0.0,0.0,0.0,0.0,0.0,1270.9,0.0,0.0,0.0,0.0,0.0,0.0,0.0,1.0,0.0,0.0,0.0,0.0,0.0,1.0,1.0,455.4,67.9,105.8,82.98511904761905,15.718684809193856,80.4,4.4178962707519534e-05,5.5,12.880273056697073,22.229577239829894,282.4626109693878,0.9,38.5,Benign
201393.6,6.0,64.0,0.9042329721275804,0.9042329721275804,0.0,0.0,0.0,0.0,0.5,1.0,0.0,0.0,0.0,0.0,0.0,2484.5,0.0,0.0,0.0,0.0,0.0,0.0,0.0,1.0,0.0,0.0,0.0,0.0,0.0,1.0,1.0,423.8,66.0,94.5,75.90376984126985,11.43268812429741,78.6,7.550716400146484e-05,5.5,12.317226919150992,16.168262599763217,148.15453116339123,0.9,38.5,Benign
294003.8,6.0,63.5,1.853692058459129,1.853692058459129,0.0,0.0,0.0,0.0,0.5,1.0,0.0,0.0,0.0,0.1,0.0,3631.1,0.0,0.1,0.0,0.0,0.0,0.0,0.0,1.0,0.0,0.0,0.0,0.0,0.0,1.0,1.0,1515.8,66.0,246.0,98.37502447543856,53.59487579480943,82.6,169465512.24100462,13.5,14.02081504999892,75.96143704106109,2900.622511762155,1.0,244.6,Benign
415.97,6.0,64.0,8.480114050838026,8.480114050838026,0.0,0.19,0.25,0.11,0.14,0.78,0.0,0.0,0.98,1.89,0.36,4.76,0.0,0.0,0.0,0.0,0.0,0.0,0.0,1.0,0.0,0.0,0.0,0.0,0.0,1.0,1.0,717.88,63.34,80.85,68.40381016236086,6.472373583417852,69.28,84667022.81310973,9.5,11.68963396184762,9.142731109240634,51.07269145867871,0.94,141.55,MQTT-DDoS-Connect_Flood
382.71,6.0,64.0,9.16610826437856,9.16610826437856,0.0,0.25,0.32,0.0,0.22,1.0,0.0,0.0,0.75,2.12,0.53,4.07,0.0,0.0,0.0,0.0,0.0,0.0,0.0,1.0,0.0,0.0,0.0,0.0,0.0,1.0,1.0,730.96,66.28,73.56,69.58921600999619,2.991894608741482,69.44,84667029.30465633,9.5,11.79689325903825,4.2331911115154375,9.813469165696128,0.93,141.55,MQTT-DDoS-Connect_Flood
491.8,6.0,64.0,8.131798554941264,8.131798554941264,0.0,0.21,0.34,0.14,0.23,0.52,0.0,0.0,1.29,2.18,0.55,5.42,0.0,0.0,0.0,0.0,0.0,0.0,0.0,1.0,0.0,0.0,0.0,0.0,0.0,1.0,1.0,751.23,62.25,81.39,71.92348295491061,6.39402534139825,70.9,84667023.02876519,9.5,11.988070353392366,9.04384221995186,49.93640428569161,0.91,141.55,MQTT-DDoS-Connect_Flood
426.96,6.0,64.0,9.783966806973348,9.783966806973348,0.0,0.22,0.14,0.18,0.19,0.79,0.0,0.0,1.05,1.68,0.64,5.03,0.0,0.0,0.0,0.0,0.0,0.0,0.0,1.0,0.0,0.0,0.0,0.0,0.0,1.0,1.0,703.04,62.84,74.62,67.1437343409944,4.693434356949203,66.1,84667019.56203847,9.5,11.585608324730083,6.640162082079594,35.088045115608786,0.93,141.55,MQTT-DDoS-Connect_Flood
5318.12,6.0,64.0,14.06167161508577,14.06167161508577,0.0,0.02,0.14,0.21,0.17,0.78,0.0,0.0,0.64,1.15,5.16,11.08,0.0,0.0,0.0,0.0,0.0,0.0,0.0,1.0,0.0,0.0,0.0,0.0,0.0,1.0,1.0,3459.46,98.57,788.72,339.2393225665374,267.55304260106163,357.89,84666976.03942518,9.5,22.558540453382808,377.9551835252653,149268.58495005924,0.95,141.55,MQTT-DDoS-Publish_Flood
124.68,6.0,64.0,102558.72218341177,102558.72218341177,0.0,0.21,0.13,0.24,0.17,0.69,0.0,0.0,0.33,0.3,0.35,1.28,0.0,0.0,0.0,0.0,0.0,0.0,0.0,1.0,0.0,0.0,0.0,0.0,0.0,1.0,1.0,693.25,56.52,77.35,65.65975054546416,6.328558960008186,65.72,84667042.68418409,9.5,11.454612408773482,8.952987428873037,49.25881425623763,0.9,141.55,MQTT-DDoS-Connect_Flood
10571.69,6.0,64.0,19.34343390021628,19.34343390021628,0.0,0.0,0.0,0.32,0.38,0.68,0.0,0.0,0.33,0.61,2.01,25.31,0.0,0.0,0.0,0.0,0.0,0.0,0.0,1.0,0.0,0.0,0.0,0.0,0.0,1.0,1.0,8064.94,369.58,1288.74,787.2153670543853,383.4709195405166,782.5,84666977.53926486,9.5,36.84713273637058,542.6375452815989,203949.32695786227,0.8,141.55,MQTT-DDoS-Publish_Flood
360.76,6.0,64.0,9.115988488484508,9.115988488484508,0.0,0.18,0.14,0.1,0.19,0.87,0.0,0.0,0.75,1.86,0.31,4.04,0.0,0.0,0.0,0.0,0.0,0.0,0.0,1.0,0.0,0.0,0.0,0.0,0.0,1.0,1.0,709.5,63.4,74.25,67.7207368289605,3.5612804898423525,67.32,84667023.71330695,9.5,11.636800627070256,5.035115642270696,20.52125942107377,0.89,141.55,MQTT-DDoS-Connect_Flood
156357.4,6.0,64.0,1.2510082247969785,1.2510082247969785,0.0,0.0,0.0,0.0,0.5,1.0,0.0,0.0,0.0,0.0,0.0,1872.5,0.0,0.0,0.0,0.0,0.0,0.0,0.0,1.0,0.0,0.0,0.0,0.0,0.0,1.0,1.0,1325.6,66.0,214.0,85.5905446724758,36.60501802523713,81.0,169467581.5302201,13.5,13.083370400662016,51.8880674616669,1352.1362991616777,1.0,244.6,Benign
7245280.0,6.0,64.0,82.02379491562064,82.02379491562064,0.0,0.0,0.0,0.0,0.0,1.0,0.0,0.0,0.0,0.0,0.0,7440.5,0.0,1.0,0.0,0.0,0.0,0.0,0.0,1.0,0.0,0.0,0.0,0.0,0.0,1.0,1.0,8217.0,1494.0,1494.0,1494.0,0.0,1494.0,0.0,5.5,54.6626014748658,0.0,0.0,0.0,38.5,Benign
331.23,6.0,64.0,6.67220979694371,6.67220979694371,0.0,0.2,0.27,0.15,0.22,0.84,0.0,0.0,0.83,1.64,0.49,3.58,0.0,0.0,0.0,0.0,0.0,0.0,0.0,1.0,0.0,0.0,0.0,0.0,0.0,1.0,1.0,705.46,61.65,74.44,67.16353185763325,5.156314587483604,67.5,84667017.62633026,9.5,11.58194693588574,7.298458575855916,41.01377693865721,0.88,141.55,MQTT-DDoS-Connect_Flood
17517.84,6.11,65.91,91.67392780022048,91.67392780022048,0.0,0.0,0.0,0.0,0.66,0.99,0.0,0.0,0.0,0.0,0.0,50.71,0.0,0.0,0.0,0.0,0.0,0.0,0.0,0.99,0.01,0.0,0.0,0.0,0.0,1.0,1.0,4236.03,171.6,781.0,386.2256323377775,204.2954303448093,426.41,84666983.83762465,9.5,26.04142393124909,287.5301762067016,72583.30653862735,0.69,141.55,MQTT-DDoS-Publish_Flood
80094.6,8.7,57.5,2.124598190824254,2.124598190824254,0.0,0.0,0.0,0.0,0.3,0.6,0.0,0.0,0.0,0.0,0.0,616.1,0.0,0.0,0.0,0.0,0.0,0.0,0.0,0.6,0.3,0.0,0.1,0.0,0.0,0.9,0.9,1085.2,42.0,111.0,69.995002074379,19.064103235345463,67.9,169462751.6915689,13.5,11.833125143490951,27.02645875519479,365.8959017035286,1.0,244.6,Benign
173.48,6.0,64.0,11925.44066962062,11925.44066962062,0.0,0.13,0.27,0.12,0.16,0.87,0.0,0.0,0.37,0.84,0.18,2.13,0.0,0.0,0.0,0.0,0.0,0.0,0.0,1.0,0.0,0.0,0.0,0.0,0.0,1.0,1.0,742.37,65.32,76.96,71.32041416740293,4.037776177743315,69.55,84667042.33567038,9.5,11.93839884298189,5.716765844313296,25.47251188410464,0.88,141.55,MQTT-DDoS-Connect_Flood
2300907.4,6.0,119.2,97.7539480825474,97.7539480825474,0.0,0.0,0.0,0.0,0.2,1.0,0.0,0.0,0.0,0.0,0.0,2337.5,0.0,1.0,0.0,0.0,0.0,0.0,0.0,1.0,0.0,0.0,0.0,0.0,0.0,1.0,1.0,6382.4,66.0,1360.6,384.0617448972597,510.7203333818045,960.9,169323366.2286768,13.5,27.038228209571827,723.345100493675,288314.7803864359,1.0,244.6,MQTT-Malformed_Data
33355.87,6.0,64.0,68.57411088670405,68.57411088670405,0.0,0.0,0.0,0.0,0.55,1.0,0.0,0.0,0.0,0.0,0.0,101.83,0.0,0.0,0.0,0.0,0.0,0.0,0.0,1.0,0.0,0.0,0.0,0.0,0.0,1.0,1.0,3463.65,136.25,682.92,323.7180180751481,191.5934865041185,343.18,84666503.57974373,9.5,24.078149005807425,269.5355459151044,74554.6195793798,0.72,141.55,MQTT-DoS-Publish_Flood
330.1,9.3,73.3,28.94907378615189,28.94907378615189,0.0,0.1,0.2,0.0,0.2,0.6,0.0,0.0,0.3,0.9,0.0,2.1,0.7,0.0,0.3,0.0,0.0,0.0,0.0,0.7,0.3,0.0,0.0,0.0,0.0,1.0,1.0,601.1,69.1,175.4,100.63206349206348,40.74470108472059,133.3,0.0327214956283569,5.5,14.125139345517118,57.62170886884961,2479.819687578736,0.9,38.5,Benign
29782.1,6.0,64.0,0.140647311382483,0.140647311382483,0.0,0.0,0.0,0.0,0.4,1.0,0.0,0.0,0.0,0.0,0.0,401.0,0.0,0.0,0.0,0.0,0.0,0.0,0.0,1.0,0.0,0.0,0.0,0.0,0.0,1.0,1.0,369.0,66.4,68.0,67.28650793650793,0.7751977548203738,66.8,2.2101402282714844e-05,5.5,11.600508192321596,1.096295178388146,0.7526135046611238,0.8,38.5,Benign
6964.6,6.0,64.0,126.09005471327411,126.09005471327411,0.0,0.08,0.18,0.26,0.14,0.61,0.0,0.0,1.17,1.59,0.49,9.15,0.0,0.12,0.0,0.0,0.0,0.0,0.0,1.0,0.0,0.0,0.0,0.0,0.0,1.0,1.0,3123.41,200.68,361.61,317.4980669597431,64.67642784347618,237.89,84667027.99420208,9.5,19.47218154322797,91.31769986924984,35278.36539402972,0.83,141.55,MQTT-DDoS-Connect_Flood
54915.2,5.4,57.6,1.903533090098805,1.903533090098805,0.0,0.0,0.0,0.0,0.3,0.9,0.0,0.0,0.0,0.4,0.0,738.8,0.0,0.0,0.0,0.0,0.0,0.0,0.0,0.9,0.0,0.0,0.1,0.0,0.0,0.9,0.9,400.2,64.2,82.9,72.57888888888888,8.27745678856902,71.0,0.0410344839096069,5.5,12.04607794896123,11.706091652351551,76.23238183421518,0.9,38.5,Benign
2066.8,6.0,64.0,0.7508424585471548,0.7508424585471548,0.0,0.0,0.0,0.0,0.5,1.0,0.0,0.0,0.0,0.0,0.0,27.5,0.0,0.0,0.0,0.0,0.0,0.0,0.0,1.0,0.0,0.0,0.0,0.0,0.0,1.0,1.0,1225.0,66.0,117.0,79.20361968183177,16.01584164523676,78.1,169462689.00153857,13.5,12.590768824152018,22.66724204758288,257.7226310421527,1.0,244.6,Benign
76513.8,8.2,64.1,1.7638104816703772,1.7638104816703772,0.0,0.0,0.0,0.0,0.4,0.8,0.0,0.0,0.0,0.0,0.0,957.8,0.0,0.0,0.0,0.0,0.0,0.0,0.0,0.8,0.2,0.0,0.0,0.0,0.0,1.0,1.0,657.2,67.9,231.9,109.79936507936506,56.82621774144754,118.7,0.0999258041381836,5.5,14.724092377270424,80.36440782832172,4741.589784328547,0.9,38.5,Benign
312079.0,10.4,70.5,1.5816118623068358,1.5816118623068358,0.0,0.0,0.0,0.0,0.3,0.6,0.0,0.0,0.0,0.0,0.0,3722.5,0.0,0.0,0.0,0.0,0.0,0.0,0.0,0.6,0.4,0.0,0.0,0.0,0.0,1.0,1.0,1820.8,66.0,526.3,112.02090396832268,107.1933919681556,208.7,169467737.0303946,13.5,14.826173897525283,152.168969126612,19887.453366053312,1.0,244.6,Benign
470.33,6.0,64.0,86.0670786700767,86.0670786700767,0.0,0.02,0.26,0.03,0.24,0.9,0.0,0.0,0.28,2.22,0.53,5.11,0.0,0.0,0.0,0.0,0.0,0.0,0.0,1.0,0.0,0.0,0.0,0.0,0.0,1.0,1.0,737.93,65.0,78.17,70.53044280306895,4.464372242277165,69.71,84662362.12615979,9.5,11.87393481607435,6.313712311050982,23.730643373735155,0.9,141.55,MQTT-DoS-Connect_Flood
119.82,6.0,64.0,169569.33732802956,169569.33732802956,0.0,0.25,0.05,0.21,0.2,0.77,0.0,0.0,0.28,0.07,0.36,1.4,0.0,0.0,0.0,0.0,0.0,0.0,0.0,1.0,0.0,0.0,0.0,0.0,0.0,1.0,1.0,698.04,61.29,77.18,67.06583984406545,5.295959783939988,66.07,84667034.36376286,9.5,11.574134804342068,7.49656124126936,35.08023051157301,0.92,141.55,MQTT-DDoS-Connect_Flood
18197.2,6.0,64.0,1.2389599392331283,1.2389599392331283,0.0,0.0,0.0,0.0,0.5,1.0,0.0,0.0,0.0,0.0,0.0,228.9,0.0,0.0,0.0,0.0,0.0,0.0,0.0,1.0,0.0,0.0,0.0,0.0,0.0,1.0,1.0,1241.4,66.0,111.0,80.12707891695509,15.972861167329034,78.8,169469496.53464222,13.5,12.664753252767976,22.60190924253277,255.62388616050512,1.0,244.6,Benign
455367.4,6.0,75.8,12.585469218516256,12.585469218516256,0.0,0.0,0.0,0.0,0.5,1.0,0.0,0.0,0.0,0.0,0.0,557.6,0.0,0.6,0.0,0.0,0.0,0.0,0.0,1.0,0.0,0.0,0.0,0.0,0.0,1.0,1.0,2467.4,66.0,986.9,150.93303868645975,229.98397188403555,393.2,169323368.3857165,13.5,16.721112879241787,308.8631796099144,64437.98465004044,1.0,244.6,MQTT-Malformed_Data
43186.11,6.0,64.0,110.29072902676344,110.29072902676344,0.0,0.0,0.0,0.0,0.39,1.0,0.0,0.0,0.0,0.0,0.0,159.14,0.0,0.0,0.0,0.0,0.0,0.0,0.0,1.0,0.0,0.0,0.0,0.0,0.0,1.0,1.0,2667.3,103.06,702.54,257.347703091585,202.5353672879095,237.13,84666980.9382169,9.5,21.62288438318686,286.5672337488164,60018.13559510276,0.74,141.55,MQTT-DDoS-Publish_Flood
299506.3,6.0,77.6,1.2739964245277904,1.2739964245277904,0.0,0.0,0.0,0.0,0.6,1.0,0.0,0.0,0.0,0.0,0.0,3942.6,0.0,0.0,0.0,0.0,0.0,0.0,0.0,1.0,0.0,0.0,0.0,0.0,0.0,1.0,1.0,1463.6,66.0,224.8,93.59700624624772,41.575764854010615,104.7,169462644.900833,13.5,13.687375086440776,58.89342723260531,1830.6727480560137,1.0,244.6,Benign
382.15,6.0,64.0,12.008865875742734,12.008865875742734,0.0,0.19,0.22,0.15,0.22,0.68,0.0,0.0,0.98,1.53,0.34,4.44,0.0,0.0,0.0,0.0,0.0,0.0,0.0,1.0,0.0,0.0,0.0,0.0,0.0,1.0,1.0,714.35,61.62,78.39,67.78645141782023,6.337019916676824,68.36,84667047.84459215,9.5,11.632106062221274,8.969511610161282,52.158831232391165,0.93,141.55,MQTT-DDoS-Connect_Flood
108882.1,6.0,99.8,0.7319748199991217,0.7319748199991217,0.0,0.0,0.0,0.0,0.6,1.0,0.0,0.0,0.0,0.0,0.0,1390.4,0.0,0.2,0.0,0.0,0.0,0.0,0.0,1.0,0.0,0.0,0.0,0.0,0.0,1.0,1.0,420.8,57.6,100.2,73.2379365079365,13.66356849978447,81.3,0.0997719049453735,5.5,12.08923705440512,19.323203882809004,291.847010330058,0.7,38.5,Benign
32519.61,6.0,64.0,70.30427802921129,70.30427802921129,0.0,0.0,0.0,0.0,0.82,1.0,0.0,0.0,0.0,0.0,0.0,130.08,0.0,0.0,0.0,0.0,0.0,0.0,0.0,1.0,0.0,0.0,0.0,0.0,0.0,1.0,1.0,5252.47,226.23,847.53,495.2531724450301,228.2593207853558,483.47,84666504.62136103,9.5,30.35299931361328,322.9440090157143,64576.90420223156,0.85,141.55,MQTT-DoS-Publish_Flood
31816.22,6.0,64.0,123.71090119957738,123.71090119957738,0.0,0.0,0.0,0.0,0.91,1.0,0.0,0.0,0.0,0.0,0.0,197.64,0.0,0.0,0.0,0.0,0.0,0.0,0.0,1.0,0.0,0.0,0.0,0.0,0.0,1.0,1.0,1806.98,136.85,196.8,176.0125286302105,19.88091679859226,169.55,84666480.75095174,9.5,18.73710650990374,28.163177364816946,872.3449324227352,0.48,141.55,MQTT-DoS-Publish_Flood
522.16,6.0,64.0,11.16413524011502,11.16413524011502,0.0,0.21,0.24,0.29,0.14,0.49,0.0,0.0,1.44,2.02,0.65,5.98,0.0,0.0,0.0,0.0,0.0,0.0,0.0,1.0,0.0,0.0,0.0,0.0,0.0,1.0,1.0,693.23,59.69,78.46,66.1185504469301,7.20599268093905,66.67,84667038.52683842,9.5,11.490161581964434,10.191679455083005,63.21996267236364,0.89,141.55,MQTT-DDoS-Connect_Flood
137.32,6.0,64.0,95743.55741939216,95743.55741939216,0.0,0.14,0.15,0.35,0.18,0.55,0.0,0.0,0.26,0.22,0.54,1.4,0.0,0.0,0.0,0.0,0.0,0.0,0.0,1.0,0.0,0.0,0.0,0.0,0.0,1.0,1.0,679.18,55.64,78.86,64.27386546765068,8.228439443202147,65.26,84667018.91937561,9.5,11.332909870244547,11.632712388358383,77.72428241317967,0.92,141.55,MQTT-DDoS-Connect_Flood
19048.79,6.0,64.0,98.50120244166555,98.50120244166555,0.0,0.0,0.0,0.0,0.34,1.0,0.0,0.0,0.0,0.0,0.0,59.15,0.0,0.0,0.0,0.0,0.0,0.0,0.0,1.0,0.0,0.0,0.0,0.0,0.0,1.0,1.0,2363.19,79.08,613.33,208.84358569041035,167.26210068804505,239.31,84666982.1674999,9.5,19.018736257869616,236.8911389341766,54040.01292581676,0.6,141.55,MQTT-DDoS-Publish_Flood
15750.41,6.0,64.0,16.720800812597883,16.720800812597883,0.0,0.01,0.01,0.0,0.5,1.0,0.0,0.0,0.67,3.1,5.6,30.97,0.0,0.0,0.0,0.0,0.0,0.0,0.0,1.0,0.0,0.0,0.0,0.0,0.0,1.0,1.0,11023.62,628.53,1405.17,1026.962336686791,332.199568514841,1012.39,84666966.58548458,9.5,43.73060563765228,469.4213731623154,168609.43598496684,0.73,141.55,MQTT-DDoS-Publish_Flood
173313.3,6.0,64.0,1.3030379515067958,1.3030379515067958,0.0,0.0,0.0,0.0,0.5,1.0,0.0,0.0,0.0,0.0,0.0,2242.1,0.0,0.0,0.0,0.0,0.0,0.0,0.0,1.0,0.0,0.0,0.0,0.0,0.0,1.0,1.0,1221.2,66.0,111.0,78.8632400111928,15.509179062212928,76.0,169470478.54677218,13.5,12.557334532353089,21.98283488868482,242.15802276032264,1.0,244.6,Benign
51400.4,6.0,64.0,0.3070503516371771,0.3070503516371771,0.0,0.0,0.0,0.0,0.8,1.0,0.0,0.0,0.0,0.0,0.0,685.3,0.0,0.0,0.0,0.0,0.0,0.0,0.0,1.0,0.0,0.0,0.0,0.0,0.0,1.0,1.0,1045.6,66.0,68.0,67.45931384490981,0.8868181810446882,67.6,169466795.9257854,13.5,11.615220641057109,1.2562248599185328,0.7895536854372377,1.0,244.6,Benign
3493158.0,6.0,100.8,77.39902330461902,77.39902330461902,0.0,0.0,0.0,0.0,0.1,1.0,0.0,0.0,0.0,0.0,0.0,3517.3,0.0,1.0,0.0,0.0,0.0,0.0,0.0,1.0,0.0,0.0,0.0,0.0,0.0,1.0,1.0,7270.6,1043.2,1494.0,1390.8477777777778,177.34084331034143,1043.2,0.0141529083251953,5.5,52.64665879157072,250.79782577216685,97983.4971728395,0.4,38.5,Benign
170419.4,6.0,64.0,0.9501065477099996,0.9501065477099996,0.0,0.0,0.0,0.0,0.5,1.0,0.0,0.0,0.0,0.0,0.0,2261.5,0.0,0.0,0.0,0.0,0.0,0.0,0.0,1.0,0.0,0.0,0.0,0.0,0.0,1.0,1.0,369.2,66.0,67.8,67.03706349206348,0.8817211125439947,67.0,8.268356323242188e-05,5.5,11.578994725745842,1.246941955590411,0.8642523935500126,0.9,38.5,Benign
479.46,6.0,64.0,9.974731652708767,9.974731652708767,0.0,0.1,0.07,0.29,0.24,0.69,0.0,0.0,1.22,1.76,0.82,5.53,0.0,0.0,0.0,0.0,0.0,0.0,0.0,1.0,0.0,0.0,0.0,0.0,0.0,1.0,1.0,683.62,61.13,76.18,65.75518052643092,5.584279957285295,64.94,84667039.96880266,9.5,11.461928616140336,7.881578469150303,51.98557772163619,0.87,141.55,MQTT-DDoS-Connect_Flood
397.37,6.0,64.0,8.178673864621128,8.178673864621128,0.0,0.13,0.33,0.18,0.19,0.78,0.0,0.0,0.89,1.81,0.41,4.51,0.0,0.0,0.0,0.0,0.0,0.0,0.0,1.0,0.0,0.0,0.0,0.0,0.0,1.0,1.0,719.31,62.49,76.97,68.86562737451747,5.496264910358041,68.27,84667021.67554456,9.5,11.731183437628568,7.776919449244909,40.614872035304046,0.92,141.55,MQTT-DDoS-Connect_Flood
1725433.0,17.0,60.0,3736.192269624252,3736.192269624252,0.0,0.0,0.0,0.0,0.0,0.0,0.0,0.0,0.0,0.0,0.0,0.0,0.0,0.0,0.0,0.0,0.0,0.0,0.0,0.0,1.0,0.0,0.0,0.0,0.0,1.0,1.0,20026.0,1292.0,1292.0,1292.0,0.0,1292.0,169463492.3768785,13.5,50.83306010855534,0.0,0.0,0.0,244.6,Benign
314507.7,6.0,64.0,1.1371263395102642,1.1371263395102642,0.0,0.0,0.0,0.0,0.6,1.0,0.0,0.0,0.0,0.0,0.0,4181.6,0.0,0.0,0.0,0.0,0.0,0.0,0.0,1.0,0.0,0.0,0.0,0.0,0.0,1.0,1.0,389.6,68.1,87.0,72.98789682539683,6.956866362029106,69.1,4.699230194091797e-05,5.5,12.0750149993121,9.838494760798737,55.62629042265055,0.9,38.5,Benign
590462.3,7.1,83.1,1.8507428097452148,1.8507428097452148,0.0,0.0,0.0,0.0,0.4,0.9,0.0,0.0,0.0,0.0,0.0,7067.3,0.0,0.0,0.0,0.0,0.0,0.0,0.0,0.9,0.1,0.0,0.0,0.0,0.0,1.0,1.0,1220.0,66.0,121.7,78.3572018860912,16.364572102089777,96.6,169468213.7916362,13.5,12.450710260003078,19.60552845710901,195.0525738081767,1.0,244.6,Benign
360124.6,7.1,63.5,2.5267253317577847,2.5267253317577847,0.0,0.0,0.0,0.0,0.3,0.9,0.0,0.0,0.0,1.2,0.0,3426.6,0.0,0.2,0.0,0.0,0.0,0.0,0.0,0.9,0.1,0.0,0.0,0.0,0.0,1.0,1.0,568.8,66.0,184.4,98.47714285714284,50.36870969961296,99.0,0.099848198890686,5.5,13.9729363641382,71.2321123764259,3185.4785850340136,0.8,38.5,Benign
390.72,6.0,64.0,10.078751728710506,10.078751728710506,0.0,0.18,0.42,0.09,0.18,0.56,0.0,0.0,0.97,1.9,0.25,4.47,0.0,0.0,0.0,0.0,0.0,0.0,0.0,1.0,0.0,0.0,0.0,0.0,0.0,1.0,1.0,740.86,62.01,77.71,70.80658782441328,5.828166668532529,70.52,84667035.80280186,9.5,11.895000318774516,8.246556779416279,41.692396637827294,0.88,141.55,MQTT-DDoS-Connect_Flood
535.16,6.0,64.0,8.81352255024461,8.81352255024461,0.0,0.15,0.17,0.32,0.18,0.54,0.0,0.0,1.44,2.1,0.75,5.99,0.0,0.0,0.0,0.0,0.0,0.0,0.0,1.0,0.0,0.0,0.0,0.0,0.0,1.0,1.0,696.59,59.81,77.28,66.51138679011048,6.836873211613555,66.4,84667035.8719322,9.5,11.518400949334296,9.681595557531642,59.67952289437434,0.92,141.55,MQTT-DDoS-Connect_Flood
98.92,6.0,64.0,62229.73548142925,62229.73548142925,0.0,0.18,0.1,0.31,0.1,0.68,0.0,0.0,0.18,0.23,0.46,0.93,0.0,0.0,0.0,0.0,0.0,0.0,0.0,1.0,0.0,0.0,0.0,0.0,0.0,1.0,1.0,667.13,57.36,72.53,63.048100053197565,5.1787103379781385,64.25,84667032.36996183,9.5,11.219380376835636,7.311338966328273,38.48703525683688,0.76,141.55,MQTT-DDoS-Connect_Flood
148.86,6.0,64.0,6424.595355938269,6424.595355938269,0.0,0.31,0.18,0.0,0.29,0.86,0.0,0.0,0.36,0.23,0.0,1.91,0.0,0.0,0.0,0.0,0.0,0.0,0.0,1.0,0.0,0.0,0.0,0.0,0.0,1.0,1.0,748.5,66.04,79.78,70.83994390971944,5.547019615188103,71.3,84667020.99611084,9.5,11.900696107271472,7.852368605301407,36.56284377765872,0.92,141.55,MQTT-DDoS-Connect_Flood
2525394.0,6.0,64.0,85.06895568851706,85.06895568851706,0.0,0.0,0.0,0.0,0.0,1.0,0.0,0.0,0.0,0.0,0.0,2572.5,0.0,1.0,0.0,0.0,0.0,0.0,0.0,1.0,0.0,0.0,0.0,0.0,0.0,1.0,1.0,8217.0,1494.0,1494.0,1494.0,0.0,1494.0,6.389617919921875e-06,5.5,54.6626014748658,0.0,0.0,0.0,38.5,Benign
123170.5,6.0,64.0,0.8925246179488184,0.8925246179488184,0.0,0.0,0.0,0.0,0.0,1.0,0.0,0.0,0.0,0.0,0.0,1575.9,0.0,0.0,0.0,0.0,0.0,0.0,0.0,1.0,0.0,0.0,0.0,0.0,0.0,1.0,1.0,363.0,66.0,66.0,66.0,0.0,66.0,0.0001076936721801,5.5,11.489125293076055,0.0,0.0,0.0,38.5,Benign
527.02,6.0,64.0,10.995803961035826,10.995803961035826,0.0,0.22,0.5,0.07,0.13,0.48,0.0,0.0,1.35,2.45,0.67,5.73,0.0,0.0,0.0,0.0,0.0,0.0,0.0,1.0,0.0,0.0,0.0,0.0,0.0,1.0,1.0,747.44,64.24,76.82,70.59671567038053,4.204561144122954,70.96,84667029.29732257,9.5,11.87524679612506,5.940211823471682,24.42267126674272,0.83,141.55,MQTT-DDoS-Connect_Flood
4213466.0,6.0,156.0,108.00712631945332,108.00712631945332,0.0,0.0,0.0,0.0,0.0,1.0,0.0,0.0,0.0,0.0,0.0,4260.5,0.0,1.0,0.0,0.0,0.0,0.0,0.0,1.0,0.0,0.0,0.0,0.0,0.0,1.0,1.0,3933.0,351.6,1494.0,852.1366666666667,551.9916656750369,780.0,0.0003288984298706,5.5,40.49721110851991,780.6340999145523,381289.6132222223,0.8,38.5,MQTT-Malformed_Data
550.78,6.0,64.0,10.72096232199986,10.72096232199986,0.0,0.13,0.08,0.3,0.19,0.66,0.0,0.0,1.5,2.07,0.66,6.37,0.0,0.0,0.0,0.0,0.0,0.0,0.0,1.0,0.0,0.0,0.0,0.0,0.0,1.0,1.0,684.7,56.99,77.85,64.92066376043117,7.697440844580801,65.8,84667040.45893493,9.5,11.385044044950016,10.88790990450884,68.21442066664929,0.94,141.55,MQTT-DDoS-Connect_Flood
76326.29,6.0,64.0,102.76757469047044,102.76757469047044,0.0,0.0,0.0,0.0,0.32,1.0,0.0,0.0,0.0,2.39,0.0,231.54,0.0,0.0,0.0,0.0,0.0,0.0,0.0,1.0,0.0,0.0,0.0,0.0,0.0,1.0,1.0,1841.94,103.06,447.62,174.0799994449135,128.0359120181189,186.67,84666478.04342711,9.5,16.95822191963062,180.1214382903312,66038.64083994614,0.27,141.55,MQTT-DoS-Publish_Flood
25859.8,6.0,99.0,1.5293024834240307,1.5293024834240307,0.0,0.0,0.0,0.0,0.5,1.0,0.0,0.0,0.0,0.8,0.0,336.7,0.0,0.0,0.0,0.0,0.0,0.0,0.0,1.0,0.0,0.0,0.0,0.0,0.0,1.0,1.0,504.8,65.4,137.5,86.92996031746031,26.684170382709823,98.3,0.0479321956634521,5.5,13.153274615626838,37.73711565590269,1281.3804510424538,0.9,38.5,Benign
83625.88,6.0,64.0,73.66718148434659,73.66718148434659,0.0,0.0,0.0,0.0,1.0,1.0,0.0,0.0,0.0,0.0,0.0,297.94,0.0,0.0,0.0,0.0,0.0,0.0,0.0,1.0,0.0,0.0,0.0,0.0,0.0,1.0,1.0,2689.88,191.35,325.42,257.5609496163881,47.353318173816746,254.57,84666495.02287087,9.5,22.649759769219468,67.02558863209791,2473.874398614973,0.93,141.55,MQTT-DoS-Publish_Flood
312.46,6.0,64.0,467.06818631206335,467.06818631206335,0.0,0.35,0.32,0.1,0.13,0.65,0.0,0.0,0.92,1.41,0.31,3.52,0.0,0.0,0.0,0.0,0.0,0.0,0.0,1.0,0.0,0.0,0.0,0.0,0.0,1.0,1.0,715.33,62.12,76.87,67.90327414699165,4.900684183911986,68.52,84667043.89925975,9.5,11.648346654119734,6.919582937044672,33.90982583063189,0.85,141.55,MQTT-DDoS-Connect_Flood
212603.3,7.1,64.0,0.7043837737667233,0.7043837737667233,0.0,0.0,0.0,0.0,0.5,0.9,0.0,0.0,0.0,0.0,0.0,2818.1,0.0,0.0,0.0,0.0,0.0,0.0,0.0,0.9,0.1,0.0,0.0,0.0,0.0,1.0,1.0,2085.3,66.0,929.0,136.6686467930934,211.5230298334405,161.8,169466134.1176353,13.5,16.531641150600787,299.78756813407,45258.02739575945,1.0,244.6,Benign
10208.87,6.0,64.0,18.94967357413702,18.94967357413702,0.0,0.0,0.0,0.0,0.79,1.0,0.0,0.0,0.63,1.78,7.13,21.11,0.0,0.0,0.0,0.0,0.0,0.0,0.0,1.0,0.0,0.0,0.0,0.0,0.0,1.0,1.0,5836.02,188.94,1031.65,542.9342426661746,340.267705165958,566.91,84666960.86830996,9.5,31.17437371307668,481.3935663759136,185084.26097553663,0.74,141.55,MQTT-DDoS-Publish_Flood
466690.9,8.2,62.3,2.851185686259912,2.851185686259912,0.0,0.0,0.0,0.0,0.3,0.8,0.0,0.0,0.0,0.2,0.0,4958.7,0.0,0.0,0.0,0.0,0.0,0.0,0.0,0.8,0.2,0.0,0.0,0.0,0.0,1.0,1.0,414.5,60.0,105.6,76.60575396825398,16.408249362881808,68.9,0.0420567989349365,5.5,12.36742400381582,23.20476878378715,302.5762734158478,0.9,38.5,Benign
20866.4,7.1,83.1,1.85328458243674,1.85328458243674,0.0,0.0,0.0,0.0,0.5,0.9,0.0,0.0,0.0,0.0,0.0,258.6,0.0,0.0,0.0,0.0,0.0,0.0,0.0,0.9,0.1,0.0,0.0,0.0,0.0,1.0,1.0,1301.0,66.0,165.0,83.40257960907341,25.69117657365037,95.7,169465328.21641618,13.5,12.912739248119388,36.47556527822093,813.4350751509515,1.0,244.6,Benign
361332.5,7.1,64.0,1.320848369388218,1.320848369388218,0.0,0.0,0.0,0.0,0.5,0.9,0.0,0.0,0.0,0.0,0.0,4321.4,0.0,0.0,0.0,0.0,0.0,0.0,0.0,0.9,0.1,0.0,0.0,0.0,0.0,1.0,1.0,1360.5,54.0,274.6,85.43886214748446,50.36406080961344,167.4,169469807.896859,13.5,13.023037801780848,71.88293472163022,7504.273935583032,1.0,244.6,Benign
91986.0,6.0,64.0,1.252821594625806,1.252821594625806,0.0,0.0,0.0,0.0,0.5,1.0,0.0,0.0,0.0,0.0,0.0,1104.5,0.0,0.0,0.0,0.0,0.0,0.0,0.0,1.0,0.0,0.0,0.0,0.0,0.0,1.0,1.0,1100.2,42.0,100.8,70.56151067456794,14.810272848117055,80.8,169465014.5115795,13.5,11.870519681981364,20.942250171662483,222.6608792129723,1.0,244.6,Benign
442.01,6.0,64.0,9.112272467062292,9.112272467062292,0.0,0.11,0.19,0.31,0.06,0.66,0.0,0.0,1.22,1.81,0.59,5.0,0.0,0.0,0.0,0.0,0.0,0.0,0.0,1.0,0.0,0.0,0.0,0.0,0.0,1.0,1.0,679.6,58.92,75.43,64.13345075985245,5.633105570106075,64.78,84667032.07512687,9.5,11.314751024969516,7.972106229440348,41.605669410930304,0.88,141.55,MQTT-DDoS-Connect_Flood
5514354.0,6.0,64.0,108.67224235497017,108.67224235497017,0.0,0.0,0.0,0.0,0.0,1.0,0.0,0.0,0.0,0.0,0.0,5543.5,0.0,1.0,0.0,0.0,0.0,0.0,0.0,1.0,0.0,0.0,0.0,0.0,0.0,1.0,1.0,8217.0,1494.0,1494.0,1494.0,0.0,1494.0,6.089210510253906e-05,5.5,54.6626014748658,0.0,0.0,0.0,38.5,MQTT-Malformed_Data
16291.69,6.0,64.0,18.50062380090696,18.50062380090696,0.0,0.0,0.07,0.04,0.5,0.91,0.0,0.0,0.69,1.21,9.16,22.83,0.0,0.0,0.0,0.0,0.0,0.0,0.0,1.0,0.0,0.0,0.0,0.0,0.0,1.0,1.0,6474.77,174.76,1238.59,629.512097813779,420.8006137722904,658.62,84666965.947037,9.5,33.344315095651375,595.1883415484087,236485.70319918136,0.92,141.55,MQTT-DDoS-Publish_Flood
8651500.0,6.0,64.0,100.72023817716344,100.72023817716344,0.0,0.0,0.0,0.0,0.0,1.0,0.0,0.0,0.0,0.0,0.0,8800.5,0.0,1.0,0.0,0.0,0.0,0.0,0.0,1.0,0.0,0.0,0.0,0.0,0.0,1.0,1.0,23157.0,1494.0,1494.0,1494.0,0.0,1494.0,169323372.5621359,13.5,54.6626014748658,0.0,0.0,0.0,244.6,MQTT-Malformed_Data
5700851.8,6.0,229.6,100.55541518963258,100.55541518963258,0.0,0.0,0.0,0.0,0.0,1.0,0.0,0.0,0.0,0.0,0.0,5789.5,0.0,1.0,0.0,0.0,0.0,0.0,0.0,1.0,0.0,0.0,0.0,0.0,0.0,1.0,1.0,9733.8,66.0,1494.0,646.1433382407066,693.4980457703737,208.8,169323378.91434118,13.5,35.68885626253569,978.3026560453064,478893.480157744,1.0,244.6,MQTT-Malformed_Data
324.95,6.0,64.0,10.627254272841316,10.627254272841316,0.0,0.26,0.22,0.11,0.23,0.77,0.0,0.0,0.79,1.41,0.22,4.02,0.0,0.0,0.0,0.0,0.0,0.0,0.0,1.0,0.0,0.0,0.0,0.0,0.0,1.0,1.0,712.2,61.44,78.31,67.89866198494488,5.611212379776956,68.26,84667029.02736677,9.5,11.647985895646304,7.931233709061105,38.81647826397215,0.94,141.55,MQTT-DDoS-Connect_Flood
314.97,6.0,64.0,11.905817321153558,11.905817321153558,0.0,0.15,0.15,0.28,0.2,0.62,0.0,0.0,0.76,1.16,0.48,3.41,0.0,0.0,0.0,0.0,0.0,0.0,0.0,1.0,0.0,0.0,0.0,0.0,0.0,1.0,1.0,685.31,57.6,74.63,65.2270513149561,6.293082963385022,65.53,84667037.56538206,9.5,11.416758632326518,8.910300259680119,48.885251928450025,0.91,141.55,MQTT-DDoS-Connect_Flood
309.08,6.0,64.0,10.369933346495902,10.369933346495902,0.0,0.24,0.38,0.05,0.14,0.81,0.0,0.0,0.76,1.45,0.29,3.8,0.0,0.0,0.0,0.0,0.0,0.0,0.0,1.0,0.0,0.0,0.0,0.0,0.0,1.0,1.0,727.09,64.8,74.09,69.38595065697115,3.749363990212333,69.13,84667044.69545579,9.5,11.779793889632188,5.297301587429125,17.50939541242996,0.93,141.55,MQTT-DDoS-Connect_Flood
113034.8,6.0,64.0,1.721758017645648,1.721758017645648,0.0,0.0,0.0,0.0,0.5,1.0,0.0,0.0,0.0,0.0,0.0,1443.5,0.0,0.0,0.0,0.0,0.0,0.0,0.0,1.0,0.0,0.0,0.0,0.0,0.0,1.0,1.0,430.8,68.5,95.0,79.45630952380954,10.528914791069266,78.6,0.0998905897140502,5.5,12.602099180173203,14.89013409460084,125.68779237528344,0.9,38.5,Benign
159304.6,6.0,64.0,1.22073867729346,1.22073867729346,0.0,0.0,0.0,0.0,0.5,1.0,0.0,0.0,0.0,0.0,0.0,2125.1,0.0,0.0,0.0,0.0,0.0,0.0,0.0,1.0,0.0,0.0,0.0,0.0,0.0,1.0,1.0,408.1,66.0,84.1,73.28011904761905,7.994396434640317,75.7,0.0997081041336059,5.5,12.104108737763786,11.305783860855453,71.4381308106576,0.9,38.5,Benign
23423.6,6.0,64.0,0.4616793499611186,0.4616793499611186,0.0,0.0,0.0,0.0,0.5,1.0,0.0,0.0,0.0,0.0,0.0,314.4,0.0,0.0,0.0,0.0,0.0,0.0,0.0,1.0,0.0,0.0,0.0,0.0,0.0,1.0,1.0,1335.4,66.0,257.0,86.55693023522744,46.33611121811472,75.4,169469546.0345218,13.5,13.154566833167353,65.67750236984992,2171.70041605727,1.0,244.6,Benign
9260.1,7.1,69.9,1.661104016123727,1.661104016123727,0.0,0.0,0.0,0.0,0.4,0.9,0.0,0.0,0.0,0.0,0.0,114.6,0.0,0.1,0.0,0.0,0.0,0.0,0.0,0.9,0.1,0.0,0.0,0.0,0.0,1.0,1.0,1176.5,66.0,842.7,237.9120634920635,297.2753135968669,159.7,0.0998115062713623,5.5,21.19324526047609,420.4107802474041,101180.81657382211,0.9,38.5,Benign
342.74,6.0,64.0,8.753835367506314,8.753835367506314,0.0,0.22,0.48,0.13,0.17,0.43,0.0,0.0,0.84,1.77,0.24,3.78,0.0,0.0,0.0,0.0,0.0,0.0,0.0,1.0,0.0,0.0,0.0,0.0,0.0,1.0,1.0,742.46,63.25,80.13,70.72870477265253,5.572865234033091,70.23,84667017.77512446,9.5,11.889942779788962,7.860419097465233,41.24353101856952,0.94,141.55,MQTT-DDoS-Connect_Flood
587.95,6.0,64.0,63.822543375618295,63.822543375618295,0.0,0.04,0.19,0.17,0.22,0.81,0.0,0.0,0.68,2.59,1.06,6.23,0.0,0.0,0.0,0.0,0.0,0.0,0.0,1.0,0.0,0.0,0.0,0.0,0.0,1.0,1.0,723.07,59.5,77.44,68.92852500273206,5.81064611650007,68.51,84662359.40937045,9.5,11.73341127679491,8.221656846318892,42.02936085831776,0.89,141.55,MQTT-DoS-Connect_Flood
411.79,6.0,64.0,16.939281518072516,16.939281518072516,0.0,0.17,0.13,0.19,0.23,0.7,0.0,0.0,1.05,1.64,0.33,4.69,0.0,0.0,0.0,0.0,0.0,0.0,0.0,1.0,0.0,0.0,0.0,0.0,0.0,1.0,1.0,706.97,59.49,77.35,66.83608430849337,6.401096875753711,67.45,84667019.97454949,9.5,11.553044471109343,9.057748005000416,51.26421564549928,0.92,141.55,MQTT-DDoS-Connect_Flood
71628.2,6.0,64.0,1.187390137377588,1.187390137377588,0.0,0.0,0.0,0.0,0.5,1.0,0.0,0.0,0.0,0.0,0.0,947.9,0.0,0.0,0.0,0.0,0.0,0.0,0.0,1.0,0.0,0.0,0.0,0.0,0.0,1.0,1.0,425.4,67.9,87.4,78.02400793650793,9.2511040464009,76.4,0.0001378059387207,5.5,12.490212741744632,13.083036809344769,95.2166475655077,0.9,38.5,Benign
172.74,6.0,64.0,25482.85528107284,25482.85528107284,0.0,0.17,0.57,0.07,0.14,0.61,0.0,0.0,0.45,0.64,0.14,1.96,0.0,0.0,0.0,0.0,0.0,0.0,0.0,1.0,0.0,0.0,0.0,0.0,0.0,1.0,1.0,745.09,64.73,79.84,71.28786060035596,5.211802247745637,71.44,84667047.30403131,9.5,11.937001716607597,7.375556866478393,35.178288641886866,0.92,141.55,MQTT-DDoS-Connect_Flood
56762.7,6.0,64.0,2.038947488898003,2.038947488898003,0.0,0.0,0.0,0.0,0.5,1.0,0.0,0.0,0.0,0.0,0.0,706.7,0.0,0.0,0.0,0.0,0.0,0.0,0.0,1.0,0.0,0.0,0.0,0.0,0.0,1.0,1.0,1395.9,66.0,230.0,90.31251429899648,40.31201763749242,80.5,169463215.1056406,13.5,13.44078983455588,57.140952794295934,1640.2373677617893,1.0,244.6,Benign
359.85,6.0,64.0,10.70983457309584,10.70983457309584,0.0,0.26,0.17,0.08,0.28,0.93,0.0,0.0,0.8,1.47,0.39,4.46,0.0,0.0,0.0,0.0,0.0,0.0,0.0,1.0,0.0,0.0,0.0,0.0,0.0,1.0,1.0,722.45,63.88,74.97,69.00951605059886,3.683714311779279,68.76,84667039.25137529,9.5,11.74683710926506,5.203830063170138,18.91456955057272,0.92,141.55,MQTT-DDoS-Connect_Flood
448454.0,6.0,64.0,1.4070778151298666,1.4070778151298666,0.0,0.0,0.0,0.0,0.5,1.0,0.0,0.0,0.0,0.0,0.0,5700.1,0.0,0.0,0.0,0.0,0.0,0.0,0.0,1.0,0.0,0.0,0.0,0.0,0.0,1.0,1.0,444.4,70.4,110.0,84.33170634920634,14.873113494823306,78.1,0.0997536897659301,5.5,12.969991896861735,21.03375881909342,250.77921559271857,0.9,38.5,Benign
420.72,6.0,64.0,9.757167656586583,9.757167656586583,0.0,0.18,0.27,0.2,0.13,0.78,0.0,0.0,1.02,1.92,0.65,4.61,0.0,0.0,0.0,0.0,0.0,0.0,0.0,1.0,0.0,0.0,0.0,0.0,0.0,1.0,1.0,706.33,60.32,76.63,67.43822534745097,5.829773372851962,67.76,84667048.50454853,9.5,11.602867862283423,8.24870510676594,44.18179127920799,0.89,141.55,MQTT-DDoS-Connect_Flood
822.2,6.0,64.0,36.33509675044864,36.33509675044864,0.0,0.03,0.26,0.16,0.22,0.82,0.0,0.0,0.36,3.45,1.26,9.42,0.0,0.0,0.0,0.0,0.0,0.0,0.0,1.0,0.0,0.0,0.0,0.0,0.0,1.0,1.0,737.45,62.64,78.82,70.2594528798515,5.1243731120011375,70.04,84662362.5316729,9.5,11.851177274942312,7.243924350504686,32.63067345503192,0.9,141.55,MQTT-DoS-Connect_Flood
513.97,6.0,64.0,82.0343849034909,82.0343849034909,0.0,0.03,0.19,0.1,0.17,0.91,0.0,0.0,0.31,2.38,0.74,5.58,0.0,0.0,0.0,0.0,0.0,0.0,0.0,1.0,0.0,0.0,0.0,0.0,0.0,1.0,1.0,720.18,63.16,75.09,68.59054364482266,4.522124118856637,68.76,84662362.1565448,9.5,11.709582658375147,6.397213129786163,27.259205274106144,0.91,141.55,MQTT-DoS-Connect_Flood
4758358.1,6.0,128.0,32.342484751313464,32.342484751313464,0.0,0.0,0.0,0.0,0.7,1.0,0.0,0.0,0.0,2.0,0.0,6574.5,0.0,1.0,0.0,0.0,0.0,0.0,0.0,1.0,0.0,0.0,0.0,0.0,0.0,1.0,1.0,4578.1,192.1,1435.0,819.9617857142857,594.2404109807904,1020.7,0.0049910068511962,5.5,39.91290249548638,840.3828485191956,393107.3444720805,0.9,38.5,Benign
158782.4,7.1,64.0,1.5868221320606972,1.5868221320606972,0.0,0.0,0.0,0.0,0.5,0.9,0.0,0.0,0.0,0.0,0.0,2023.3,0.0,0.0,0.0,0.0,0.0,0.0,0.0,0.9,0.1,0.0,0.0,0.0,0.0,1.0,1.0,1919.1,66.0,764.6,121.9768721629248,166.6350025794477,164.3,169468813.3376826,13.5,15.560109712849131,236.3084675705084,33742.19976737375,1.0,244.6,Benign
45981.36,6.0,64.0,88.78396497666054,88.78396497666054,0.0,0.0,0.0,0.0,0.26,1.0,0.0,0.0,0.0,0.0,0.0,163.43,0.0,0.0,0.0,0.0,0.0,0.0,0.0,1.0,0.0,0.0,0.0,0.0,0.0,1.0,1.0,960.05,88.89,115.05,92.60153687128144,8.430726909868149,94.34,84666501.98640329,9.5,13.301425412181183,11.89205191082452,313.37762210559697,0.24,141.55,MQTT-DoS-Publish_Flood
2149.45,6.0,64.0,15.540429793140213,15.540429793140213,0.0,0.01,0.14,0.52,0.22,0.35,0.0,0.0,0.77,1.37,4.81,9.42,0.0,0.0,0.0,0.0,0.0,0.0,0.0,1.0,0.0,0.0,0.0,0.0,0.0,1.0,1.0,1569.34,59.0,691.14,140.5579380908909,182.92802933765827,150.26,84666962.98852238,9.5,16.010902355607147,259.0978552818967,72822.72701237991,0.8,141.55,MQTT-DDoS-Publish_Flood
344.62,6.0,64.0,10.707487534868015,10.707487534868015,0.0,0.15,0.43,0.09,0.15,0.76,0.0,0.0,0.84,1.65,0.26,4.05,0.0,0.0,0.0,0.0,0.0,0.0,0.0,1.0,0.0,0.0,0.0,0.0,0.0,1.0,1.0,738.18,63.6,77.57,70.4595095345401,4.748785956853916,69.73,84667023.73866501,9.5,11.869894357487144,6.715981957784738,32.81492218547079,0.87,141.55,MQTT-DDoS-Connect_Flood
539.93,6.0,64.0,9.681997428117898,9.681997428117898,0.0,0.16,0.12,0.36,0.17,0.61,0.0,0.0,1.41,2.01,0.9,6.11,0.0,0.0,0.0,0.0,0.0,0.0,0.0,1.0,0.0,0.0,0.0,0.0,0.0,1.0,1.0,675.49,59.84,74.87,64.71677129698647,5.046791081234288,64.19,84667034.33093071,9.5,11.362723963411474,7.131993833336926,36.0248165638756,0.8,141.55,MQTT-DDoS-Connect_Flood
34223.4,7.1,83.1,1.2486728165083298,1.2486728165083298,0.0,0.0,0.0,0.0,0.3,0.9,0.0,0.0,0.0,0.4,0.0,399.4,0.0,0.0,0.0,0.0,0.0,0.0,0.0,0.9,0.1,0.0,0.0,0.0,0.0,1.0,1.0,479.5,66.0,139.0,82.51686507936508,24.837517904035984,93.5,0.0378100872039794,5.5,12.821905058389756,35.12555467557226,1029.943253574578,0.9,38.5,Benign
229.37,6.0,64.0,13.299488734505989,13.299488734505989,0.0,0.22,0.43,0.01,0.19,0.88,0.0,0.0,0.5,1.19,0.13,2.82,0.0,0.0,0.0,0.0,0.0,0.0,0.0,1.0,0.0,0.0,0.0,0.0,0.0,1.0,1.0,736.6,64.56,74.33,69.93423279992281,3.3799145239993504,70.45,84667046.96847498,9.5,11.82545788080782,4.782944381159904,15.658253276271044,0.91,141.55,MQTT-DDoS-Connect_Flood
79313.6,6.0,64.0,0.8650720666834035,0.8650720666834035,0.0,0.0,0.0,0.0,0.7,1.0,0.0,0.0,0.0,0.0,0.0,946.5,0.0,0.0,0.0,0.0,0.0,0.0,0.0,1.0,0.0,0.0,0.0,0.0,0.0,1.0,1.0,1092.5,66.0,104.9,70.37405260674998,9.6161731106122,71.9,169468793.93772238,13.5,11.864443963365698,13.636191059127228,101.33676437339184,1.0,244.6,Benign
271396.3,6.0,60.7,1.2066933710339982,1.2066933710339982,0.0,0.0,0.0,0.0,0.5,1.0,0.0,0.0,0.0,0.0,0.0,3380.8,0.0,0.0,0.0,0.0,0.0,0.0,0.0,1.0,0.0,0.0,0.0,0.0,0.0,1.0,1.0,442.7,66.0,108.0,77.43710317460317,15.1155026515703,96.7,0.0409580945968627,5.5,12.43132120308316,21.3765488519372,434.1100324861426,0.9,38.5,Benign
170090.3,6.0,64.0,0.9839776631128996,0.9839776631128996,0.0,0.0,0.0,0.0,0.7,1.0,0.0,0.0,0.0,0.0,0.0,2257.7,0.0,0.0,0.0,0.0,0.0,0.0,0.0,1.0,0.0,0.0,0.0,0.0,0.0,1.0,1.0,389.2,68.1,87.0,72.89289682539683,7.009874361594989,69.3,9.930133819580078e-05,5.5,12.067079697257164,9.913459392699076,56.51179042265054,0.9,38.5,Benign
380.06,6.0,63.78,9.02186255186914,9.02186255186914,0.0,0.09,0.14,0.2,0.37,0.78,0.0,0.0,0.76,1.62,0.58,4.34,0.0,0.0,0.0,0.0,0.0,0.0,0.0,1.0,0.0,0.0,0.0,0.0,0.0,1.0,1.0,699.14,61.72,76.85,66.34861126446654,5.439038539081606,68.61,84667035.50657722,9.5,11.51119051227739,7.711509639101732,74.77590978925826,0.89,141.55,MQTT-DDoS-Connect_Flood
408.1,6.0,64.0,10.9096722607243,10.9096722607243,0.0,0.21,0.26,0.1,0.23,0.74,0.0,0.0,0.97,1.82,0.3,4.61,0.0,0.0,0.0,0.0,0.0,0.0,0.0,1.0,0.0,0.0,0.0,0.0,0.0,1.0,1.0,738.17,63.84,81.46,70.1942445451865,6.722441993811008,70.7,84667034.91756761,9.5,11.844252861302978,9.499119503868735,53.18992525730421,0.92,141.55,MQTT-DDoS-Connect_Flood
323821.3,6.0,64.0,1.5939239232372309,1.5939239232372309,0.0,0.0,0.0,0.0,0.5,1.0,0.0,0.0,0.0,0.0,0.0,4124.9,0.0,0.0,0.0,0.0,0.0,0.0,0.0,1.0,0.0,0.0,0.0,0.0,0.0,1.0,1.0,2085.6,66.0,929.0,136.63524796368063,211.51941816434427,78.2,169468943.2396373,13.5,16.529133815017804,299.78840295104783,45261.17600291643,1.0,244.6,Benign
284109.4,6.0,64.0,1.5139781014065308,1.5139781014065308,0.0,0.0,0.0,0.0,0.5,1.0,0.0,0.0,0.0,0.0,0.0,3451.9,0.0,0.0,0.0,0.0,0.0,0.0,0.0,1.0,0.0,0.0,0.0,0.0,0.0,1.0,1.0,3612.4,66.0,1514.0,238.5660691875204,416.4176905909577,81.2,169463095.80512708,13.5,21.835329114449284,590.0770200277386,175187.70828662076,1.0,244.6,Benign
369.32,6.0,64.0,15.687435717125036,15.687435717125036,0.0,0.35,0.22,0.22,0.11,0.76,0.0,0.0,1.09,1.45,0.41,4.53,0.0,0.0,0.0,0.0,0.0,0.0,0.0,1.0,0.0,0.0,0.0,0.0,0.0,1.0,1.0,686.72,60.36,68.72,65.08333345515854,2.517333728158293,65.68,84667017.41777194,9.5,11.395801598222793,3.5109458115848056,9.76514612294458,0.73,141.55,MQTT-DDoS-Connect_Flood
283307.4,5.3,63.9,1.380234727797164,1.380234727797164,0.0,0.0,0.0,0.0,0.3,0.6,0.0,0.0,0.0,0.0,0.0,3395.7,0.0,0.0,0.0,0.0,0.0,0.0,0.0,0.6,0.1,0.0,0.3,0.0,0.0,0.7,0.7,484.0,43.8,190.2,81.8593253968254,48.39329550239664,88.6,0.0828619003295898,5.5,12.707411327152553,68.43845482741824,3183.936574814185,0.9,38.5,Benign
16751.8,8.2,105.8,0.9214121855599344,0.9214121855599344,0.0,0.0,0.0,0.0,0.4,0.8,0.0,0.0,0.0,0.0,0.0,151.5,0.0,0.2,0.0,0.0,0.0,0.0,0.0,0.8,0.2,0.0,0.0,0.0,0.0,1.0,1.0,527.8,54.0,210.0,94.57599206349208,53.22055412805052,90.2,0.0820976018905639,5.5,13.68841401060006,75.26522944490047,3619.1051383062486,0.8,38.5,Benign
45064.0,6.0,64.0,1.725900521383108,1.725900521383108,0.0,0.0,0.0,0.0,0.5,1.0,0.0,0.0,0.0,0.0,0.0,598.3,0.0,0.0,0.0,0.0,0.0,0.0,0.0,1.0,0.0,0.0,0.0,0.0,0.0,1.0,1.0,425.6,68.5,91.0,78.90742063492064,9.639143381073833,76.0,0.1000298976898193,5.5,12.55813907588686,13.631807299173463,103.68922447404888,0.9,38.5,Benign
675.38,6.0,64.0,27.336734032978192,27.336734032978192,0.0,0.06,0.13,0.21,0.24,0.85,0.0,0.0,0.45,2.89,1.02,7.55,0.0,0.0,0.0,0.0,0.0,0.0,0.0,1.0,0.0,0.0,0.0,0.0,0.0,1.0,1.0,716.28,60.64,77.43,67.77099920152087,5.837759206526267,68.58,84662363.95939979,9.5,11.638052681186878,8.249146600371727,43.30897931347445,0.9,141.55,MQTT-DoS-Connect_Flood
1431132.0,6.0,64.0,100.77783266972504,100.77783266972504,0.0,0.0,0.0,0.0,0.0,1.0,0.0,0.0,0.0,2.0,0.0,1364.5,0.0,1.0,0.0,0.0,0.0,0.0,0.0,1.0,0.0,0.0,0.0,0.0,0.0,1.0,1.0,8217.0,1494.0,1494.0,1494.0,0.0,1494.0,0.0002851009368896,5.5,54.6626014748658,0.0,0.0,0.0,38.5,Benign
141.74,6.0,64.0,20646.475823039345,20646.475823039345,0.0,0.36,0.24,0.06,0.17,0.9,0.0,0.0,0.42,0.34,0.06,1.87,0.0,0.0,0.0,0.0,0.0,0.0,0.0,1.0,0.0,0.0,0.0,0.0,0.0,1.0,1.0,716.2,65.36,72.68,68.41684305494985,2.814907050999168,68.25,84667049.25607312,9.5,11.695456544102443,3.9791567366212535,11.836412182337677,0.81,141.55,MQTT-DDoS-Connect_Flood
438.76,6.0,64.0,12.370603792216851,12.370603792216851,0.0,0.15,0.3,0.21,0.19,0.58,0.0,0.0,1.29,1.83,0.5,5.02,0.0,0.0,0.0,0.0,0.0,0.0,0.0,1.0,0.0,0.0,0.0,0.0,0.0,1.0,1.0,717.16,59.6,78.43,68.34798265193699,6.522390841508924,68.31,84667049.13470386,9.5,11.685220870134753,9.214521558555186,56.59669018032583,0.86,141.55,MQTT-DDoS-Connect_Flood
98933.38,6.0,76.88,275.22620514347955,275.22620514347955,0.0,0.0,0.0,0.0,0.93,1.0,0.0,0.0,0.0,0.14,0.0,487.93,0.0,0.07,0.0,0.0,0.0,0.0,0.0,1.0,0.0,0.0,0.0,0.0,0.0,1.0,1.0,2865.37,207.7,349.4,273.22513464601275,39.81016145313674,274.19,84666482.08213119,9.5,23.34248752071128,56.17222685112736,3504.8542148857505,0.62,141.55,MQTT-DoS-Publish_Flood
402.92,6.0,64.0,7.953119998666037,7.953119998666037,0.0,0.12,0.13,0.08,0.24,0.92,0.0,0.0,0.81,2.06,0.44,4.4,0.0,0.0,0.0,0.0,0.0,0.0,0.0,1.0,0.0,0.0,0.0,0.0,0.0,1.0,1.0,705.63,62.78,75.11,67.2592701356521,4.424715606542904,68.34,84667037.20436126,9.5,11.589023044468751,6.2338598357546,26.949470906789152,0.9,141.55,MQTT-DDoS-Connect_Flood
99.65,6.0,64.0,96650.6479873312,96650.6479873312,0.0,0.12,0.31,0.11,0.23,0.86,0.0,0.0,0.12,0.31,0.16,1.28,0.0,0.0,0.0,0.0,0.0,0.0,0.0,1.0,0.0,0.0,0.0,0.0,0.0,1.0,1.0,715.66,60.6,76.16,67.92190444638781,5.3113256173386,68.57,84667023.4732641,9.5,11.650610991546552,7.520629738356921,36.999309118469576,0.91,141.55,MQTT-DDoS-Connect_Flood
45826.05,6.0,64.0,62.890693540464845,62.890693540464845,0.0,0.0,0.0,0.0,0.84,1.0,0.0,0.0,0.0,0.0,0.0,137.66,0.0,0.0,0.0,0.0,0.0,0.0,0.0,1.0,0.0,0.0,0.0,0.0,0.0,1.0,1.0,5728.64,242.58,1146.16,549.4364030276139,296.12622792947104,563.04,84666499.08578253,9.5,32.13866380256004,418.7311437743515,106045.51775893357,0.88,141.55,MQTT-DoS-Publish_Flood
448.22,6.0,64.0,11.205864006189644,11.205864006189644,0.0,0.09,0.14,0.31,0.13,0.59,0.0,0.0,1.19,1.73,0.59,5.26,0.0,0.0,0.0,0.0,0.0,0.0,0.0,1.0,0.0,0.0,0.0,0.0,0.0,1.0,1.0,676.86,57.64,73.14,64.62628989126628,5.5455465162230215,64.18,84667033.71917161,9.5,11.362512459243623,7.848183949564067,40.0879407246913,0.89,141.55,MQTT-DDoS-Connect_Flood
36043.6,6.0,64.0,1.3366900608925942,1.3366900608925942,0.0,0.0,0.0,0.0,0.5,1.0,0.0,0.0,0.0,0.0,0.0,466.5,0.0,0.0,0.0,0.0,0.0,0.0,0.0,1.0,0.0,0.0,0.0,0.0,0.0,1.0,1.0,413.7,66.0,85.8,74.4020238095238,9.176143913768222,76.3,7.359981536865234e-05,5.5,12.1959306758997,12.97702717313835,93.66396697845803,0.9,38.5,Benign
21078.06,6.0,64.0,100.74374662585682,100.74374662585682,0.0,0.0,0.0,0.0,0.3,1.0,0.0,0.0,0.0,0.0,0.0,112.76,0.0,0.0,0.0,0.0,0.0,0.0,0.0,1.0,0.0,0.0,0.0,0.0,0.0,1.0,1.0,1069.05,94.34,119.41,103.84764758865144,10.48619354409475,98.7,84666489.16238236,9.5,14.072113727303488,14.846245369668583,498.5245132688488,0.23,141.55,MQTT-DoS-Publish_Flood
477.78,6.0,64.0,8.79827388269898,8.79827388269898,0.0,0.15,0.16,0.21,0.28,0.65,0.0,0.0,1.37,1.84,0.57,5.57,0.0,0.0,0.0,0.0,0.0,0.0,0.0,1.0,0.0,0.0,0.0,0.0,0.0,1.0,1.0,715.11,58.6,78.98,68.01522443019657,6.753015528193332,67.87,84667029.25546576,9.5,11.651446378401392,9.54742269145226,55.74795734991366,0.92,141.55,MQTT-DDoS-Connect_Flood
542.45,6.0,64.0,10.336670905917634,10.336670905917634,0.0,0.28,0.1,0.2,0.16,0.74,0.0,0.0,1.49,2.02,0.66,6.36,0.0,0.0,0.0,0.0,0.0,0.0,0.0,1.0,0.0,0.0,0.0,0.0,0.0,1.0,1.0,693.75,57.77,77.69,66.15755156930273,6.027165874004904,66.18,84667028.7849957,9.5,11.5022499477135,8.524285099086072,49.213526449404405,0.83,141.55,MQTT-DDoS-Connect_Flood
34256.26,6.0,64.0,93.17028197483606,93.17028197483606,0.0,0.0,0.0,0.0,0.36,1.0,0.0,0.0,0.0,0.0,0.0,221.58,0.0,0.0,0.0,0.0,0.0,0.0,0.0,1.0,0.0,0.0,0.0,0.0,0.0,1.0,1.0,1479.98,108.51,262.2,149.46617176180374,48.922915233556814,132.49,84666507.37587625,9.5,16.21080164200708,68.42053371609195,6799.702178361104,0.4,141.55,MQTT-DoS-Publish_Flood
167.21,6.0,64.0,1481.8508204909583,1481.8508204909583,0.0,0.27,0.24,0.01,0.27,0.93,0.0,0.0,0.35,0.59,0.04,2.03,0.0,0.0,0.0,0.0,0.0,0.0,0.0,1.0,0.0,0.0,0.0,0.0,0.0,1.0,1.0,734.57,66.4,76.21,69.9902081016249,3.695291976461799,69.88,84667038.74408707,9.5,11.830046735184936,5.226625800183905,17.310129675607236,0.92,141.55,MQTT-DDoS-Connect_Flood
252622.0,7.1,64.0,1.8516285788777205,1.8516285788777205,0.0,0.0,0.0,0.0,0.5,0.9,0.0,0.0,0.0,0.0,0.0,3203.5,0.0,0.0,0.0,0.0,0.0,0.0,0.0,0.9,0.1,0.0,0.0,0.0,0.0,1.0,1.0,558.8,82.5,214.0,116.96043650793652,48.16900080033935,92.6,0.0395871877670288,5.5,15.142631850890275,68.12125421780038,2639.6793420099525,0.9,38.5,Benign
447.77,6.0,64.0,10.730102661686963,10.730102661686963,0.0,0.19,0.28,0.09,0.19,0.66,0.0,0.0,1.19,1.92,0.26,5.25,0.0,0.0,0.0,0.0,0.0,0.0,0.0,1.0,0.0,0.0,0.0,0.0,0.0,1.0,1.0,735.73,61.61,80.1,70.49548698068357,6.615932986187086,70.19,84667019.31838064,9.5,11.871380379912203,9.35513119186668,52.0658057789728,0.92,141.55,MQTT-DDoS-Connect_Flood
332.63,6.0,64.0,9.389906014933333,9.389906014933333,0.0,0.17,0.17,0.04,0.36,0.79,0.0,0.0,0.57,1.7,0.17,3.71,0.0,0.0,0.0,0.0,0.0,0.0,0.0,1.0,0.0,0.0,0.0,0.0,0.0,1.0,1.0,730.59,63.8,77.32,69.00064009090325,4.976533355463365,70.01,84667037.10418329,9.5,11.741416876629922,7.043335684097831,34.27684427347211,0.89,141.55,MQTT-DDoS-Connect_Flood
4416550.0,6.0,64.0,98.83601669836766,98.83601669836766,0.0,0.0,0.0,0.0,0.0,1.0,0.0,0.0,0.0,0.0,0.0,4483.5,0.0,1.0,0.0,0.0,0.0,0.0,0.0,1.0,0.0,0.0,0.0,0.0,0.0,1.0,1.0,23157.0,1494.0,1494.0,1494.0,0.0,1494.0,169323402.81653687,13.5,54.6626014748658,0.0,0.0,0.0,244.6,MQTT-Malformed_Data
264235.5,6.0,64.0,0.8943784403640267,0.8943784403640267,0.0,0.0,0.0,0.0,0.0,1.0,0.0,0.0,0.0,0.0,0.0,3381.5,0.0,0.0,0.0,0.0,0.0,0.0,0.0,1.0,0.0,0.0,0.0,0.0,0.0,1.0,1.0,1039.0,66.0,68.0,67.07003424508068,0.9753387950502788,66.0,169467809.93152198,13.5,11.58223583114076,1.380420646857138,0.9538502890591704,1.0,244.6,Benign
44346.7,6.0,64.0,1.4493750392269844,1.4493750392269844,0.0,0.0,0.0,0.0,0.5,1.0,0.0,0.0,0.0,0.0,0.0,538.1,0.0,0.0,0.0,0.0,0.0,0.0,0.0,1.0,0.0,0.0,0.0,0.0,0.0,1.0,1.0,449.8,66.0,106.5,80.91555555555556,17.46132867116904,81.2,5.390644073486328e-05,5.5,12.713400779428614,24.69404782382143,340.9838051146384,0.9,38.5,Benign
501.23,6.0,64.0,10.12078048847548,10.12078048847548,0.0,0.28,0.14,0.19,0.2,0.7,0.0,0.0,1.37,1.85,0.7,5.82,0.0,0.0,0.0,0.0,0.0,0.0,0.0,1.0,0.0,0.0,0.0,0.0,0.0,1.0,1.0,703.53,59.04,78.92,66.43286346891841,6.776091292238688,67.15,84667039.01424624,9.5,11.51948166767743,9.586485025548644,57.001957315873405,0.91,141.55,MQTT-DDoS-Connect_Flood
291645.3,7.1,64.0,1.297223695763837,1.297223695763837,0.0,0.0,0.0,0.0,0.5,0.9,0.0,0.0,0.0,0.0,0.0,3443.1,0.0,0.0,0.0,0.0,0.0,0.0,0.0,0.9,0.1,0.0,0.0,0.0,0.0,1.0,1.0,1357.6,66.0,193.4,87.27064304933113,32.00239058011708,96.0,169464768.5173706,13.5,13.199907242303984,45.32251734048998,1089.4626369516632,1.0,244.6,Benign
312494.8,7.1,83.1,1.850605500502835,1.850605500502835,0.0,0.0,0.0,0.0,0.5,0.9,0.0,0.0,0.0,0.0,0.0,3739.9,0.0,0.0,0.0,0.0,0.0,0.0,0.0,0.9,0.1,0.0,0.0,0.0,0.0,1.0,1.0,1402.4,66.0,246.0,90.76391124785088,43.91547757700516,98.6,169464703.2162103,13.5,13.4741156771972,62.24895409414579,1947.503441430256,1.0,244.6,Benign
52006.2,6.0,64.0,1.0559777138317112,1.0559777138317112,0.0,0.0,0.0,0.0,0.5,1.0,0.0,0.0,0.0,0.0,0.0,693.9,0.0,0.0,0.0,0.0,0.0,0.0,0.0,1.0,0.0,0.0,0.0,0.0,0.0,1.0,1.0,414.0,67.7,85.0,75.8551984126984,7.5676483621051345,75.2,0.0001002788543701,5.5,12.315424872292647,10.70227094895962,64.06531045288486,0.9,38.5,Benign
450.8,6.0,64.0,10.00884881261173,10.00884881261173,0.0,0.29,0.12,0.21,0.12,0.7,0.0,0.0,1.18,1.98,0.46,5.07,0.0,0.0,0.0,0.0,0.0,0.0,0.0,1.0,0.0,0.0,0.0,0.0,0.0,1.0,1.0,695.15,59.25,77.39,66.71910393781485,6.706685901522604,66.19,84667022.99288814,9.5,11.54631620960742,9.493756616851302,60.774696296206365,0.88,141.55,MQTT-DDoS-Connect_Flood
223635.4,4.8,69.1,1.5837270134013133,1.5837270134013133,0.0,0.0,0.0,0.0,0.4,0.8,0.0,0.0,0.0,0.0,0.0,2812.5,0.0,0.1,0.0,0.0,0.0,0.0,0.0,0.8,0.0,0.0,0.2,0.0,0.0,0.8,0.8,367.5,42.0,88.5,61.89527777777778,14.76896665018943,72.1,0.0998984098434448,5.5,11.08716118868906,20.886472938933828,265.3556420855379,0.9,38.5,Benign
3604209.0,6.0,56.0,7245.093559569816,7245.093559569816,0.0,0.0,0.0,0.0,0.2,1.0,0.0,0.0,0.0,0.0,0.0,2382.5,1.0,0.0,0.0,0.0,0.0,0.0,0.0,1.0,0.0,0.0,0.0,0.0,0.0,1.0,1.0,23467.0,1514.0,1514.0,1514.0,0.0,1514.0,169469425.3399224,13.5,55.02726596879042,0.0,0.0,0.0,244.6,Benign
73160.4,6.0,64.0,1.4092083612744168,1.4092083612744168,0.0,0.0,0.0,0.0,0.5,1.0,0.0,0.0,0.0,0.0,0.0,927.9,0.0,0.0,0.0,0.0,0.0,0.0,0.0,1.0,0.0,0.0,0.0,0.0,0.0,1.0,1.0,427.2,68.4,94.0,78.73527777777778,10.0313347931734,78.1,0.0999069929122924,5.5,12.544907527262035,14.186449713210928,114.54162488977072,0.9,38.5,Benign
4922.84,6.0,64.0,30.731858838491863,30.731858838491863,0.0,0.06,0.15,0.14,0.4,0.71,0.0,0.0,0.27,0.42,1.34,10.91,0.0,0.0,0.0,0.0,0.0,0.0,0.0,1.0,0.0,0.0,0.0,0.0,0.0,1.0,1.0,1831.59,65.01,413.34,180.27855620553336,146.78071642850898,154.28,84666974.89411028,9.5,17.800926969212867,207.6763303939472,72392.93658058927,0.91,141.55,MQTT-DDoS-Publish_Flood
306.75,6.0,64.0,9.071056415234956,9.071056415234956,0.0,0.16,0.33,0.0,0.23,1.0,0.0,0.0,0.55,1.62,0.42,3.56,0.0,0.0,0.0,0.0,0.0,0.0,0.0,1.0,0.0,0.0,0.0,0.0,0.0,1.0,1.0,726.64,66.0,72.96,68.88246843730745,2.910453362960215,69.56,84667044.28036326,9.5,11.73651493889095,4.117163293530352,9.530621357298282,0.93,141.55,MQTT-DDoS-Connect_Flood
346.51,6.0,64.0,12.230598974842492,12.230598974842492,0.0,0.43,0.23,0.04,0.18,0.78,0.0,0.0,1.1,1.35,0.06,4.15,0.0,0.0,0.0,0.0,0.0,0.0,0.0,1.0,0.0,0.0,0.0,0.0,0.0,1.0,1.0,731.68,65.64,78.35,69.91226466541714,4.379868194631035,69.1,84667031.43246572,9.5,11.823167399584804,6.194075488643557,22.832858737522045,0.93,141.55,MQTT-DDoS-Connect_Flood
440469.9,7.1,69.8,1.774195919626316,1.774195919626316,0.0,0.0,0.0,0.0,0.5,0.9,0.0,0.0,0.0,0.0,0.0,5621.9,0.0,0.0,0.1,0.0,0.0,0.0,0.0,0.9,0.1,0.0,0.0,0.0,0.0,1.0,1.0,557.4,67.8,203.2,100.82329365079366,48.03186974375048,94.7,0.0999557018280029,5.5,14.163922009330651,67.92732161774985,2844.296817444571,0.9,38.5,Benign
312278.6,6.0,64.0,1.4073769984375302,1.4073769984375302,0.0,0.0,0.0,0.0,0.5,1.0,0.0,0.0,0.0,0.0,0.0,3950.5,0.0,0.0,0.0,0.0,0.0,0.0,0.0,1.0,0.0,0.0,0.0,0.0,0.0,1.0,1.0,438.2,67.9,97.4,79.73900793650793,11.52672640582908,79.1,0.099738597869873,5.5,12.62682801755534,16.30125281288756,152.1034293115394,0.9,38.5,Benign
71239.48,6.0,64.0,109.59712769519254,109.59712769519254,0.0,0.0,0.0,0.0,0.37,1.0,0.0,0.0,0.0,0.0,0.0,260.87,0.0,0.0,0.0,0.0,0.0,0.0,0.0,1.0,0.0,0.0,0.0,0.0,0.0,1.0,1.0,2732.39,121.59,605.55,261.3578789411484,159.94196710612988,246.94,84666480.60117692,9.5,20.83169650876572,226.263890909466,60161.17650377717,0.51,141.55,MQTT-DoS-Publish_Flood
448537.8,6.0,63.5,1.8702290866159967,1.8702290866159967,0.0,0.0,0.0,0.0,0.5,1.0,0.0,0.0,0.0,0.1,0.0,5542.1,0.0,0.1,0.0,0.0,0.0,0.0,0.0,1.0,0.0,0.0,0.0,0.0,0.0,1.0,1.0,430.4,66.0,95.9,76.16170634920636,12.163038530396832,80.6,0.1000977993011474,5.5,12.336118530474186,17.20113404935372,179.90217855568153,0.9,38.5,Benign
132863.1,7.1,83.1,1.224957971180219,1.224957971180219,0.0,0.0,0.0,0.0,0.4,0.9,0.0,0.0,0.0,0.0,0.0,1584.4,0.0,0.0,0.0,0.0,0.0,0.0,0.0,0.9,0.1,0.0,0.0,0.0,0.0,1.0,1.0,441.1,66.0,106.8,77.26615079365078,14.707875750889652,95.3,0.0838495016098022,5.5,12.418717725266411,20.800077360606515,390.6379576562106,0.9,38.5,Benign
1132367.0,6.0,248.0,107.69633501529736,107.69633501529736,0.0,0.0,0.0,0.0,0.0,1.0,0.0,0.0,0.0,2.0,0.0,1148.5,0.0,1.0,0.0,0.0,0.0,0.0,0.0,1.0,0.0,0.0,0.0,0.0,0.0,1.0,1.0,363.0,66.0,66.0,66.0,0.0,66.0,0.0001869916915893,5.5,11.489125293076055,0.0,0.0,0.0,38.5,Benign
786.32,6.0,64.0,41.927925213006944,41.927925213006944,0.0,0.05,0.21,0.15,0.26,0.85,0.0,0.0,0.72,3.2,1.33,8.79,0.0,0.0,0.0,0.0,0.0,0.0,0.0,1.0,0.0,0.0,0.0,0.0,0.0,1.0,1.0,736.9,62.17,79.38,70.29004808066031,5.48574343804847,69.67,84662360.19837323,9.5,11.85357161938194,7.7672889382931665,34.95903364727651,0.92,141.55,MQTT-DoS-Connect_Flood
9959.2,6.0,64.0,14.742966694388372,14.742966694388372,0.0,0.0,0.11,0.2,0.15,0.69,0.0,0.0,0.31,1.4,3.3,20.82,0.0,0.0,0.0,0.0,0.0,0.0,0.0,1.0,0.0,0.0,0.0,0.0,0.0,1.0,1.0,3188.2,81.3,653.68,278.8204686005429,229.0961487036176,331.63,84666963.69135086,9.5,20.614495205598395,319.8492425083093,128190.40262721592,0.89,141.55,MQTT-DDoS-Publish_Flood
327.47,6.0,64.0,10.59913264245533,10.59913264245533,0.0,0.25,0.16,0.04,0.27,0.93,0.0,0.0,0.72,1.44,0.27,4.04,0.0,0.0,0.0,0.0,0.0,0.0,0.0,1.0,0.0,0.0,0.0,0.0,0.0,1.0,1.0,720.06,62.0,74.95,68.34714772856144,4.1701032631688095,68.53,84667023.74468625,9.5,11.68956513707884,5.899906405273769,26.49526225355879,0.85,141.55,MQTT-DDoS-Connect_Flood
316460.0,6.0,82.4,4.7048904493622485,4.7048904493622485,0.0,0.0,0.0,0.0,0.4,1.0,0.0,0.0,0.0,0.1,0.0,3894.6,0.0,0.1,0.0,0.0,0.0,0.0,0.0,1.0,0.0,0.0,0.0,0.0,0.0,1.0,1.0,449.9,66.0,106.5,81.44242063492064,18.22636390980782,78.7,0.0033444881439208,5.5,12.753416186639072,25.775971033997727,372.03693875976313,0.9,38.5,Benign
15039.4,6.0,43.8,10.956615378375403,10.956615378375403,0.0,0.0,0.0,0.0,0.1,1.0,0.0,0.0,0.0,2.0,0.0,22.4,0.0,1.0,0.0,0.0,0.0,0.0,0.0,1.0,0.0,0.0,0.0,0.0,0.0,1.0,1.0,666.0,96.3,369.0,154.74773809523808,105.20193085950248,96.3,2.408027648925781e-06,5.5,17.150681374424593,148.777997409345,12662.302079790248,0.9,38.5,Benign
339.84,6.0,64.0,8.123812770037642,8.123812770037642,0.0,0.27,0.46,0.0,0.21,0.72,0.0,0.0,0.79,1.85,0.16,3.81,0.0,0.0,0.0,0.0,0.0,0.0,0.0,1.0,0.0,0.0,0.0,0.0,0.0,1.0,1.0,765.56,67.05,79.1,73.1905882935434,4.91445589189006,72.81,84667017.95483561,9.5,12.097043041478493,6.945115536287521,28.74033480373096,0.91,141.55,MQTT-DDoS-Connect_Flood
21866.8,7.1,64.0,1.555099492967706,1.555099492967706,0.0,0.0,0.0,0.0,0.4,0.9,0.0,0.0,0.0,0.0,0.0,257.6,0.0,0.0,0.0,0.0,0.0,0.0,0.0,0.9,0.1,0.0,0.0,0.0,0.0,1.0,1.0,553.8,66.0,199.2,102.68138888888888,49.572547725096456,93.5,0.0999125003814697,5.5,14.272621765126848,70.10616931421893,2816.6952201278664,0.9,38.5,Benign
19212.8,8.2,91.3,4.182124115052425,4.182124115052425,0.0,0.1,0.1,0.0,0.2,0.8,0.0,0.0,0.3,0.6,0.0,235.3,0.0,0.7,0.2,0.0,0.0,0.0,0.0,0.8,0.2,0.0,0.0,0.0,0.0,1.0,1.0,1759.4,57.6,342.0,114.1870991070333,78.50652061182811,90.8,169466487.04066297,13.5,15.117772134928014,111.26219885887892,6202.654375934947,1.0,244.6,Benign
109.96,6.0,64.0,51586.735687821965,51586.735687821965,0.0,0.16,0.14,0.25,0.22,0.68,0.0,0.0,0.18,0.14,0.39,1.19,0.0,0.0,0.0,0.0,0.0,0.0,0.0,1.0,0.0,0.0,0.0,0.0,0.0,1.0,1.0,711.64,56.0,80.07,67.59725389973804,8.222804665421426,67.02,84667019.59016669,9.5,11.621841109716865,11.637031249360405,78.63510068078645,0.92,141.55,MQTT-DDoS-Connect_Flood
40088.46,6.0,64.0,91.56323698209476,91.56323698209476,0.0,0.0,0.0,0.0,0.51,1.0,0.0,0.0,0.0,0.0,0.0,259.12,0.0,0.0,0.0,0.0,0.0,0.0,0.0,1.0,0.0,0.0,0.0,0.0,0.0,1.0,1.0,1302.65,100.88,172.26,127.46832042063542,30.04201522255534,122.86,84666505.63678375,9.5,15.728038165490448,42.49452942898408,1408.3372763871805,0.73,141.55,MQTT-DoS-Publish_Flood
30831.05,6.0,64.0,94.58144367097309,94.58144367097309,0.0,0.0,0.0,0.0,0.35,1.0,0.0,0.0,0.0,0.0,0.0,66.19,0.0,0.0,0.0,0.0,0.0,0.0,0.0,1.0,0.0,0.0,0.0,0.0,0.0,1.0,1.0,7584.62,307.71,1249.03,731.9107917280086,358.8002998217785,635.29,84666479.1523049,9.5,35.99166651258677,505.1698656256394,161633.99582880188,0.9,141.55,MQTT-DoS-Publish_Flood
64296.22,6.0,64.0,84.26470637826559,84.26470637826559,0.0,0.0,0.0,0.0,0.54,1.0,0.0,0.0,0.0,0.0,0.0,355.7,0.0,0.0,0.0,0.0,0.0,0.0,0.0,1.0,0.0,0.0,0.0,0.0,0.0,1.0,1.0,1833.14,113.96,272.01,171.38666050422748,50.94485494107312,177.18,84666485.39406946,9.5,17.770936474417496,72.13886863874988,4219.422124330693,0.67,141.55,MQTT-DoS-Publish_Flood
562.92,6.0,64.0,10.800421330692595,10.800421330692595,0.0,0.12,0.06,0.39,0.19,0.55,0.0,0.0,1.55,2.09,0.8,6.35,0.0,0.0,0.0,0.0,0.0,0.0,0.0,1.0,0.0,0.0,0.0,0.0,0.0,1.0,1.0,682.76,54.97,79.41,64.96457768027466,9.131942216420605,64.95,84667034.80164441,9.5,11.391838027125209,12.90292863325053,94.13494562859974,0.93,141.55,MQTT-DDoS-Connect_Flood
441544.6,6.0,64.0,1.593883963172263,1.593883963172263,0.0,0.0,0.0,0.0,0.5,1.0,0.0,0.0,0.0,0.0,0.0,5624.7,0.0,0.0,0.0,0.0,0.0,0.0,0.0,1.0,0.0,0.0,0.0,0.0,0.0,1.0,1.0,435.0,66.0,106.5,79.01694444444445,15.693968900677495,78.2,0.0001178979873657,5.5,12.563784793560917,22.19462366679969,280.3519185405644,0.9,38.5,Benign
547.17,6.0,64.0,7.524793653096111,7.524793653096111,0.0,0.26,0.17,0.33,0.09,0.64,0.0,0.0,1.65,2.35,0.52,6.23,0.0,0.0,0.0,0.0,0.0,0.0,0.0,1.0,0.0,0.0,0.0,0.0,0.0,1.0,1.0,669.89,59.48,73.33,63.96901883960554,5.082172995958076,64.14,84667031.88547283,9.5,11.301793367195636,7.194127275477154,33.78216777496243,0.93,141.55,MQTT-DDoS-Connect_Flood
199176.0,6.0,64.0,2.035094966897506,2.035094966897506,0.0,0.0,0.0,0.0,0.5,1.0,0.0,0.0,0.0,0.0,0.0,2521.5,0.0,0.0,0.0,0.0,0.0,0.0,0.0,1.0,0.0,0.0,0.0,0.0,0.0,1.0,1.0,1462.4,66.0,246.0,94.88472553504288,54.0501694960393,80.4,169462202.0985342,13.5,13.766990194987574,76.5906986273308,2950.3350045135426,1.0,244.6,Benign
27377.46,6.0,64.0,18.479789460736992,18.479789460736992,0.0,0.01,0.04,0.35,0.25,0.65,0.0,0.0,0.73,1.85,8.0,38.48,0.0,0.0,0.0,0.0,0.0,0.0,0.0,1.0,0.0,0.0,0.0,0.0,0.0,1.0,1.0,6345.32,189.08,949.84,594.3203678608972,316.112476914785,604.5,84666972.82820244,9.5,30.050996635734386,447.31150331478,192060.49872537272,0.77,141.55,MQTT-DDoS-Publish_Flood
481.41,6.0,64.0,19.87672414796017,19.87672414796017,0.0,0.22,0.1,0.26,0.24,0.72,0.0,0.0,1.26,1.78,0.53,5.74,0.0,0.0,0.0,0.0,0.0,0.0,0.0,1.0,0.0,0.0,0.0,0.0,0.0,1.0,1.0,689.88,59.72,74.84,65.85933871718238,5.010896179501957,66.15,84667049.36909905,9.5,11.468505799552652,7.040821623275522,35.0002621037888,0.84,141.55,MQTT-DDoS-Connect_Flood
347.75,6.0,64.0,8.375415557943228,8.375415557943228,0.0,0.16,0.03,0.08,0.55,0.9,0.0,0.0,0.59,1.76,0.17,3.93,0.0,0.0,0.0,0.0,0.0,0.0,0.0,1.0,0.0,0.0,0.0,0.0,0.0,1.0,1.0,715.72,64.28,72.52,68.302642578225,2.512382171837261,67.85,84667017.91593188,9.5,11.687333376929873,3.5442998908039693,15.962322637885926,0.67,141.55,MQTT-DDoS-Connect_Flood
167.01,6.0,64.0,9357.778834554823,9357.778834554823,0.0,0.18,0.13,0.15,0.23,0.82,0.0,0.0,0.22,0.69,0.31,1.86,0.0,0.0,0.0,0.0,0.0,0.0,0.0,1.0,0.0,0.0,0.0,0.0,0.0,1.0,1.0,703.63,61.32,75.32,66.8953556059094,4.649139476801519,67.05,84667026.05359355,9.5,11.5637684579179,6.570721901166123,34.88460650501008,0.79,141.55,MQTT-DDoS-Connect_Flood
70511.32,6.0,64.0,87.12552929912553,87.12552929912553,0.0,0.0,0.0,0.0,0.59,1.0,0.0,0.0,0.0,0.0,0.0,215.03,0.0,0.0,0.0,0.0,0.0,0.0,0.0,1.0,0.0,0.0,0.0,0.0,0.0,1.0,1.0,1362.26,99.79,155.38,126.953333376333,25.02982454510501,130.31,84666981.72421086,9.5,15.706360358598754,35.41362098610077,1248.975336378282,0.51,141.55,MQTT-DDoS-Publish_Flood
436.34,6.0,64.0,10.88843248846988,10.88843248846988,0.0,0.21,0.48,0.03,0.13,0.6,0.0,0.0,1.11,1.94,0.17,5.15,0.0,0.0,0.0,0.0,0.0,0.0,0.0,1.0,0.0,0.0,0.0,0.0,0.0,1.0,1.0,762.04,66.36,80.53,72.43213048015795,5.150554620188906,72.38,84667023.55318765,9.5,12.035204070199462,7.289753946863392,30.37570634237634,0.93,141.55,MQTT-DDoS-Connect_Flood
370.6,6.0,64.0,9.223447700708832,9.223447700708832,0.0,0.11,0.1,0.43,0.17,0.49,0.0,0.0,1.12,1.29,0.59,4.08,0.0,0.0,0.0,0.0,0.0,0.0,0.0,1.0,0.0,0.0,0.0,0.0,0.0,1.0,1.0,675.88,56.21,77.75,64.15186789745343,7.671687775428086,64.35,84667046.9807972,9.5,11.318240810610115,10.853864013662662,74.01456898299725,0.83,141.55,MQTT-DDoS-Connect_Flood
174492.6,6.0,64.0,0.6950351075404465,0.6950351075404465,0.0,0.0,0.0,0.0,0.0,1.0,0.0,0.0,0.0,0.0,0.0,2211.4,0.0,0.0,0.0,0.0,0.0,0.0,0.0,1.0,0.0,0.0,0.0,0.0,0.0,1.0,1.0,363.0,66.0,66.0,66.0,0.0,66.0,0.0002163171768188,5.5,11.489125293076055,0.0,0.0,0.0,38.5,Benign
91.55,6.0,64.0,524733.4049846209,524733.4049846209,0.0,0.29,0.13,0.19,0.29,0.69,0.0,0.0,0.29,0.13,0.3,0.93,0.0,0.0,0.0,0.0,0.0,0.0,0.0,1.0,0.0,0.0,0.0,0.0,0.0,1.0,1.0,719.98,60.4,78.12,68.58282055521877,6.850895660823679,68.32,84667026.37927574,9.5,11.704999754877068,9.694921213941816,58.49759161803672,0.93,141.55,MQTT-DDoS-Connect_Flood
42815.2,6.0,64.0,94.39816022685731,94.39816022685731,0.0,0.0,0.0,0.0,0.74,1.0,0.0,0.0,0.0,0.0,0.0,122.68,0.0,0.0,0.0,0.0,0.0,0.0,0.0,1.0,0.0,0.0,0.0,0.0,0.0,1.0,1.0,5155.92,212.06,1038.4,504.9647845311723,281.29567078438106,518.35,84666982.2022321,9.5,30.22270597850671,398.0604497953685,98745.2878808284,0.91,141.55,MQTT-DDoS-Publish_Flood
319.88,6.0,64.0,8.831250214741244,8.831250214741244,0.0,0.2,0.16,0.0,0.33,1.0,0.0,0.0,0.51,1.73,0.33,3.67,0.0,0.0,0.0,0.0,0.0,0.0,0.0,1.0,0.0,0.0,0.0,0.0,0.0,1.0,1.0,720.48,66.28,73.64,68.7867281751616,2.6917205134901807,68.6,84667029.64443816,9.5,11.728949183244836,3.8084776919328167,7.849410394950103,0.94,141.55,MQTT-DDoS-Connect_Flood
349542.8,5.4,63.5,1.2650132410752533,1.2650132410752533,0.0,0.0,0.0,0.0,0.4,0.9,0.0,0.0,0.0,0.0,0.0,4357.5,0.0,0.1,0.0,0.0,0.0,0.0,0.0,0.9,0.0,0.0,0.1,0.0,0.0,0.9,0.9,403.6,60.0,87.6,70.84801587301587,9.885793090935246,76.3,0.0998288869857788,5.5,11.894978993395164,13.980622664014865,119.87140507684556,0.9,38.5,Benign
350918.2,7.0,57.6,1.6482245382152534,1.6482245382152534,0.0,0.0,0.0,0.0,0.3,0.6,0.0,0.0,0.0,0.0,0.0,4567.7,0.0,0.0,0.0,0.0,0.0,0.0,0.0,0.6,0.2,0.0,0.2,0.0,0.0,0.8,0.8,1615.8,51.6,438.6,100.14963114113267,89.24145655619705,182.4,169467377.5303102,13.5,14.05327249272035,126.82992181426638,16102.714651576473,1.0,244.6,Benign
426862.0,7.1,64.0,1.8502590235859764,1.8502590235859764,0.0,0.0,0.0,0.0,0.5,0.9,0.0,0.0,0.0,0.0,0.0,5134.1,0.0,0.0,0.0,0.0,0.0,0.0,0.0,0.9,0.1,0.0,0.0,0.0,0.0,1.0,1.0,2091.6,66.0,929.0,136.6012117625237,212.0461318520128,95.2,169464779.4811587,13.5,16.53319392415591,300.5258713680687,45480.13879786657,1.0,244.6,Benign
179255.4,6.0,64.0,2.03582680884337,2.03582680884337,0.0,0.0,0.0,0.0,0.5,1.0,0.0,0.0,0.0,0.0,0.0,2232.1,0.0,0.0,0.0,0.0,0.0,0.0,0.0,1.0,0.0,0.0,0.0,0.0,0.0,1.0,1.0,454.8,67.9,105.0,82.86333333333333,15.51745864861726,80.4,0.0001219034194946,5.5,12.870917556474495,21.94500047443821,275.0574047619047,0.9,38.5,Benign
579.89,6.0,64.0,41.61490253944265,41.61490253944265,0.0,0.32,0.23,0.02,0.38,0.88,0.0,0.0,1.48,2.31,0.45,6.7,0.0,0.0,0.0,0.0,0.0,0.0,0.0,1.0,0.0,0.0,0.0,0.0,0.0,1.0,1.0,730.0,66.6,73.88,69.66965602629224,2.649241194319509,69.61,84662359.34238487,9.5,11.803056676300905,3.750583394958431,8.896109888907768,0.82,141.55,MQTT-DoS-Connect_Flood
7709.15,6.0,63.94,42.685117805688535,42.685117805688535,0.0,0.0,0.0,0.23,0.38,0.77,0.0,0.0,0.51,0.05,10.77,11.0,0.0,0.01,0.0,0.0,0.0,0.0,0.0,1.0,0.0,0.0,0.0,0.0,0.0,1.0,1.0,8524.47,165.32,1352.01,794.6745586196569,520.1287450807563,732.86,84666976.83283848,9.5,38.43855474827757,735.3421266693799,318640.0352316182,0.91,141.55,MQTT-DDoS-Publish_Flood
452.22,6.0,64.0,11.327552975948889,11.327552975948889,0.0,0.37,0.21,0.19,0.19,0.6,0.0,0.0,1.3,1.76,0.49,5.29,0.0,0.0,0.0,0.0,0.0,0.0,0.0,1.0,0.0,0.0,0.0,0.0,0.0,1.0,1.0,707.76,61.28,76.89,67.00476959027384,5.869595573539541,67.31,84667023.1765219,9.5,11.570243014516528,8.30329616650478,48.81808121065424,0.89,141.55,MQTT-DDoS-Connect_Flood
59106.4,6.0,64.0,2.038462281353883,2.038462281353883,0.0,0.0,0.0,0.0,0.5,1.0,0.0,0.0,0.0,0.0,0.0,735.9,0.0,0.0,0.0,0.0,0.0,0.0,0.0,1.0,0.0,0.0,0.0,0.0,0.0,1.0,1.0,434.0,67.9,95.4,78.7063492063492,10.994982555644084,80.5,0.0001724004745483,5.5,12.5439920024064,15.54925344824746,146.15869740488787,0.9,38.5,Benign
440.4,6.0,64.0,10.091878623057614,10.091878623057614,0.0,0.23,0.19,0.26,0.18,0.57,0.0,0.0,1.22,1.7,0.48,4.9,0.0,0.0,0.0,0.0,0.0,0.0,0.0,1.0,0.0,0.0,0.0,0.0,0.0,1.0,1.0,714.61,61.49,79.86,68.37427519822798,7.252150542795616,67.0,84667028.15756091,9.5,11.684117848883762,10.253834463151586,68.95728361194112,0.92,141.55,MQTT-DDoS-Connect_Flood
599.93,6.0,64.0,10.767585109432488,10.767585109432488,0.0,0.1,0.08,0.41,0.12,0.56,0.0,0.0,1.67,2.1,0.95,6.76,0.0,0.0,0.0,0.0,0.0,0.0,0.0,1.0,0.0,0.0,0.0,0.0,0.0,1.0,1.0,670.86,57.13,79.37,64.17117938794951,7.988716586109364,63.74,84667048.47135805,9.5,11.322896620037389,11.303288828727636,75.48597647580328,0.91,141.55,MQTT-DDoS-Connect_Flood
338170.8,7.1,73.0,1.3462858135095386,1.3462858135095386,0.0,0.0,0.0,0.0,0.5,0.9,0.0,0.0,0.0,0.1,0.0,4262.9,0.0,0.1,0.0,0.0,0.0,0.0,0.0,0.9,0.1,0.0,0.0,0.0,0.0,1.0,1.0,1378.6,66.0,187.6,88.4121742292795,31.67916990100656,98.4,169467759.73002213,13.5,13.293904304174925,44.930008843019706,1092.1174807590803,1.0,244.6,Benign
6717.7,6.0,64.0,1.2731306771761577,1.2731306771761577,0.0,0.0,0.0,0.0,0.5,1.0,0.0,0.0,0.0,0.0,0.0,80.5,0.0,0.0,0.0,0.0,0.0,0.0,0.0,1.0,0.0,0.0,0.0,0.0,0.0,1.0,1.0,1954.7,66.0,827.0,127.70253957214098,186.65167691651567,80.9,169462859.5026043,13.5,15.98084744513215,264.55078898310336,35252.23522336504,1.0,244.6,Benign
441.73,6.0,64.0,8.851233879602239,8.851233879602239,0.0,0.29,0.26,0.12,0.16,0.87,0.0,0.0,1.24,1.85,0.54,5.09,0.0,0.0,0.0,0.0,0.0,0.0,0.0,1.0,0.0,0.0,0.0,0.0,0.0,1.0,1.0,709.71,61.68,73.65,67.31753570496411,4.23643160841565,67.92,84667030.547973,9.5,11.595846571531215,5.9932230619795375,22.6336708932862,0.88,141.55,MQTT-DDoS-Connect_Flood
857.88,6.0,64.0,40.8002806394383,40.8002806394383,0.0,0.04,0.21,0.16,0.26,0.89,0.0,0.0,0.46,3.5,1.34,9.85,0.0,0.0,0.0,0.0,0.0,0.0,0.0,1.0,0.0,0.0,0.0,0.0,0.0,1.0,1.0,730.63,64.52,76.42,69.20064147737367,4.136647091430803,70.03,84662361.45238464,9.5,11.762647470816471,5.849853930120153,21.32596482494821,0.9,141.55,MQTT-DoS-Connect_Flood
480524.6,6.0,64.0,1.4069984995811031,1.4069984995811031,0.0,0.0,0.0,0.0,0.5,1.0,0.0,0.0,0.0,0.0,0.0,5839.9,0.0,0.0,0.0,0.0,0.0,0.0,0.0,1.0,0.0,0.0,0.0,0.0,0.0,1.0,1.0,1357.8,66.0,246.0,87.86069866923583,43.70542927026673,80.2,169469099.5393436,13.5,13.263488630364543,61.91263832962827,1927.321396150465,1.0,244.6,Benign
80087.34,6.0,64.0,92.0857799837799,92.0857799837799,0.0,0.0,0.0,0.0,0.74,1.0,0.0,0.0,0.0,0.0,0.0,329.61,0.0,0.0,0.0,0.0,0.0,0.0,0.0,1.0,0.0,0.0,0.0,0.0,0.0,1.0,1.0,2392.31,143.39,387.55,222.984096315707,89.50341209633297,251.3,84666494.75388765,9.5,20.264555280280955,126.07465805087833,11052.691011659968,0.86,141.55,MQTT-DoS-Publish_Flood
80082.76,6.0,64.0,83.82921273248063,83.82921273248063,0.0,0.0,0.0,0.0,0.04,1.0,0.0,0.0,0.0,0.0,0.0,387.77,0.0,0.0,0.0,0.0,0.0,0.0,0.0,1.0,0.0,0.0,0.0,0.0,0.0,1.0,1.0,939.34,66.0,238.22,83.13768253719105,44.75745606124974,89.98,84666490.52281596,9.5,12.639346091025583,63.42728974014364,11225.925545053027,0.2,141.55,MQTT-DoS-Publish_Flood
2373215.0,6.0,64.0,134.48443924749262,134.48443924749262,0.0,0.0,0.0,0.0,0.0,1.0,0.0,0.0,0.0,2.0,0.0,2516.5,0.0,1.0,0.0,0.0,0.0,0.0,0.0,1.0,0.0,0.0,0.0,0.0,0.0,1.0,1.0,23157.0,1494.0,1494.0,1494.0,0.0,1494.0,169323358.0353261,13.5,54.6626014748658,0.0,0.0,0.0,244.6,MQTT-Malformed_Data
404749.0,6.0,64.0,1.446612876580075,1.446612876580075,0.0,0.0,0.0,0.0,0.5,1.0,0.0,0.0,0.0,0.0,0.0,4912.3,0.0,0.0,0.0,0.0,0.0,0.0,0.0,1.0,0.0,0.0,0.0,0.0,0.0,1.0,1.0,2309.4,42.0,928.0,151.44075665562508,213.9748293759397,81.0,169468595.67466462,13.5,17.408300427426987,303.2077545828365,46277.728474590105,1.0,244.6,Benign
456481.0,6.0,64.0,1.680361384386663,1.680361384386663,0.0,0.0,0.0,0.0,0.5,1.0,0.0,0.0,0.0,0.0,0.0,5849.3,0.0,0.0,0.0,0.0,0.0,0.0,0.0,1.0,0.0,0.0,0.0,0.0,0.0,1.0,1.0,1580.6,66.0,246.0,102.98254033118585,53.71230180839604,77.4,169470254.1449114,13.5,14.357580878776286,76.07072660395792,2905.089653589203,1.0,244.6,Benign
173267.6,6.0,64.0,1.5657457971507194,1.5657457971507194,0.0,0.0,0.0,0.0,0.5,1.0,0.0,0.0,0.0,0.0,0.0,2113.7,0.0,0.0,0.0,0.0,0.0,0.0,0.0,1.0,0.0,0.0,0.0,0.0,0.0,1.0,1.0,1205.1,60.0,109.0,77.59288180816432,14.7105290322497,81.3,169469246.5360473,13.5,12.45400518535082,20.845954892134817,219.8238051539188,1.0,244.6,Benign
293738.9,6.0,82.4,3.856425833940509,3.856425833940509,0.0,0.0,0.0,0.0,0.4,1.0,0.0,0.0,0.0,0.1,0.0,3634.3,0.0,0.1,0.0,0.0,0.0,0.0,0.0,1.0,0.0,0.0,0.0,0.0,0.0,1.0,1.0,421.2,66.0,92.7,75.39333333333333,10.943669866016071,76.8,0.0691399097442626,5.5,12.276001039093217,15.476686346653675,137.0249365079365,0.9,38.5,Benign
1162172.8,6.0,137.6,98.69900223339468,98.69900223339468,0.0,0.0,0.0,0.0,0.0,1.0,0.0,0.0,0.0,0.0,0.0,1160.5,0.0,1.0,0.0,0.0,0.0,0.0,0.0,1.0,0.0,0.0,0.0,0.0,0.0,1.0,1.0,14017.8,66.0,1494.0,899.2261753159122,700.6530333697085,922.8,169323365.0004407,13.5,42.31865303918012,991.9649215533552,492097.2447000461,1.0,244.6,MQTT-Malformed_Data
467.86,6.0,64.0,9.193853830301368,9.193853830301368,0.0,0.24,0.18,0.05,0.2,0.81,0.0,0.0,1.04,2.06,0.29,5.44,0.0,0.0,0.0,0.0,0.0,0.0,0.0,1.0,0.0,0.0,0.0,0.0,0.0,1.0,1.0,731.71,62.84,76.5,69.19140039509854,4.786304089882661,69.93,84667041.02804817,9.5,11.760131785907316,6.776220228324413,31.560695101772016,0.77,141.55,MQTT-DDoS-Connect_Flood
464.71,6.0,64.0,10.415889985613854,10.415889985613854,0.0,0.2,0.08,0.2,0.32,0.77,0.0,0.0,1.14,1.85,0.43,5.46,0.0,0.0,0.0,0.0,0.0,0.0,0.0,1.0,0.0,0.0,0.0,0.0,0.0,1.0,1.0,713.23,58.81,79.58,68.25297305042739,7.282242702977682,67.7,84667035.14443019,9.5,11.680239396973649,10.304768456948969,66.54368485713321,0.91,141.55,MQTT-DDoS-Connect_Flood
464.96,6.0,64.0,9.789741805767443,9.789741805767443,0.0,0.16,0.15,0.22,0.26,0.69,0.0,0.0,1.19,1.99,0.43,5.28,0.0,0.0,0.0,0.0,0.0,0.0,0.0,1.0,0.0,0.0,0.0,0.0,0.0,1.0,1.0,717.08,59.53,79.12,68.24395977925583,7.686360921573435,67.84,84667035.33617985,9.5,11.675785566547658,10.877767507631496,71.17599903908173,0.94,141.55,MQTT-DDoS-Connect_Flood
31759.7,7.1,66.9,45.38223122209697,45.38223122209697,0.0,0.0,0.0,0.0,0.6,0.9,0.0,0.0,0.0,0.7,0.0,361.6,0.0,0.7,0.0,0.0,0.0,0.0,0.0,0.9,0.1,0.0,0.0,0.0,0.0,1.0,1.0,2919.9,309.5,1474.0,706.0804761904761,454.34965909871744,361.8,0.0388870954513549,5.5,36.45833024569163,642.5474499569984,242207.7471088436,0.9,38.5,Benign
438.99,6.0,64.0,10.458535515840532,10.458535515840532,0.0,0.29,0.39,0.06,0.2,0.79,0.0,0.0,1.17,1.79,0.32,5.2,0.0,0.0,0.0,0.0,0.0,0.0,0.0,1.0,0.0,0.0,0.0,0.0,0.0,1.0,1.0,751.59,64.47,78.34,71.63722547563376,5.4477054478900495,71.74,84667044.68792766,9.5,11.965958251586414,7.706104263511237,40.37038364258115,0.92,141.55,MQTT-DDoS-Connect_Flood
942.4,6.0,64.0,7.0237639597229,7.0237639597229,0.0,0.06,0.37,0.05,0.28,0.88,0.0,0.0,1.16,3.8,1.59,10.45,0.0,0.0,0.0,0.0,0.0,0.0,0.0,1.0,0.0,0.0,0.0,0.0,0.0,1.0,1.0,747.68,66.49,76.34,71.03368850245901,3.753076087158851,71.24,84662374.32748002,9.5,11.916654889541576,5.297239528224959,18.12833835551896,0.9,141.55,MQTT-DoS-Connect_Flood
20341.14,6.0,64.0,84.20649742257568,84.20649742257568,0.0,0.0,0.0,0.0,0.34,1.0,0.0,0.0,0.0,0.0,0.0,73.92,0.0,0.0,0.0,0.0,0.0,0.0,0.0,1.0,0.0,0.0,0.0,0.0,0.0,1.0,1.0,2430.77,90.3,672.17,231.8144223255244,179.05104802130006,242.58,84666500.24208878,9.5,19.60071046923313,253.07173852337863,66533.04141532541,0.58,141.55,MQTT-DoS-Publish_Flood
393725.8,8.2,99.9,1.4700624124385764,1.4700624124385764,0.0,0.0,0.0,0.0,0.3,0.8,0.0,0.0,0.0,0.0,0.0,4725.3,0.0,0.0,0.0,0.0,0.0,0.0,0.0,0.8,0.2,0.0,0.0,0.0,0.0,1.0,1.0,542.3,66.0,160.4,90.19400793650792,36.03182040966792,104.3,0.0996736049652099,5.5,13.35962658218979,50.95668910034407,2148.0540443909044,0.9,38.5,Benign
4850372.0,6.0,64.0,108.99904841814298,108.99904841814298,0.0,0.0,0.0,0.0,0.0,1.0,0.0,0.0,0.0,2.0,0.0,5011.5,0.0,1.0,0.0,0.0,0.0,0.0,0.0,1.0,0.0,0.0,0.0,0.0,0.0,1.0,1.0,23157.0,1494.0,1494.0,1494.0,0.0,1494.0,169323360.7619207,13.5,54.6626014748658,0.0,0.0,0.0,244.6,MQTT-Malformed_Data
410.49,6.0,64.0,6.149456010830105,6.149456010830105,0.0,0.18,0.23,0.16,0.2,0.84,0.0,0.0,0.91,1.95,0.66,4.44,0.0,0.0,0.0,0.0,0.0,0.0,0.0,1.0,0.0,0.0,0.0,0.0,0.0,1.0,1.0,707.36,60.4,77.04,67.34706402532795,5.554519470699022,67.24,84667031.17101459,9.5,11.603729160545257,7.859623914063929,44.27699154775806,0.9,141.55,MQTT-DDoS-Connect_Flood
326.18,6.0,64.0,10.109306321861803,10.109306321861803,0.0,0.28,0.27,0.0,0.25,0.86,0.0,0.0,0.75,1.45,0.21,4.06,0.0,0.0,0.0,0.0,0.0,0.0,0.0,1.0,0.0,0.0,0.0,0.0,0.0,1.0,1.0,733.66,66.49,75.22,69.97270609778079,3.3555298176262585,70.17,84667025.47216421,9.5,11.82680668746891,4.743801168003455,14.32122238119553,0.93,141.55,MQTT-DDoS-Connect_Flood
1528759.6,6.0,192.8,134.51250292386152,134.51250292386152,0.0,0.0,0.0,0.0,0.0,1.0,0.0,0.0,0.0,2.0,0.0,1692.5,0.0,1.0,0.0,0.0,0.0,0.0,0.0,1.0,0.0,0.0,0.0,0.0,0.0,1.0,1.0,4218.6,494.4,1494.0,963.77,475.7478130556377,494.4,0.0013087034225463,5.5,43.00091040848309,672.8090094926227,324025.35500000004,0.7,38.5,MQTT-Malformed_Data
183971.8,17.0,64.0,209.04387475357308,209.04387475357308,0.0,0.0,0.0,0.0,0.0,0.0,0.0,0.0,0.0,0.0,0.0,0.0,0.0,0.0,0.0,0.0,0.0,0.0,0.0,0.0,1.0,0.0,0.0,0.0,0.0,1.0,1.0,760.6,87.6,271.6,139.25619047619048,64.02788941139129,214.8,0.0045979976654052,5.5,16.59060734763296,90.54910957571424,12867.460489795918,0.9,38.5,Benign
73650.47,6.0,64.0,91.93625422242752,91.93625422242752,0.0,0.0,0.0,0.0,0.55,1.0,0.0,0.0,0.0,0.0,0.0,291.99,0.0,0.0,0.0,0.0,0.0,0.0,0.0,1.0,0.0,0.0,0.0,0.0,0.0,1.0,1.0,1290.32,93.25,134.67,119.45967596842442,13.247042877719428,127.04,84666486.23941635,9.5,15.094326722875898,18.758653632536543,586.0884056489641,0.31,141.55,MQTT-DoS-Publish_Flood
461.67,6.0,64.0,10.920672893571869,10.920672893571869,0.0,0.16,0.32,0.19,0.15,0.49,0.0,0.0,1.29,1.92,0.35,5.29,0.0,0.0,0.0,0.0,0.0,0.0,0.0,1.0,0.0,0.0,0.0,0.0,0.0,1.0,1.0,720.41,59.85,79.41,68.31941214044814,6.724174489529991,68.8,84667030.46434486,9.5,11.670938943859158,9.509415012055245,53.93525424497621,0.9,141.55,MQTT-DDoS-Connect_Flood
310072.3,6.0,64.0,1.448046024407647,1.448046024407647,0.0,0.0,0.0,0.0,0.5,1.0,0.0,0.0,0.0,0.0,0.0,3763.9,0.0,0.0,0.0,0.0,0.0,0.0,0.0,1.0,0.0,0.0,0.0,0.0,0.0,1.0,1.0,1543.9,66.0,246.0,100.24869288004736,53.387325397994616,81.1,169468944.43942767,13.5,14.161813745677907,75.6664993313436,2877.311444726636,1.0,244.6,Benign
38351.33,6.0,64.0,66.31260188915614,66.31260188915614,0.0,0.0,0.0,0.0,0.46,1.0,0.0,0.0,0.0,0.0,0.0,109.16,0.0,0.0,0.0,0.0,0.0,0.0,0.0,1.0,0.0,0.0,0.0,0.0,0.0,1.0,1.0,3268.67,119.41,654.6,304.57373476386016,168.42558963713276,277.46,84666499.0586379,9.5,22.706848161302435,238.27154930004835,52665.85415874784,0.56,141.55,MQTT-DoS-Publish_Flood
40822.12,6.0,64.0,87.40976317028073,87.40976317028073,0.0,0.0,0.0,0.0,0.76,1.0,0.0,0.0,0.0,0.0,0.0,197.81,0.0,0.0,0.0,0.0,0.0,0.0,0.0,1.0,0.0,0.0,0.0,0.0,0.0,1.0,1.0,2491.5,127.04,400.63,234.0600437315952,91.68665906586732,238.22,84666492.33103968,9.5,21.206365547575466,129.59616853731282,10864.299505154164,0.86,141.55,MQTT-DoS-Publish_Flood
84145.15,6.0,64.0,94.43606201883568,94.43606201883568,0.0,0.0,0.0,0.0,0.96,1.0,0.0,0.0,0.0,0.0,0.0,391.94,0.0,0.0,0.0,0.0,0.0,0.0,0.0,1.0,0.0,0.0,0.0,0.0,0.0,1.0,1.0,3753.27,196.49,687.13,343.7481026187005,158.53097914246567,373.38,84666509.84955741,9.5,25.563872457672847,223.72899082412664,46684.174071944406,0.86,141.55,MQTT-DoS-Publish_Flood
332888.2,6.0,64.0,2.032730262667399,2.032730262667399,0.0,0.0,0.0,0.0,0.5,1.0,0.0,0.0,0.0,0.0,0.0,4144.6,0.0,0.0,0.0,0.0,0.0,0.0,0.0,1.0,0.0,0.0,0.0,0.0,0.0,1.0,1.0,1322.1,66.0,135.0,85.37741543930785,21.58895931913907,80.5,169465517.81940848,13.5,13.067294387573977,30.606729384785005,468.6053359721269,1.0,244.6,Benign
474846.2,6.0,64.0,1.7737772746031395,1.7737772746031395,0.0,0.0,0.0,0.0,0.5,1.0,0.0,0.0,0.0,0.0,0.0,5855.1,0.0,0.0,0.0,0.0,0.0,0.0,0.0,1.0,0.0,0.0,0.0,0.0,0.0,1.0,1.0,1505.6,66.0,246.0,97.654385161622,53.38602001815239,80.8,169468586.1349626,13.5,13.98421613744516,75.6145372078826,2874.2008428901463,1.0,244.6,Benign
113.86,6.0,64.0,7216.092273613287,7216.092273613287,0.0,0.2,0.29,0.12,0.18,0.9,0.0,0.0,0.2,0.29,0.24,1.47,0.0,0.0,0.0,0.0,0.0,0.0,0.0,1.0,0.0,0.0,0.0,0.0,0.0,1.0,1.0,722.46,63.37,75.99,69.10473702106287,4.82178154265961,68.48,84667048.37542254,9.5,11.753913736800444,6.824675911716103,34.79399319320871,0.9,141.55,MQTT-DDoS-Connect_Flood
127598.6,7.1,83.1,1.5589541657967012,1.5589541657967012,0.0,0.0,0.0,0.0,0.5,0.9,0.0,0.0,0.0,0.0,0.0,1531.5,0.0,0.0,0.0,0.0,0.0,0.0,0.0,0.9,0.1,0.0,0.0,0.0,0.0,1.0,1.0,1377.2,66.0,219.0,88.45187294001148,37.59520916590882,98.8,169462434.89993548,13.5,13.288188280918924,53.26947232435335,1536.416423623264,1.0,244.6,Benign
291881.0,6.0,244.0,32.36572488186302,32.36572488186302,0.0,0.0,0.0,0.0,0.0,1.0,0.0,0.0,0.0,1.0,0.0,3458.5,0.0,1.0,0.0,0.0,0.0,0.0,0.0,1.0,0.0,0.0,0.0,0.0,0.0,1.0,1.0,1023.0,66.0,66.0,66.0,0.0,66.0,169462946.8473664,13.5,11.489125293076055,0.0,0.0,0.0,244.6,Benign
7708824.0,6.0,64.0,103.83400781914766,103.83400781914766,0.0,0.0,0.0,0.0,0.0,1.0,0.0,0.0,0.0,0.0,0.0,7817.5,0.0,1.0,0.0,0.0,0.0,0.0,0.0,1.0,0.0,0.0,0.0,0.0,0.0,1.0,1.0,8217.0,1494.0,1494.0,1494.0,0.0,1494.0,3.08990478515625e-05,5.5,54.6626014748658,0.0,0.0,0.0,38.5,MQTT-Malformed_Data
235297.0,6.0,248.0,1860.7827662656364,1860.7827662656364,0.0,0.0,0.0,0.0,0.0,1.0,0.0,0.0,0.0,2.0,0.0,245.5,0.0,1.0,0.0,0.0,0.0,0.0,0.0,1.0,0.0,0.0,0.0,0.0,0.0,1.0,1.0,363.0,66.0,66.0,66.0,0.0,66.0,0.0001791954040527,5.5,11.489125293076055,0.0,0.0,0.0,38.5,MQTT-Malformed_Data
137.62,6.0,64.0,1431.531083898053,1431.531083898053,0.0,0.23,0.19,0.13,0.28,0.85,0.0,0.0,0.26,0.35,0.16,1.68,0.0,0.0,0.0,0.0,0.0,0.0,0.0,1.0,0.0,0.0,0.0,0.0,0.0,1.0,1.0,708.27,59.28,75.51,66.89762917620735,5.803151455055392,67.84,84667038.39615193,9.5,11.56266710168365,8.198911403252463,48.79216036190354,0.92,141.55,MQTT-DDoS-Connect_Flood
70932.4,6.0,64.0,0.2293134775730835,0.2293134775730835,0.0,0.0,0.0,0.0,0.7,1.0,0.0,0.0,0.0,0.0,0.0,951.7,0.0,0.0,0.0,0.0,0.0,0.0,0.0,1.0,0.0,0.0,0.0,0.0,0.0,1.0,1.0,1041.2,66.0,68.0,67.16698343881781,0.981306769425362,67.4,169466987.9278199,13.5,11.589932636096313,1.389306612819825,0.965282671303906,1.0,244.6,Benign
385467.6,6.5,76.7,1.667332863168366,1.667332863168366,0.0,0.0,0.0,0.0,0.4,0.8,0.0,0.0,0.0,0.0,0.0,4934.8,0.0,0.0,0.0,0.0,0.0,0.0,0.0,0.8,0.1,0.0,0.1,0.0,0.0,0.9,0.9,512.4,64.9,181.6,90.23448412698411,38.79346808760152,90.8,0.0999516010284423,5.5,13.408989716503417,54.86224870097392,2210.041255275258,0.9,38.5,Benign
39156.7,7.1,64.0,1.0705148638732769,1.0705148638732769,0.0,0.0,0.0,0.0,0.5,0.9,0.0,0.0,0.0,0.0,0.0,496.1,0.0,0.0,0.0,0.0,0.0,0.0,0.0,0.9,0.1,0.0,0.0,0.0,0.0,1.0,1.0,1532.1,66.0,246.0,99.68173772048384,52.75867631442093,90.3,169463960.5552614,13.5,14.119670987537251,74.77800666407256,2809.49175233867,1.0,244.6,Benign
3557519.0,17.0,60.0,666.5780755694583,666.5780755694583,0.0,0.0,0.0,0.0,0.0,0.0,0.0,0.0,0.0,0.0,0.0,0.0,0.0,0.0,0.0,0.0,0.0,0.0,0.0,0.0,1.0,0.0,0.0,0.0,0.0,1.0,1.0,20026.0,1292.0,1292.0,1292.0,0.0,1292.0,169470606.0827929,13.5,50.83306010855534,0.0,0.0,0.0,244.6,Benign
62019.7,6.0,64.0,80.54510728041242,80.54510728041242,0.0,0.0,0.0,0.0,0.45,1.0,0.0,0.0,0.0,0.0,0.0,241.86,0.0,0.0,0.0,0.0,0.0,0.0,0.0,1.0,0.0,0.0,0.0,0.0,0.0,1.0,1.0,4938.09,165.2,926.58,475.53141923479,280.24448141938626,476.93,84666490.00881025,9.5,27.70334642922392,394.15116218942126,133343.0905101158,0.64,141.55,MQTT-DoS-Publish_Flood
359.34,6.0,64.0,18.33977172512333,18.33977172512333,0.0,0.06,0.04,0.62,0.03,0.34,0.0,0.0,1.06,0.98,0.84,3.51,0.0,0.0,0.0,0.0,0.0,0.0,0.0,1.0,0.0,0.0,0.0,0.0,0.0,1.0,1.0,622.42,56.76,70.5,59.33564066424632,4.448155664836003,59.38,84667024.39398825,9.5,10.885367671710032,6.274173501504078,28.29444696132329,0.81,141.55,MQTT-DDoS-Connect_Flood
329.02,6.0,64.0,9.24453379638926,9.24453379638926,0.0,0.23,0.45,0.07,0.15,0.73,0.0,0.0,0.87,1.51,0.31,3.95,0.0,0.0,0.0,0.0,0.0,0.0,0.0,1.0,0.0,0.0,0.0,0.0,0.0,1.0,1.0,746.64,66.36,78.96,71.84916296358442,4.218379889774901,70.0,84667037.35274494,9.5,11.986452596207789,5.964791765317678,21.17906628360322,0.91,141.55,MQTT-DDoS-Connect_Flood
409.34,6.0,64.0,9.161990409566886,9.161990409566886,0.0,0.22,0.34,0.11,0.27,0.71,0.0,0.0,0.83,1.93,0.34,4.68,0.0,0.0,0.0,0.0,0.0,0.0,0.0,1.0,0.0,0.0,0.0,0.0,0.0,1.0,1.0,743.77,63.32,77.59,70.10592061674994,5.113355094121233,71.26,84667044.72552715,9.5,11.836846739110944,7.224329636132513,36.25404375147857,0.88,141.55,MQTT-DDoS-Connect_Flood
395.9,6.0,64.0,587.2941283886736,587.2941283886736,0.0,0.2,0.2,0.2,0.3,0.7,0.0,0.0,0.8,1.6,0.9,3.6,0.0,0.0,0.0,0.0,0.0,0.0,0.0,1.0,0.0,0.0,0.0,0.0,0.0,1.0,1.0,1080.7,54.0,93.0,69.75670150283153,11.603706351633338,69.7,169323402.094951,13.5,11.817847222849164,16.37984187315545,134.5871191231875,1.0,244.6,MQTT-Malformed_Data
388.0,6.0,64.0,30.7500510333667,30.7500510333667,0.0,0.22,0.25,0.17,0.27,0.58,0.0,0.0,1.15,1.15,0.26,4.45,0.0,0.0,0.0,0.0,0.0,0.0,0.0,1.0,0.0,0.0,0.0,0.0,0.0,1.0,1.0,743.78,59.15,81.76,71.25228506813104,7.570366887185556,69.86,84667046.1055575,9.5,11.93425901728407,10.706701385895592,69.06807650229521,0.92,141.55,MQTT-DDoS-Connect_Flood
59892.43,6.0,64.0,160.30929932608572,160.30929932608572,0.0,0.0,0.0,0.0,0.05,1.0,0.0,0.0,0.0,0.0,0.0,181.61,0.0,0.0,0.0,0.0,0.0,0.0,0.0,1.0,0.0,0.0,0.0,0.0,0.0,1.0,1.0,1368.64,73.63,328.82,140.32597081298474,96.26537116767707,105.24,84666478.4533645,9.5,14.972566997343492,136.26667251335908,52341.34134694945,0.18,141.55,MQTT-DoS-Publish_Flood
40994.39,6.0,64.0,30.18820220174524,30.18820220174524,0.0,0.04,0.09,0.16,0.41,0.78,0.0,0.0,0.8,0.52,13.57,47.11,0.0,0.0,0.0,0.0,0.0,0.0,0.0,1.0,0.0,0.0,0.0,0.0,0.0,1.0,1.0,7534.97,175.93,1195.12,678.9109944225452,423.7012254638032,822.69,84666962.24791451,9.5,33.79375896427664,598.7764450504657,249572.4555322652,0.86,141.55,MQTT-DDoS-Publish_Flood
9272.95,6.0,64.0,100.1166957296092,100.1166957296092,0.0,0.0,0.0,0.0,0.6,1.0,0.0,0.0,0.0,0.0,0.0,63.17,0.0,0.0,0.0,0.0,0.0,0.0,0.0,1.0,0.0,0.0,0.0,0.0,0.0,1.0,1.0,1905.39,119.41,296.45,178.032868208374,53.60053613965829,191.35,84666500.01113066,9.5,18.25481462711883,75.92366425403164,6979.03105998238,0.69,141.55,MQTT-DoS-Publish_Flood
409941.6,7.1,80.8,1.3606511419663696,1.3606511419663696,0.0,0.0,0.0,0.0,0.5,0.9,0.0,0.0,0.0,0.0,0.0,4759.2,0.0,0.0,0.0,0.0,0.0,0.0,0.0,0.9,0.1,0.0,0.0,0.0,0.0,1.0,1.0,1428.8,66.0,206.1,92.2166682320088,36.23683953573778,100.6,169466082.9212295,13.5,13.588557709331257,51.308581360101456,1341.0449469729522,1.0,244.6,Benign
1834638.0,17.0,60.0,250.91125719913663,250.91125719913663,0.0,0.0,0.0,0.0,0.0,0.0,0.0,0.0,0.0,0.0,0.0,0.0,0.0,0.0,0.0,0.0,0.0,0.0,0.0,0.0,1.0,0.0,0.0,0.0,0.0,1.0,1.0,7106.0,1292.0,1292.0,1292.0,0.0,1292.0,0.0002858161926269,5.5,50.83306010855534,0.0,0.0,0.0,38.5,Benign
522.43,6.0,64.0,10.60954972980681,10.60954972980681,0.0,0.34,0.36,0.03,0.23,0.78,0.0,0.0,1.44,2.21,0.6,5.91,0.0,0.0,0.0,0.0,0.0,0.0,0.0,1.0,0.0,0.0,0.0,0.0,0.0,1.0,1.0,760.24,64.52,80.33,72.73375686465238,6.282013409003226,71.68,84667032.68948139,9.5,12.059513327125392,8.888855772567673,48.54960571228059,0.95,141.55,MQTT-DDoS-Connect_Flood
296.11,6.0,64.0,10.769927248913556,10.769927248913556,0.0,0.2,0.22,0.09,0.29,0.91,0.0,0.0,0.65,1.26,0.19,3.71,0.0,0.0,0.0,0.0,0.0,0.0,0.0,1.0,0.0,0.0,0.0,0.0,0.0,1.0,1.0,721.53,62.72,75.35,68.6044789089909,4.5850504871134605,68.75,84667034.40662473,9.5,11.711621148874348,6.487864665108606,27.76485347874685,0.94,141.55,MQTT-DDoS-Connect_Flood
4599785.0,6.0,55.0,3453.2231957123536,3453.2231957123536,0.0,0.0,0.0,0.0,0.0,1.0,0.0,0.0,0.0,0.0,0.0,3048.5,0.0,1.0,0.0,0.0,0.0,0.0,0.0,1.0,0.0,0.0,0.0,0.0,0.0,1.0,1.0,8327.0,1514.0,1514.0,1514.0,0.0,1514.0,0.0002552986145019,5.5,55.02726596879042,0.0,0.0,0.0,38.5,Benign
809.37,6.0,64.0,33.79369443121257,33.79369443121257,0.0,0.05,0.25,0.14,0.23,0.82,0.0,0.0,0.43,3.44,1.3,9.09,0.0,0.0,0.0,0.0,0.0,0.0,0.0,1.0,0.0,0.0,0.0,0.0,0.0,1.0,1.0,727.91,62.92,76.0,69.33718672980787,4.741175548528193,69.74,84662371.67116597,9.5,11.7709257804879,6.683746486483342,26.806292084622072,0.93,141.55,MQTT-DoS-Connect_Flood
10421.74,6.0,64.0,1172.6530661922095,1172.6530661922095,0.0,0.01,0.1,0.3,0.4,0.69,0.0,0.0,0.01,0.12,0.82,8.13,0.0,0.0,0.0,0.0,0.0,0.0,0.0,1.0,0.0,0.0,0.0,0.0,0.0,1.0,1.0,6836.02,107.4,1203.63,581.4658939823076,436.38204021136335,739.51,84666965.10001758,9.5,31.35425278462542,617.3873430816323,254122.06593316272,0.84,141.55,MQTT-DDoS-Publish_Flood
55856.4,4.2,44.8,2.0364051046870646,2.0364051046870646,0.0,0.0,0.0,0.0,0.3,0.7,0.0,0.0,0.0,0.0,0.0,692.7,0.0,0.0,0.0,0.0,0.0,0.0,0.0,0.7,0.0,0.0,0.3,0.0,0.0,0.7,0.7,1188.5,58.8,111.0,76.98470222802652,15.851118772282714,66.9,169463961.8461092,13.5,12.420361841426235,22.288638067319887,249.82044214190864,1.0,244.6,Benign
761.26,6.0,64.0,38.27140050947533,38.27140050947533,0.0,0.12,0.15,0.11,0.17,0.84,0.0,0.0,1.53,2.88,1.84,7.81,0.0,0.0,0.0,0.0,0.0,0.0,0.0,1.0,0.0,0.0,0.0,0.0,0.0,1.0,1.0,704.92,57.8,77.94,67.03458353136372,5.583056842211603,67.45,84662358.58632359,9.5,11.575321720101565,7.880332389105686,36.67225889194744,0.94,141.55,MQTT-DoS-Connect_Flood
333.53,6.0,64.0,11.044416572312938,11.044416572312938,0.0,0.25,0.13,0.02,0.22,0.93,0.0,0.0,0.75,1.51,0.21,4.12,0.0,0.0,0.0,0.0,0.0,0.0,0.0,1.0,0.0,0.0,0.0,0.0,0.0,1.0,1.0,723.53,63.6,75.99,68.515722524036,4.604283825485904,69.09,84667046.18487366,9.5,11.703723505377466,6.519170370089892,31.38189352490542,0.84,141.55,MQTT-DDoS-Connect_Flood
78236.3,6.0,59.3,2.855601685978048,2.855601685978048,0.0,0.0,0.1,0.0,0.3,1.0,0.0,0.0,0.0,0.3,0.0,925.2,0.0,0.3,0.0,0.0,0.0,0.0,0.0,1.0,0.0,0.0,0.0,0.0,0.0,1.0,1.0,432.3,66.0,106.5,78.7800396825397,15.811848983173258,75.7,0.0174681901931762,5.5,12.54455488858738,22.36133127819885,284.01269707420005,0.9,38.5,Benign
31213.72,6.0,64.0,84.77324829921633,84.77324829921633,0.0,0.0,0.0,0.0,0.27,1.0,0.0,0.0,0.0,0.0,0.0,170.4,0.0,0.0,0.0,0.0,0.0,0.0,0.0,1.0,0.0,0.0,0.0,0.0,0.0,1.0,1.0,2961.33,97.61,588.46,275.68243026796046,200.64957520520224,254.61,84666505.11375625,9.5,20.47078235216758,283.951610428507,113429.87909443487,0.61,141.55,MQTT-DoS-Publish_Flood
4055.5,6.0,64.0,42.38108143106872,42.38108143106872,0.0,0.0,0.02,0.2,0.41,0.8,0.0,0.0,0.08,0.02,7.69,4.16,0.0,0.0,0.0,0.0,0.0,0.0,0.0,1.0,0.0,0.0,0.0,0.0,0.0,1.0,1.0,6793.68,139.92,1205.43,584.2088979443329,451.3732916460436,730.52,84666973.37184978,9.5,32.036764632463004,638.3570703259827,271593.8270447093,0.88,141.55,MQTT-DDoS-Publish_Flood
3949.9,6.0,64.0,0.3804308659884025,0.3804308659884025,0.0,0.0,0.0,0.0,0.6,1.0,0.0,0.0,0.0,0.0,0.0,53.5,0.0,0.0,0.0,0.0,0.0,0.0,0.0,1.0,0.0,0.0,0.0,0.0,0.0,1.0,1.0,1042.0,66.0,68.0,67.22035570380771,0.9736551526750382,67.2,169462349.8997147,13.5,11.59540071196756,1.374828903664246,0.9452178606995802,1.0,244.6,Benign
541.06,6.0,64.0,8.37900610457061,8.37900610457061,0.0,0.2,0.13,0.31,0.27,0.57,0.0,0.0,1.43,2.13,0.76,6.02,0.0,0.0,0.0,0.0,0.0,0.0,0.0,1.0,0.0,0.0,0.0,0.0,0.0,1.0,1.0,692.79,57.36,77.69,65.38875188193299,7.577933328112464,66.46,84667043.08778678,9.5,11.429306149377082,10.706233723040029,75.17277055421431,0.92,141.55,MQTT-DDoS-Connect_Flood
104.71,6.0,64.0,8372.278757216387,8372.278757216387,0.0,0.25,0.32,0.08,0.21,0.67,0.0,0.0,0.25,0.32,0.14,1.14,0.0,0.0,0.0,0.0,0.0,0.0,0.0,1.0,0.0,0.0,0.0,0.0,0.0,1.0,1.0,730.26,64.86,77.29,70.06251650293291,4.635690995228855,69.09,84667042.67719921,9.5,11.834179755287824,6.558626840288508,27.488551930932985,0.92,141.55,MQTT-DDoS-Connect_Flood
26462.4,6.0,64.0,1.090053768772835,1.090053768772835,0.0,0.0,0.0,0.0,0.5,1.0,0.0,0.0,0.0,0.0,0.0,312.3,0.0,0.0,0.0,0.0,0.0,0.0,0.0,1.0,0.0,0.0,0.0,0.0,0.0,1.0,1.0,1389.8,66.0,246.0,89.91282194542643,43.480640599392224,80.8,169464527.51472148,13.5,13.417988400990907,61.58791126845782,1906.2791610175825,1.0,244.6,Benign
17352.33,6.0,64.0,30.521498913236314,30.521498913236314,0.0,0.04,0.07,0.24,0.32,0.76,0.0,0.0,0.43,0.82,9.53,23.21,0.0,0.0,0.0,0.0,0.0,0.0,0.0,1.0,0.0,0.0,0.0,0.0,0.0,1.0,1.0,3359.71,111.22,841.27,324.4713741625592,283.0990286785675,387.01,84666968.0466922,9.5,22.78845791209831,400.0235950026154,154362.63038124243,0.94,141.55,MQTT-DDoS-Publish_Flood
215524.4,6.0,64.0,2.0344710921431464,2.0344710921431464,0.0,0.0,0.0,0.0,0.5,1.0,0.0,0.0,0.0,0.0,0.0,2683.5,0.0,0.0,0.0,0.0,0.0,0.0,0.0,1.0,0.0,0.0,0.0,0.0,0.0,1.0,1.0,1374.4,66.0,246.0,88.96084307161706,44.07940978654965,80.5,169463665.80801538,13.5,13.34643858293901,62.43961929039784,1960.246958224168,1.0,244.6,Benign
490.51,6.0,64.0,12.557942347516866,12.557942347516866,0.0,0.4,0.1,0.12,0.28,0.78,0.0,0.0,1.39,1.81,0.39,5.91,0.0,0.0,0.0,0.0,0.0,0.0,0.0,1.0,0.0,0.0,0.0,0.0,0.0,1.0,1.0,721.17,60.2,76.97,68.62024685771745,5.214285922080084,68.25,84667049.1810489,9.5,11.71170953220931,7.366151639491779,32.76575902180154,0.91,141.55,MQTT-DDoS-Connect_Flood
15884.19,6.0,64.0,90.00059217825883,90.00059217825883,0.0,0.0,0.0,0.0,0.72,1.0,0.0,0.0,0.0,0.0,0.0,102.48,0.0,0.0,0.0,0.0,0.0,0.0,0.0,1.0,0.0,0.0,0.0,0.0,0.0,1.0,1.0,1569.36,144.48,153.2,150.9484390444437,3.650119101736201,144.48,84666490.34851545,9.5,17.139902580279546,5.15045350809078,170.63058982384896,0.08,141.55,MQTT-DoS-Publish_Flood
5322.98,6.0,67.68,15.081578764265169,15.081578764265169,0.0,0.16,0.09,0.39,0.22,0.52,0.0,0.0,1.87,1.98,0.74,11.27,0.0,0.02,0.0,0.0,0.0,0.0,0.0,1.0,0.0,0.0,0.0,0.0,0.0,1.0,1.0,686.69,55.96,79.86,64.99621426225991,8.586166612228343,65.73,84667024.24620682,9.5,11.3887606733608,12.14661636843979,83.31848190917324,0.91,141.55,MQTT-DDoS-Connect_Flood
24991.6,6.0,64.0,49.84465728708672,49.84465728708672,0.0,0.0,0.0,0.0,0.5,1.0,0.0,0.0,0.0,0.0,0.0,30.4,0.0,0.1,0.0,0.0,0.0,0.0,0.0,1.0,0.0,0.0,0.0,0.0,0.0,1.0,1.0,2064.9,66.0,827.0,135.31711222643884,189.7361240634191,75.2,169323373.3826342,13.5,16.454675253144018,268.87484229171,36397.85161627216,1.0,244.6,MQTT-Malformed_Data
5541.4,6.0,64.0,501.671168197309,501.671168197309,0.0,0.1,0.2,0.1,0.3,0.8,0.0,0.0,0.6,1.3,0.7,45.0,0.0,0.0,0.0,0.0,0.0,0.0,0.0,1.0,0.0,0.0,0.0,0.0,0.0,1.0,1.0,1085.4,54.0,86.0,70.01933146918441,9.917591826822308,70.2,169323367.60191423,13.5,11.835423679097437,14.055680878301322,98.85531744834188,1.0,244.6,MQTT-Malformed_Data
363.88,6.0,64.0,9.737035041252987,9.737035041252987,0.0,0.27,0.22,0.0,0.29,0.85,0.0,0.0,0.86,1.54,0.32,4.47,0.0,0.0,0.0,0.0,0.0,0.0,0.0,1.0,0.0,0.0,0.0,0.0,0.0,1.0,1.0,740.27,66.24,77.15,70.27269551221913,3.863863233782973,70.21,84667029.96334228,9.5,11.854123221462997,5.468136860824874,18.7872036498212,0.91,141.55,MQTT-DDoS-Connect_Flood
331.89,6.0,64.0,7.838899216430669,7.838899216430669,0.0,0.05,0.39,0.06,0.34,0.93,0.0,0.0,0.56,1.72,0.51,3.71,0.0,0.0,0.0,0.0,0.0,0.0,0.0,1.0,0.0,0.0,0.0,0.0,0.0,1.0,1.0,728.67,64.08,74.85,69.06756979991114,4.196948211421038,70.02,84667038.89370078,9.5,11.750018288865084,5.936780062066744,28.543995715702373,0.91,141.55,MQTT-DDoS-Connect_Flood
140089.1,6.0,64.0,2.0361620183045503,2.0361620183045503,0.0,0.0,0.0,0.0,0.5,1.0,0.0,0.0,0.0,0.0,0.0,1773.5,0.0,0.0,0.0,0.0,0.0,0.0,0.0,1.0,0.0,0.0,0.0,0.0,0.0,1.0,1.0,1198.2,54.0,111.0,77.20904394109502,15.297447235463084,80.6,169464000.30975538,13.5,12.412942499474578,21.45578940166632,230.60696238597305,1.0,244.6,Benign
94655.88,6.0,64.0,64.12861346448187,64.12861346448187,0.0,0.0,0.0,0.0,0.44,1.0,0.0,0.0,0.0,0.0,0.0,284.31,0.0,0.0,0.0,0.0,0.0,0.0,0.0,1.0,0.0,0.0,0.0,0.0,0.0,1.0,1.0,3045.69,106.66,645.86,281.0662360192697,178.77645787536022,270.92,84666499.19801965,9.5,21.639820615134635,252.82362601961057,64209.83937193506,0.56,141.55,MQTT-DoS-Publish_Flood
66644.7,6.0,64.0,0.3164675536884082,0.3164675536884082,0.0,0.0,0.0,0.0,0.0,1.0,0.0,0.0,0.0,0.0,0.0,892.8,0.0,0.0,0.0,0.0,0.0,0.0,0.0,1.0,0.0,0.0,0.0,0.0,0.0,1.0,1.0,363.0,66.0,66.0,66.0,0.0,66.0,0.0003981113433837,5.5,11.489125293076055,0.0,0.0,0.0,38.5,Benign
392301.6,8.2,83.1,1.6672328865178527,1.6672328865178527,0.0,0.0,0.0,0.0,0.4,0.8,0.0,0.0,0.0,0.0,0.0,4581.6,0.0,0.0,0.0,0.0,0.0,0.0,0.0,0.8,0.2,0.0,0.0,0.0,0.0,1.0,1.0,1495.4,66.0,232.5,96.10047882758796,48.15258087948055,111.4,169467284.72870588,13.5,13.851201870499915,68.25905146119123,2444.438691508184,1.0,244.6,Benign
280275.6,5.4,57.6,2.0339701717808505,2.0339701717808505,0.0,0.0,0.0,0.0,0.5,0.9,0.0,0.0,0.0,0.0,0.0,3527.1,0.0,0.0,0.0,0.0,0.0,0.0,0.0,0.9,0.0,0.0,0.1,0.0,0.0,0.9,0.9,416.6,63.1,92.8,75.75944444444444,11.007520720601647,79.9,0.0998932123184204,5.5,12.30495184002773,15.566985091177711,142.33069532627866,0.9,38.5,Benign
427.21,6.0,64.0,11.061909217151616,11.061909217151616,0.0,0.21,0.24,0.19,0.15,0.76,0.0,0.0,1.06,1.67,0.59,5.01,0.0,0.0,0.0,0.0,0.0,0.0,0.0,1.0,0.0,0.0,0.0,0.0,0.0,1.0,1.0,703.01,59.97,76.4,66.97296941053443,6.0247695963737184,67.24,84667026.45545042,9.5,11.56748545221662,8.516654952943398,50.86697639223016,0.9,141.55,MQTT-DDoS-Connect_Flood
328.64,6.0,64.0,9.909294960666362,9.909294960666362,0.0,0.26,0.12,0.0,0.31,1.0,0.0,0.0,0.48,1.94,0.37,3.48,0.0,0.0,0.0,0.0,0.0,0.0,0.0,1.0,0.0,0.0,0.0,0.0,0.0,1.0,1.0,714.04,66.12,71.28,67.90456617668538,2.048781978640533,68.2,84667036.16452682,9.5,11.653263311398456,2.897175301183557,5.481182629001702,0.84,141.55,MQTT-DDoS-Connect_Flood
4952857.0,6.0,137.6,104.67571109077296,104.67571109077296,0.0,0.0,0.0,0.0,0.0,1.0,0.0,0.0,0.0,0.0,0.0,5020.5,0.0,1.0,0.0,0.0,0.0,0.0,0.0,1.0,0.0,0.0,0.0,0.0,0.0,1.0,1.0,21729.0,922.8,1494.0,1418.6259649122806,187.66862728895583,922.8,169323368.6222417,13.5,53.34961013064916,258.2630361600607,85657.29664512158,0.4,244.6,MQTT-Malformed_Data
559.1,6.0,64.0,7.0176611198687295,7.0176611198687295,0.0,0.16,0.13,0.24,0.22,0.71,0.0,0.0,1.35,2.36,0.77,6.2,0.0,0.0,0.0,0.0,0.0,0.0,0.0,1.0,0.0,0.0,0.0,0.0,0.0,1.0,1.0,694.82,57.0,76.72,65.57622642931545,6.9892894243765,66.6,84667042.26278368,9.5,11.446738253847291,9.887300636959344,62.51357802472393,0.9,141.55,MQTT-DDoS-Connect_Flood
176.01,6.0,64.0,221.1721774694909,221.1721774694909,0.0,0.21,0.33,0.0,0.29,0.78,0.0,0.0,0.43,0.45,0.0,2.22,0.0,0.0,0.0,0.0,0.0,0.0,0.0,1.0,0.0,0.0,0.0,0.0,0.0,1.0,1.0,759.1,67.15,81.11,72.73038123155654,5.424445501263648,72.71,84667028.47259709,9.5,12.055952355070549,7.659875743542427,33.24641035809121,0.92,141.55,MQTT-DDoS-Connect_Flood
1943231.0,6.0,55.0,768.6277170224923,768.6277170224923,0.0,0.0,0.0,0.0,0.0,1.0,0.0,0.0,0.0,0.0,0.0,1286.5,0.0,1.0,0.0,0.0,0.0,0.0,0.0,1.0,0.0,0.0,0.0,0.0,0.0,1.0,1.0,8327.0,1514.0,1514.0,1514.0,0.0,1514.0,0.0008105039596557,5.5,55.02726596879042,0.0,0.0,0.0,38.5,Benign
289137.8,9.3,67.6,135.59539719842505,135.59539719842505,0.0,0.0,0.0,0.0,0.2,0.7,0.0,0.0,0.0,1.4,0.0,101.3,0.6,0.1,0.1,0.0,0.0,0.0,0.0,0.7,0.3,0.0,0.0,0.0,0.0,1.0,1.0,3176.0,54.0,948.5,188.0262631950093,265.42699510449154,519.1,169461592.6245694,13.5,18.74875415007593,376.588391139661,105080.76232679942,1.0,244.6,Benign
231363.7,6.0,64.0,1.231325139938768,1.231325139938768,0.0,0.0,0.0,0.0,0.5,1.0,0.0,0.0,0.0,0.0,0.0,2988.9,0.0,0.0,0.0,0.0,0.0,0.0,0.0,1.0,0.0,0.0,0.0,0.0,0.0,1.0,1.0,1160.0,66.0,90.0,74.70365051829835,9.293088749533544,79.2,169462320.9992641,13.5,12.208380364541767,12.777118816452166,81.94224891764438,1.0,244.6,Benign
620.73,6.0,64.0,12.057226491492033,12.057226491492033,0.0,0.34,0.23,0.03,0.37,0.74,0.0,0.0,1.76,2.39,0.45,7.25,0.0,0.0,0.0,0.0,0.0,0.0,0.0,1.0,0.0,0.0,0.0,0.0,0.0,1.0,1.0,773.85,64.33,81.11,73.21085249111913,6.958030424960728,73.65,84667044.97948125,9.5,12.09278904382679,9.846812830129926,59.736661156438,0.92,141.55,MQTT-DDoS-Connect_Flood
4127.27,6.0,64.0,107.69370509470868,107.69370509470868,0.0,0.0,0.0,0.0,0.48,1.0,0.0,0.0,0.0,0.0,0.0,11.03,0.0,0.0,0.0,0.0,0.0,0.0,0.0,1.0,0.0,0.0,0.0,0.0,0.0,1.0,1.0,3799.17,123.25,791.75,367.1371532851823,234.877541094002,358.16,84666498.49056028,9.5,24.67181164599129,332.34787938606263,95911.20869382868,0.65,141.55,MQTT-DoS-Publish_Flood
559.53,6.0,64.0,54.40198873144261,54.40198873144261,0.0,0.02,0.3,0.05,0.23,0.85,0.0,0.0,0.19,2.59,0.69,6.25,0.0,0.0,0.0,0.0,0.0,0.0,0.0,1.0,0.0,0.0,0.0,0.0,0.0,1.0,1.0,740.21,66.13,74.5,70.70954251244115,3.1065089325106885,70.5,84662389.85543886,9.5,11.887944067328384,4.380507985908536,14.376771285523528,0.78,141.55,MQTT-DoS-Connect_Flood
1702332.0,4.8,51.2,59.328397890189365,59.328397890189365,0.0,0.0,0.0,0.0,0.2,0.8,0.0,0.0,0.0,0.0,0.0,1764.2,0.0,0.6,0.0,0.0,0.0,0.0,0.0,0.8,0.0,0.0,0.2,0.0,0.0,0.8,0.8,2923.4,61.2,993.0,400.7551587301588,403.6324392114032,817.0,0.0766694068908691,5.5,26.564041634533897,570.8224697465002,234802.59240583275,0.9,38.5,MQTT-Malformed_Data
561.27,6.0,64.0,8.283113963265349,8.283113963265349,0.0,0.13,0.15,0.3,0.1,0.66,0.0,0.0,1.52,2.05,1.01,6.35,0.0,0.0,0.0,0.0,0.0,0.0,0.0,1.0,0.0,0.0,0.0,0.0,0.0,1.0,1.0,690.43,58.57,76.96,66.04056717207801,6.231315076380895,65.4,84667040.1801937,9.5,11.489344948867071,8.81213926291425,51.38474677615336,0.86,141.55,MQTT-DDoS-Connect_Flood
326584.0,6.0,82.4,4.019241361632308,4.019241361632308,0.0,0.0,0.0,0.0,0.4,1.0,0.0,0.0,0.0,0.1,0.0,4003.9,0.0,0.1,0.0,0.0,0.0,0.0,0.0,1.0,0.0,0.0,0.0,0.0,0.0,1.0,1.0,1907.0,66.0,827.0,124.60558580995888,187.6077672428389,78.6,169463074.9067792,13.5,15.7933612314182,265.87254642887234,35610.82914812444,1.0,244.6,Benign
65901.92,6.0,64.0,79.85400347190325,79.85400347190325,0.0,0.0,0.0,0.0,0.48,1.0,0.0,0.0,0.0,0.0,0.0,220.01,0.0,0.0,0.0,0.0,0.0,0.0,0.0,1.0,0.0,0.0,0.0,0.0,0.0,1.0,1.0,1808.07,86.71,406.08,165.40969817407395,99.03048324814468,175.0,84666508.97031455,9.5,17.59819226152483,140.2204593576745,16380.26925774657,0.75,141.55,MQTT-DoS-Publish_Flood
66316.65,6.0,64.0,72.7429830187955,72.7429830187955,0.0,0.0,0.0,0.0,0.54,1.0,0.0,0.0,0.0,0.0,0.0,251.37,0.0,0.0,0.0,0.0,0.0,0.0,0.0,1.0,0.0,0.0,0.0,0.0,0.0,1.0,1.0,1284.87,75.81,154.29,116.79285569285378,34.173712875196195,124.86,84666506.69623546,9.5,15.09224124060525,48.28255033166868,1642.1275194069492,0.72,141.55,MQTT-DoS-Publish_Flood
29108.7,3.0,32.0,2.041677773271199,2.041677773271199,0.0,0.0,0.0,0.0,0.2,0.5,0.0,0.0,0.0,0.0,0.0,386.8,0.0,0.0,0.0,0.0,0.0,0.0,0.0,0.5,0.0,0.0,0.5,0.0,0.0,0.5,0.5,362.8,54.0,83.1,68.05436507936507,11.62769936810253,61.4,0.0046864032745361,5.5,11.657055516981128,16.444050145567665,159.9621216301335,0.9,38.5,Benign
125805.5,7.1,64.0,0.8821314693716182,0.8821314693716182,0.0,0.0,0.0,0.0,0.4,0.9,0.0,0.0,0.0,0.0,0.0,1668.4,0.0,0.0,0.0,0.0,0.0,0.0,0.0,0.9,0.1,0.0,0.0,0.0,0.0,1.0,1.0,1983.4,66.0,848.1,127.8022234172776,189.2565432749467,160.4,169465118.1097631,13.5,15.957357831848752,268.2726282562714,39516.94845678449,1.0,244.6,Benign
541451.0,6.0,55.0,560.8223289518844,560.8223289518844,0.0,0.0,0.0,0.0,0.0,1.0,0.0,0.0,0.0,1.0,0.0,361.5,0.0,1.0,0.0,0.0,0.0,0.0,0.0,1.0,0.0,0.0,0.0,0.0,0.0,1.0,1.0,23467.0,1514.0,1514.0,1514.0,0.0,1514.0,169466380.1672099,13.5,55.02726596879042,0.0,0.0,0.0,244.6,Benign
469.77,6.0,64.0,9.54343464390257,9.54343464390257,0.0,0.17,0.15,0.33,0.19,0.55,0.0,0.0,1.17,2.04,0.63,5.15,0.0,0.0,0.0,0.0,0.0,0.0,0.0,1.0,0.0,0.0,0.0,0.0,0.0,1.0,1.0,695.82,56.38,79.52,66.67774911376033,7.866320093942489,65.52,84667043.84906034,9.5,11.541728811366388,11.12922062224796,72.00600018857521,0.92,141.55,MQTT-DDoS-Connect_Flood
308.19,6.0,64.0,6.919812284555934,6.919812284555934,0.0,0.17,0.16,0.04,0.13,0.93,0.0,0.0,1.09,0.94,0.07,3.95,0.0,0.0,0.0,0.0,0.0,0.0,0.0,1.0,0.0,0.0,0.0,0.0,0.0,1.0,1.0,710.25,64.92,71.83,67.85093252438996,2.4822521327101508,67.84,84667042.998119,9.5,11.646452336996218,3.492524899908973,11.516486825889029,0.6,141.55,MQTT-DDoS-Connect_Flood
43923.6,6.0,64.0,0.2282519379588697,0.2282519379588697,0.0,0.0,0.0,0.0,0.6,1.0,0.0,0.0,0.0,0.0,0.0,599.0,0.0,0.0,0.0,0.0,0.0,0.0,0.0,1.0,0.0,0.0,0.0,0.0,0.0,1.0,1.0,1088.0,66.0,85.0,70.30060026231078,7.205317900133252,67.2,169470569.9475873,13.5,11.85899518218974,10.206217835052138,52.37224496705518,1.0,244.6,Benign
71539.22,6.0,64.0,91.54494596633478,91.54494596633478,0.0,0.0,0.0,0.0,0.72,1.0,0.0,0.0,0.0,0.0,0.0,391.83,0.0,0.0,0.0,0.0,0.0,0.0,0.0,1.0,0.0,0.0,0.0,0.0,0.0,1.0,1.0,1539.93,106.33,169.55,146.77071682359608,26.346295497923524,144.48,84666491.93549564,9.5,17.01339488134937,37.282141448662166,1261.1791748671628,0.58,141.55,MQTT-DoS-Publish_Flood
137889.9,7.1,57.7,1.315131242632526,1.315131242632526,0.0,0.0,0.0,0.0,0.5,0.9,0.0,0.0,0.0,0.0,0.0,1735.5,0.0,0.0,0.0,0.0,0.0,0.0,0.0,0.9,0.1,0.0,0.0,0.0,0.0,1.0,1.0,801.0,68.2,454.0,131.28234126984125,131.68113635861351,141.8,0.0999388933181762,5.5,15.95793049119836,186.22524894705208,27801.58445047556,0.9,38.5,Benign
260553.1,6.0,64.0,2.0337690088673748,2.0337690088673748,0.0,0.0,0.0,0.0,0.5,1.0,0.0,0.0,0.0,0.0,0.0,3243.9,0.0,0.0,0.0,0.0,0.0,0.0,0.0,1.0,0.0,0.0,0.0,0.0,0.0,1.0,1.0,1401.0,66.0,214.0,90.65570952439374,37.04346256036764,80.4,169464658.3160302,13.5,13.466732988676876,52.5071238770264,1384.1258521382126,1.0,244.6,Benign
113086.9,6.0,64.0,100.59931838277096,100.59931838277096,0.0,0.0,0.0,0.0,0.32,1.0,0.0,0.0,0.0,0.0,0.0,414.85,0.0,0.0,0.0,0.0,0.0,0.0,0.0,1.0,0.0,0.0,0.0,0.0,0.0,1.0,1.0,2706.09,78.46,740.25,259.28300010554466,244.5569332493461,266.58,84666983.03904927,9.5,20.915139170777067,345.5884409557322,114237.5094388788,0.81,141.55,MQTT-DDoS-Publish_Flood
400151.4,7.1,64.0,1.5821755338487722,1.5821755338487722,0.0,0.0,0.0,0.0,0.5,0.9,0.0,0.0,0.0,0.0,0.0,5095.7,0.0,0.0,0.0,0.0,0.0,0.0,0.0,0.9,0.1,0.0,0.0,0.0,0.0,1.0,1.0,2406.0,66.0,928.0,157.99123282204553,211.59721060168687,164.4,169463858.4341244,13.5,17.772578719989458,299.8747820649828,45243.72357391664,1.0,244.6,Benign
332.16,6.0,64.0,9.400819623884791,9.400819623884791,0.0,0.13,0.29,0.14,0.23,0.85,0.0,0.0,0.75,1.42,0.49,4.0,0.0,0.0,0.0,0.0,0.0,0.0,0.0,1.0,0.0,0.0,0.0,0.0,0.0,1.0,1.0,714.92,64.36,75.35,68.47401420560863,4.4714015178837005,67.82,84667037.62500352,9.5,11.698313838672204,6.328664868635907,28.84751452832068,0.94,141.55,MQTT-DDoS-Connect_Flood
2090419.0,17.0,60.0,770.110895762573,770.110895762573,0.0,0.0,0.0,0.0,0.0,0.0,0.0,0.0,0.0,0.0,0.0,0.0,0.0,0.0,0.0,0.0,0.0,0.0,0.0,0.0,1.0,0.0,0.0,0.0,0.0,1.0,1.0,20026.0,1292.0,1292.0,1292.0,0.0,1292.0,169461872.6456241,13.5,50.83306010855534,0.0,0.0,0.0,244.6,Benign
75712.6,17.0,64.0,47.19388828466454,47.19388828466454,0.0,0.0,0.0,0.0,0.0,0.0,0.0,0.0,0.0,0.0,0.0,0.0,0.0,0.0,0.0,0.0,0.0,0.0,0.0,0.0,1.0,0.0,0.0,0.0,0.0,1.0,1.0,4193.6,66.0,1030.0,266.1877911282904,310.7869455453879,370.0,169461593.3541256,13.5,23.090207680113057,440.09696845440186,97038.94897553282,1.0,244.6,Benign
291829.4,6.0,64.0,2.034448294830482,2.034448294830482,0.0,0.0,0.0,0.0,0.5,1.0,0.0,0.0,0.0,0.0,0.0,3633.5,0.0,0.0,0.0,0.0,0.0,0.0,0.0,1.0,0.0,0.0,0.0,0.0,0.0,1.0,1.0,434.6,67.9,95.4,78.82813492063492,11.041413297070106,80.5,0.0001063108444213,5.5,12.55379075345658,15.61491643248318,146.53723637881075,0.9,38.5,Benign
429.26,6.0,64.0,11.050978280172966,11.050978280172966,0.0,0.2,0.31,0.13,0.2,0.6,0.0,0.0,1.14,1.8,0.38,5.08,0.0,0.0,0.0,0.0,0.0,0.0,0.0,1.0,0.0,0.0,0.0,0.0,0.0,1.0,1.0,726.4,63.12,77.56,69.61268342235681,5.220509104175942,68.87,84667032.82726558,9.5,11.797492366420329,7.383316407836632,42.062247621751055,0.87,141.55,MQTT-DDoS-Connect_Flood
8473.6,6.0,64.0,70.35487248022947,70.35487248022947,0.0,0.0,0.23,0.09,0.41,0.91,0.0,0.0,0.04,0.45,11.3,6.62,0.0,0.0,0.0,0.0,0.0,0.0,0.0,1.0,0.0,0.0,0.0,0.0,0.0,1.0,1.0,8502.96,159.05,1358.88,765.6356849707742,479.303334931224,866.35,84666966.32748158,9.5,37.54145228728431,678.4545038699423,274575.5624786286,0.87,141.55,MQTT-DDoS-Publish_Flood
1517082.1,17.0,64.0,43.20501562837035,43.20501562837035,0.0,0.0,0.0,0.0,0.0,0.0,0.0,0.0,0.0,0.0,0.0,0.0,0.0,0.0,0.0,0.0,0.0,0.0,0.0,0.0,1.0,0.0,0.0,0.0,0.0,1.0,1.0,1541.9,80.4,654.5,228.5004365079365,213.57239508635752,384.9,0.0202913999557495,5.5,20.657655172779226,302.0369776796317,84245.83637640148,0.8,38.5,Benign
59141.63,6.0,64.0,70.74375143155522,70.74375143155522,0.0,0.0,0.0,0.0,0.74,1.0,0.0,0.0,0.0,0.0,0.0,290.54,0.0,0.0,0.0,0.0,0.0,0.0,0.0,1.0,0.0,0.0,0.0,0.0,0.0,1.0,1.0,1515.95,129.22,159.74,140.78444699126123,13.34931659923779,146.66,84666507.95551395,9.5,16.544376283079895,18.778293684945883,648.019174364611,0.28,141.55,MQTT-DoS-Publish_Flood
86309.4,8.2,64.0,1.3666612735714676,1.3666612735714676,0.0,0.0,0.0,0.0,0.4,0.8,0.0,0.0,0.0,0.0,0.0,984.6,0.0,0.0,0.0,0.0,0.0,0.0,0.0,0.8,0.2,0.0,0.0,0.0,0.0,1.0,1.0,2089.8,66.0,858.4,134.70342285294686,192.3969064501873,180.0,169469551.7273087,13.5,16.390526945346956,272.70126169812363,39941.588536558455,1.0,244.6,Benign
22841.22,6.0,64.0,23.05232198086445,23.05232198086445,0.0,0.0,0.02,0.21,0.31,0.79,0.0,0.0,0.7,1.35,11.29,39.84,0.0,0.0,0.0,0.0,0.0,0.0,0.0,1.0,0.0,0.0,0.0,0.0,0.0,1.0,1.0,7169.05,131.36,1196.01,723.681541172536,464.6366476411873,630.89,84666967.55691385,9.5,35.448928164947176,657.2189639354451,293046.7485149948,0.92,141.55,MQTT-DDoS-Publish_Flood
29515.49,6.0,64.0,135.01642724213272,135.01642724213272,0.0,0.0,0.0,0.0,0.36,1.0,0.0,0.0,0.0,0.0,0.0,112.18,0.0,0.0,0.0,0.0,0.0,0.0,0.0,1.0,0.0,0.0,0.0,0.0,0.0,1.0,1.0,1131.18,103.06,111.78,108.50903448572411,3.05093650939268,105.24,84666478.43834287,9.5,14.319166225329742,4.16883005677133,116.1130218105963,0.08,141.55,MQTT-DoS-Publish_Flood
141.01,6.0,64.0,132861.0178127183,132861.0178127183,0.0,0.17,0.09,0.21,0.27,0.75,0.0,0.0,0.18,0.36,0.32,1.71,0.0,0.0,0.0,0.0,0.0,0.0,0.0,1.0,0.0,0.0,0.0,0.0,0.0,1.0,1.0,699.7,56.09,82.27,67.11422356182689,8.389307159487657,66.9,84667039.6606567,9.5,11.581176754772349,11.87862330831276,79.74887506333431,0.94,141.55,MQTT-DDoS-Connect_Flood
45702.7,6.0,64.0,0.565181618852355,0.565181618852355,0.0,0.0,0.0,0.0,0.6,1.0,0.0,0.0,0.0,0.0,0.0,610.8,0.0,0.0,0.0,0.0,0.0,0.0,0.0,1.0,0.0,0.0,0.0,0.0,0.0,1.0,1.0,1103.4,66.0,113.0,71.33295887033503,12.19276664424484,67.2,169467539.9315766,13.5,11.94511563409663,17.280834501749545,150.28977043551814,1.0,244.6,Benign
562428.2,6.0,137.6,1451.777677695146,1451.777677695146,0.0,0.0,0.0,0.0,0.0,1.0,0.0,0.0,0.0,2.0,0.0,675.5,0.0,1.0,0.0,0.0,0.0,0.0,0.0,1.0,0.0,0.0,0.0,0.0,0.0,1.0,1.0,20158.2,208.8,1494.0,1317.9888933873144,426.2864284688652,922.8,169323356.2098906,13.5,51.272638730294304,604.4115185574406,211238.4092685979,0.9,244.6,MQTT-Malformed_Data
140980.2,6.0,64.0,2.036486735157461,2.036486735157461,0.0,0.0,0.0,0.0,0.5,1.0,0.0,0.0,0.0,0.0,0.0,1755.5,0.0,0.0,0.0,0.0,0.0,0.0,0.0,1.0,0.0,0.0,0.0,0.0,0.0,1.0,1.0,1257.0,66.0,111.0,81.03806488918718,16.843468174843643,80.6,169470692.0511124,13.5,12.736903204167628,23.833949405944708,284.5855037638308,1.0,244.6,Benign
60761.7,7.1,64.0,0.9635689277260288,0.9635689277260288,0.0,0.0,0.0,0.0,0.4,0.9,0.0,0.0,0.0,0.0,0.0,760.4,0.0,0.0,0.0,0.0,0.0,0.0,0.0,0.9,0.1,0.0,0.0,0.0,0.0,1.0,1.0,1232.8,66.0,121.3,79.41857000842295,17.326850824743236,89.2,169463614.59683758,13.5,12.548911049698408,21.923450084646262,240.84175715255256,1.0,244.6,Benign
444.24,6.0,64.0,9.706436085254945,9.706436085254945,0.0,0.28,0.26,0.0,0.17,0.86,0.0,0.0,1.09,2.09,0.38,5.08,0.0,0.0,0.0,0.0,0.0,0.0,0.0,1.0,0.0,0.0,0.0,0.0,0.0,1.0,1.0,733.13,66.08,77.54,69.3501543994791,4.442447321159564,70.54,84667043.5700617,9.5,11.775279194889194,6.281793038362687,24.981639678656688,0.87,141.55,MQTT-DDoS-Connect_Flood
566.09,6.0,64.0,10.894067573046398,10.894067573046398,0.0,0.16,0.15,0.3,0.24,0.59,0.0,0.0,1.51,2.09,0.89,6.42,0.0,0.0,0.0,0.0,0.0,0.0,0.0,1.0,0.0,0.0,0.0,0.0,0.0,1.0,1.0,691.73,58.88,79.52,65.67474430299663,7.402329908149475,65.97,84667028.09151693,9.5,11.451931409930458,10.473340390746133,67.75469143352814,0.94,141.55,MQTT-DDoS-Connect_Flood
7527.7,6.0,64.0,0.6633345474204672,0.6633345474204672,0.0,0.0,0.0,0.0,0.2,1.0,0.0,0.0,0.0,0.0,0.0,95.4,0.0,0.0,0.0,0.0,0.0,0.0,0.0,1.0,0.0,0.0,0.0,0.0,0.0,1.0,1.0,1038.4,66.0,68.0,67.01980114484759,0.9891988568818664,66.4,169463927.90985778,13.5,11.577904798337263,1.4000217342746988,0.9801404906990224,1.0,244.6,Benign
269211.4,6.5,57.6,2.445206376211834,2.445206376211834,0.0,0.0,0.0,0.0,0.3,0.8,0.0,0.0,0.0,0.4,0.0,3005.8,0.0,0.0,0.0,0.0,0.0,0.0,0.0,0.8,0.1,0.0,0.1,0.0,0.0,0.9,0.9,990.6,60.0,671.6,162.50678571428574,216.2608289557687,160.2,0.0196276903152465,5.5,17.474340578756504,305.83899731929625,67531.36556335035,0.9,38.5,Benign
318.55,6.0,64.0,15.934018042567644,15.934018042567644,0.0,0.17,0.3,0.27,0.12,0.43,0.0,0.0,0.91,1.03,0.39,3.48,0.0,0.0,0.0,0.0,0.0,0.0,0.0,1.0,0.0,0.0,0.0,0.0,0.0,1.0,1.0,700.77,59.4,77.36,66.25859855048633,6.337399687917414,67.16,84667041.72868714,9.5,11.499112981355951,8.972760538840351,48.14958012724704,0.91,141.55,MQTT-DDoS-Connect_Flood
368.2,6.0,64.0,8.604514892527138,8.604514892527138,0.0,0.19,0.19,0.05,0.24,0.95,0.0,0.0,0.76,1.75,0.48,4.28,0.0,0.0,0.0,0.0,0.0,0.0,0.0,1.0,0.0,0.0,0.0,0.0,0.0,1.0,1.0,706.76,63.72,71.36,66.80165752771481,3.061948612497983,67.88,84667044.9735716,9.5,11.552712169440754,4.3307341441212,13.466724774026623,0.83,141.55,MQTT-DDoS-Connect_Flood
652.93,6.0,64.0,10.679944382361583,10.679944382361583,0.0,0.15,0.09,0.23,0.15,0.68,0.0,0.0,1.81,2.49,0.87,7.38,0.0,0.0,0.0,0.0,0.0,0.0,0.0,1.0,0.0,0.0,0.0,0.0,0.0,1.0,1.0,697.79,56.4,79.1,65.68429214769577,7.837541198931198,66.48,84667041.70626572,9.5,11.456295166583606,11.099542687935775,70.9461598375449,0.9,141.55,MQTT-DDoS-Connect_Flood
76017.8,6.0,123.0,61.727134088017046,61.727134088017046,0.0,0.0,0.0,0.0,0.5,1.0,0.0,0.0,0.0,1.0,0.0,57.3,0.0,1.0,0.0,0.0,0.0,0.0,0.0,1.0,0.0,0.0,0.0,0.0,0.0,1.0,1.0,21974.0,906.0,1466.0,1425.6527175782592,133.67874323698987,1263.0,169463490.7325644,13.5,53.37911889992013,190.1349932262411,45199.64383830165,0.4,244.6,Benign
227000.9,8.2,101.0,1.4741390642197012,1.4741390642197012,0.0,0.0,0.0,0.0,0.4,0.8,0.0,0.0,0.0,0.0,0.0,2676.8,0.0,0.1,0.0,0.0,0.0,0.0,0.0,0.8,0.2,0.0,0.0,0.0,0.0,1.0,1.0,1080.2,62.0,629.2,178.60773809523806,191.53024080841584,181.8,0.1000766992568969,5.5,18.61844041184576,270.8646641558465,52107.82628217121,0.9,38.5,Benign
386.49,6.0,64.0,8.163638641670888,8.163638641670888,0.0,0.15,0.26,0.17,0.27,0.8,0.0,0.0,0.77,1.91,0.39,4.36,0.0,0.0,0.0,0.0,0.0,0.0,0.0,1.0,0.0,0.0,0.0,0.0,0.0,1.0,1.0,717.5,60.76,76.92,68.09994821368002,5.557747544247548,69.01,84667032.29432541,9.5,11.664735244257889,7.863656007683326,39.35614397699607,0.94,141.55,MQTT-DDoS-Connect_Flood
267648.4,8.2,83.1,1.666435637362569,1.666435637362569,0.0,0.0,0.0,0.0,0.4,0.8,0.0,0.0,0.0,0.0,0.0,3314.2,0.0,0.0,0.0,0.0,0.0,0.0,0.0,0.8,0.2,0.0,0.0,0.0,0.0,1.0,1.0,1491.8,66.0,242.8,96.59185779176104,51.32644816178528,106.2,169465517.8193878,13.5,13.906192055588352,72.70639557185066,2664.4184958469377,1.0,244.6,Benign
281706.8,6.0,64.0,1.5142016029490482,1.5142016029490482,0.0,0.0,0.0,0.0,0.5,1.0,0.0,0.0,0.0,0.0,0.0,3429.3,0.0,0.0,0.0,0.0,0.0,0.0,0.0,1.0,0.0,0.0,0.0,0.0,0.0,1.0,1.0,455.0,70.5,111.0,85.99662698412699,15.879813519192044,81.2,0.0999253034591674,5.5,13.098999452972125,22.45744764679701,283.8478055398085,0.9,38.5,Benign
6967140.0,17.0,60.0,4239.097928758145,4239.097928758145,0.0,0.0,0.0,0.0,0.0,0.0,0.0,0.0,0.0,0.0,0.0,0.0,0.0,0.0,0.0,0.0,0.0,0.0,0.0,0.0,1.0,0.0,0.0,0.0,0.0,1.0,1.0,20026.0,1292.0,1292.0,1292.0,0.0,1292.0,169463492.46807832,13.5,50.83306010855534,0.0,0.0,0.0,244.6,Benign
3835.26,6.0,64.0,72.4330196294924,72.4330196294924,0.0,0.03,0.02,0.13,0.47,0.86,0.0,0.0,0.17,0.03,9.9,6.75,0.0,0.0,0.0,0.0,0.0,0.0,0.0,1.0,0.0,0.0,0.0,0.0,0.0,1.0,1.0,8629.19,241.55,1257.14,853.7391698643206,429.56294374086514,826.85,84666957.3084821,9.5,38.68028977392053,606.4741931021559,261235.31027462764,0.84,141.55,MQTT-DDoS-Publish_Flood
5151385.0,6.0,56.0,7547.612800642928,7547.612800642928,0.0,0.0,0.0,0.0,0.2,1.0,0.0,0.0,0.0,0.0,0.0,3402.5,1.0,0.0,0.0,0.0,0.0,0.0,0.0,1.0,0.0,0.0,0.0,0.0,0.0,1.0,1.0,23467.0,1514.0,1514.0,1514.0,0.0,1514.0,169469425.7491727,13.5,55.02726596879042,0.0,0.0,0.0,244.6,Benign
3057755.0,6.0,229.6,116.0172554308923,116.0172554308923,0.0,0.0,0.0,0.0,0.0,1.0,0.0,0.0,0.0,2.0,0.0,3222.5,0.0,1.0,0.0,0.0,0.0,0.0,0.0,1.0,0.0,0.0,0.0,0.0,0.0,1.0,1.0,16731.0,208.8,1494.0,1116.506120107962,558.325992492644,208.8,169323358.9430946,13.5,47.16275896537622,788.8316999831511,354592.83005785977,0.9,244.6,MQTT-Malformed_Data
150199.9,6.0,64.0,0.6132502467750174,0.6132502467750174,0.0,0.0,0.0,0.0,0.5,1.0,0.0,0.0,0.0,0.0,0.0,2012.1,0.0,0.0,0.0,0.0,0.0,0.0,0.0,1.0,0.0,0.0,0.0,0.0,0.0,1.0,1.0,405.9,66.0,82.6,72.84761904761905,7.466333899682191,75.1,0.0001116037368774,5.5,12.068501043579904,10.558990662136551,62.41349886621316,0.9,38.5,Benign
465.17,6.0,64.0,10.858148409648912,10.858148409648912,0.0,0.15,0.14,0.31,0.23,0.65,0.0,0.0,1.23,1.72,0.68,5.35,0.0,0.0,0.0,0.0,0.0,0.0,0.0,1.0,0.0,0.0,0.0,0.0,0.0,1.0,1.0,699.22,58.16,77.69,66.21617952889045,6.845890858324847,66.47,84667026.78492606,9.5,11.49534533655306,9.679794081742465,55.670826446048416,0.91,141.55,MQTT-DDoS-Connect_Flood
477838.4,6.0,64.0,1.4472453336903466,1.4472453336903466,0.0,0.0,0.0,0.0,0.5,1.0,0.0,0.0,0.0,0.0,0.0,6061.1,0.0,0.0,0.0,0.0,0.0,0.0,0.0,1.0,0.0,0.0,0.0,0.0,0.0,1.0,1.0,1249.8,66.0,111.0,80.71937109416211,16.729406413832468,78.5,169468674.8371275,13.5,12.711314080153937,23.673187006402927,280.56560027451326,1.0,244.6,Benign
78220.59,6.0,64.0,88.8630920957922,88.8630920957922,0.0,0.0,0.0,0.0,0.36,1.0,0.0,0.0,0.0,0.0,0.0,411.0,0.0,0.0,0.0,0.0,0.0,0.0,0.0,1.0,0.0,0.0,0.0,0.0,0.0,1.0,1.0,1566.09,94.34,301.44,134.51856841808004,56.20778219841358,184.81,84666492.44953711,9.5,15.46128653470896,79.7118000456029,11967.15026565956,0.31,141.55,MQTT-DoS-Publish_Flood
3357.2,6.0,64.0,1.1070137034223475,1.1070137034223475,0.0,0.0,0.0,0.0,0.5,1.0,0.0,0.0,0.0,0.0,0.0,41.9,0.0,0.0,0.0,0.0,0.0,0.0,0.0,1.0,0.0,0.0,0.0,0.0,0.0,1.0,1.0,472.4,71.1,117.0,90.19559523809524,19.25157951603638,81.6,8.151531219482421e-05,5.5,13.411537124442608,27.22584484868272,416.45517899659865,0.9,38.5,Benign
6395330.0,6.0,64.0,101.61724796647916,101.61724796647916,0.0,0.0,0.0,0.0,0.0,1.0,0.0,0.0,0.0,0.0,0.0,6475.5,0.0,1.0,0.0,0.0,0.0,0.0,0.0,1.0,0.0,0.0,0.0,0.0,0.0,1.0,1.0,23157.0,1494.0,1494.0,1494.0,0.0,1494.0,169323379.52860922,13.5,54.6626014748658,0.0,0.0,0.0,244.6,MQTT-Malformed_Data
15870.89,6.0,64.0,62.60109780747178,62.60109780747178,0.0,0.0,0.0,0.0,0.57,1.0,0.0,0.0,0.0,0.0,0.0,46.25,0.0,0.0,0.0,0.0,0.0,0.0,0.0,1.0,0.0,0.0,0.0,0.0,0.0,1.0,1.0,3473.86,153.2,969.54,359.3566578328363,259.38730270805115,335.85,84666506.02430287,9.5,25.47510853253277,367.1692139195844,112332.34903810456,0.79,141.55,MQTT-DoS-Publish_Flood
97.57,6.0,64.0,333206.7292262226,333206.7292262226,0.0,0.13,0.06,0.43,0.2,0.53,0.0,0.0,0.13,0.06,0.58,0.9,0.0,0.0,0.0,0.0,0.0,0.0,0.0,1.0,0.0,0.0,0.0,0.0,0.0,1.0,1.0,660.43,56.56,75.82,62.46466526786767,7.028654691021439,63.41,84667032.00868547,9.5,11.167950251757611,9.943430883252322,63.27212976250549,0.94,141.55,MQTT-DDoS-Connect_Flood
137.98,6.0,64.0,16.811719803077953,16.811719803077953,0.0,0.16,0.29,0.0,0.15,1.0,0.0,0.0,0.17,0.91,0.02,1.89,0.0,0.0,0.0,0.0,0.0,0.0,0.0,1.0,0.0,0.0,0.0,0.0,0.0,1.0,1.0,722.2,66.0,72.8,68.46559480010873,2.8240581305589183,68.92,84667024.90267026,9.5,11.70089742665879,3.997449813900892,9.61992511906208,0.86,141.55,MQTT-DDoS-Connect_Flood
211.48,6.0,64.0,10.420778595670397,10.420778595670397,0.0,0.14,0.52,0.0,0.17,0.82,0.0,0.0,0.35,1.34,0.09,2.56,0.0,0.0,0.0,0.0,0.0,0.0,0.0,1.0,0.0,0.0,0.0,0.0,0.0,1.0,1.0,751.64,67.05,76.44,72.00078021720282,3.603345898160813,71.47,84667036.8652866,9.5,11.997787959483457,5.081584408175465,14.807281526878764,0.92,141.55,MQTT-DDoS-Connect_Flood
21450.9,6.0,64.0,0.2159836295683767,0.2159836295683767,0.0,0.0,0.0,0.0,0.6,1.0,0.0,0.0,0.0,0.0,0.0,290.1,0.0,0.0,0.0,0.0,0.0,0.0,0.0,1.0,0.0,0.0,0.0,0.0,0.0,1.0,1.0,368.0,66.0,67.6,66.71349206349207,0.7751977548203738,67.2,2.1696090698242188e-05,5.5,11.55100611931557,1.096295178388146,0.7526135046611238,0.8,38.5,Benign
142.58,6.0,64.0,10271.818766074452,10271.818766074452,0.0,0.16,0.22,0.18,0.36,0.76,0.0,0.0,0.17,0.51,0.32,1.44,0.0,0.0,0.0,0.0,0.0,0.0,0.0,1.0,0.0,0.0,0.0,0.0,0.0,1.0,1.0,719.49,59.01,77.7,68.49155001783562,6.473200905822535,68.7,84667045.16172785,9.5,11.697046645262883,9.150138106980366,57.7539837494858,0.94,141.55,MQTT-DDoS-Connect_Flood
98273.22,6.0,64.0,117.28936453661572,117.28936453661572,0.0,0.0,0.0,0.0,0.43,1.0,0.0,0.0,0.0,0.0,0.0,247.26,0.0,0.0,0.0,0.0,0.0,0.0,0.0,1.0,0.0,0.0,0.0,0.0,0.0,1.0,1.0,1900.72,120.5,323.24,180.7297364359926,60.018187605296326,172.82,84666478.97453023,9.5,18.057760101789903,84.74932046144998,7256.217582686842,0.53,141.55,MQTT-DoS-Publish_Flood
78827.8,6.0,64.0,1.780011704631589,1.780011704631589,0.0,0.0,0.0,0.0,0.5,1.0,0.0,0.0,0.0,0.0,0.0,972.3,0.0,0.0,0.0,0.0,0.0,0.0,0.0,1.0,0.0,0.0,0.0,0.0,0.0,1.0,1.0,1327.0,66.0,214.0,85.71563645204125,36.27888442180382,80.8,169467882.3313204,13.5,13.100442683851346,51.38674170763035,1326.1107020469467,1.0,244.6,Benign
427.61,6.0,64.0,9.368652410919148,9.368652410919148,0.0,0.17,0.32,0.16,0.15,0.82,0.0,0.0,1.05,2.02,0.56,4.78,0.0,0.0,0.0,0.0,0.0,0.0,0.0,1.0,0.0,0.0,0.0,0.0,0.0,1.0,1.0,710.0,62.88,74.84,67.86369041020899,4.772500591923218,67.48,84667030.73041119,9.5,11.645895014142155,6.751426939430169,31.942443882620868,0.91,141.55,MQTT-DDoS-Connect_Flood
10534.31,6.0,64.0,14.33666425275042,14.33666425275042,0.0,0.02,0.03,0.25,0.36,0.72,0.0,0.0,0.59,2.85,6.04,23.38,0.0,0.0,0.0,0.0,0.0,0.0,0.0,1.0,0.0,0.0,0.0,0.0,0.0,1.0,1.0,7250.96,166.48,1281.49,667.0846004912269,490.3564192704922,737.01,84666965.37684762,9.5,34.49805997494887,693.9387980191424,309757.0270809689,0.91,141.55,MQTT-DDoS-Publish_Flood
2950474.0,6.0,248.0,109.335396538629,109.335396538629,0.0,0.0,0.0,0.0,0.0,1.0,0.0,0.0,0.0,0.0,0.0,2936.5,0.0,1.0,0.0,0.0,0.0,0.0,0.0,1.0,0.0,0.0,0.0,0.0,0.0,1.0,1.0,363.0,66.0,66.0,66.0,0.0,66.0,0.0002289056777954,5.5,11.489125293076055,0.0,0.0,0.0,38.5,MQTT-Malformed_Data
27311.12,6.0,64.0,70.7919011853389,70.7919011853389,0.0,0.0,0.0,0.0,0.76,1.0,0.0,0.0,0.0,0.0,0.0,88.86,0.0,0.0,0.0,0.0,0.0,0.0,0.0,1.0,0.0,0.0,0.0,0.0,0.0,1.0,1.0,4567.13,153.38,885.64,420.9903097126902,264.9597585305229,445.47,84666495.6221353,9.5,27.311128713310744,374.979453025269,99636.2103021987,0.88,141.55,MQTT-DoS-Publish_Flood
415496.0,6.0,64.0,2.0345423469421267,2.0345423469421267,0.0,0.0,0.0,0.0,0.5,1.0,0.0,0.0,0.0,0.0,0.0,5173.5,0.0,0.0,0.0,0.0,0.0,0.0,0.0,1.0,0.0,0.0,0.0,0.0,0.0,1.0,1.0,1267.2,66.0,111.0,81.74934935034007,17.5382343350797,80.6,169468938.73958033,13.5,12.792614322152776,24.816763854729192,308.4045173545661,1.0,244.6,Benign
30135.83,6.0,64.0,96.44778396305838,96.44778396305838,0.0,0.0,0.0,0.0,0.51,1.0,0.0,0.0,0.0,0.0,0.0,210.28,0.0,0.0,0.0,0.0,0.0,0.0,0.0,1.0,0.0,0.0,0.0,0.0,0.0,1.0,1.0,1705.61,106.33,232.77,161.97404842684836,47.05994986827578,170.64,84666490.87579174,9.5,17.089192885278884,66.46602118561366,4188.120448410447,0.55,141.55,MQTT-DoS-Publish_Flood
175.12,6.0,64.0,1084.1121232145304,1084.1121232145304,0.0,0.36,0.22,0.0,0.23,1.0,0.0,0.0,0.36,0.75,0.05,1.95,0.0,0.0,0.0,0.0,0.0,0.0,0.0,1.0,0.0,0.0,0.0,0.0,0.0,1.0,1.0,722.65,66.4,74.01,69.14063202208868,3.1028971218611487,68.81,84667043.74104719,9.5,11.758295758134915,4.372148138491443,10.353876776984674,0.94,141.55,MQTT-DDoS-Connect_Flood
23612.3,6.0,64.0,24.010289216427363,24.010289216427363,0.0,0.0,0.0,0.07,0.67,0.93,0.0,0.0,0.55,2.19,11.57,36.69,0.0,0.0,0.0,0.0,0.0,0.0,0.0,1.0,0.0,0.0,0.0,0.0,0.0,1.0,1.0,6658.5,272.82,1054.25,606.0442329561994,276.4920324567705,671.37,84666965.20241016,9.5,32.43457873831948,390.9050610320979,115211.80070094435,0.76,141.55,MQTT-DDoS-Publish_Flood
60954.21,6.0,64.0,72.92958110398482,72.92958110398482,0.0,0.0,0.0,0.0,0.33,1.0,0.0,0.0,0.0,0.0,0.0,178.63,0.0,0.0,0.0,0.0,0.0,0.0,0.0,1.0,0.0,0.0,0.0,0.0,0.0,1.0,1.0,2634.29,144.48,530.34,273.318034653556,136.91128511872304,224.05,84666494.01227735,9.5,21.00136008542588,191.66564177789687,38422.36497205465,0.57,141.55,MQTT-DoS-Publish_Flood
23513.12,6.0,64.0,4174.046654810981,4174.046654810981,0.0,0.0,0.0,0.0,0.36,1.0,0.0,0.0,0.0,0.0,0.0,167.75,0.0,0.0,0.0,0.0,0.0,0.0,0.0,1.0,0.0,0.0,0.0,0.0,0.0,1.0,1.0,1163.88,71.45,161.92,110.48299849363742,39.35510182951341,105.24,84666509.67397577,9.5,14.724990126471718,55.66763064854703,1935.359741260591,0.83,141.55,MQTT-DoS-Publish_Flood
215038.5,6.0,64.0,1.3046894157550146,1.3046894157550146,0.0,0.0,0.0,0.0,0.5,1.0,0.0,0.0,0.0,0.0,0.0,2782.5,0.0,0.0,0.0,0.0,0.0,0.0,0.0,1.0,0.0,0.0,0.0,0.0,0.0,1.0,1.0,413.0,66.0,85.6,74.0859126984127,8.827879205352309,76.0,0.0001127004623413,5.5,12.170054652624623,12.484506499200656,86.94219537351977,0.9,38.5,Benign
401.17,6.0,64.0,33.20743404430212,33.20743404430212,0.0,0.18,0.19,0.13,0.26,0.78,0.0,0.0,1.0,1.66,0.26,4.8,0.0,0.0,0.0,0.0,0.0,0.0,0.0,1.0,0.0,0.0,0.0,0.0,0.0,1.0,1.0,726.39,61.16,78.17,69.41644053899317,5.894544336802389,69.04,84667030.45793372,9.5,11.780454998936102,8.32732862188382,44.31412583087282,0.95,141.55,MQTT-DDoS-Connect_Flood
54885.7,6.0,64.0,118.08642416431115,118.08642416431115,0.0,0.0,0.0,0.0,1.0,1.0,0.0,0.0,0.0,0.0,0.0,237.26,0.0,0.0,0.0,0.0,0.0,0.0,0.0,1.0,0.0,0.0,0.0,0.0,0.0,1.0,1.0,4408.81,291.63,750.52,416.6920105253794,167.29946888694877,422.43,84666479.6169875,9.5,28.75621872659552,236.1515412174759,34062.17764562855,0.93,141.55,MQTT-DoS-Publish_Flood
299849.0,6.0,64.0,2.034591267493457,2.034591267493457,0.0,0.0,0.0,0.0,0.5,1.0,0.0,0.0,0.0,0.0,0.0,3733.5,0.0,0.0,0.0,0.0,0.0,0.0,0.0,1.0,0.0,0.0,0.0,0.0,0.0,1.0,1.0,455.6,67.9,105.8,83.00623015873016,15.721407283198806,80.5,0.0001174926757812,5.5,12.881928750306406,22.233427399490903,282.55570973481986,0.9,38.5,Benign
25059.2,5.9,44.9,2.025243956270802,2.025243956270802,0.0,0.0,0.0,0.0,0.3,0.7,0.0,0.0,0.0,0.0,0.0,333.3,0.0,0.0,0.0,0.0,0.0,0.0,0.0,0.7,0.1,0.0,0.2,0.0,0.0,0.8,0.8,478.5,51.6,175.3,84.86257936507937,40.14595708233396,83.6,0.0998646974563598,5.5,12.9985257665081,56.77495698028489,2148.8164797650543,0.9,38.5,Benign
432.24,6.0,64.0,11.12445963216203,11.12445963216203,0.0,0.16,0.25,0.23,0.21,0.65,0.0,0.0,1.14,1.74,0.48,5.05,0.0,0.0,0.0,0.0,0.0,0.0,0.0,1.0,0.0,0.0,0.0,0.0,0.0,1.0,1.0,705.67,58.13,79.03,66.48865469343178,7.054418799476188,67.86,84667046.65280701,9.5,11.52052294459594,9.98302250863,62.06841577550289,0.88,141.55,MQTT-DDoS-Connect_Flood
267.24,6.0,64.0,11.52855188141177,11.52855188141177,0.0,0.19,0.25,0.02,0.17,0.97,0.0,0.0,0.41,1.28,0.2,3.32,0.0,0.0,0.0,0.0,0.0,0.0,0.0,1.0,0.0,0.0,0.0,0.0,0.0,1.0,1.0,728.11,64.84,76.48,69.5397012145921,4.04733837067575,68.95,84667044.54779558,9.5,11.79187587368494,5.715378132349011,19.6098511161991,0.93,141.55,MQTT-DDoS-Connect_Flood
144618.0,6.0,64.0,1.479688996519813,1.479688996519813,0.0,0.0,0.0,0.0,0.5,1.0,0.0,0.0,0.0,0.0,0.0,1835.1,0.0,0.0,0.0,0.0,0.0,0.0,0.0,1.0,0.0,0.0,0.0,0.0,0.0,1.0,1.0,1220.6,66.0,110.4,78.73792513815734,13.895760038359024,78.6,169464623.0153396,13.5,12.55411106626434,19.66193593604791,193.7089404306324,1.0,244.6,Benign
439.27,6.0,64.0,10.662475899709468,10.662475899709468,0.0,0.29,0.12,0.19,0.21,0.72,0.0,0.0,1.13,1.81,0.53,5.15,0.0,0.0,0.0,0.0,0.0,0.0,0.0,1.0,0.0,0.0,0.0,0.0,0.0,1.0,1.0,693.81,60.92,74.2,66.04896567484803,4.5377354142979085,66.28,84667032.45516683,9.5,11.488831678835378,6.415898157968461,32.712264888115016,0.86,141.55,MQTT-DDoS-Connect_Flood
477.63,6.0,64.0,9.1833269981758,9.1833269981758,0.0,0.11,0.22,0.16,0.21,0.73,0.0,0.0,1.19,1.88,0.55,5.55,0.0,0.0,0.0,0.0,0.0,0.0,0.0,1.0,0.0,0.0,0.0,0.0,0.0,1.0,1.0,712.5,59.77,77.54,67.85044143760436,6.582907004790387,68.46,84667022.25966217,9.5,11.643616901724757,9.312080439279306,52.897242607708215,0.92,141.55,MQTT-DDoS-Connect_Flood
557.38,6.0,64.0,11.155746425163647,11.155746425163647,0.0,0.31,0.12,0.27,0.2,0.61,0.0,0.0,1.6,2.04,0.77,6.44,0.0,0.0,0.0,0.0,0.0,0.0,0.0,1.0,0.0,0.0,0.0,0.0,0.0,1.0,1.0,683.87,57.33,78.63,64.92435631009857,7.37702331877476,66.01,84667048.70045608,9.5,11.386161544237758,10.437793712843682,68.0591221763247,0.9,141.55,MQTT-DDoS-Connect_Flood
353.89,6.0,64.0,8.708668713590477,8.708668713590477,0.0,0.26,0.28,0.06,0.21,0.9,0.0,0.0,0.75,1.94,0.29,3.96,0.0,0.0,0.0,0.0,0.0,0.0,0.0,1.0,0.0,0.0,0.0,0.0,0.0,1.0,1.0,716.45,61.6,74.64,67.49208612878351,4.462931976370632,68.74,84667017.52997348,9.5,11.614784830428416,6.305990120355592,28.42569327504744,0.88,141.55,MQTT-DDoS-Connect_Flood
84649.0,6.0,64.0,0.728777850912909,0.728777850912909,0.0,0.0,0.0,0.0,0.5,1.0,0.0,0.0,0.0,0.0,0.0,1028.7,0.0,0.0,0.0,0.0,0.0,0.0,0.0,1.0,0.0,0.0,0.0,0.0,0.0,1.0,1.0,425.2,67.4,92.8,77.2018253968254,9.81834683353544,78.1,0.0001089096069335,5.5,12.424830865761896,13.885239252068752,111.51838466868227,0.9,38.5,Benign
335.86,6.0,64.0,8.78364628290269,8.78364628290269,0.0,0.1,0.25,0.23,0.07,0.69,0.0,0.0,0.82,1.47,0.39,3.77,0.0,0.0,0.0,0.0,0.0,0.0,0.0,1.0,0.0,0.0,0.0,0.0,0.0,1.0,1.0,712.89,61.41,78.49,68.47460599324997,6.460100555804016,66.42,84667032.75914857,9.5,11.699295566745327,9.127761988763964,52.26111469643901,0.94,141.55,MQTT-DDoS-Connect_Flood
37003.69,6.0,64.0,93.68116140333672,93.68116140333672,0.0,0.0,0.0,0.0,0.68,1.0,0.0,0.0,0.0,0.0,0.0,146.38,0.0,0.0,0.0,0.0,0.0,0.0,0.0,1.0,0.0,0.0,0.0,0.0,0.0,1.0,1.0,2191.75,141.21,293.81,206.5260970969176,49.82334000815234,208.79,84666981.11136463,9.5,19.605889555104515,70.38563139488296,3657.5577142958728,0.71,141.55,MQTT-DDoS-Publish_Flood
13845.04,6.0,64.0,46.67938902108661,46.67938902108661,0.0,0.0,0.0,0.33,0.3,0.67,0.0,0.0,0.69,0.0,7.86,20.4,0.0,0.0,0.0,0.0,0.0,0.0,0.0,1.0,0.0,0.0,0.0,0.0,0.0,1.0,1.0,6274.76,281.2,1254.36,601.8188737007746,383.40503718994734,623.42,84666959.68178374,9.5,31.55568311792571,542.0967247908794,200247.97215094444,0.86,141.55,MQTT-DDoS-Publish_Flood
32181.7,6.0,64.0,1.6488748104085222,1.6488748104085222,0.0,0.0,0.0,0.0,0.5,1.0,0.0,0.0,0.0,0.0,0.0,402.1,0.0,0.0,0.0,0.0,0.0,0.0,0.0,1.0,0.0,0.0,0.0,0.0,0.0,1.0,1.0,422.9,66.0,92.7,75.40507936507936,10.84214876867014,80.9,0.0999257087707519,5.5,12.276398722356465,15.333113833920066,137.3751652809272,0.9,38.5,Benign
614.77,6.0,64.0,33.51323626981113,33.51323626981113,0.0,0.02,0.22,0.16,0.29,0.87,0.0,0.0,0.1,2.65,0.73,7.12,0.0,0.0,0.0,0.0,0.0,0.0,0.0,1.0,0.0,0.0,0.0,0.0,0.0,1.0,1.0,742.27,65.97,78.35,70.77394367156751,4.528725648567264,70.49,84662390.03446555,9.5,11.894857396356596,6.402794325912664,25.31771446224378,0.94,141.55,MQTT-DoS-Connect_Flood
5390.72,6.0,67.68,18.24285733348948,18.24285733348948,0.0,0.22,0.24,0.15,0.31,0.71,0.0,0.0,1.0,1.9,0.38,9.93,0.0,0.02,0.0,0.0,0.0,0.0,0.0,1.0,0.0,0.0,0.0,0.0,0.0,1.0,1.0,726.91,60.25,79.59,69.21704188166495,6.742741790423796,69.76,84667027.1143272,9.5,11.757082413179516,9.521566305744562,52.8238110939324,0.92,141.55,MQTT-DDoS-Connect_Flood
450232.6,7.1,64.0,1.8407357598820724,1.8407357598820724,0.0,0.0,0.0,0.0,0.5,0.9,0.0,0.0,0.0,0.0,0.0,5550.3,0.0,0.0,0.0,0.0,0.0,0.0,0.0,0.9,0.1,0.0,0.0,0.0,0.0,1.0,1.0,1294.1,154.2,930.0,329.19095238095235,295.3499225848067,166.9,0.0998495101928711,5.5,24.584895898858043,417.6878661652772,99813.7972845805,0.9,38.5,Benign
118166.7,6.0,64.0,1.186974509049142,1.186974509049142,0.0,0.0,0.0,0.0,0.5,1.0,0.0,0.0,0.0,0.0,0.0,1520.3,0.0,0.0,0.0,0.0,0.0,0.0,0.0,1.0,0.0,0.0,0.0,0.0,0.0,1.0,1.0,1201.4,66.0,111.0,77.48952020631587,13.426234440823205,79.0,169462000.7979001,13.5,12.43531147319982,18.74221590193845,175.81919796067444,1.0,244.6,Benign
89778.58,6.0,64.0,87.50981792932906,87.50981792932906,0.0,0.0,0.0,0.0,0.53,1.0,0.0,0.0,0.0,0.0,0.0,300.47,0.0,0.0,0.0,0.0,0.0,0.0,0.0,1.0,0.0,0.0,0.0,0.0,0.0,1.0,1.0,2907.88,105.24,565.22,283.423937326906,159.89473608972745,279.64,84666983.4036139,9.5,22.87954538406411,226.2558605046545,36370.64841075815,0.79,141.55,MQTT-DDoS-Publish_Flood
36078.9,6.0,64.0,76.71562835498929,76.71562835498929,0.0,0.0,0.0,0.0,0.53,1.0,0.0,0.0,0.0,0.0,0.0,149.3,0.0,0.0,0.0,0.0,0.0,0.0,0.0,1.0,0.0,0.0,0.0,0.0,0.0,1.0,1.0,1366.62,121.59,155.38,136.4261002435387,15.346260552027308,123.77,84666489.67053308,9.5,16.266025287964823,21.606089466018712,770.4810383680014,0.31,141.55,MQTT-DoS-Publish_Flood
571.4,6.0,64.0,11.03794992175729,11.03794992175729,0.0,0.17,0.04,0.44,0.22,0.56,0.0,0.0,1.52,1.96,1.02,6.47,0.0,0.0,0.0,0.0,0.0,0.0,0.0,1.0,0.0,0.0,0.0,0.0,0.0,1.0,1.0,676.97,58.41,75.43,64.94062710960351,5.947002771159727,63.92,84667045.87082715,9.5,11.382595360868908,8.420231947426027,46.66423090412172,0.94,141.55,MQTT-DDoS-Connect_Flood
624.58,6.0,64.0,11.139350235083612,11.139350235083612,0.0,0.12,0.23,0.42,0.15,0.35,0.0,0.0,1.71,2.27,1.12,6.85,0.0,0.0,0.0,0.0,0.0,0.0,0.0,1.0,0.0,0.0,0.0,0.0,0.0,1.0,1.0,686.97,59.36,75.2,65.64649624584221,5.569510649558955,64.77,84667025.36250177,9.5,11.440798233309392,7.86090880045884,48.301822590526974,0.75,141.55,MQTT-DDoS-Connect_Flood
126941.1,6.0,64.0,2.034795926826671,2.034795926826671,0.0,0.0,0.0,0.0,0.5,1.0,0.0,0.0,0.0,0.0,0.0,1606.9,0.0,0.0,0.0,0.0,0.0,0.0,0.0,1.0,0.0,0.0,0.0,0.0,0.0,1.0,1.0,419.9,66.0,90.7,74.79277777777777,10.153856606621146,80.5,8.280277252197266e-05,5.5,12.226635164037416,14.35972172347528,122.58770590828924,0.9,38.5,Benign
572.36,6.0,64.0,8.537258610254757,8.537258610254757,0.0,0.09,0.22,0.44,0.12,0.5,0.0,0.0,1.58,2.07,1.11,6.36,0.0,0.0,0.0,0.0,0.0,0.0,0.0,1.0,0.0,0.0,0.0,0.0,0.0,1.0,1.0,675.06,58.13,75.43,64.91411052470922,6.312979453980005,64.34,84667048.8797709,9.5,11.375693092402113,8.93616374586211,59.65588009848629,0.72,141.55,MQTT-DDoS-Connect_Flood
310.48,6.0,64.0,8.726508820548943,8.726508820548943,0.0,0.31,0.29,0.0,0.2,1.0,0.0,0.0,0.56,1.86,0.33,3.38,0.0,0.0,0.0,0.0,0.0,0.0,0.0,1.0,0.0,0.0,0.0,0.0,0.0,1.0,1.0,725.68,66.32,73.32,69.12958650018712,3.026514835276124,69.12,84667044.95111273,9.5,11.757801934224958,4.282473553549258,10.46280428237788,0.89,141.55,MQTT-DDoS-Connect_Flood
328.2,6.0,64.0,8.443624977311744,8.443624977311744,0.0,0.47,0.3,0.13,0.03,0.83,0.0,0.0,0.86,1.74,0.32,3.67,0.0,0.0,0.0,0.0,0.0,0.0,0.0,1.0,0.0,0.0,0.0,0.0,0.0,1.0,1.0,705.47,63.8,73.9,67.21728768578343,4.202097629973025,67.35,84667031.10907297,9.5,11.590126569150634,5.939293824131583,22.415515026679188,0.93,141.55,MQTT-DDoS-Connect_Flood
18623.09,6.0,64.0,94.48681615987776,94.48681615987776,0.0,0.0,0.0,0.0,0.4,1.0,0.0,0.0,0.0,0.0,0.0,123.54,0.0,0.0,0.0,0.0,0.0,0.0,0.0,1.0,0.0,0.0,0.0,0.0,0.0,1.0,1.0,2039.15,85.62,483.47,186.29486718428623,132.3708753317294,216.42,84666497.76948898,9.5,18.08700154207194,187.423447356032,33730.668576433214,0.56,141.55,MQTT-DoS-Publish_Flood
261465.4,6.0,64.0,2.034714524561408,2.034714524561408,0.0,0.0,0.0,0.0,0.5,1.0,0.0,0.0,0.0,0.0,0.0,3255.5,0.0,0.0,0.0,0.0,0.0,0.0,0.0,1.0,0.0,0.0,0.0,0.0,0.0,1.0,1.0,1342.8,66.0,214.0,86.84247564784717,36.63119422319935,80.6,169465086.31089813,13.5,13.186369159343666,51.88232155585173,1352.2338383487245,1.0,244.6,Benign
326004.2,8.2,99.6,1.276503176940056,1.276503176940056,0.0,0.0,0.0,0.0,0.4,0.8,0.0,0.0,0.0,0.0,0.0,3929.6,0.0,0.2,0.0,0.0,0.0,0.0,0.0,0.8,0.2,0.0,0.0,0.0,0.0,1.0,1.0,562.3,65.7,204.4,96.52305555555554,43.29361575145043,179.9,0.0744213819503784,5.5,13.767652443303518,61.22641855987065,6919.881168540564,0.9,38.5,Benign
191002.9,5.4,75.5,1.2193773675722033,1.2193773675722033,0.0,0.0,0.0,0.0,0.4,0.9,0.0,0.0,0.0,0.0,0.0,2368.7,0.0,0.1,0.0,0.0,0.0,0.0,0.0,0.9,0.0,0.0,0.1,0.0,0.0,0.9,0.9,432.6,66.1,97.8,79.1602380952381,11.957178929460706,75.6,0.0028977155685424,5.5,12.580491504894878,16.910004609765135,165.63971371882084,0.9,38.5,Benign
638272.6,6.0,64.0,2.033790280725301,2.033790280725301,0.0,0.0,0.0,0.0,0.5,1.0,0.0,0.0,0.0,0.0,0.0,7958.3,0.0,0.0,0.0,0.0,0.0,0.0,0.0,1.0,0.0,0.0,0.0,0.0,0.0,1.0,1.0,1252.0,66.0,111.0,80.88420120685988,16.772795754759567,80.4,169467394.5311931,13.5,12.72425290595191,23.734548800804465,282.0342725065344,1.0,244.6,Benign
536.39,6.0,64.0,10.739400665664409,10.739400665664409,0.0,0.24,0.15,0.29,0.2,0.58,0.0,0.0,1.61,1.95,0.63,6.21,0.0,0.0,0.0,0.0,0.0,0.0,0.0,1.0,0.0,0.0,0.0,0.0,0.0,1.0,1.0,684.71,54.24,77.94,64.19718301989548,8.316596941887237,66.02,84667044.21293697,9.5,11.327311587705715,11.754702242490442,76.70484714667872,0.94,141.55,MQTT-DDoS-Connect_Flood
405.01,6.0,64.0,10.865013923428029,10.865013923428029,0.0,0.13,0.25,0.34,0.15,0.5,0.0,0.0,1.15,1.4,0.48,4.7,0.0,0.0,0.0,0.0,0.0,0.0,0.0,1.0,0.0,0.0,0.0,0.0,0.0,1.0,1.0,713.44,59.21,80.36,68.21872090366634,7.070650028633406,67.4,84667041.58613351,9.5,11.670459399417467,9.991330522622096,57.63142997149493,0.95,141.55,MQTT-DDoS-Connect_Flood
703.71,6.0,64.0,11.939638554407022,11.939638554407022,0.0,0.13,0.11,0.34,0.17,0.57,0.0,0.0,1.93,2.54,1.28,7.75,0.0,0.0,0.0,0.0,0.0,0.0,0.0,1.0,0.0,0.0,0.0,0.0,0.0,1.0,1.0,689.85,56.65,81.57,66.33062133772658,9.027641657686168,65.53,84667021.30862075,9.5,11.512212187493391,12.766538887013407,91.18842726786652,0.92,141.55,MQTT-DDoS-Connect_Flood
408.6,6.0,64.0,9.603885297713962,9.603885297713962,0.0,0.21,0.18,0.05,0.3,0.88,0.0,0.0,0.7,1.94,0.17,4.77,0.0,0.0,0.0,0.0,0.0,0.0,0.0,1.0,0.0,0.0,0.0,0.0,0.0,1.0,1.0,731.4,64.46,75.17,69.87617747590387,3.31966560700506,69.8,84667037.99441424,9.5,11.81577082053605,4.693253557837935,17.605411893269057,0.71,141.55,MQTT-DDoS-Connect_Flood
442.72,6.0,64.0,8.897756024454782,8.897756024454782,0.0,0.28,0.12,0.21,0.08,0.75,0.0,0.0,1.19,1.84,0.52,5.09,0.0,0.0,0.0,0.0,0.0,0.0,0.0,1.0,0.0,0.0,0.0,0.0,0.0,1.0,1.0,688.81,59.68,75.11,65.53966009948942,5.243884497773673,65.78,84667021.24098556,9.5,11.445543319877856,7.412300596419571,40.85045756938124,0.86,141.55,MQTT-DDoS-Connect_Flood
9192.0,6.0,64.0,2.060847618295993,2.060847618295993,0.0,0.0,0.0,0.0,0.5,1.0,0.0,0.0,0.0,0.0,0.0,118.3,0.0,0.0,0.0,0.0,0.0,0.0,0.0,1.0,0.0,0.0,0.0,0.0,0.0,1.0,1.0,1397.6,66.0,260.0,90.73111581100358,47.45833567321378,77.8,169464088.01148507,13.5,13.477034599672868,67.23259838740974,2274.170084828996,1.0,244.6,Benign
64567.5,6.0,64.0,1.4053326911319457,1.4053326911319457,0.0,0.0,0.0,0.0,0.5,1.0,0.0,0.0,0.0,0.0,0.0,799.1,0.0,0.0,0.0,0.0,0.0,0.0,0.0,1.0,0.0,0.0,0.0,0.0,0.0,1.0,1.0,1084.2,66.0,98.8,69.73530599775182,7.931056605862646,73.3,169467059.9285416,13.5,11.811095919543336,11.247564956874758,85.06914258433746,1.0,244.6,Benign
161282.0,5.8,51.2,1.843623326812591,1.843623326812591,0.0,0.0,0.0,0.0,0.2,0.4,0.0,0.0,0.0,0.0,0.0,1843.4,0.0,0.0,0.0,0.0,0.0,0.0,0.0,0.4,0.2,0.0,0.4,0.0,0.0,0.6,0.6,1247.3,46.8,164.4,79.6790804989644,29.762070248508365,99.3,169470533.2467596,13.5,12.621593660403178,42.24041974421908,1176.090822376135,1.0,244.6,Benign
406.19,6.0,64.0,12.08919994569133,12.08919994569133,0.0,0.14,0.17,0.33,0.12,0.66,0.0,0.0,1.06,1.66,0.59,4.48,0.0,0.0,0.0,0.0,0.0,0.0,0.0,1.0,0.0,0.0,0.0,0.0,0.0,1.0,1.0,686.97,58.0,76.19,65.74990109353152,6.344826126844997,64.64,84667022.96312164,9.5,11.462472342876024,8.968617746577282,49.00221820786335,0.93,141.55,MQTT-DDoS-Connect_Flood
2229.7,6.0,59.5,21.6074878787918,21.6074878787918,0.0,0.0,0.1,0.0,0.4,1.0,0.0,0.0,0.2,0.5,0.0,19.0,0.0,0.7,0.0,0.0,0.0,0.0,0.0,1.0,0.0,0.0,0.0,0.0,0.0,1.0,1.0,4301.9,66.0,1255.6,264.46389294872654,373.1599990622646,455.4,169469909.5591533,13.5,22.75546644770636,529.0154134591168,154722.53764485157,1.0,244.6,Benign
3328.8,7.1,81.5,1.8259852688156863,1.8259852688156863,0.0,0.0,0.0,0.0,0.4,0.9,0.0,0.0,0.0,0.0,0.0,39.5,0.0,0.0,0.0,0.0,0.0,0.0,0.0,0.9,0.1,0.0,0.0,0.0,0.0,1.0,1.0,478.2,68.1,124.5,89.62623015873017,21.65056383516916,95.5,0.0713823795318603,5.5,13.373145975863435,30.61852100872067,619.8213076184178,0.9,38.5,Benign
688.01,6.0,64.0,7.859115319448984,7.859115319448984,0.0,0.05,0.17,0.09,0.17,0.91,0.0,0.0,1.0,3.82,0.88,6.28,0.0,0.0,0.0,0.0,0.0,0.0,0.0,1.0,0.0,0.0,0.0,0.0,0.0,1.0,1.0,711.77,62.24,73.97,67.71716907799804,3.643751534947953,67.58,84662373.86288042,9.5,11.635594588838217,5.139945262409833,18.076492473837625,0.8,141.55,MQTT-DoS-Connect_Flood
14551.46,6.0,64.0,43.552472610766415,43.552472610766415,0.0,0.0,0.02,0.55,0.27,0.45,0.0,0.0,0.88,0.08,12.29,22.51,0.0,0.0,0.0,0.0,0.0,0.0,0.0,1.0,0.0,0.0,0.0,0.0,0.0,1.0,1.0,4452.84,81.9,977.71,374.4877622626342,337.00574530498125,466.29,84666954.29215123,9.5,24.5232402185588,475.98987744817526,180181.92408603075,0.77,141.55,MQTT-DDoS-Publish_Flood
52972.2,6.0,64.0,0.4938371214474976,0.4938371214474976,0.0,0.0,0.0,0.0,0.9,1.0,0.0,0.0,0.0,0.0,0.0,659.7,0.0,0.0,0.0,0.0,0.0,0.0,0.0,1.0,0.0,0.0,0.0,0.0,0.0,1.0,1.0,1430.5,78.3,116.0,92.43217848671796,12.834714132324647,86.6,169464216.01576757,13.5,13.605602314403692,18.025564745237787,162.58396516352522,1.0,244.6,Benign
251365.0,6.0,248.0,30.421889460964405,30.421889460964405,0.0,0.0,0.0,0.0,0.0,1.0,0.0,0.0,0.0,1.0,0.0,2936.5,0.0,1.0,0.0,0.0,0.0,0.0,0.0,1.0,0.0,0.0,0.0,0.0,0.0,1.0,1.0,363.0,66.0,66.0,66.0,0.0,66.0,0.0002297163009643,5.5,11.489125293076055,0.0,0.0,0.0,38.5,Benign
3652.6,6.0,64.0,1.407263449329938,1.407263449329938,0.0,0.0,0.0,0.0,0.5,1.0,0.0,0.0,0.0,0.0,0.0,45.9,0.0,0.0,0.0,0.0,0.0,0.0,0.0,1.0,0.0,0.0,0.0,0.0,0.0,1.0,1.0,445.0,68.5,102.4,81.83099206349206,13.113216573649776,79.0,0.0999941110610962,5.5,12.790043272223038,18.544888724791164,193.97236581947595,0.9,38.5,Benign
471.56,6.0,64.0,11.40493192492765,11.40493192492765,0.0,0.16,0.35,0.24,0.12,0.59,0.0,0.0,1.35,1.89,0.61,5.52,0.0,0.0,0.0,0.0,0.0,0.0,0.0,1.0,0.0,0.0,0.0,0.0,0.0,1.0,1.0,706.24,60.08,75.04,66.92394979616186,4.683218211072367,67.02,84667026.84153058,9.5,11.553592693703475,6.619146661598856,31.22775320938398,0.83,141.55,MQTT-DDoS-Connect_Flood
172450.4,6.0,64.0,1.741142168866268,1.741142168866268,0.0,0.0,0.0,0.0,0.5,1.0,0.0,0.0,0.0,0.0,0.0,2295.1,0.0,0.0,0.0,0.0,0.0,0.0,0.0,1.0,0.0,0.0,0.0,0.0,0.0,1.0,1.0,1359.8,66.0,214.0,88.19782513109526,36.79635427874854,75.5,169465859.81645638,13.5,13.287504844472933,52.11814638362449,1365.77791309134,1.0,244.6,Benign
474.95,6.0,64.0,9.555065497972096,9.555065497972096,0.0,0.16,0.12,0.29,0.18,0.65,0.0,0.0,1.19,1.9,0.62,5.38,0.0,0.0,0.0,0.0,0.0,0.0,0.0,1.0,0.0,0.0,0.0,0.0,0.0,1.0,1.0,684.67,59.33,74.97,65.4525952645136,5.1536390126723965,65.37,84667021.06717914,9.5,11.430539693050022,7.292575647032453,38.41280892850675,0.84,141.55,MQTT-DDoS-Connect_Flood
456.97,6.0,64.0,10.98850044649327,10.98850044649327,0.0,0.16,0.06,0.25,0.24,0.7,0.0,0.0,1.17,1.74,0.57,5.35,0.0,0.0,0.0,0.0,0.0,0.0,0.0,1.0,0.0,0.0,0.0,0.0,0.0,1.0,1.0,692.26,59.57,76.94,66.43496649957369,6.160082429686005,65.83,84667036.15737185,9.5,11.52019196977128,8.722884104463107,49.86590060943951,0.95,141.55,MQTT-DDoS-Connect_Flood
411.58,6.0,64.0,198.5098819576948,198.5098819576948,0.0,0.24,0.25,0.15,0.2,0.77,0.0,0.0,0.82,1.83,0.89,4.08,0.0,0.0,0.0,0.0,0.0,0.0,0.0,1.0,0.0,0.0,0.0,0.0,0.0,1.0,1.0,715.24,60.72,77.5,68.37291687135534,5.55605355758933,67.95,84662358.35141513,9.5,11.689582122018129,7.861523588027682,38.6540331561632,0.94,141.55,MQTT-DoS-Connect_Flood
10126.6,6.0,64.0,1.334717030209451,1.334717030209451,0.0,0.0,0.0,0.0,0.5,1.0,0.0,0.0,0.0,0.0,0.0,124.7,0.0,0.0,0.0,0.0,0.0,0.0,0.0,1.0,0.0,0.0,0.0,0.0,0.0,1.0,1.0,1218.0,66.0,111.0,78.50921269906563,14.875267249405818,80.8,169464091.51063037,13.5,12.517401611157798,20.84591960514776,217.65317402167904,1.0,244.6,Benign
6389.04,6.0,64.0,8441.16819446217,8441.16819446217,0.0,0.0,0.0,0.19,0.43,0.81,0.0,0.0,0.02,0.0,1.26,6.03,0.0,0.0,0.0,0.0,0.0,0.0,0.0,1.0,0.0,0.0,0.0,0.0,0.0,1.0,1.0,8826.96,378.15,1204.24,811.9345426283384,350.3740353664747,844.75,84666968.86121504,9.5,37.306451470102296,492.809313719184,183581.5253874447,0.92,141.55,MQTT-DDoS-Publish_Flood
135633.2,6.0,64.0,2.035593522624545,2.035593522624545,0.0,0.0,0.0,0.0,0.5,1.0,0.0,0.0,0.0,0.0,0.0,1688.7,0.0,0.0,0.0,0.0,0.0,0.0,0.0,1.0,0.0,0.0,0.0,0.0,0.0,1.0,1.0,1207.4,66.0,106.4,77.8147959453687,12.743575204079786,80.6,169466235.8158164,13.5,12.480177849842908,18.033584306933022,164.63163430006298,1.0,244.6,Benign
228309.9,6.0,64.0,1.403797880505374,1.403797880505374,0.0,0.0,0.0,0.0,0.7,1.0,0.0,0.0,0.0,0.0,0.0,2819.9,0.0,0.0,0.0,0.0,0.0,0.0,0.0,1.0,0.0,0.0,0.0,0.0,0.0,1.0,1.0,1089.1,66.0,104.0,70.08451023091115,9.349622077280417,73.8,169467203.928574,13.5,11.840677092700044,13.25442175854202,105.7063724950787,1.0,244.6,Benign
185.12,6.0,64.0,8.058821445239687,8.058821445239687,0.0,0.08,0.32,0.01,0.22,0.99,0.0,0.0,0.19,1.12,0.13,2.39,0.0,0.0,0.0,0.0,0.0,0.0,0.0,1.0,0.0,0.0,0.0,0.0,0.0,1.0,1.0,733.19,65.48,76.07,69.96401500516167,3.822632720134799,69.71,84667047.1699187,9.5,11.828044400198824,5.408909012910443,17.695534167705617,0.93,141.55,MQTT-DDoS-Connect_Flood
7313509.0,6.0,56.0,7197.748241685152,7197.748241685152,0.0,0.0,0.0,0.0,0.2,1.0,0.0,0.0,0.0,0.0,0.0,4832.5,1.0,0.0,0.0,0.0,0.0,0.0,0.0,1.0,0.0,0.0,0.0,0.0,0.0,1.0,1.0,8327.0,1514.0,1514.0,1514.0,0.0,1514.0,0.0001246213912963,5.5,55.02726596879042,0.0,0.0,0.0,38.5,Benign
363144.7,8.2,76.3,1.4489290903501844,1.4489290903501844,0.0,0.0,0.0,0.0,0.4,0.8,0.0,0.0,0.0,0.0,0.0,4498.7,0.0,0.1,0.0,0.0,0.0,0.0,0.0,0.8,0.2,0.0,0.0,0.0,0.0,1.0,1.0,1807.2,66.0,519.6,112.704112553683,107.4131980684958,190.0,169467746.1137759,13.5,14.937763082589964,152.54741770075094,17286.138543643596,1.0,244.6,Benign
469.23,6.0,64.0,10.810529372790624,10.810529372790624,0.0,0.19,0.18,0.23,0.19,0.71,0.0,0.0,1.27,1.83,0.55,5.51,0.0,0.0,0.0,0.0,0.0,0.0,0.0,1.0,0.0,0.0,0.0,0.0,0.0,1.0,1.0,714.13,60.68,78.59,68.62926488432448,6.931235138544278,66.83,84667042.0116808,9.5,11.715885730597424,9.785652483021924,64.08884311129866,0.93,141.55,MQTT-DDoS-Connect_Flood
237753.7,6.0,64.0,2.0347768890409705,2.0347768890409705,0.0,0.0,0.0,0.0,0.5,1.0,0.0,0.0,0.0,0.0,0.0,3012.1,0.0,0.0,0.0,0.0,0.0,0.0,0.0,1.0,0.0,0.0,0.0,0.0,0.0,1.0,1.0,1385.2,66.0,255.0,89.81390353798248,46.45080070031876,77.8,169462226.3986767,13.5,13.401872286345512,65.84210546218694,2181.0663221459336,1.0,244.6,Benign
49122.6,6.0,97.4,3.507153377480872,3.507153377480872,0.0,0.1,0.0,0.0,0.5,1.0,0.0,0.0,0.1,0.2,0.0,601.3,0.0,0.2,0.0,0.0,0.0,0.0,0.0,1.0,0.0,0.0,0.0,0.0,0.0,1.0,1.0,462.0,60.9,123.0,87.6645634920635,22.62568068166137,83.2,0.0582340955734252,5.5,13.214183422814028,31.997544477928443,581.7356184649786,0.9,38.5,Benign
135525.0,6.0,64.0,1.516411793565111,1.516411793565111,0.0,0.0,0.0,0.0,0.5,1.0,0.0,0.0,0.0,0.0,0.0,1648.6,0.0,0.0,0.0,0.0,0.0,0.0,0.0,1.0,0.0,0.0,0.0,0.0,0.0,1.0,1.0,453.7,66.0,106.5,81.84099206349207,18.113794212031458,81.1,0.099753999710083,5.5,12.784882967059282,25.61677344069016,367.5240179358781,0.9,38.5,Benign
21583.0,8.2,64.0,2.5988641796346506,2.5988641796346506,0.0,0.0,0.0,0.0,0.3,0.8,0.0,0.0,0.0,0.0,0.0,192.7,0.0,0.0,0.0,0.0,0.0,0.0,0.0,0.8,0.2,0.0,0.0,0.0,0.0,1.0,1.0,1406.0,66.0,237.6,88.71426631890643,42.37006315537428,189.8,169323405.66771477,13.5,12.996085475861891,40.32178135734823,1005.7026233134226,1.0,244.6,MQTT-Malformed_Data
39243.68,6.0,64.0,75.5742006045974,75.5742006045974,0.0,0.0,0.0,0.0,0.03,1.0,0.0,0.0,0.0,0.0,0.0,135.73,0.0,0.0,0.0,0.0,0.0,0.0,0.0,1.0,0.0,0.0,0.0,0.0,0.0,1.0,1.0,911.46,66.0,213.92,81.0910804142538,43.046919008158376,103.06,84666488.55298594,9.5,12.510390231907245,59.47924523739707,10304.674631086902,0.2,141.55,MQTT-DoS-Publish_Flood
47324.29,6.0,64.0,143.26928806232564,143.26928806232564,0.0,0.0,0.0,0.0,0.55,1.0,0.0,0.0,0.0,0.0,0.0,232.86,0.0,0.0,0.0,0.0,0.0,0.0,0.0,1.0,0.0,0.0,0.0,0.0,0.0,1.0,1.0,1543.2,83.44,291.63,135.1548109920695,67.09115869938063,156.47,84666496.87113017,9.5,16.04803058424859,94.90292658857555,15639.65127471466,0.62,141.55,MQTT-DoS-Publish_Flood
238.09,6.0,64.0,174.4098053913332,174.4098053913332,0.0,0.13,0.16,0.45,0.08,0.44,0.0,0.0,0.64,0.48,0.72,2.38,0.0,0.0,0.0,0.0,0.0,0.0,0.0,1.0,0.0,0.0,0.0,0.0,0.0,1.0,1.0,652.49,55.72,72.47,62.615921078190816,5.929589282988014,62.71,84667018.92325273,9.5,11.182720402101443,8.387168398422238,49.5606197041859,0.76,141.55,MQTT-DDoS-Connect_Flood
64627.5,6.0,64.0,0.283700876053797,0.283700876053797,0.0,0.0,0.0,0.0,0.6,1.0,0.0,0.0,0.0,0.0,0.0,858.0,0.0,0.0,0.0,0.0,0.0,0.0,0.0,1.0,0.0,0.0,0.0,0.0,0.0,1.0,1.0,369.2,66.0,67.8,66.97928571428574,0.880319903255331,67.2,1.950263977050781e-05,5.5,11.57400257831945,1.2449603464106602,0.8614869614512471,0.9,38.5,Benign
467.44,6.0,64.0,8.947943693582442,8.947943693582442,0.0,0.31,0.37,0.0,0.17,0.72,0.0,0.0,1.19,2.22,0.35,5.28,0.0,0.0,0.0,0.0,0.0,0.0,0.0,1.0,0.0,0.0,0.0,0.0,0.0,1.0,1.0,740.57,66.12,77.25,70.22660712588925,3.86297560108208,70.54,84667033.04063623,9.5,11.848659693535811,5.442385111617536,18.78059107954581,0.89,141.55,MQTT-DDoS-Connect_Flood
4635.58,6.0,64.0,1531.5190906566836,1531.5190906566836,0.0,0.02,0.26,0.46,0.19,0.3,0.0,0.0,0.27,0.7,5.13,5.49,0.0,0.0,0.0,0.0,0.0,0.0,0.0,1.0,0.0,0.0,0.0,0.0,0.0,1.0,1.0,861.34,64.96,90.08,81.05824105925035,8.467251152870583,79.6,84666973.0251846,9.5,12.43238827198298,11.9020296576765,196.13421442650247,0.61,141.55,MQTT-DDoS-Publish_Flood
138.66,6.0,64.0,394327.4951512593,394327.4951512593,0.0,0.17,0.13,0.37,0.15,0.58,0.0,0.0,0.22,0.35,0.66,1.42,0.0,0.0,0.0,0.0,0.0,0.0,0.0,1.0,0.0,0.0,0.0,0.0,0.0,1.0,1.0,680.72,59.32,76.37,65.36095498593254,5.987051781714445,64.1,84667043.58929527,9.5,11.42222407104709,8.468972017376963,47.83094561563368,0.87,141.55,MQTT-DDoS-Connect_Flood
116.07,6.0,64.0,8923.579888366286,8923.579888366286,0.0,0.28,0.24,0.08,0.22,0.91,0.0,0.0,0.29,0.31,0.1,1.53,0.0,0.0,0.0,0.0,0.0,0.0,0.0,1.0,0.0,0.0,0.0,0.0,0.0,1.0,1.0,716.66,62.44,73.94,68.31548209062179,4.007757002589358,68.09,84667042.061777,9.5,11.686752935712988,5.670107049361343,23.70259153983456,0.88,141.55,MQTT-DDoS-Connect_Flood
4165457.0,6.0,56.0,7554.727626017901,7554.727626017901,0.0,0.0,0.0,0.0,0.1,1.0,0.0,0.0,0.0,0.0,0.0,2754.5,1.0,0.0,0.0,0.0,0.0,0.0,0.0,1.0,0.0,0.0,0.0,0.0,0.0,1.0,1.0,23467.0,1514.0,1514.0,1514.0,0.0,1514.0,169469425.57453272,13.5,55.02726596879042,0.0,0.0,0.0,244.6,Benign
65805.66,6.0,64.0,193.058551648582,193.058551648582,0.0,0.0,0.01,0.0,0.63,1.0,0.0,0.0,0.0,0.98,0.0,495.38,0.0,0.0,0.0,0.0,0.0,0.0,0.0,1.0,0.0,0.0,0.0,0.0,0.0,1.0,1.0,1528.58,121.59,175.0,153.74968657881507,23.597854792880515,134.75,84666980.52136907,9.5,17.462396536422215,33.395478686239514,1153.0841524109255,0.49,141.55,MQTT-DDoS-Publish_Flood
422.96,6.0,64.0,10.376514766557564,10.376514766557564,0.0,0.19,0.07,0.13,0.3,0.84,0.0,0.0,1.04,1.61,0.58,5.07,0.0,0.0,0.0,0.0,0.0,0.0,0.0,1.0,0.0,0.0,0.0,0.0,0.0,1.0,1.0,704.74,60.0,74.58,66.76378363844617,4.571294500299604,67.24,84667020.08427869,9.5,11.552629098869904,6.43564859574063,29.61525805782269,0.91,141.55,MQTT-DDoS-Connect_Flood
1253543.2,6.0,88.3,10.055053483063595,10.055053483063595,0.0,0.0,0.0,0.0,0.3,1.0,0.0,0.0,0.0,0.0,0.0,1370.3,0.0,0.4,0.0,0.0,0.0,0.0,0.0,1.0,0.0,0.0,0.0,0.0,0.0,1.0,1.0,1197.2,66.0,111.0,77.40279887381281,15.783115542822472,71.7,169462828.1019587,13.5,12.446252437668544,22.345785388691485,250.3802897064296,1.0,244.6,Benign
6191.6,6.0,64.0,66.28781575207402,66.28781575207402,0.0,0.0,0.0,0.0,0.83,1.0,0.0,0.0,0.0,0.0,0.0,19.38,0.0,0.0,0.0,0.0,0.0,0.0,0.0,1.0,0.0,0.0,0.0,0.0,0.0,1.0,1.0,3752.49,204.43,787.86,371.6236865045859,181.98300550034352,367.72,84666486.53071237,9.5,26.066994896225264,256.46442772999103,64479.37024911436,0.79,141.55,MQTT-DoS-Publish_Flood
83958.15,6.0,64.0,77.41196243676663,77.41196243676663,0.0,0.0,0.0,0.0,0.65,1.0,0.0,0.0,0.0,0.0,0.0,353.55,0.0,0.0,0.0,0.0,0.0,0.0,0.0,1.0,0.0,0.0,0.0,0.0,0.0,1.0,1.0,1396.05,109.6,143.39,128.63024777230854,15.846627031716446,136.85,84666495.2780052,9.5,15.751910547488263,22.40725496130207,814.6546654069115,0.31,141.55,MQTT-DoS-Publish_Flood
57392.3,6.0,64.0,1.579676830843007,1.579676830843007,0.0,0.0,0.0,0.0,0.5,1.0,0.0,0.0,0.0,0.0,0.0,700.1,0.0,0.0,0.0,0.0,0.0,0.0,0.0,1.0,0.0,0.0,0.0,0.0,0.0,1.0,1.0,438.8,66.0,100.9,77.80242063492065,14.045849944750644,81.2,7.309913635253907e-05,5.5,12.467613695563545,19.86383148692375,230.1604691830436,0.9,38.5,Benign
29657.5,4.7,43.8,0.5350769043055699,0.5350769043055699,0.0,0.0,0.0,0.0,0.3,0.5,0.0,0.0,0.0,0.1,0.0,338.8,0.0,0.2,0.0,0.0,0.0,0.0,0.0,0.5,0.1,0.0,0.4,0.0,0.0,0.6,0.6,1351.3,42.0,498.0,83.08767578654576,105.24985050102066,157.7,169466460.12006873,13.5,12.728673383938505,149.54145176435293,20272.85816734614,1.0,244.6,Benign
381.08,6.0,64.0,9.346783477739644,9.346783477739644,0.0,0.2,0.25,0.16,0.24,0.78,0.0,0.0,0.82,1.68,0.42,4.4,0.0,0.0,0.0,0.0,0.0,0.0,0.0,1.0,0.0,0.0,0.0,0.0,0.0,1.0,1.0,725.36,62.26,77.16,69.25406863969364,5.556476617046685,69.07,84667018.45130058,9.5,11.765681013025905,7.85184068370771,42.94618381552064,0.93,141.55,MQTT-DDoS-Connect_Flood
35083.46,6.0,64.0,114.09255369531554,114.09255369531554,0.0,0.0,0.0,0.0,0.64,1.0,0.0,0.0,0.0,0.0,0.0,167.97,0.0,0.0,0.0,0.0,0.0,0.0,0.0,1.0,0.0,0.0,0.0,0.0,0.0,1.0,1.0,2311.65,131.4,428.97,224.4624645090891,90.71790960396676,222.96,84666479.32402863,9.5,19.87706389698602,127.95257376720404,16415.676887185757,0.57,141.55,MQTT-DoS-Publish_Flood
4648669.0,6.0,55.0,2421.328671688568,2421.328671688568,0.0,0.0,0.0,0.0,0.0,1.0,0.0,0.0,0.0,0.0,0.0,3103.5,0.0,1.0,0.0,0.0,0.0,0.0,0.0,1.0,0.0,0.0,0.0,0.0,0.0,1.0,1.0,23467.0,1514.0,1514.0,1514.0,0.0,1514.0,169466380.6002378,13.5,55.02726596879042,0.0,0.0,0.0,244.6,Benign
42490.19,6.0,64.0,89.5330413039756,89.5330413039756,0.0,0.0,0.0,0.0,0.58,1.0,0.0,0.0,0.0,0.0,0.0,222.02,0.0,0.0,0.0,0.0,0.0,0.0,0.0,1.0,0.0,0.0,0.0,0.0,0.0,1.0,1.0,5266.62,134.07,1271.75,509.4874223100171,399.5447262296044,560.08,84666500.5424406,9.5,30.59520948913752,564.3212961924456,190661.46296060248,0.89,141.55,MQTT-DoS-Publish_Flood
46440.94,6.0,64.0,98.02828527311743,98.02828527311743,0.0,0.0,0.0,0.0,0.28,1.0,0.0,0.0,0.0,0.0,0.0,267.11,0.0,0.0,0.0,0.0,0.0,0.0,0.0,1.0,0.0,0.0,0.0,0.0,0.0,1.0,1.0,1174.78,74.72,257.84,108.95959715447952,51.30312614836034,109.6,84666491.85753208,9.5,14.296008849099314,72.44858337928721,8907.620634253395,0.42,141.55,MQTT-DoS-Publish_Flood
126729.1,6.0,64.0,1.3240788252100364,1.3240788252100364,0.0,0.0,0.0,0.0,0.7,1.0,0.0,0.0,0.0,0.0,0.0,1562.5,0.0,0.0,0.0,0.0,0.0,0.0,0.0,1.0,0.0,0.0,0.0,0.0,0.0,1.0,1.0,425.4,70.6,112.0,81.79345238095239,15.92232737419726,73.7,6.43014907836914e-05,5.5,12.764626704539207,22.51757131713416,289.1163728741496,0.9,38.5,Benign
474.56,6.0,64.0,10.779361855253056,10.779361855253056,0.0,0.09,0.23,0.35,0.14,0.56,0.0,0.0,1.19,1.89,0.7,5.33,0.0,0.0,0.0,0.0,0.0,0.0,0.0,1.0,0.0,0.0,0.0,0.0,0.0,1.0,1.0,683.28,60.64,74.2,65.2603570594782,4.593716463517062,64.94,84667033.14329338,9.5,11.40539005499308,6.500277619691798,29.358894888160112,0.84,141.55,MQTT-DDoS-Connect_Flood
7792.39,6.11,65.91,13.1376547099636,13.1376547099636,0.0,0.0,0.0,0.04,0.8,0.95,0.0,0.0,0.8,1.35,8.39,17.46,0.0,0.0,0.0,0.0,0.0,0.0,0.0,0.99,0.01,0.0,0.0,0.0,0.0,1.0,1.0,4293.84,193.14,780.69,458.1065978657995,218.328197965888,386.52,84666968.82790741,9.5,27.334545868561257,307.90833117966554,98429.58146314116,0.89,141.55,MQTT-DDoS-Publish_Flood
8653430.0,6.0,55.0,3086.199061273744,3086.199061273744,0.0,0.0,0.0,0.0,0.1,1.0,0.0,0.0,0.0,0.0,0.0,5790.5,0.0,1.0,0.0,0.0,0.0,0.0,0.0,1.0,0.0,0.0,0.0,0.0,0.0,1.0,1.0,7810.0,997.0,1514.0,1447.2413492063492,172.42918824625332,1410.6,0.0069719076156616,5.5,53.78504680658398,243.85169656683493,59816.95819343664,0.5,38.5,Benign
517.8,6.0,64.0,9.1876154693414,9.1876154693414,0.0,0.16,0.16,0.18,0.08,0.75,0.0,0.0,1.05,2.04,0.71,5.94,0.0,0.0,0.0,0.0,0.0,0.0,0.0,1.0,0.0,0.0,0.0,0.0,0.0,1.0,1.0,701.23,57.29,77.79,66.94620253125787,6.324046146686116,66.7,84667020.98064935,9.5,11.567598179134864,8.944460287960363,52.81283796322229,0.84,141.55,MQTT-DDoS-Connect_Flood
472.28,6.0,64.0,11.068313841026914,11.068313841026914,0.0,0.14,0.04,0.24,0.17,0.75,0.0,0.0,1.19,1.77,0.53,5.55,0.0,0.0,0.0,0.0,0.0,0.0,0.0,1.0,0.0,0.0,0.0,0.0,0.0,1.0,1.0,692.87,57.88,76.5,66.09288984738173,6.062220780799822,65.79,84667039.72919853,9.5,11.49464589286801,8.582326389324688,46.78841789502794,0.87,141.55,MQTT-DDoS-Connect_Flood
421.52,6.0,64.0,10.14628931298045,10.14628931298045,0.0,0.13,0.05,0.19,0.24,0.8,0.0,0.0,0.94,1.89,0.43,4.79,0.0,0.0,0.0,0.0,0.0,0.0,0.0,1.0,0.0,0.0,0.0,0.0,0.0,1.0,1.0,699.7,58.6,78.96,66.44310118287287,6.725544553450001,66.73,84667032.98655556,9.5,11.524854231089362,9.521502404586489,61.2421653752814,0.87,141.55,MQTT-DDoS-Connect_Flood
320637.2,6.0,64.0,1.4474483752649372,1.4474483752649372,0.0,0.0,0.0,0.0,0.5,1.0,0.0,0.0,0.0,0.0,0.0,3891.9,0.0,0.0,0.0,0.0,0.0,0.0,0.0,1.0,0.0,0.0,0.0,0.0,0.0,1.0,1.0,1716.4,66.0,260.0,111.7826124473222,61.53055519848461,80.9,169469380.46661028,13.5,14.960923570565608,87.12513439954587,3810.519664368237,1.0,244.6,Benign
356947.1,6.0,64.0,31.41319456787324,31.41319456787324,0.0,0.0,0.0,0.0,0.1,1.0,0.0,0.0,0.0,0.0,0.0,383.3,0.0,0.3,0.0,0.0,0.0,0.0,0.0,1.0,0.0,0.0,0.0,0.0,0.0,1.0,1.0,1237.8,67.8,507.0,163.6954761904762,176.28073932532826,496.2,0.0006525039672851,5.5,16.581784266609517,249.29861233903543,100054.798319161,0.9,38.5,MQTT-Malformed_Data
121.91,6.0,64.0,267736.6368985811,267736.6368985811,0.0,0.11,0.24,0.23,0.16,0.62,0.0,0.0,0.15,0.47,0.35,1.14,0.0,0.0,0.0,0.0,0.0,0.0,0.0,1.0,0.0,0.0,0.0,0.0,0.0,1.0,1.0,708.74,60.07,78.06,68.1262597236355,5.713132099332641,66.54,84667039.66111645,9.5,11.6692577723643,8.071458652521558,41.86011155449111,0.89,141.55,MQTT-DDoS-Connect_Flood
478.74,6.0,64.0,11.21662531041503,11.21662531041503,0.0,0.31,0.05,0.38,0.12,0.59,0.0,0.0,1.35,1.81,0.67,5.51,0.0,0.0,0.0,0.0,0.0,0.0,0.0,1.0,0.0,0.0,0.0,0.0,0.0,1.0,1.0,657.39,56.98,75.39,62.77826100997386,6.04571960100234,62.96,84667035.9768114,9.5,11.193217411236144,8.539483167059293,55.73558809086336,0.74,141.55,MQTT-DDoS-Connect_Flood
634.68,6.0,64.0,10.826029383255433,10.826029383255433,0.0,0.13,0.04,0.45,0.21,0.51,0.0,0.0,1.77,2.2,1.1,7.07,0.0,0.0,0.0,0.0,0.0,0.0,0.0,1.0,0.0,0.0,0.0,0.0,0.0,1.0,1.0,666.84,55.6,75.59,62.924170753223386,7.555768552468505,64.42,84667035.1570918,9.5,11.20368747728085,10.680693992731824,75.80674174969015,0.8,141.55,MQTT-DDoS-Connect_Flood
391361.0,6.0,64.0,1.773487559348223,1.773487559348223,0.0,0.0,0.0,0.0,0.5,1.0,0.0,0.0,0.0,0.0,0.0,4825.7,0.0,0.0,0.0,0.0,0.0,0.0,0.0,1.0,0.0,0.0,0.0,0.0,0.0,1.0,1.0,2462.0,66.0,928.0,161.62119071245235,217.05794201594148,80.8,169463139.9052824,13.5,17.982607839844857,307.5597896765472,47594.855626872086,1.0,244.6,Benign
380.55,6.0,64.0,9.262814241463987,9.262814241463987,0.0,0.14,0.38,0.11,0.16,0.82,0.0,0.0,0.8,1.78,0.33,4.43,0.0,0.0,0.0,0.0,0.0,0.0,0.0,1.0,0.0,0.0,0.0,0.0,0.0,1.0,1.0,745.38,63.62,79.21,71.15771871102754,6.025917113347346,70.99,84667033.56582217,9.5,11.922760710480354,8.52517808998414,44.05367388952837,0.94,141.55,MQTT-DDoS-Connect_Flood
571.72,6.0,64.0,9.60981942614164,9.60981942614164,0.0,0.13,0.09,0.47,0.14,0.44,0.0,0.0,1.67,2.0,0.87,6.44,0.0,0.0,0.0,0.0,0.0,0.0,0.0,1.0,0.0,0.0,0.0,0.0,0.0,1.0,1.0,665.89,55.32,75.53,63.32617423039636,6.9968542433643,63.39,84667029.73374784,9.5,11.244826164274803,9.893998087694714,59.48873340774045,0.89,141.55,MQTT-DDoS-Connect_Flood
97921.6,6.0,64.0,2.035892475763839,2.035892475763839,0.0,0.0,0.0,0.0,0.5,1.0,0.0,0.0,0.0,0.0,0.0,1219.1,0.0,0.0,0.0,0.0,0.0,0.0,0.0,1.0,0.0,0.0,0.0,0.0,0.0,1.0,1.0,445.0,67.8,100.4,80.34900793650795,13.148305008490942,80.6,0.0666157960891723,5.5,12.674263372290977,18.594511265225982,206.7465020628621,0.9,38.5,Benign
307.33,6.0,64.0,13.157472925358183,13.157472925358183,0.0,0.25,0.52,0.0,0.16,0.72,0.0,0.0,0.79,1.31,0.16,3.71,0.0,0.0,0.0,0.0,0.0,0.0,0.0,1.0,0.0,0.0,0.0,0.0,0.0,1.0,1.0,750.99,66.52,77.29,71.36869591884722,3.902082121855191,71.69,84667049.62633386,9.5,11.946271194034557,5.51579141792997,18.84300327802152,0.91,141.55,MQTT-DDoS-Connect_Flood
17166.0,6.0,64.0,1.7320126101384907,1.7320126101384907,0.0,0.0,0.0,0.0,0.5,1.0,0.0,0.0,0.0,0.0,0.0,210.7,0.0,0.0,0.0,0.0,0.0,0.0,0.0,1.0,0.0,0.0,0.0,0.0,0.0,1.0,1.0,454.8,67.9,105.8,82.66595238095238,15.265248635347188,81.3,9.79900360107422e-06,5.5,12.85594797755338,21.58832165310538,265.6331536281179,0.9,38.5,Benign
17104.55,6.0,64.0,29.695694511410608,29.695694511410608,0.0,0.01,0.11,0.02,0.52,0.87,0.0,0.0,0.7,0.22,10.22,21.51,0.0,0.0,0.0,0.0,0.0,0.0,0.0,1.0,0.0,0.0,0.0,0.0,0.0,1.0,1.0,11408.38,290.96,1429.54,1064.316245882815,435.9226543526291,1073.21,84666957.1865623,9.5,45.290421528441215,616.7492795653372,231772.2274510733,0.89,141.55,MQTT-DDoS-Publish_Flood
102449.02,6.0,64.0,89.52704860154692,89.52704860154692,0.0,0.0,0.0,0.0,0.62,1.0,0.0,0.0,0.0,0.0,0.0,253.94,0.0,0.0,0.0,0.0,0.0,0.0,0.0,1.0,0.0,0.0,0.0,0.0,0.0,1.0,1.0,5197.52,193.53,805.13,448.5601196112968,218.42092830497668,515.08,84666481.33815815,9.5,27.69155613149171,308.9557017642385,83551.42510971603,0.71,141.55,MQTT-DoS-Publish_Flood
579.63,6.0,64.0,9.392433778706872,9.392433778706872,0.0,0.17,0.03,0.4,0.23,0.59,0.0,0.0,1.55,2.19,0.85,6.45,0.0,0.0,0.0,0.0,0.0,0.0,0.0,1.0,0.0,0.0,0.0,0.0,0.0,1.0,1.0,679.16,58.05,77.71,65.15916382572536,7.354363689622845,64.27,84667049.22366948,9.5,11.406103711121151,10.40326801675969,67.80034345328623,0.95,141.55,MQTT-DDoS-Connect_Flood
501.47,6.0,64.0,9.975087146838032,9.975087146838032,0.0,0.16,0.11,0.19,0.19,0.76,0.0,0.0,1.23,2.04,0.66,5.68,0.0,0.0,0.0,0.0,0.0,0.0,0.0,1.0,0.0,0.0,0.0,0.0,0.0,1.0,1.0,697.28,55.73,77.58,66.42352829901438,6.957691517647334,66.5,84667041.50706923,9.5,11.52124927822658,9.820595345493707,55.82133022979978,0.94,141.55,MQTT-DDoS-Connect_Flood
563.59,6.0,64.0,10.010462155756422,10.010462155756422,0.0,0.3,0.08,0.21,0.27,0.72,0.0,0.0,1.58,2.1,0.55,6.55,0.0,0.0,0.0,0.0,0.0,0.0,0.0,1.0,0.0,0.0,0.0,0.0,0.0,1.0,1.0,718.13,60.18,77.72,68.07679190486157,6.956806094314991,68.38,84667041.68192913,9.5,11.657114736940072,9.835891615923767,58.55587279272016,0.88,141.55,MQTT-DDoS-Connect_Flood
221013.0,17.0,64.0,77.57447290047622,77.57447290047622,0.0,0.0,0.0,0.0,0.0,0.0,0.0,0.0,0.0,0.0,0.0,0.0,0.0,0.0,0.0,0.0,0.0,0.0,0.0,0.0,1.0,0.0,0.0,0.0,0.0,1.0,1.0,15005.0,86.0,1414.0,951.7452061251444,566.6154209145172,1414.0,169461615.6288956,13.5,43.54015588732087,802.4251869318231,322217.9744576414,1.0,244.6,Benign
61848.24,6.0,64.0,93.12746791471928,93.12746791471928,0.0,0.0,0.0,0.0,0.5,1.0,0.0,0.0,0.0,0.0,0.0,343.5,0.0,0.0,0.0,0.0,0.0,0.0,0.0,1.0,0.0,0.0,0.0,0.0,0.0,1.0,1.0,2448.99,109.6,427.88,231.5578720146812,105.11712577896364,222.96,84666491.90585639,9.5,20.26951363138446,147.9825724385451,17205.35347496373,0.77,141.55,MQTT-DoS-Publish_Flood
201045.0,6.0,248.0,30.99071149875773,30.99071149875773,0.0,0.0,0.0,0.0,0.0,1.0,0.0,0.0,0.0,1.0,0.0,2335.5,0.0,1.0,0.0,0.0,0.0,0.0,0.0,1.0,0.0,0.0,0.0,0.0,0.0,1.0,1.0,363.0,66.0,66.0,66.0,0.0,66.0,0.0002967834472656,5.5,11.489125293076055,0.0,0.0,0.0,38.5,Benign
1851275.0,6.0,64.0,95.8302328119316,95.8302328119316,0.0,0.0,0.0,0.0,0.0,1.0,0.0,0.0,0.0,2.0,0.0,1868.5,0.0,1.0,0.0,0.0,0.0,0.0,0.0,1.0,0.0,0.0,0.0,0.0,0.0,1.0,1.0,8217.0,1494.0,1494.0,1494.0,0.0,1494.0,4.169940948486328e-05,5.5,54.6626014748658,0.0,0.0,0.0,38.5,Benign
278179.8,8.2,63.5,1.835403719152628,1.835403719152628,0.0,0.0,0.0,0.0,0.4,0.8,0.0,0.0,0.0,0.0,0.0,3554.3,0.0,0.0,0.1,0.0,0.0,0.0,0.0,0.8,0.2,0.0,0.0,0.0,0.0,1.0,1.0,1563.3,66.0,360.4,97.6490502484272,70.45127406502479,155.7,169468046.2338084,13.5,13.91338994794655,100.11344841698984,8778.441991454774,1.0,244.6,Benign
464.59,6.0,64.0,6.735779809502692,6.735779809502692,0.0,0.05,0.12,0.23,0.09,0.76,0.0,0.0,1.09,1.9,0.68,5.27,0.0,0.0,0.0,0.0,0.0,0.0,0.0,1.0,0.0,0.0,0.0,0.0,0.0,1.0,1.0,692.61,59.36,75.08,65.90709754456928,5.670439552580652,65.7,84667030.39403868,9.5,11.474790881592048,8.014563047241731,44.13692493039749,0.88,141.55,MQTT-DDoS-Connect_Flood
289.24,6.0,64.0,8.689896481242556,8.689896481242556,0.0,0.15,0.32,0.0,0.24,1.0,0.0,0.0,0.43,1.65,0.32,3.28,0.0,0.0,0.0,0.0,0.0,0.0,0.0,1.0,0.0,0.0,0.0,0.0,0.0,1.0,1.0,729.92,66.12,73.6,69.46716263767193,3.1691419639927245,69.52,84667038.17419484,9.5,11.786597699966874,4.483679502871315,10.94527150393378,0.94,141.55,MQTT-DDoS-Connect_Flood
180747.8,6.0,64.0,1.1876576764903346,1.1876576764903346,0.0,0.0,0.0,0.0,0.5,1.0,0.0,0.0,0.0,0.0,0.0,2395.6,0.0,0.0,0.0,0.0,0.0,0.0,0.0,1.0,0.0,0.0,0.0,0.0,0.0,1.0,1.0,2026.0,60.0,928.0,132.67476697622982,212.24334531909983,76.4,169469679.6432641,13.5,16.287835630885297,300.81775218889123,45579.07432920692,1.0,244.6,Benign
245.5,6.0,64.0,11.792047861232756,11.792047861232756,0.0,0.1,0.21,0.34,0.09,0.63,0.0,0.0,0.66,0.7,0.48,2.91,0.0,0.0,0.0,0.0,0.0,0.0,0.0,1.0,0.0,0.0,0.0,0.0,0.0,1.0,1.0,679.42,60.0,73.42,65.35813950587595,4.868506326874441,64.09,84667030.60317236,9.5,11.423877140352886,6.884645167466424,29.501418506068493,0.93,141.55,MQTT-DDoS-Connect_Flood
53418.0,6.0,64.0,1.5979256980511218,1.5979256980511218,0.0,0.0,0.0,0.0,0.5,1.0,0.0,0.0,0.0,0.0,0.0,654.2,0.0,0.0,0.0,0.0,0.0,0.0,0.0,1.0,0.0,0.0,0.0,0.0,0.0,1.0,1.0,1242.4,66.0,111.0,80.05332963304326,16.95946953853596,81.2,169462908.90323848,13.5,12.650198977891185,24.03626497873681,289.2419789588051,1.0,244.6,Benign
357964.0,6.0,248.0,25.44832578038029,25.44832578038029,0.0,0.0,0.0,0.0,0.0,1.0,0.0,0.0,0.0,1.0,0.0,4240.5,0.0,1.0,0.0,0.0,0.0,0.0,0.0,1.0,0.0,0.0,0.0,0.0,0.0,1.0,1.0,363.0,66.0,66.0,66.0,0.0,66.0,0.000258994102478,5.5,11.489125293076055,0.0,0.0,0.0,38.5,Benign
231.44,6.0,64.0,50623.57463832916,50623.57463832916,0.0,0.21,0.25,0.12,0.19,0.68,0.0,0.0,0.52,0.87,0.21,2.95,0.0,0.0,0.0,0.0,0.0,0.0,0.0,1.0,0.0,0.0,0.0,0.0,0.0,1.0,1.0,720.14,62.2,76.53,68.43848961130888,4.947216833178133,68.07,84667019.09449129,9.5,11.69661723665292,7.001684384300312,36.80070744166657,0.94,141.55,MQTT-DDoS-Connect_Flood
522.75,6.0,64.0,10.278871331042009,10.278871331042009,0.0,0.17,0.29,0.22,0.13,0.59,0.0,0.0,1.4,2.11,0.71,5.88,0.0,0.0,0.0,0.0,0.0,0.0,0.0,1.0,0.0,0.0,0.0,0.0,0.0,1.0,1.0,726.42,61.29,79.77,69.79649928120556,6.814069647148672,67.95,84667026.35339259,9.5,11.80971248591324,9.635569627018176,55.66839442719999,0.94,141.55,MQTT-DDoS-Connect_Flood
544.89,6.0,64.0,8.718177073970779,8.718177073970779,0.0,0.19,0.13,0.17,0.17,0.77,0.0,0.0,1.47,1.97,0.86,6.32,0.0,0.0,0.0,0.0,0.0,0.0,0.0,1.0,0.0,0.0,0.0,0.0,0.0,1.0,1.0,712.51,62.76,77.38,68.32236894615534,5.56221244701317,68.35,84667033.83179687,9.5,11.67969102948062,7.849432439955519,39.06105072796718,0.93,141.55,MQTT-DDoS-Connect_Flood
53289.4,6.0,64.0,102.69820194744068,102.69820194744068,0.0,0.0,0.0,0.0,0.87,1.0,0.0,0.0,0.0,0.0,0.0,281.47,0.0,0.0,0.0,0.0,0.0,0.0,0.0,1.0,0.0,0.0,0.0,0.0,0.0,1.0,1.0,3790.76,226.23,574.3,357.8197148060918,130.1190925990457,362.6,84666483.87353773,9.5,26.391752240548616,184.03505433746005,21184.678023027285,0.93,141.55,MQTT-DoS-Publish_Flood
53477.86,6.0,64.0,78.45032072612386,78.45032072612386,0.0,0.0,0.0,0.0,0.82,1.0,0.0,0.0,0.0,0.0,0.0,205.67,0.0,0.0,0.0,0.0,0.0,0.0,0.0,1.0,0.0,0.0,0.0,0.0,0.0,1.0,1.0,3821.01,196.03,816.83,388.7480291870581,212.57674268965843,349.4,84666509.27427179,9.5,26.86348575372006,300.0972492502123,67512.14389355895,0.91,141.55,MQTT-DoS-Publish_Flood
649.85,6.0,64.0,10.191325057372048,10.191325057372048,0.0,0.09,0.03,0.41,0.17,0.56,0.0,0.0,1.8,2.38,1.0,7.26,0.0,0.0,0.0,0.0,0.0,0.0,0.0,1.0,0.0,0.0,0.0,0.0,0.0,1.0,1.0,674.86,55.2,78.49,63.88678151011356,8.160759973497594,64.15,84667039.62165338,9.5,11.298959543423296,11.537382972916612,77.33094253664582,0.9,141.55,MQTT-DDoS-Connect_Flood
116355.6,6.0,64.0,2.034925000324182,2.034925000324182,0.0,0.0,0.0,0.0,0.5,1.0,0.0,0.0,0.0,0.0,0.0,1473.9,0.0,0.0,0.0,0.0,0.0,0.0,0.0,1.0,0.0,0.0,0.0,0.0,0.0,1.0,1.0,418.5,66.0,90.5,74.51392857142858,9.922256902743234,80.3,0.0997361898422241,5.5,12.203856793427567,14.032190281209544,118.722008361678,0.9,38.5,Benign
16346.68,6.0,64.0,134.08987832867635,134.08987832867635,0.0,0.0,0.0,0.0,0.35,1.0,0.0,0.0,0.0,0.0,0.0,47.05,0.0,0.0,0.0,0.0,0.0,0.0,0.0,1.0,0.0,0.0,0.0,0.0,0.0,1.0,1.0,1543.2,79.08,281.82,146.55481326306133,62.65937455061755,147.75,84666478.41432922,9.5,16.34014375778668,88.4391868707466,6730.936947768612,0.63,141.55,MQTT-DoS-Publish_Flood
429.29,6.0,64.0,35.84977461273905,35.84977461273905,0.0,0.1,0.12,0.23,0.16,0.67,0.0,0.0,1.11,1.78,0.38,4.93,0.0,0.0,0.0,0.0,0.0,0.0,0.0,1.0,0.0,0.0,0.0,0.0,0.0,1.0,1.0,701.68,60.2,77.03,67.00817898402767,5.757550760841548,66.11,84667032.94664526,9.5,11.570566669349043,8.131879452066405,43.56254887327866,0.9,141.55,MQTT-DDoS-Connect_Flood
77888.5,6.0,83.4,0.924026816532205,0.924026816532205,0.0,0.0,0.0,0.0,0.6,1.0,0.0,0.0,0.0,0.0,0.0,952.7,0.0,0.1,0.0,0.0,0.0,0.0,0.0,1.0,0.0,0.0,0.0,0.0,0.0,1.0,1.0,503.6,70.5,155.7,91.39170634920634,28.52306061139395,98.5,0.0999050140380859,5.5,13.499268761550164,40.33769915702316,1235.5626785556815,0.9,38.5,Benign
394.34,6.0,64.0,45.03916597294253,45.03916597294253,0.0,0.04,0.33,0.18,0.21,0.7,0.0,0.0,0.25,1.98,0.49,4.13,0.0,0.0,0.0,0.0,0.0,0.0,0.0,1.0,0.0,0.0,0.0,0.0,0.0,1.0,1.0,740.13,64.17,77.68,70.20680494608592,4.75473074384489,71.05,84662380.53437242,9.5,11.84171024773829,6.710474707133698,28.39320137567579,0.85,141.55,MQTT-DoS-Connect_Flood
16760.14,6.0,64.0,87.92490709458033,87.92490709458033,0.0,0.0,0.0,0.0,0.39,1.0,0.0,0.0,0.0,0.0,0.0,49.38,0.0,0.0,0.0,0.0,0.0,0.0,0.0,1.0,0.0,0.0,0.0,0.0,0.0,1.0,1.0,2244.26,123.77,369.49,213.3550670039025,85.42018242730359,204.9,84666489.60141155,9.5,19.010999762133565,120.76888932981588,19275.235375832388,0.49,141.55,MQTT-DoS-Publish_Flood
225971.1,6.0,64.0,0.8376144319775797,0.8376144319775797,0.0,0.0,0.0,0.0,0.1,1.0,0.0,0.0,0.0,0.0,0.0,3016.3,0.0,0.0,0.0,0.0,0.0,0.0,0.0,1.0,0.0,0.0,0.0,0.0,0.0,1.0,1.0,1026.6,66.0,69.6,66.18473684210525,0.7942352858036456,67.8,169465674.21477872,13.5,11.505558101182748,1.136842105263158,3.2310249307479224,0.2,244.6,Benign
504.84,6.0,64.0,10.864244936156645,10.864244936156645,0.0,0.17,0.24,0.17,0.1,0.59,0.0,0.0,1.41,2.05,0.46,5.81,0.0,0.0,0.0,0.0,0.0,0.0,0.0,1.0,0.0,0.0,0.0,0.0,0.0,1.0,1.0,708.48,59.24,77.86,67.53975809261259,5.8285782743574535,67.55,84667045.97912289,9.5,11.613056643764384,8.233775215401813,40.14538819484685,0.92,141.55,MQTT-DDoS-Connect_Flood
106949.05,6.0,64.0,107.55858496264273,107.55858496264273,0.0,0.0,0.0,0.0,0.67,1.0,0.0,0.0,0.0,0.0,0.0,508.39,0.0,0.0,0.0,0.0,0.0,0.0,0.0,1.0,0.0,0.0,0.0,0.0,0.0,1.0,1.0,1417.85,128.13,142.3,133.5970609555563,5.028466288786538,139.03,84666487.80451305,9.5,15.998389207245037,6.527295613353938,194.32676710916752,0.12,141.55,MQTT-DoS-Publish_Flood
54702.6,6.0,64.0,1.4636682971301649,1.4636682971301649,0.0,0.0,0.0,0.0,0.5,1.0,0.0,0.0,0.0,0.0,0.0,695.1,0.0,0.0,0.0,0.0,0.0,0.0,0.0,1.0,0.0,0.0,0.0,0.0,0.0,1.0,1.0,1228.4,66.0,111.0,79.28498554721853,14.897750242229597,78.2,169468303.5348522,13.5,12.597577571559622,21.079836010331405,222.62486926790348,1.0,244.6,Benign
428.7,6.0,64.0,74.19511447120675,74.19511447120675,0.0,0.03,0.25,0.14,0.23,0.84,0.0,0.0,0.17,2.07,0.43,4.71,0.0,0.0,0.0,0.0,0.0,0.0,0.0,1.0,0.0,0.0,0.0,0.0,0.0,1.0,1.0,726.7,62.64,76.25,69.14490114843016,4.647131135043475,69.48,84662361.77096294,9.5,11.7540581924535,6.574886841943728,25.4665436429786,0.93,141.55,MQTT-DoS-Connect_Flood
723.84,6.0,64.0,45.4975864275402,45.4975864275402,0.0,0.02,0.26,0.16,0.18,0.84,0.0,0.0,0.29,3.1,1.07,8.25,0.0,0.0,0.0,0.0,0.0,0.0,0.0,1.0,0.0,0.0,0.0,0.0,0.0,1.0,1.0,729.88,63.28,77.24,69.51949847099925,4.454841933616102,69.86,84662386.32343128,9.5,11.789951526663527,6.304502192423688,25.74828818834316,0.89,141.55,MQTT-DoS-Connect_Flood
5900.8,6.0,53.0,50.31141420240265,50.31141420240265,0.0,0.0,0.0,0.0,0.3,1.0,0.0,0.0,0.0,2.0,0.0,9.5,0.0,1.0,0.0,0.0,0.0,0.0,0.0,1.0,0.0,0.0,0.0,0.0,0.0,1.0,1.0,7113.8,66.0,1514.0,456.5560143038935,574.1964656365224,655.8,169323364.14791614,13.5,30.183030746239616,813.4845515395027,333414.8456490374,1.0,244.6,MQTT-Malformed_Data
559.19,6.0,64.0,129.78877618094216,129.78877618094216,0.0,0.19,0.22,0.16,0.2,0.68,0.0,0.0,1.47,2.2,0.74,6.32,0.0,0.0,0.0,0.0,0.0,0.0,0.0,1.0,0.0,0.0,0.0,0.0,0.0,1.0,1.0,705.81,61.52,76.17,66.76571816290004,5.545796186603723,68.01,84667025.03244196,9.5,11.547354238575158,7.831488869341481,40.05166519545447,0.92,141.55,MQTT-DDoS-Connect_Flood
270.65,6.0,64.0,16.450729167652227,16.450729167652227,0.0,0.29,0.17,0.03,0.27,0.92,0.0,0.0,0.66,1.02,0.11,3.45,0.0,0.0,0.0,0.0,0.0,0.0,0.0,1.0,0.0,0.0,0.0,0.0,0.0,1.0,1.0,729.26,65.32,77.69,69.8917637555513,4.29465082314212,69.25,84667020.13504812,9.5,11.82210994514211,6.076681006467673,24.132931400439137,0.91,141.55,MQTT-DDoS-Connect_Flood
293.82,6.0,64.0,3.618482279832299,3.618482279832299,0.0,0.03,0.33,0.0,0.42,1.0,0.0,0.0,0.26,1.93,0.29,3.14,0.0,0.0,0.0,0.0,0.0,0.0,0.0,1.0,0.0,0.0,0.0,0.0,0.0,1.0,1.0,739.04,66.8,72.8,70.32180649622136,2.266517208123641,70.32,84667042.88814151,9.5,11.858537954470332,3.205470943521556,5.680149030186144,0.94,141.55,MQTT-DDoS-Connect_Flood
144636.9,7.1,69.9,1.12235841157269,1.12235841157269,0.0,0.0,0.0,0.0,0.5,0.9,0.0,0.0,0.0,0.0,0.0,1699.0,0.0,0.0,0.0,0.0,0.0,0.0,0.0,0.9,0.1,0.0,0.0,0.0,0.0,1.0,1.0,557.6,70.4,192.7,97.52638888888887,41.43184290501248,168.8,0.0769706964492797,5.5,13.874399620118243,58.59347415038015,6789.018534942681,0.9,38.5,Benign
64352.7,6.0,64.0,0.5528566117160811,0.5528566117160811,0.0,0.0,0.0,0.0,1.0,1.0,0.0,0.0,0.0,0.0,0.0,803.8,0.0,0.0,0.0,0.0,0.0,0.0,0.0,1.0,0.0,0.0,0.0,0.0,0.0,1.0,1.0,526.0,83.4,113.7,94.95940476190476,12.119652337487691,94.5,0.0001490116119384,5.5,13.777793120258696,17.13977670692188,164.81312344104305,0.9,38.5,Benign
364.28,6.0,64.0,224.4253417170707,224.4253417170707,0.0,0.25,0.15,0.16,0.28,0.7,0.0,0.0,1.12,0.85,0.29,4.32,0.0,0.0,0.0,0.0,0.0,0.0,0.0,1.0,0.0,0.0,0.0,0.0,0.0,1.0,1.0,734.04,59.94,80.41,69.84266912864398,7.621844661770925,69.99,84667025.5713442,9.5,11.804778690872542,10.773428221487563,64.65675052869959,0.95,141.55,MQTT-DDoS-Connect_Flood
240868.8,7.1,83.1,1.8506452746011568,1.8506452746011568,0.0,0.0,0.0,0.0,0.4,0.9,0.0,0.0,0.0,0.0,0.0,2882.8,0.0,0.0,0.0,0.0,0.0,0.0,0.0,0.9,0.1,0.0,0.0,0.0,0.0,1.0,1.0,467.9,66.0,120.0,83.24242063492063,21.723455764812865,96.7,0.0715060949325561,5.5,12.889507904929491,30.721605764210352,617.9169387597632,0.9,38.5,Benign
285.81,6.0,64.0,13.134795717040648,13.134795717040648,0.0,0.36,0.18,0.19,0.07,0.73,0.0,0.0,0.76,1.01,0.36,3.33,0.0,0.0,0.0,0.0,0.0,0.0,0.0,1.0,0.0,0.0,0.0,0.0,0.0,1.0,1.0,698.35,60.6,75.13,66.24322816111477,4.955508185559922,66.44,84667028.8256543,9.5,11.50547052072356,6.993858198901798,33.05194677528819,0.86,141.55,MQTT-DDoS-Connect_Flood
468.17,6.0,64.0,23.95165104673952,23.95165104673952,0.0,0.13,0.2,0.08,0.32,0.83,0.0,0.0,0.47,2.16,0.58,5.01,0.0,0.0,0.0,0.0,0.0,0.0,0.0,1.0,0.0,0.0,0.0,0.0,0.0,1.0,1.0,742.11,61.0,78.74,70.05000486617786,5.641449440981635,70.71,84662380.27288821,9.5,11.83092280851575,7.984960914066391,39.26623531695604,0.89,141.55,MQTT-DoS-Connect_Flood
8091.8,6.0,64.0,139.20999836400895,139.20999836400895,0.0,0.0,0.0,0.0,0.51,1.0,0.0,0.0,0.0,0.0,0.0,60.44,0.0,0.0,0.0,0.0,0.0,0.0,0.0,1.0,0.0,0.0,0.0,0.0,0.0,1.0,1.0,1340.46,105.24,147.75,129.30439995990423,17.938249067381665,121.59,84666486.3009504,9.5,15.803205942853284,25.27653548740459,847.5883019538454,0.39,141.55,MQTT-DoS-Publish_Flood
575.49,6.0,64.0,10.322833545823586,10.322833545823586,0.0,0.38,0.39,0.01,0.08,0.67,0.0,0.0,1.74,2.41,0.67,6.45,0.0,0.0,0.0,0.0,0.0,0.0,0.0,1.0,0.0,0.0,0.0,0.0,0.0,1.0,1.0,746.84,66.24,79.07,71.1316618325345,4.234594490661028,70.45,84667039.83384484,9.5,11.925418290395054,5.993213962229814,21.72070846396643,0.89,141.55,MQTT-DDoS-Connect_Flood
571.03,6.0,64.0,42.082192120668566,42.082192120668566,0.0,0.07,0.28,0.04,0.27,0.85,0.0,0.0,0.25,2.1,0.48,5.95,0.0,0.0,0.0,0.0,0.0,0.0,0.0,1.0,0.0,0.0,0.0,0.0,0.0,1.0,1.0,764.71,65.8,100.88,72.44240472758236,10.101508417419604,72.13,84662388.70348805,9.5,12.029481601886737,14.307447217762366,362.9375624163724,0.93,141.55,MQTT-DoS-Connect_Flood
1122.2,6.0,64.0,19.811002080631752,19.811002080631752,0.0,0.0,0.0,0.4,0.0,0.6,0.0,0.0,0.4,1.4,0.8,6.0,0.0,1.0,0.0,0.0,0.0,0.0,0.0,1.0,0.0,0.0,0.0,0.0,0.0,1.0,1.0,1929.2,54.0,846.0,126.7421295650514,196.08058795459507,61.2,169461864.3563767,13.5,15.917853939284376,277.88946934092644,38871.020774633405,1.0,244.6,Benign
458.89,6.0,64.0,6.665122386389713,6.665122386389713,0.0,0.22,0.15,0.12,0.23,0.82,0.0,0.0,1.22,1.83,0.5,5.25,0.0,0.0,0.0,0.0,0.0,0.0,0.0,1.0,0.0,0.0,0.0,0.0,0.0,1.0,1.0,712.23,64.0,73.94,67.58809868605765,4.048873965912024,68.89,84667032.1445905,9.5,11.612256745941972,5.717421274661396,23.106181529094485,0.83,141.55,MQTT-DDoS-Connect_Flood
47650.4,6.0,64.0,1.6788294560858312,1.6788294560858312,0.0,0.0,0.0,0.0,0.5,1.0,0.0,0.0,0.0,0.2,0.0,572.6,0.0,0.0,0.0,0.0,0.0,0.0,0.0,1.0,0.0,0.0,0.0,0.0,0.0,1.0,1.0,2273.1,66.0,932.0,149.0897294608556,215.4279426162081,78.9,169461913.51225582,13.5,17.26588339276204,305.3139786922137,46923.62123112673,1.0,244.6,Benign
25264.7,6.0,64.0,456.51021595033455,456.51021595033455,0.0,0.1,0.2,0.2,0.2,0.7,0.0,0.0,0.7,1.3,0.9,204.8,0.0,0.1,0.0,0.0,0.0,0.0,0.0,1.0,0.0,0.0,0.0,0.0,0.0,1.0,1.0,1107.5,54.0,91.0,71.44438783739479,10.946338140964205,68.1,169323392.0106215,13.5,11.960895016615163,15.41966456719015,119.10134200963137,1.0,244.6,MQTT-Malformed_Data
24207.14,6.0,64.0,52.12982677854156,52.12982677854156,0.0,0.0,0.0,0.12,0.18,0.88,0.0,0.0,0.18,0.13,1.21,37.66,0.0,0.0,0.0,0.0,0.0,0.0,0.0,1.0,0.0,0.0,0.0,0.0,0.0,1.0,1.0,3639.84,73.76,931.22,309.7671909718679,354.5624820555437,376.9,84666958.8368027,9.5,22.643915082513853,501.2739668877956,215117.0585904426,0.86,141.55,MQTT-DDoS-Publish_Flood
131248.6,7.1,83.1,1.3313501160062229,1.3313501160062229,0.0,0.0,0.0,0.0,0.4,0.9,0.0,0.0,0.0,0.0,0.0,1619.0,0.0,0.0,0.0,0.0,0.0,0.0,0.0,0.9,0.1,0.0,0.0,0.0,0.0,1.0,1.0,499.2,66.0,164.8,85.53880952380952,33.17085131276884,92.1,0.0997087001800537,5.5,13.043908755745685,46.91066780197907,1721.442446145125,0.9,38.5,Benign
293151.2,6.0,99.8,1.652910573150887,1.652910573150887,0.0,0.0,0.0,0.0,0.5,1.0,0.0,0.0,0.0,0.0,0.0,3819.3,0.0,0.2,0.0,0.0,0.0,0.0,0.0,1.0,0.0,0.0,0.0,0.0,0.0,1.0,1.0,425.1,57.6,105.9,75.4211507936508,15.695313624577958,80.6,0.0997684955596923,5.5,12.27531980130664,22.196525393577367,301.48638755039053,0.9,38.5,Benign
402890.0,8.2,107.9,31.368341619147696,31.368341619147696,0.0,0.0,0.0,0.0,0.6,0.8,0.0,0.0,0.0,0.4,0.0,840.6,0.0,0.2,0.0,0.0,0.0,0.0,0.0,0.8,0.2,0.0,0.0,0.0,0.0,1.0,1.0,1673.3,142.1,827.0,374.38380952380953,245.0060882345637,229.2,0.0838906049728393,5.5,26.846603586363045,346.4909328452992,68688.869569161,0.9,38.5,MQTT-Malformed_Data
43755.6,6.0,63.5,4.954226102075699,4.954226102075699,0.0,0.0,0.0,0.0,0.4,1.0,0.0,0.0,0.0,0.2,0.0,538.3,0.0,0.1,0.0,0.0,0.0,0.0,0.0,1.0,0.0,0.0,0.0,0.0,0.0,1.0,1.0,431.4,66.0,106.5,78.48079365079364,15.642814862320645,76.4,0.0014137983322143,5.5,12.521143722261314,22.12228093198528,278.2777820609725,0.9,38.5,Benign
97703.68,6.0,64.0,88.03298660072842,88.03298660072842,0.0,0.0,0.0,0.0,0.02,1.0,0.0,0.0,0.0,0.0,0.0,316.96,0.0,0.0,0.0,0.0,0.0,0.0,0.0,1.0,0.0,0.0,0.0,0.0,0.0,1.0,1.0,825.98,66.0,153.2,74.12150846951467,23.335243172858608,83.44,84666982.47435214,9.5,12.03575838253107,33.08966071375688,6857.0917934457,0.08,141.55,MQTT-DDoS-Publish_Flood
197849.0,7.1,57.7,1.9787633204552213,1.9787633204552213,0.0,0.0,0.0,0.0,0.5,0.9,0.0,0.0,0.0,0.0,0.0,2447.7,0.0,0.0,0.0,0.0,0.0,0.0,0.0,0.9,0.1,0.0,0.0,0.0,0.0,1.0,1.0,1557.8,54.0,217.0,100.88443223271396,50.512330728485445,95.8,169464215.9251812,13.5,14.208306235048408,71.60681439604393,2571.3501960858807,1.0,244.6,Benign
1613.1,6.0,43.0,72.02471635060625,72.02471635060625,0.0,0.0,0.0,0.0,0.1,1.0,0.0,0.0,0.0,1.0,0.0,24.5,1.0,0.0,0.0,0.0,0.0,0.0,0.0,1.0,0.0,0.0,0.0,0.0,0.0,1.0,1.0,1115.1,54.0,332.1,71.85594544902982,67.90265058504632,84.9,169469308.4451669,13.5,11.980519779972555,96.26272448070893,5175.955864327348,0.9,244.6,Benign
388576.0,6.0,64.0,1.7406813849851734,1.7406813849851734,0.0,0.0,0.0,0.0,0.5,1.0,0.0,0.0,0.0,0.0,0.0,4883.7,0.0,0.0,0.0,0.0,0.0,0.0,0.0,1.0,0.0,0.0,0.0,0.0,0.0,1.0,1.0,1424.4,66.0,260.0,92.29400303686684,47.41430113807162,80.8,169466008.52176192,13.5,13.577135738399113,67.17122979698703,2268.784775335217,1.0,244.6,Benign
288.03,6.0,64.0,26.97707584866875,26.97707584866875,0.0,0.2,0.28,0.16,0.17,0.64,0.0,0.0,0.77,1.03,0.27,3.47,0.0,0.0,0.0,0.0,0.0,0.0,0.0,1.0,0.0,0.0,0.0,0.0,0.0,1.0,1.0,713.82,62.8,75.42,68.05556101363378,4.694140267364769,67.63,84667040.3836061,9.5,11.660134504010324,6.645720538163917,36.89495134415736,0.8,141.55,MQTT-DDoS-Connect_Flood
47491.6,6.0,64.0,2.042985419633508,2.042985419633508,0.0,0.0,0.0,0.0,0.5,1.0,0.0,0.0,0.0,0.0,0.0,632.1,0.0,0.0,0.0,0.0,0.0,0.0,0.0,1.0,0.0,0.0,0.0,0.0,0.0,1.0,1.0,418.8,67.9,85.0,77.00714285714285,8.2954373652214,75.3,0.1000612020492553,5.5,12.408221382873062,11.731520027712635,76.49541836734696,0.9,38.5,Benign
576.99,6.0,65.68,10.16181251888209,10.16181251888209,0.0,0.16,0.13,0.39,0.13,0.5,0.0,0.0,1.58,2.27,0.96,6.32,0.0,0.0,0.0,0.0,0.0,0.0,0.0,1.0,0.0,0.0,0.0,0.0,0.0,1.0,1.0,665.45,57.32,75.73,63.418338295476445,6.473059935219587,63.64,84667026.20940875,9.5,11.256335904258435,9.153746125629448,55.108387036519744,0.89,141.55,MQTT-DDoS-Connect_Flood
568.39,6.0,64.0,20.121880800558568,20.121880800558568,0.0,0.01,0.24,0.12,0.31,0.83,0.0,0.0,0.25,2.51,0.68,6.4,0.0,0.0,0.0,0.0,0.0,0.0,0.0,1.0,0.0,0.0,0.0,0.0,0.0,1.0,1.0,744.22,66.36,80.08,70.79780686874186,5.035595741645896,71.21,84662384.83884445,9.5,11.897714482475251,7.102005301363457,29.804100254378405,0.92,141.55,MQTT-DoS-Connect_Flood
4970.0,7.1,61.8,10.278156330603334,10.278156330603334,0.0,0.0,0.0,0.0,0.4,0.9,0.0,0.0,0.1,0.0,0.0,41.1,0.0,0.0,0.0,0.0,0.0,0.0,0.0,0.9,0.1,0.0,0.0,0.0,0.0,1.0,1.0,640.4,70.5,205.5,107.36583333333331,51.13274552795295,138.7,0.0955168962478637,5.5,14.560163093217664,72.31262220700327,3869.224060515873,0.9,38.5,MQTT-Malformed_Data
65403.9,6.0,64.0,71.64978166766808,71.64978166766808,0.0,0.0,0.0,0.0,0.46,1.0,0.0,0.0,0.0,0.0,0.0,230.03,0.0,0.0,0.0,0.0,0.0,0.0,0.0,1.0,0.0,0.0,0.0,0.0,0.0,1.0,1.0,3655.44,130.78,1055.35,367.1684680798649,334.03484232056746,334.76,84666508.99318805,9.5,25.20184872090034,471.9165189698761,162743.51523211892,0.72,141.55,MQTT-DoS-Publish_Flood
568.18,6.0,64.0,9.268154564837358,9.268154564837358,0.0,0.24,0.18,0.19,0.17,0.75,0.0,0.0,1.56,2.14,0.87,6.46,0.0,0.0,0.0,0.0,0.0,0.0,0.0,1.0,0.0,0.0,0.0,0.0,0.0,1.0,1.0,701.85,57.1,77.97,66.65231008594088,7.613426762407737,67.38,84667049.2401739,9.5,11.537411091666677,10.77983100590955,65.95459753094569,0.91,141.55,MQTT-DDoS-Connect_Flood
8465.63,6.0,64.0,18.229190514484905,18.229190514484905,0.0,0.0,0.06,0.18,0.53,0.76,0.0,0.0,0.5,1.05,3.78,19.77,0.0,0.0,0.0,0.0,0.0,0.0,0.0,1.0,0.0,0.0,0.0,0.0,0.0,1.0,1.0,2734.8,89.05,712.18,252.8483864355459,221.75625805298057,240.58,84666967.13544984,9.5,21.521135302867965,313.93006555843226,105461.96155797984,0.85,141.55,MQTT-DDoS-Publish_Flood
520.67,6.0,64.0,39.70678185013993,39.70678185013993,0.0,0.17,0.27,0.1,0.38,0.81,0.0,0.0,0.85,2.31,0.58,5.72,0.0,0.0,0.0,0.0,0.0,0.0,0.0,1.0,0.0,0.0,0.0,0.0,0.0,1.0,1.0,751.17,66.24,77.7,71.0287918317063,4.370328056436069,71.74,84662359.36768232,9.5,11.91671470167447,6.185310757399275,24.027635262822503,0.92,141.55,MQTT-DoS-Connect_Flood
41502.9,6.0,64.0,111.8850493083089,111.8850493083089,0.0,0.0,0.0,0.0,0.51,1.0,0.0,0.0,0.0,0.0,0.0,242.74,0.0,0.0,0.0,0.0,0.0,0.0,0.0,1.0,0.0,0.0,0.0,0.0,0.0,1.0,1.0,1280.51,101.97,158.65,125.22049863874514,24.268714208997835,121.59,84666982.94111566,9.5,15.582756959991832,34.34161160032423,1158.7704110580378,0.52,141.55,MQTT-DDoS-Publish_Flood
234.84,6.0,64.0,8.22379319248106,8.22379319248106,0.0,0.34,0.27,0.0,0.28,1.0,0.0,0.0,0.39,1.62,0.06,2.59,0.0,0.0,0.0,0.0,0.0,0.0,0.0,1.0,0.0,0.0,0.0,0.0,0.0,1.0,1.0,727.24,66.0,72.4,68.91330100120038,2.777040311012509,69.28,84667018.22657473,9.5,11.73939457939271,3.9280053889802233,8.883136328145028,0.92,141.55,MQTT-DDoS-Connect_Flood
4921.4,6.0,64.0,642.9418872902477,642.9418872902477,0.0,0.1,0.2,0.2,0.3,0.7,0.0,0.0,0.6,1.4,0.7,41.4,0.0,0.0,0.0,0.0,0.0,0.0,0.0,1.0,0.0,0.0,0.0,0.0,0.0,1.0,1.0,372.8,55.2,81.8,66.25928571428571,9.507733284123024,69.4,0.0004599094390869,5.5,11.506014688450325,13.445965357832868,107.4159155328798,0.9,38.5,MQTT-Malformed_Data
70474.7,6.0,64.0,2.040194208751137,2.040194208751137,0.0,0.0,0.0,0.0,0.5,1.0,0.0,0.0,0.0,0.0,0.0,877.7,0.0,0.0,0.0,0.0,0.0,0.0,0.0,1.0,0.0,0.0,0.0,0.0,0.0,1.0,1.0,1328.4,46.0,214.0,85.80379483132967,38.17212025775482,80.4,169462728.2014346,13.5,13.099986771468838,54.10898661611435,1470.8980440956402,1.0,244.6,Benign
380.49,6.0,64.0,10.070831006724069,10.070831006724069,0.0,0.04,0.24,0.2,0.07,0.78,0.0,0.0,0.91,1.66,0.52,4.37,0.0,0.0,0.0,0.0,0.0,0.0,0.0,1.0,0.0,0.0,0.0,0.0,0.0,1.0,1.0,702.27,57.23,77.76,67.22966683905192,6.729643352466258,66.67,84667041.43608576,9.5,11.59454921370863,9.524680181790098,55.48576088286268,0.9,141.55,MQTT-DDoS-Connect_Flood
604.11,6.0,64.0,10.067956395181255,10.067956395181255,0.0,0.21,0.16,0.34,0.12,0.54,0.0,0.0,1.83,2.2,0.72,6.93,0.0,0.0,0.0,0.0,0.0,0.0,0.0,1.0,0.0,0.0,0.0,0.0,0.0,1.0,1.0,686.79,56.04,79.71,65.64289419644682,8.215496360647117,65.23,84667033.62455823,9.5,11.45567928748413,11.628162861872894,76.65927632529466,0.92,141.55,MQTT-DDoS-Connect_Flood
23160.3,6.0,79.0,2.0927990093721607,2.0927990093721607,0.0,0.1,0.0,0.0,0.5,1.0,0.0,0.0,0.6,1.6,0.0,244.8,0.0,0.0,0.0,0.0,0.0,0.0,0.0,1.0,0.0,0.0,0.0,0.0,0.0,1.0,1.0,524.1,55.2,198.7,90.0222619047619,47.87199373318782,93.3,0.0894764900207519,5.5,13.34796527503577,67.70122279531402,3096.7943099489794,0.9,38.5,Benign
29396.3,6.0,61.8,2.3995958984927626,2.3995958984927626,0.0,0.0,0.0,0.0,0.8,1.0,0.0,0.0,0.0,0.0,0.0,262.3,0.0,0.0,0.0,0.0,0.0,0.0,0.0,1.0,0.0,0.0,0.0,0.0,0.0,1.0,1.0,1471.7,66.0,242.0,93.66011558874564,55.98226062898006,129.3,169323409.1808117,13.5,13.66064887166453,79.37824765283543,3449.344357355037,1.0,244.6,MQTT-Malformed_Data
69614.09,6.0,64.0,78.59677936450906,78.59677936450906,0.0,0.0,0.08,0.0,0.65,0.92,0.0,0.0,0.38,0.41,5.14,91.77,0.0,0.0,0.0,0.0,0.0,0.0,0.0,1.0,0.0,0.0,0.0,0.0,0.0,1.0,1.0,9957.21,509.31,1461.55,969.3132271619849,359.70472415587426,909.99,84666967.30310719,9.5,42.89202686106269,508.76024667529776,152352.7295350587,0.91,141.55,MQTT-DDoS-Publish_Flood
602.87,6.0,64.0,71.09187842245409,71.09187842245409,0.0,0.0,0.28,0.04,0.23,0.88,0.0,0.0,0.24,2.71,0.77,6.75,0.0,0.0,0.0,0.0,0.0,0.0,0.0,1.0,0.0,0.0,0.0,0.0,0.0,1.0,1.0,750.67,67.28,79.27,72.15567757169731,4.575440634702865,70.96,84662361.1776705,9.5,12.010469420231797,6.472972721007566,26.29300204684424,0.89,141.55,MQTT-DoS-Connect_Flood
674.83,6.0,64.0,33.42308593396862,33.42308593396862,0.0,0.03,0.33,0.12,0.18,0.81,0.0,0.0,0.3,2.97,0.97,7.67,0.0,0.0,0.0,0.0,0.0,0.0,0.0,1.0,0.0,0.0,0.0,0.0,0.0,1.0,1.0,742.44,64.53,78.09,70.86067956931271,5.165019800713757,70.28,84662377.12393102,9.5,11.900956159565531,7.306889445952216,32.186357587604505,0.89,141.55,MQTT-DoS-Connect_Flood
37665.55,6.0,64.0,2587.681971057769,2587.681971057769,0.0,0.0,0.0,0.0,0.4,1.0,0.0,0.0,0.0,0.0,0.0,115.63,0.0,0.0,0.0,0.0,0.0,0.0,0.0,1.0,0.0,0.0,0.0,0.0,0.0,1.0,1.0,1644.01,77.35,352.05,144.62507691848054,93.72666651782323,193.43,84666504.31065327,9.5,16.063157905969135,132.62216743396456,22898.80415437979,0.57,141.55,MQTT-DoS-Publish_Flood
10501.7,6.0,64.0,0.4049254924531185,0.4049254924531185,0.0,0.0,0.0,0.0,0.6,1.0,0.0,0.0,0.0,0.0,0.0,141.4,0.0,0.0,0.0,0.0,0.0,0.0,0.0,1.0,0.0,0.0,0.0,0.0,0.0,1.0,1.0,370.0,66.2,68.0,67.30785714285716,0.8659772658429838,67.2,2.748966217041016e-05,5.5,11.602378508377669,1.224676794061919,0.834049319727891,0.9,38.5,Benign
100455.5,6.0,64.0,0.4337676734709973,0.4337676734709973,0.0,0.0,0.0,0.0,0.7,1.0,0.0,0.0,0.0,0.0,0.0,1328.5,0.0,0.0,0.0,0.0,0.0,0.0,0.0,1.0,0.0,0.0,0.0,0.0,0.0,1.0,1.0,1041.8,66.0,68.0,67.20859099792537,0.9765088216245064,67.4,169469417.9355051,13.5,11.59438617596461,1.378864600995107,0.950754192879511,1.0,244.6,Benign
153205.8,6.0,64.0,1.2526173457250915,1.2526173457250915,0.0,0.0,0.0,0.0,0.5,1.0,0.0,0.0,0.0,0.0,0.0,1888.5,0.0,0.0,0.0,0.0,0.0,0.0,0.0,1.0,0.0,0.0,0.0,0.0,0.0,1.0,1.0,1031.8,42.0,97.0,66.08857849108236,16.154129936897764,80.4,169467978.5328236,13.5,11.476653751384054,22.57327836371254,255.7251074163517,1.0,244.6,Benign
61335.71,6.0,64.0,103.71632133430286,103.71632133430286,0.0,0.0,0.0,0.0,0.89,1.0,0.0,0.0,0.0,0.0,0.0,330.44,0.0,0.0,0.0,0.0,0.0,0.0,0.0,1.0,0.0,0.0,0.0,0.0,0.0,1.0,1.0,1895.27,133.58,277.46,173.5663816791224,46.64308911867927,194.62,84666483.8958393,9.5,18.510100056279487,65.59115593544719,4101.082440337663,0.62,141.55,MQTT-DoS-Publish_Flood
765.43,6.0,64.0,12.83500939714368,12.83500939714368,0.0,0.05,0.08,0.71,0.06,0.24,0.0,0.0,2.22,2.44,1.71,8.33,0.0,0.0,0.0,0.0,0.0,0.0,0.0,1.0,0.0,0.0,0.0,0.0,0.0,1.0,1.0,625.49,55.44,73.99,60.25337096408924,6.2649685310588845,59.49,84667039.79098253,9.5,10.966216264015207,8.851939687761565,53.235470724737,0.78,141.55,MQTT-DDoS-Connect_Flood
32287.23,6.0,64.0,46.17819619491616,46.17819619491616,0.0,0.0,0.02,0.19,0.53,0.8,0.0,0.0,0.79,0.28,13.17,41.75,0.0,0.0,0.0,0.0,0.0,0.0,0.0,1.0,0.0,0.0,0.0,0.0,0.0,1.0,1.0,8271.3,283.51,1338.54,769.5372148404999,421.00431318159855,784.22,84666969.80995145,9.5,37.61816098910763,595.4002276096724,216812.17100146413,0.94,141.55,MQTT-DDoS-Publish_Flood
93276.4,6.0,64.0,1.905387654847975,1.905387654847975,0.0,0.0,0.0,0.0,0.5,1.0,0.0,0.0,0.0,0.0,0.0,1156.1,0.0,0.0,0.0,0.0,0.0,0.0,0.0,1.0,0.0,0.0,0.0,0.0,0.0,1.0,1.0,1325.7,66.0,217.0,85.62937144340009,37.10785830400975,80.9,169468745.1369057,13.5,13.085252718432688,52.60062984679527,1389.8648419825713,1.0,244.6,Benign
44293.8,7.1,64.0,1.5957644593629827,1.5957644593629827,0.0,0.0,0.0,0.0,0.4,0.9,0.0,0.0,0.0,0.0,0.0,546.2,0.0,0.0,0.0,0.0,0.0,0.0,0.0,0.9,0.1,0.0,0.0,0.0,0.0,1.0,1.0,549.4,66.0,199.2,102.27539682539684,49.47691852581784,91.0,0.1000214099884033,5.5,14.24238496494802,69.97092920364022,2806.739449483497,0.9,38.5,Benign
256010.4,6.0,64.0,5.579387247771253,5.579387247771253,0.0,0.0,0.0,0.0,0.4,1.0,0.0,0.0,0.0,0.1,0.0,3165.9,0.0,0.1,0.0,0.0,0.0,0.0,0.0,1.0,0.0,0.0,0.0,0.0,0.0,1.0,1.0,449.0,66.0,106.3,81.24952380952382,17.980611971731314,78.6,0.0029567003250122,5.5,12.738549819429116,25.42842531019045,361.92405328798185,0.9,38.5,Benign
13820.29,6.0,64.0,24.68341751407131,24.68341751407131,0.0,0.0,0.04,0.1,0.56,0.88,0.0,0.0,0.37,0.21,1.43,18.92,0.0,0.0,0.0,0.0,0.0,0.0,0.0,1.0,0.0,0.0,0.0,0.0,0.0,1.0,1.0,7438.41,313.48,1335.61,744.6049288699776,412.66608904372,643.86,84666955.50722615,9.5,36.635518487195135,582.6707214580717,238087.34417432136,0.86,141.55,MQTT-DDoS-Publish_Flood
377.7,6.0,64.0,10.138798499142096,10.138798499142096,0.0,0.21,0.28,0.14,0.15,0.62,0.0,0.0,0.96,1.52,0.31,4.36,0.0,0.0,0.0,0.0,0.0,0.0,0.0,1.0,0.0,0.0,0.0,0.0,0.0,1.0,1.0,723.41,59.96,77.06,68.80567151239713,5.675190672453174,68.56,84667022.96810788,9.5,11.724595354312047,8.02140236873651,42.26356910252292,0.88,141.55,MQTT-DDoS-Connect_Flood
597.62,6.0,64.0,5.381543134221868,5.381543134221868,0.0,0.14,0.38,0.23,0.15,0.39,0.0,0.0,1.47,3.06,0.75,6.32,0.0,0.0,0.0,0.0,0.0,0.0,0.0,1.0,0.0,0.0,0.0,0.0,0.0,1.0,1.0,723.26,59.88,79.65,69.01432159880882,6.668481012577408,68.79,84667042.91137555,9.5,11.74227949375079,9.419895919158616,64.07600337265232,0.76,141.55,MQTT-DDoS-Connect_Flood
496.45,6.0,64.0,9.386728524148818,9.386728524148818,0.0,0.28,0.44,0.0,0.23,0.7,0.0,0.0,1.31,2.13,0.34,5.72,0.0,0.0,0.0,0.0,0.0,0.0,0.0,1.0,0.0,0.0,0.0,0.0,0.0,1.0,1.0,758.59,66.72,80.3,72.0151441706728,5.003805288248408,72.85,84667025.20180249,9.5,11.999909355663355,7.075349877501561,29.899178223736,0.92,141.55,MQTT-DDoS-Connect_Flood
476374.6,6.0,64.0,1.72060124984776,1.72060124984776,0.0,0.0,0.0,0.0,0.5,1.0,0.0,0.0,0.0,0.0,0.0,5860.3,0.0,0.0,0.0,0.0,0.0,0.0,0.0,1.0,0.0,0.0,0.0,0.0,0.0,1.0,1.0,1252.6,66.0,118.0,80.81326986137358,17.175049619706265,81.1,169466913.22615498,13.5,12.719326178118411,24.30528747164492,295.78269308518486,1.0,244.6,Benign
357887.3,6.0,64.0,1.5941585514030354,1.5941585514030354,0.0,0.0,0.0,0.0,0.5,1.0,0.0,0.0,0.0,0.0,0.0,4558.9,0.0,0.0,0.0,0.0,0.0,0.0,0.0,1.0,0.0,0.0,0.0,0.0,0.0,1.0,1.0,435.5,66.0,106.5,79.08150793650793,15.714200324179538,78.3,0.0002014875411987,5.5,12.568931640084958,22.22323522030239,280.9733053036029,0.9,38.5,Benign
300.18,6.0,64.0,10.962984585273588,10.962984585273588,0.0,0.2,0.47,0.05,0.11,0.95,0.0,0.0,0.65,1.57,0.41,3.36,0.0,0.0,0.0,0.0,0.0,0.0,0.0,1.0,0.0,0.0,0.0,0.0,0.0,1.0,1.0,735.64,65.48,74.59,70.39970204077828,3.665994426276456,69.86,84667045.7798875,9.5,11.863853684106251,5.177319486118664,15.682869046336334,0.93,141.55,MQTT-DDoS-Connect_Flood
415.02,6.0,64.0,12.242086643917135,12.242086643917135,0.0,0.24,0.24,0.17,0.19,0.79,0.0,0.0,1.12,1.67,0.43,4.96,0.0,0.0,0.0,0.0,0.0,0.0,0.0,1.0,0.0,0.0,0.0,0.0,0.0,1.0,1.0,720.06,61.08,76.45,67.82937301372517,5.860012677071779,68.14,84667037.99139832,9.5,11.639845979447186,8.277571999640172,48.35811985553824,0.89,141.55,MQTT-DDoS-Connect_Flood
14756.2,6.0,64.0,0.9666487647700636,0.9666487647700636,0.0,0.0,0.0,0.0,0.5,1.0,0.0,0.0,0.0,0.0,0.0,183.1,0.0,0.0,0.0,0.0,0.0,0.0,0.0,1.0,0.0,0.0,0.0,0.0,0.0,1.0,1.0,1238.8,66.0,123.0,79.89560576893008,17.133414779079683,80.8,169468275.034849,13.5,12.646601170056648,24.25246378825036,294.5432871245831,1.0,244.6,Benign
228977.0,17.0,60.0,341.0499847549103,341.0499847549103,0.0,0.0,0.0,0.0,0.0,0.0,0.0,0.0,0.0,0.0,0.0,0.0,0.0,0.0,0.0,0.0,0.0,0.0,0.0,0.0,1.0,0.0,0.0,0.0,0.0,1.0,1.0,20026.0,1292.0,1292.0,1292.0,0.0,1292.0,169461865.76984042,13.5,50.83306010855534,0.0,0.0,0.0,244.6,Benign
398.08,6.0,64.0,12.54836840046482,12.54836840046482,0.0,0.64,0.01,0.26,0.03,0.73,0.0,0.0,1.37,1.15,0.46,4.95,0.0,0.0,0.0,0.0,0.0,0.0,0.0,1.0,0.0,0.0,0.0,0.0,0.0,1.0,1.0,670.65,61.8,69.23,64.47270477381235,3.0868567793950548,63.46,84667046.83223611,9.5,11.351076082962097,4.364266875286832,28.179492301043265,0.37,141.55,MQTT-DDoS-Connect_Flood
54856.45,6.0,64.0,83.46993397717465,83.46993397717465,0.0,0.0,0.0,0.0,0.6,1.0,0.0,0.0,0.0,0.0,0.0,142.07,0.0,0.0,0.0,0.0,0.0,0.0,0.0,1.0,0.0,0.0,0.0,0.0,0.0,1.0,1.0,2150.65,110.69,374.31,191.7396058113713,86.98378947107676,219.69,84666484.66821797,9.5,18.6069951043499,122.90425080281692,19123.809359679955,0.63,141.55,MQTT-DoS-Publish_Flood
368333.6,6.0,64.0,1.7742340324371952,1.7742340324371952,0.0,0.0,0.0,0.0,0.5,1.0,0.0,0.0,0.0,0.0,0.0,4541.9,0.0,0.0,0.0,0.0,0.0,0.0,0.0,1.0,0.0,0.0,0.0,0.0,0.0,1.0,1.0,445.6,67.8,100.4,80.41234126984128,13.166148994919018,80.9,7.731914520263672e-05,5.5,12.679220788783628,18.61974647283937,207.36557613693623,0.9,38.5,Benign
507773.8,6.0,64.0,1.773659812381733,1.773659812381733,0.0,0.0,0.0,0.0,0.5,1.0,0.0,0.0,0.0,0.0,0.0,6503.9,0.0,0.0,0.0,0.0,0.0,0.0,0.0,1.0,0.0,0.0,0.0,0.0,0.0,1.0,1.0,441.2,67.8,105.6,80.8261507936508,13.812780716589948,78.2,0.0256715059280395,5.5,12.71181615205867,19.534221823487066,218.47046956097256,0.9,38.5,Benign
125754.6,6.0,64.0,1.094847199613065,1.094847199613065,0.0,0.0,0.0,0.0,0.5,1.0,0.0,0.0,0.0,0.0,0.0,1628.3,0.0,0.0,0.0,0.0,0.0,0.0,0.0,1.0,0.0,0.0,0.0,0.0,0.0,1.0,1.0,416.6,66.0,90.4,74.96809523809523,10.090919719577675,78.2,6.668567657470703e-05,5.5,12.24174114392522,14.270715524244856,114.69822562358276,0.9,38.5,Benign
204036.8,4.8,47.9,1.6871476735911604,1.6871476735911604,0.0,0.0,0.0,0.0,0.4,0.8,0.0,0.0,0.0,0.0,0.0,2695.3,0.0,0.0,0.0,0.0,0.0,0.0,0.0,0.8,0.0,0.0,0.2,0.0,0.0,0.8,0.8,2089.0,58.8,933.0,136.8406201297842,213.012440732574,88.0,169465524.4778805,13.5,16.484317731416706,301.5879719707748,45793.00354669222,1.0,244.6,Benign
257019.2,15.9,60.4,277.927578585329,277.927578585329,0.0,0.0,0.0,0.0,0.1,0.1,0.0,0.0,0.0,0.0,0.0,9.0,0.0,0.0,0.0,0.0,0.0,0.0,0.0,0.1,0.9,0.0,0.0,0.0,0.0,1.0,1.0,19059.6,325.6,1292.0,1232.2608993448932,232.0702551257491,1171.2,169461871.8655309,13.5,49.63358387181507,329.1112100653386,67958.48911094127,0.8,244.6,Benign
55625.91,6.0,64.0,85.91937651021611,85.91937651021611,0.0,0.0,0.0,0.0,0.64,1.0,0.0,0.0,0.0,0.0,0.0,183.31,0.0,0.0,0.0,0.0,0.0,0.0,0.0,1.0,0.0,0.0,0.0,0.0,0.0,1.0,1.0,2827.22,109.6,626.26,260.1025925060921,169.5659538984318,310.16,84666983.52841033,9.5,21.99653265506605,239.126264129324,40399.58151834901,0.8,141.55,MQTT-DDoS-Publish_Flood
20601.0,6.0,64.0,0.6557663864594087,0.6557663864594087,0.0,0.0,0.0,0.0,0.2,1.0,0.0,0.0,0.0,0.0,0.0,276.1,0.0,0.0,0.0,0.0,0.0,0.0,0.0,1.0,0.0,0.0,0.0,0.0,0.0,1.0,1.0,429.3,72.8,117.0,84.21698412698412,16.431870798327814,72.8,0.0041599988937377,5.5,12.940150951578737,23.23817453815761,303.2592265054169,0.9,38.5,Benign
104.71,6.0,64.0,20572.92638088534,20572.92638088534,0.0,0.14,0.45,0.12,0.12,0.5,0.0,0.0,0.15,0.47,0.16,0.95,0.0,0.0,0.0,0.0,0.0,0.0,0.0,1.0,0.0,0.0,0.0,0.0,0.0,1.0,1.0,725.36,65.16,75.15,68.86206053350675,3.504555621894608,69.54,84667029.32083608,9.5,11.725070142697016,4.95842545518739,20.48866226090046,0.75,141.55,MQTT-DDoS-Connect_Flood
144811.7,7.1,99.9,1.1125105078207205,1.1125105078207205,0.0,0.0,0.0,0.0,0.5,0.9,0.0,0.0,0.0,0.0,0.0,1711.5,0.0,0.0,0.0,0.0,0.0,0.0,0.0,0.9,0.1,0.0,0.0,0.0,0.0,1.0,1.0,1374.7,66.0,205.5,87.91731503446674,34.89538886633272,100.4,169466729.3250864,13.5,13.254393499982498,49.49588323050556,1374.601381855068,1.0,244.6,Benign
528.68,6.0,64.0,9.371219426311432,9.371219426311432,0.0,0.1,0.1,0.37,0.16,0.58,0.0,0.0,1.42,1.94,0.97,5.97,0.0,0.0,0.0,0.0,0.0,0.0,0.0,1.0,0.0,0.0,0.0,0.0,0.0,1.0,1.0,662.03,58.97,72.35,63.17862755820031,4.4960694793690426,63.52,84667023.95789595,9.5,11.225070934924725,6.352144772558615,32.133701361866216,0.84,141.55,MQTT-DDoS-Connect_Flood
34089.9,8.2,57.7,0.8557692761558877,0.8557692761558877,0.0,0.0,0.0,0.0,0.6,0.8,0.0,0.0,0.0,0.0,0.0,410.6,0.0,0.0,0.0,0.0,0.0,0.0,0.0,0.8,0.2,0.0,0.0,0.0,0.0,1.0,1.0,1866.4,66.0,757.2,117.57854806700009,165.99402177537294,180.8,169464984.1116317,13.5,15.2306371616833,235.4162945237109,34775.45135159576,0.8,244.6,Benign
104692.0,7.1,64.0,1.4384423455142523,1.4384423455142523,0.0,0.0,0.0,0.0,0.4,0.9,0.0,0.0,0.0,0.0,0.0,1321.0,0.0,0.0,0.0,0.0,0.0,0.0,0.0,0.9,0.1,0.0,0.0,0.0,0.0,1.0,1.0,680.9,66.0,342.8,104.58623015873016,87.98886759548995,162.7,0.1000242948532104,5.5,14.158383090222326,124.43504989139244,21789.078107882968,0.9,38.5,Benign
7627.41,6.0,64.0,23.623910266708933,23.623910266708933,0.0,0.0,0.18,0.47,0.22,0.39,0.0,0.0,0.91,2.1,8.53,19.5,0.0,0.0,0.0,0.0,0.0,0.0,0.0,1.0,0.0,0.0,0.0,0.0,0.0,1.0,1.0,2134.15,57.61,540.32,176.81948640476315,173.31887291016753,241.49,84666954.06784357,9.5,16.903052315209173,244.95353372661967,87458.06062804868,0.76,141.55,MQTT-DDoS-Publish_Flood
96508.3,6.0,64.0,76.66182080825256,76.66182080825256,0.0,0.0,0.0,0.0,0.48,1.0,0.0,0.0,0.0,0.0,0.0,280.03,0.0,0.0,0.0,0.0,0.0,0.0,0.0,1.0,0.0,0.0,0.0,0.0,0.0,1.0,1.0,6870.95,177.2,1270.18,632.6044409372877,408.7171474097569,673.74,84666492.66989566,9.5,33.444516171841805,577.3838472804882,215952.924178413,0.85,141.55,MQTT-DoS-Publish_Flood
3324210.2,6.0,211.2,107.2640122593,107.2640122593,0.0,0.0,0.0,0.0,0.0,1.0,0.0,0.0,0.0,0.0,0.0,3353.5,0.0,1.0,0.0,0.0,0.0,0.0,0.0,1.0,0.0,0.0,0.0,0.0,0.0,1.0,1.0,18016.2,351.6,1494.0,1199.024858299595,478.1990896586509,351.6,169323397.7813189,13.5,48.90448421614969,674.7566614269386,292860.1705911587,0.8,244.6,MQTT-Malformed_Data
56134.15,6.0,64.0,72.74255973906905,72.74255973906905,0.0,0.0,0.0,0.0,0.76,1.0,0.0,0.0,0.0,0.0,0.0,173.13,0.0,0.0,0.0,0.0,0.0,0.0,0.0,1.0,0.0,0.0,0.0,0.0,0.0,1.0,1.0,6027.2,262.68,1078.54,586.3231302500819,289.2640356763907,565.69,84666499.60912172,9.5,32.56946780837837,409.55613496495135,119104.38266156569,0.87,141.55,MQTT-DoS-Publish_Flood
230835.5,6.0,64.0,0.997875865089864,0.997875865089864,0.0,0.0,0.0,0.0,0.0,1.0,0.0,0.0,0.0,0.0,0.0,2972.5,0.0,0.0,0.0,0.0,0.0,0.0,0.0,1.0,0.0,0.0,0.0,0.0,0.0,1.0,1.0,363.0,66.0,66.0,66.0,0.0,66.0,0.0003865003585815,5.5,11.489125293076055,0.0,0.0,0.0,38.5,Benign
421764.2,7.1,81.9,1.6617536962391928,1.6617536962391928,0.0,0.0,0.0,0.0,0.4,0.9,0.0,0.0,0.0,0.0,0.0,5112.3,0.0,0.1,0.0,0.0,0.0,0.0,0.0,0.9,0.1,0.0,0.0,0.0,0.0,1.0,1.0,1266.5,57.6,170.5,81.17362409262564,26.27355572638851,92.1,169470217.4452932,13.5,12.727706552876432,37.20209531175065,808.3117875518024,1.0,244.6,Benign
450.99,6.0,64.0,9.144114913485993,9.144114913485993,0.0,0.3,0.2,0.11,0.13,0.73,0.0,0.0,1.09,2.07,0.51,4.98,0.0,0.0,0.0,0.0,0.0,0.0,0.0,1.0,0.0,0.0,0.0,0.0,0.0,1.0,1.0,711.3,60.88,78.06,67.66583436008436,5.195583976493549,67.95,84667048.09051222,9.5,11.6283389610037,7.340449772607287,36.92915540049368,0.88,141.55,MQTT-DDoS-Connect_Flood
294559.4,6.0,235.5,29.3094312405496,29.3094312405496,0.0,0.0,0.0,0.0,0.1,1.0,0.0,0.0,0.0,0.9,0.0,3510.3,0.0,1.0,0.0,0.0,0.0,0.0,0.0,1.0,0.0,0.0,0.0,0.0,0.0,1.0,1.0,1036.0,66.0,79.0,66.72672772617818,2.9839129472799857,68.6,169469234.1802789,13.5,11.552621853656891,4.23956897017701,17.991685872107276,0.5,244.6,Benign
24620.57,6.0,64.0,85.72759538212749,85.72759538212749,0.0,0.0,0.0,0.0,0.48,1.0,0.0,0.0,0.02,0.43,0.0,75.22,0.0,0.0,0.0,0.0,0.0,0.0,0.0,1.0,0.0,0.0,0.0,0.0,0.0,1.0,1.0,7723.25,177.04,1411.4,743.4725866784145,476.7814781091322,646.51,84666978.05214202,9.5,37.9485556040938,674.64388591841,255624.9975907502,0.92,141.55,MQTT-DDoS-Publish_Flood
169667.8,7.1,62.4,0.7430802422751719,0.7430802422751719,0.0,0.0,0.0,0.0,0.4,0.9,0.0,0.0,0.0,0.1,0.0,2088.6,0.0,0.0,0.0,0.0,0.0,0.0,0.0,0.9,0.1,0.0,0.0,0.0,0.0,1.0,1.0,1327.2,56.4,203.7,85.73096557424344,34.90637737250373,87.4,169469416.13505152,13.5,13.091074324319646,49.486000413187206,1265.0460687825905,1.0,244.6,Benign
282.94,6.0,64.0,10.222445298361505,10.222445298361505,0.0,0.19,0.36,0.11,0.2,0.73,0.0,0.0,0.71,1.24,0.25,3.26,0.0,0.0,0.0,0.0,0.0,0.0,0.0,1.0,0.0,0.0,0.0,0.0,0.0,1.0,1.0,737.34,64.02,81.12,70.76368167303113,5.72686830056205,69.91,84667043.61080696,9.5,11.89051831049443,8.09836134826083,43.492487307692464,0.85,141.55,MQTT-DDoS-Connect_Flood
5252944.0,6.0,56.8,2148.7440346203134,2148.7440346203134,0.0,0.0,0.0,0.0,0.3,1.0,0.0,0.0,0.0,0.0,0.0,5008.7,1.0,0.0,0.0,0.0,0.0,0.0,0.0,1.0,0.0,0.0,0.0,0.0,0.0,1.0,1.0,20595.0,66.0,1514.0,1321.928853008017,485.8336820368356,1514.0,169461592.929141,13.5,51.39889953753906,688.4723270641016,238427.24175546737,1.0,244.6,Benign
60084.62,6.0,64.0,72.06621262467387,72.06621262467387,0.0,0.0,0.0,0.0,0.39,1.0,0.0,0.0,0.0,0.0,0.0,206.07,0.0,0.0,0.0,0.0,0.0,0.0,0.0,1.0,0.0,0.0,0.0,0.0,0.0,1.0,1.0,2192.24,98.39,774.63,221.80477235685711,212.0676989392784,229.5,84666492.13361402,9.5,19.93280100909477,299.3135083347129,75014.21088186667,0.83,141.55,MQTT-DoS-Publish_Flood
127.31,6.0,64.0,2757.193859044959,2757.193859044959,0.0,0.04,0.04,0.59,0.1,0.47,0.0,0.0,0.13,0.12,0.78,1.15,0.0,0.0,0.0,0.0,0.0,0.0,0.0,1.0,0.0,0.0,0.0,0.0,0.0,1.0,1.0,659.5,55.7,76.42,63.59223124540579,7.172115886309881,62.09,84667042.07064825,9.5,11.266345080733878,10.153782180579856,63.67673046806756,0.87,141.55,MQTT-DDoS-Connect_Flood
333.0,6.0,64.0,9.83338549195508,9.83338549195508,0.0,0.33,0.17,0.0,0.31,0.91,0.0,0.0,0.76,1.57,0.09,4.13,0.0,0.0,0.0,0.0,0.0,0.0,0.0,1.0,0.0,0.0,0.0,0.0,0.0,1.0,1.0,741.08,66.28,77.46,70.29603953588551,4.608843675421636,70.37,84667021.43633933,9.5,11.855521586598895,6.518508146319487,27.87951374125684,0.9,141.55,MQTT-DDoS-Connect_Flood
169261.4,5.9,70.3,1.0695182931579006,1.0695182931579006,0.0,0.0,0.0,0.0,0.3,0.7,0.0,0.0,0.0,0.0,0.0,1888.7,0.0,0.0,0.0,0.0,0.0,0.0,0.0,0.7,0.1,0.0,0.2,0.0,0.0,0.8,0.8,1218.5,58.8,124.5,78.55118847784483,18.17004730704649,89.9,169461821.7621706,13.5,12.465186092584483,22.321671303480983,249.9326248925456,1.0,244.6,Benign
6907.8,5.8,56.3,10.72637390450615,10.72637390450615,0.0,0.0,0.0,0.0,0.2,0.4,0.0,0.0,0.0,0.0,0.0,57.6,0.0,0.0,0.0,0.0,0.0,0.0,0.0,0.4,0.2,0.0,0.4,0.0,0.0,0.6,0.6,527.8,54.0,218.0,95.54420634920636,56.3198786576266,84.6,0.081124210357666,5.5,13.74561030703357,79.64833622882256,4037.0788865583263,0.8,38.5,MQTT-Malformed_Data
24199.64,6.0,64.0,72.58645315401041,72.58645315401041,0.0,0.0,0.0,0.0,0.53,1.0,0.0,0.0,0.0,0.0,0.0,61.74,0.0,0.0,0.0,0.0,0.0,0.0,0.0,1.0,0.0,0.0,0.0,0.0,0.0,1.0,1.0,7405.19,337.85,1100.02,737.2683090652898,297.9507826339783,646.03,84666488.5060362,9.5,35.70498489372414,421.5539821136457,140714.12487006397,0.71,141.55,MQTT-DoS-Publish_Flood
602.12,6.0,64.0,11.181091756643582,11.181091756643582,0.0,0.12,0.12,0.56,0.12,0.32,0.0,0.0,1.76,2.08,1.1,6.65,0.0,0.0,0.0,0.0,0.0,0.0,0.0,1.0,0.0,0.0,0.0,0.0,0.0,1.0,1.0,643.73,54.44,76.56,60.89248268600165,8.380655226528058,62.23,84667024.09364712,9.5,11.030043919358782,11.839719956266975,82.28383453563383,0.9,141.55,MQTT-DDoS-Connect_Flood
374969.1,6.0,64.0,1.44676779373066,1.44676779373066,0.0,0.0,0.0,0.0,0.5,1.0,0.0,0.0,0.0,0.0,0.0,4550.9,0.0,0.0,0.0,0.0,0.0,0.0,0.0,1.0,0.0,0.0,0.0,0.0,0.0,1.0,1.0,1340.3,42.0,246.0,86.6355914201038,45.60104553429876,81.1,169467317.6295537,13.5,13.163419093342052,64.63792026504277,2101.611821843506,1.0,244.6,Benign
491748.7,7.1,64.0,1.850478812116852,1.850478812116852,0.0,0.0,0.0,0.0,0.4,0.9,0.0,0.0,0.0,0.0,0.0,5910.4,0.0,0.0,0.0,0.0,0.0,0.0,0.0,0.9,0.1,0.0,0.0,0.0,0.0,1.0,1.0,1249.7,66.0,121.3,80.3950566074792,18.21665745784721,93.5,169470228.836777,13.5,12.62680094065444,23.34419200093286,273.3061363453294,1.0,244.6,Benign
530.01,6.0,64.0,8.735296648370479,8.735296648370479,0.0,0.15,0.22,0.35,0.16,0.43,0.0,0.0,1.43,2.1,0.8,5.82,0.0,0.0,0.0,0.0,0.0,0.0,0.0,1.0,0.0,0.0,0.0,0.0,0.0,1.0,1.0,700.58,58.08,79.2,66.52603281943375,7.45163006167354,66.26,84667028.87979408,9.5,11.524116414606125,10.519411420445891,67.32163417706863,0.89,141.55,MQTT-DDoS-Connect_Flood
368439.6,6.0,64.0,1.5142453836046506,1.5142453836046506,0.0,0.0,0.0,0.0,0.5,1.0,0.0,0.0,0.0,0.0,0.0,4481.0,0.0,0.0,0.0,0.0,0.0,0.0,0.0,1.0,0.0,0.0,0.0,0.0,0.0,1.0,1.0,1354.4,66.0,214.0,87.58305579697222,36.442992884342,81.2,169469773.9446295,13.5,13.235286286837958,51.65764839577243,1340.4926697625656,1.0,244.6,Benign
282956.0,6.0,64.0,1.6437579916895635,1.6437579916895635,0.0,0.0,0.0,0.0,0.5,1.0,0.0,0.0,0.0,0.0,0.0,3465.3,0.0,0.0,0.0,0.0,0.0,0.0,0.0,1.0,0.0,0.0,0.0,0.0,0.0,1.0,1.0,1194.2,66.0,103.0,76.80391095488619,12.547468452285722,81.2,169463744.7086613,13.5,12.389132966265784,17.770731064663426,163.2085494770227,1.0,244.6,Benign
112136.1,6.0,64.0,2.4781062906911524,2.4781062906911524,0.0,0.0,0.0,0.0,0.5,1.0,0.0,0.0,0.0,0.8,0.0,1278.9,0.0,0.0,0.0,0.0,0.0,0.0,0.0,1.0,0.0,0.0,0.0,0.0,0.0,1.0,1.0,1297.7,66.0,171.0,83.32011261313507,27.02215331418764,88.2,169461980.29786378,13.5,12.906231308835633,38.33355416182239,814.1671051053756,1.0,244.6,Benign
15573.32,6.0,64.0,99.85421471814102,99.85421471814102,0.0,0.0,0.0,0.0,0.34,1.0,0.0,0.0,0.0,0.0,0.0,43.77,0.0,0.0,0.0,0.0,0.0,0.0,0.0,1.0,0.0,0.0,0.0,0.0,0.0,1.0,1.0,2526.86,113.96,440.18,237.19422834273576,117.69217901278496,274.35,84666480.504071,9.5,19.73373923921253,165.06964318913094,32722.90877598687,0.46,141.55,MQTT-DoS-Publish_Flood
38508.57,6.0,64.0,80.8131770946396,80.8131770946396,0.0,0.0,0.0,0.0,0.53,1.0,0.0,0.0,0.0,0.0,0.0,155.94,0.0,0.0,0.0,0.0,0.0,0.0,0.0,1.0,0.0,0.0,0.0,0.0,0.0,1.0,1.0,1581.35,120.5,196.8,151.24631649757194,30.92528792308885,146.66,84666489.66965124,9.5,16.835947030192465,43.48461197289959,1731.4542063055997,0.57,141.55,MQTT-DoS-Publish_Flood
3767.3,6.0,64.0,0.3816863945907934,0.3816863945907934,0.0,0.0,0.0,0.0,0.9,1.0,0.0,0.0,0.0,0.0,0.0,46.4,0.0,0.0,0.0,0.0,0.0,0.0,0.0,1.0,0.0,0.0,0.0,0.0,0.0,1.0,1.0,509.5,79.8,108.6,91.23210317460315,11.597465432412926,91.4,0.0039407014846801,5.5,13.505203460256576,16.40129290367151,173.01181555492568,0.9,38.5,Benign
6827.8,8.2,101.0,1.495727068655503,1.495727068655503,0.0,0.0,0.0,0.0,0.3,0.8,0.0,0.0,0.0,0.0,0.0,80.0,0.0,0.1,0.0,0.0,0.0,0.0,0.0,0.8,0.2,0.0,0.0,0.0,0.0,1.0,1.0,1947.5,56.4,710.6,122.831714974482,153.7394190567572,174.6,169466158.31712082,13.5,15.610495675605344,218.03423782366443,29695.932410528767,1.0,244.6,Benign
25913.8,6.0,64.0,2.0475845839598525,2.0475845839598525,0.0,0.0,0.0,0.0,0.5,1.0,0.0,0.0,0.0,0.0,0.0,322.7,0.0,0.0,0.0,0.0,0.0,0.0,0.0,1.0,0.0,0.0,0.0,0.0,0.0,1.0,1.0,1378.4,66.0,214.0,89.16245827486927,37.212061589664856,80.5,169463196.2730666,13.5,13.361697874812194,52.699877856186575,1394.577416124525,1.0,244.6,Benign
23179.1,6.0,64.0,1.451293040277143,1.451293040277143,0.0,0.0,0.0,0.0,0.5,1.0,0.0,0.0,0.0,0.0,0.0,281.1,0.0,0.0,0.0,0.0,0.0,0.0,0.0,1.0,0.0,0.0,0.0,0.0,0.0,1.0,1.0,1267.8,42.0,256.0,81.78151124331465,49.73307177007001,81.2,169462097.59809402,13.5,12.78800931979581,70.49377956897747,2500.758500658333,1.0,244.6,Benign
5101.97,6.0,64.0,391.3508373070823,391.3508373070823,0.0,0.0,0.11,0.3,0.37,0.59,0.0,0.0,0.07,0.11,5.13,4.16,0.0,0.0,0.0,0.0,0.0,0.0,0.0,1.0,0.0,0.0,0.0,0.0,0.0,1.0,1.0,7172.11,198.66,1211.44,670.4244699465053,421.9322950132968,700.92,84666973.01787958,9.5,33.72056289744805,597.2786439702664,255131.31966662544,0.85,141.55,MQTT-DDoS-Publish_Flood
33953.09,6.0,64.0,29.437818070808788,29.437818070808788,0.0,0.02,0.1,0.22,0.32,0.72,0.0,0.0,0.61,0.81,12.96,34.01,0.0,0.0,0.0,0.0,0.0,0.0,0.0,1.0,0.0,0.0,0.0,0.0,0.0,1.0,1.0,6604.02,214.72,1261.34,685.1246856243172,417.0384178360581,665.3,84666972.48939043,9.5,34.23015656269733,588.5531660101633,234982.02117685,0.93,141.55,MQTT-DDoS-Publish_Flood
477.8,6.0,64.0,19.40473115129383,19.40473115129383,0.0,0.19,0.23,0.26,0.18,0.57,0.0,0.0,1.31,1.84,0.6,5.48,0.0,0.0,0.0,0.0,0.0,0.0,0.0,1.0,0.0,0.0,0.0,0.0,0.0,1.0,1.0,706.34,60.53,79.76,67.80308979634057,6.992371334300039,67.2,84667044.37978996,9.5,11.635437582318737,9.895057225609788,58.17613153981413,0.95,141.55,MQTT-DDoS-Connect_Flood
449.29,6.0,64.0,9.158406538017976,9.158406538017976,0.0,0.17,0.17,0.09,0.18,0.89,0.0,0.0,1.13,1.89,0.44,5.23,0.0,0.0,0.0,0.0,0.0,0.0,0.0,1.0,0.0,0.0,0.0,0.0,0.0,1.0,1.0,733.79,61.72,79.59,69.87282549768773,6.533268342545931,69.3,84667047.92045827,9.5,11.818458705703112,9.238453131349273,51.31471747615326,0.92,141.55,MQTT-DDoS-Connect_Flood
325.39,6.0,64.0,9.435360059898594,9.435360059898594,0.0,0.2,0.02,0.0,0.7,1.0,0.0,0.0,0.25,1.99,0.3,3.37,0.0,0.0,0.0,0.0,0.0,0.0,0.0,1.0,0.0,0.0,0.0,0.0,0.0,1.0,1.0,722.6,66.08,70.6,68.64156209012866,1.7081512151605318,68.96,84667017.91538545,9.5,11.716482740112983,2.418023377612041,3.219372272218803,0.94,141.55,MQTT-DDoS-Connect_Flood
362.28,6.0,64.0,64.58232384369258,64.58232384369258,0.0,0.21,0.07,0.35,0.19,0.63,0.0,0.0,0.95,1.54,0.73,3.49,0.0,0.0,0.0,0.0,0.0,0.0,0.0,1.0,0.0,0.0,0.0,0.0,0.0,1.0,1.0,684.12,56.88,77.2,64.91112460724689,7.494802531829134,65.16,84662358.37022825,9.5,11.385642014220764,10.606500031877182,66.13148349309826,0.91,141.55,MQTT-DoS-Connect_Flood
90814.87,6.0,64.0,90.09440132633335,90.09440132633335,0.0,0.0,0.0,0.0,0.8,1.0,0.0,0.0,0.0,0.0,0.0,299.08,0.0,0.0,0.0,0.0,0.0,0.0,0.0,1.0,0.0,0.0,0.0,0.0,0.0,1.0,1.0,2221.18,143.39,361.39,210.1305510903785,74.9688386076433,209.88,84666481.50568746,9.5,20.137279961171792,106.0307945392008,7554.74045476238,0.88,141.55,MQTT-DoS-Publish_Flood
241111.0,6.0,64.0,260.0252342405596,260.0252342405596,0.0,0.0,0.0,0.0,0.0,1.0,0.0,0.0,0.0,2.0,0.0,284.5,0.0,1.0,0.0,0.0,0.0,0.0,0.0,1.0,0.0,0.0,0.0,0.0,0.0,1.0,1.0,23157.0,1494.0,1494.0,1494.0,0.0,1494.0,169462836.06702468,13.5,54.6626014748658,0.0,0.0,0.0,244.6,Benign
57332.2,6.0,64.0,1.9061090754963927,1.9061090754963927,0.0,0.0,0.0,0.0,0.5,1.0,0.0,0.0,0.0,0.0,0.0,710.5,0.0,0.0,0.0,0.0,0.0,0.0,0.0,1.0,0.0,0.0,0.0,0.0,0.0,1.0,1.0,430.2,66.0,95.7,76.12714285714284,12.055511893175233,80.8,7.369518280029297e-05,5.5,12.333370026742315,17.04906842067856,176.29111678004534,0.9,38.5,Benign
550.93,6.0,64.0,10.964206733613496,10.964206733613496,0.0,0.19,0.18,0.25,0.22,0.6,0.0,0.0,1.39,2.25,0.61,6.25,0.0,0.0,0.0,0.0,0.0,0.0,0.0,1.0,0.0,0.0,0.0,0.0,0.0,1.0,1.0,716.36,59.81,79.17,68.48666830396127,7.2776618288679025,67.88,84667032.34729,9.5,11.691465450749709,10.275996201108486,62.18800578070278,0.92,141.55,MQTT-DDoS-Connect_Flood
4261.46,6.0,64.0,28.164984256537178,28.164984256537178,0.0,0.0,0.01,0.46,0.45,0.53,0.0,0.0,0.66,0.02,4.68,10.29,0.0,0.0,0.0,0.0,0.0,0.0,0.0,1.0,0.0,0.0,0.0,0.0,0.0,1.0,1.0,2818.63,115.25,652.2,297.33315934349446,227.4243564905494,214.71,84666966.02351627,9.5,22.15611633813117,321.9472178607522,129185.34344992446,0.75,141.55,MQTT-DDoS-Publish_Flood
44780.41,6.0,64.0,87.31497656638125,87.31497656638125,0.0,0.0,0.0,0.0,0.88,1.0,0.0,0.0,0.0,0.0,0.0,218.56,0.0,0.0,0.0,0.0,0.0,0.0,0.0,1.0,0.0,0.0,0.0,0.0,0.0,1.0,1.0,2429.37,165.19,280.73,237.79840366320124,50.95793312507597,226.23,84666494.20201764,9.5,21.76262851751696,72.04321833965132,3364.8470986658253,0.84,141.55,MQTT-DoS-Publish_Flood
220225.3,7.1,81.9,1.660084811156199,1.660084811156199,0.0,0.0,0.0,0.0,0.4,0.9,0.0,0.0,0.0,0.0,0.0,2619.0,0.0,0.1,0.0,0.0,0.0,0.0,0.0,0.9,0.1,0.0,0.0,0.0,0.0,1.0,1.0,1498.2,55.2,246.0,97.26807040826392,54.27221195603524,92.2,169470466.2341758,13.5,13.955766874240444,76.87230417035161,2969.786961566276,1.0,244.6,Benign
408.35,6.0,64.0,8.394981111007766,8.394981111007766,0.0,0.11,0.22,0.09,0.37,0.83,0.0,0.0,0.9,1.71,0.43,4.88,0.0,0.0,0.0,0.0,0.0,0.0,0.0,1.0,0.0,0.0,0.0,0.0,0.0,1.0,1.0,730.3,60.45,76.76,69.46725130270487,5.143809042341006,69.19,84667023.26164724,9.5,11.78479967401158,7.2766193606479,32.4200334014504,0.95,141.55,MQTT-DDoS-Connect_Flood
79252.45,6.0,64.0,74.60885760579787,74.60885760579787,0.0,0.0,0.0,0.0,0.49,1.0,0.0,0.0,0.0,0.0,0.0,278.69,0.0,0.0,0.0,0.0,0.0,0.0,0.0,1.0,0.0,0.0,0.0,0.0,0.0,1.0,1.0,1424.39,84.53,176.09,129.06348779286589,34.01946913359083,139.03,84666495.74621946,9.5,15.546565301422367,48.1038309230585,2508.876202550852,0.5,141.55,MQTT-DoS-Publish_Flood
245454.5,7.1,136.8,1.0147400193009493,1.0147400193009493,0.0,0.0,0.0,0.0,0.4,0.9,0.0,0.0,0.0,0.0,0.0,2873.9,0.0,0.3,0.0,0.0,0.0,0.0,0.0,0.9,0.1,0.0,0.0,0.0,0.0,1.0,1.0,1327.2,55.2,193.2,84.81496267105787,33.63612852532207,95.8,169463156.9067227,13.5,13.01725753967257,47.71997962860786,1293.91769555435,1.0,244.6,Benign
41450.8,6.0,64.0,70.50470770897722,70.50470770897722,0.0,0.0,0.0,0.0,0.65,1.0,0.0,0.0,0.0,0.0,0.0,154.69,0.0,0.0,0.0,0.0,0.0,0.0,0.0,1.0,0.0,0.0,0.0,0.0,0.0,1.0,1.0,4686.75,181.4,1171.17,440.3638537976901,299.0441571895806,424.61,84666500.76710206,9.5,28.81551122760939,423.3325706779816,119891.91313251208,0.89,141.55,MQTT-DoS-Publish_Flood
322.95,6.0,64.0,7.761053111297219,7.761053111297219,0.0,0.23,0.38,0.07,0.13,0.92,0.0,0.0,0.84,1.58,0.23,3.78,0.0,0.0,0.0,0.0,0.0,0.0,0.0,1.0,0.0,0.0,0.0,0.0,0.0,1.0,1.0,734.48,65.44,76.91,70.24480118320791,4.344573384740801,69.6,84667033.36276025,9.5,11.851388702389729,6.134868465408423,22.55819322287878,0.95,141.55,MQTT-DDoS-Connect_Flood
513.46,6.0,64.0,7.45743903161066,7.45743903161066,0.0,0.25,0.14,0.14,0.28,0.81,0.0,0.0,1.47,2.04,0.49,6.04,0.0,0.0,0.0,0.0,0.0,0.0,0.0,1.0,0.0,0.0,0.0,0.0,0.0,1.0,1.0,716.68,64.19,75.73,68.3242797351857,4.770401835843904,69.12,84667030.40191369,9.5,11.672371638515472,6.747948108458072,31.718811376209555,0.81,141.55,MQTT-DDoS-Connect_Flood
577.24,6.0,64.0,16.44926373773874,16.44926373773874,0.0,0.03,0.37,0.18,0.11,0.8,0.0,0.0,0.41,2.79,0.87,5.92,0.0,0.0,0.0,0.0,0.0,0.0,0.0,1.0,0.0,0.0,0.0,0.0,0.0,1.0,1.0,725.44,61.0,76.65,69.48421980874303,5.5762045773582045,68.74,84662365.58474296,9.5,11.782945310716164,7.890423550217007,39.58344448005479,0.94,141.55,MQTT-DoS-Connect_Flood
2246.54,6.0,64.0,155.9419652839196,155.9419652839196,0.0,0.0,0.0,0.0,0.75,1.0,0.0,0.0,0.0,0.0,0.0,11.28,0.0,0.0,0.0,0.0,0.0,0.0,0.0,1.0,0.0,0.0,0.0,0.0,0.0,1.0,1.0,2401.15,148.84,426.79,236.1149831164278,86.73756160896933,214.26,84666484.78218703,9.5,21.518848817351778,122.80276558959692,9533.689208392192,0.88,141.55,MQTT-DoS-Publish_Flood
631391.6,6.0,64.0,2.0334314254154315,2.0334314254154315,0.0,0.0,0.0,0.0,0.5,1.0,0.0,0.0,0.0,0.0,0.0,7861.3,0.0,0.0,0.0,0.0,0.0,0.0,0.0,1.0,0.0,0.0,0.0,0.0,0.0,1.0,1.0,443.6,67.7,100.2,80.00821428571427,12.970105939711395,80.4,0.0384517192840576,5.5,12.647380544620294,18.342499725355697,202.09155541383225,0.9,38.5,Benign
563.1,6.0,64.0,27.84683585018268,27.84683585018268,0.0,0.02,0.28,0.11,0.23,0.77,0.0,0.0,0.24,2.54,0.74,6.26,0.0,0.0,0.0,0.0,0.0,0.0,0.0,1.0,0.0,0.0,0.0,0.0,0.0,1.0,1.0,745.26,65.01,80.51,71.55647996379265,4.907852238310279,70.61,84662363.94504909,9.5,11.960876319735178,6.936905877156161,28.047794420245,0.93,141.55,MQTT-DoS-Connect_Flood
301522.9,6.0,174.4,2377.5519929898514,2377.5519929898514,0.0,0.0,0.0,0.0,0.1,1.0,0.0,0.0,0.0,2.0,0.0,363.5,0.0,1.0,0.0,0.0,0.0,0.0,0.0,1.0,0.0,0.0,0.0,0.0,0.0,1.0,1.0,19290.9,513.3,1494.0,1277.5363480392157,383.85783146359984,513.3,169323356.1792307,13.5,50.52827882978994,540.1644528787403,217363.73872434595,0.7,244.6,MQTT-Malformed_Data
31757.72,6.0,64.0,26.67503448867168,26.67503448867168,0.0,0.0,0.08,0.13,0.51,0.85,0.0,0.0,0.45,1.04,6.73,45.73,0.0,0.0,0.0,0.0,0.0,0.0,0.0,1.0,0.0,0.0,0.0,0.0,0.0,1.0,1.0,10538.5,334.41,1450.02,997.1955585348608,473.17344514331097,973.51,84666956.54733327,9.5,43.91339484272576,668.1118776957029,259369.5299018881,0.93,141.55,MQTT-DDoS-Publish_Flood
384.57,6.0,64.0,10.93503382959639,10.93503382959639,0.0,0.17,0.29,0.22,0.19,0.69,0.0,0.0,0.97,1.68,0.37,4.46,0.0,0.0,0.0,0.0,0.0,0.0,0.0,1.0,0.0,0.0,0.0,0.0,0.0,1.0,1.0,705.7,60.0,77.88,67.5088884521911,6.651469749651616,67.97,84667022.5603812,9.5,11.611555214617503,9.395436623639638,55.991500485628414,0.95,141.55,MQTT-DDoS-Connect_Flood
171170.5,7.1,69.3,0.7696302410222517,0.7696302410222517,0.0,0.0,0.0,0.0,0.4,0.9,0.0,0.0,0.0,0.0,0.0,1904.5,0.0,0.3,0.0,0.0,0.0,0.0,0.0,0.9,0.1,0.0,0.0,0.0,0.0,1.0,1.0,519.2,70.5,158.6,93.5195634920635,30.97875403744921,106.1,0.0776304960250854,5.5,13.65734840009667,43.81057410518096,1355.264943861804,0.9,38.5,Benign
197612.4,6.0,69.4,1.0404252277776054,1.0404252277776054,0.0,0.0,0.0,0.0,0.5,1.0,0.0,0.0,0.0,0.1,0.0,2635.6,0.0,0.2,0.0,0.0,0.0,0.0,0.0,1.0,0.0,0.0,0.0,0.0,0.0,1.0,1.0,420.6,67.7,88.8,77.12924603174604,8.852241070212223,75.8,0.099616003036499,5.5,12.418625278019146,12.518959378890248,87.37121256928697,0.9,38.5,Benign
7373.56,6.0,64.0,47.64425763856011,47.64425763856011,0.0,0.0,0.16,0.14,0.42,0.83,0.0,0.0,0.16,0.29,7.48,11.21,0.0,0.0,0.0,0.0,0.0,0.0,0.0,1.0,0.0,0.0,0.0,0.0,0.0,1.0,1.0,4300.5,115.45,984.39,414.8691096048344,313.074287023344,436.34,84666959.09870782,9.5,26.349587048315747,442.7945868545223,160761.28324986165,0.92,141.55,MQTT-DDoS-Publish_Flood
8377.64,6.0,64.0,89.8081610757665,89.8081610757665,0.0,0.0,0.0,0.0,0.67,1.0,0.0,0.0,0.0,0.0,0.0,19.72,0.0,0.0,0.0,0.0,0.0,0.0,0.0,1.0,0.0,0.0,0.0,0.0,0.0,1.0,1.0,3523.48,140.44,738.81,303.5609938619602,216.76827437770672,390.2,84666502.4486685,9.5,23.519021302926525,306.4738150369067,85388.05605518064,0.76,141.55,MQTT-DoS-Publish_Flood
575.26,6.0,64.0,9.139866217918213,9.139866217918213,0.0,0.11,0.14,0.36,0.16,0.57,0.0,0.0,1.57,2.11,0.89,6.5,0.0,0.0,0.0,0.0,0.0,0.0,0.0,1.0,0.0,0.0,0.0,0.0,0.0,1.0,1.0,682.02,56.96,77.2,64.85464554167882,7.067477406188317,65.24,84667029.9652801,9.5,11.379178536100664,10.002530977697882,58.769792588549365,0.89,141.55,MQTT-DDoS-Connect_Flood
373.31,6.0,64.0,7.088817774901535,7.088817774901535,0.0,0.22,0.21,0.06,0.27,0.94,0.0,0.0,0.75,2.01,0.45,4.01,0.0,0.0,0.0,0.0,0.0,0.0,0.0,1.0,0.0,0.0,0.0,0.0,0.0,1.0,1.0,720.11,64.4,73.36,68.2627982617228,3.723393700201205,68.69,84667017.70031385,9.5,11.682252758190026,5.269999192398911,27.266063365285444,0.72,141.55,MQTT-DDoS-Connect_Flood
524.93,6.0,64.0,9.791209101162622,9.791209101162622,0.0,0.11,0.18,0.25,0.11,0.61,0.0,0.0,1.26,2.15,0.62,5.97,0.0,0.0,0.0,0.0,0.0,0.0,0.0,1.0,0.0,0.0,0.0,0.0,0.0,1.0,1.0,690.36,55.92,77.57,65.2678536763804,6.998680399569712,66.41,84667026.02105431,9.5,11.418221758830102,9.901478279939104,58.9831289902671,0.89,141.55,MQTT-DDoS-Connect_Flood
372.49,6.0,64.0,10.101079907867366,10.101079907867366,0.0,0.15,0.15,0.21,0.15,0.79,0.0,0.0,0.88,1.59,0.61,4.28,0.0,0.0,0.0,0.0,0.0,0.0,0.0,1.0,0.0,0.0,0.0,0.0,0.0,1.0,1.0,685.58,60.28,72.86,64.91548199878038,4.726975926366017,65.41,84667024.45769432,9.5,11.387636594081137,6.684817705843576,31.729921986315425,0.93,141.55,MQTT-DDoS-Connect_Flood
95066.69,6.0,64.0,97.44986938432572,97.44986938432572,0.0,0.0,0.0,0.0,0.32,1.0,0.0,0.0,0.0,0.0,0.0,215.5,0.0,0.0,0.0,0.0,0.0,0.0,0.0,1.0,0.0,0.0,0.0,0.0,0.0,1.0,1.0,4865.66,135.0,923.04,481.2872591422165,296.16290849576467,500.93,84666479.50827403,9.5,27.214480997832453,418.39690867785606,147717.94104512013,0.65,141.55,MQTT-DoS-Publish_Flood
13435.22,6.0,64.0,20.6832023433021,20.6832023433021,0.0,0.02,0.04,0.34,0.4,0.66,0.0,0.0,0.74,1.7,7.42,29.96,0.0,0.0,0.0,0.0,0.0,0.0,0.0,1.0,0.0,0.0,0.0,0.0,0.0,1.0,1.0,6587.38,241.72,1269.58,640.2792915362072,413.85255554931473,588.79,84666967.94707718,9.5,33.347931020694034,584.9285343006338,230260.024588596,0.79,141.55,MQTT-DDoS-Publish_Flood
10965.77,6.0,64.0,100.62505271250669,100.62505271250669,0.0,0.0,0.0,0.0,0.65,1.0,0.0,0.0,0.0,0.0,0.0,35.73,0.0,0.0,0.0,0.0,0.0,0.0,0.0,1.0,0.0,0.0,0.0,0.0,0.0,1.0,1.0,3323.77,127.04,765.9,286.987868629006,212.27096409487623,338.5,84666486.09852347,9.5,22.59787286517001,300.4560173356569,77770.43472502979,0.79,141.55,MQTT-DoS-Publish_Flood
37780.99,6.0,63.95,273.1489010638539,273.1489010638539,0.0,0.0,0.01,0.19,0.41,0.8,0.0,0.0,0.55,0.58,7.14,47.32,0.0,0.23,0.0,0.0,0.0,0.0,0.0,1.0,0.0,0.0,0.0,0.0,0.0,1.0,1.0,9383.33,458.37,1377.29,923.8586605785426,386.1209611273009,952.39,84666959.46801466,9.5,41.56635343273755,546.2253556748282,208244.17361705555,0.83,141.55,MQTT-DDoS-Publish_Flood
470.93,6.0,64.0,8.434062682968294,8.434062682968294,0.0,0.16,0.11,0.29,0.18,0.63,0.0,0.0,1.25,1.69,0.86,5.4,0.0,0.0,0.0,0.0,0.0,0.0,0.0,1.0,0.0,0.0,0.0,0.0,0.0,1.0,1.0,689.57,58.08,75.49,66.11054020218688,5.703042965131438,64.74,84667020.58810112,9.5,11.49559104623997,8.059743683124275,42.081803343493945,0.91,141.55,MQTT-DDoS-Connect_Flood
387.57,6.0,64.0,10.755127019616078,10.755127019616078,0.0,0.21,0.11,0.11,0.3,0.87,0.0,0.0,0.88,1.53,0.58,4.68,0.0,0.0,0.0,0.0,0.0,0.0,0.0,1.0,0.0,0.0,0.0,0.0,0.0,1.0,1.0,707.28,61.93,76.2,67.43178974194879,4.817403461781793,67.15,84667035.5720575,9.5,11.611269502836794,6.81972576075428,36.24782186195943,0.88,141.55,MQTT-DDoS-Connect_Flood
257816.3,5.4,57.6,1.841049733469172,1.841049733469172,0.0,0.0,0.0,0.0,0.5,0.9,0.0,0.0,0.0,0.0,0.0,3188.3,0.0,0.0,0.0,0.0,0.0,0.0,0.0,0.9,0.0,0.0,0.1,0.0,0.0,0.9,0.9,424.4,60.0,95.3,74.4043253968254,13.292479001172518,80.0,0.0937782049179077,5.5,12.18816020972396,18.798404081017743,207.9745285178886,0.9,38.5,Benign
81867.42,6.0,64.0,103.0401017745254,103.0401017745254,0.0,0.0,0.0,0.0,0.14,1.0,0.0,0.0,0.0,0.0,0.0,317.08,0.0,0.0,0.0,0.0,0.0,0.0,0.0,1.0,0.0,0.0,0.0,0.0,0.0,1.0,1.0,1009.1,66.0,135.76,86.86137387749848,21.95029278665909,108.51,84666483.14657146,9.5,12.74677498850469,31.107496309569328,3740.14611976397,0.14,141.55,MQTT-DoS-Publish_Flood
127305.1,6.0,80.8,1.4436484399007368,1.4436484399007368,0.0,0.0,0.0,0.0,0.5,1.0,0.0,0.0,0.0,0.0,0.0,1612.7,0.0,0.0,0.0,0.0,0.0,0.0,0.0,1.0,0.0,0.0,0.0,0.0,0.0,1.0,1.0,1259.1,66.0,119.4,81.11362619750392,17.943045749527524,82.1,169467939.5320455,13.5,12.742925929040345,25.39331696911066,323.35381124515266,1.0,244.6,Benign
6849.1,7.1,64.0,1.933426445246195,1.933426445246195,0.0,0.0,0.0,0.0,0.3,0.9,0.0,0.0,0.0,0.0,0.0,80.7,0.0,0.0,0.0,0.0,0.0,0.0,0.0,0.9,0.1,0.0,0.0,0.0,0.0,1.0,1.0,525.4,74.1,192.5,93.81464285714284,37.56990197046551,161.0,0.005499792098999,5.5,13.598652619994748,53.13186490366,6849.150970946712,0.9,38.5,MQTT-Malformed_Data
333956.8,6.0,64.0,1.479805271344503,1.479805271344503,0.0,0.0,0.0,0.0,0.5,1.0,0.0,0.0,0.0,0.0,0.0,4237.9,0.0,0.0,0.0,0.0,0.0,0.0,0.0,1.0,0.0,0.0,0.0,0.0,0.0,1.0,1.0,2225.4,66.0,932.0,146.0604297328059,212.4755458153477,78.6,169470592.8486545,13.5,17.093577288200017,301.0953839751875,45634.38662638577,1.0,244.6,Benign
535.88,6.0,64.0,9.621592360659813,9.621592360659813,0.0,0.19,0.17,0.25,0.11,0.72,0.0,0.0,1.44,1.98,0.85,6.13,0.0,0.0,0.0,0.0,0.0,0.0,0.0,1.0,0.0,0.0,0.0,0.0,0.0,1.0,1.0,692.34,61.13,77.96,66.38822066645945,5.829804768318088,65.69,84667047.77816387,9.5,11.514437843788194,8.242051680207389,41.164587170183246,0.94,141.55,MQTT-DDoS-Connect_Flood
2117341.0,13.7,60.0,397.4239857021148,397.4239857021148,0.0,0.1,0.0,0.0,0.2,0.3,0.0,0.0,0.4,0.0,0.0,2.1,0.0,0.3,0.0,0.0,0.0,0.0,0.0,0.3,0.7,0.0,0.0,0.0,0.0,1.0,1.0,4446.9,72.3,1170.3,760.1284920634921,515.3864087006864,808.8,0.0010174036026,5.5,37.93795234619306,728.8664490472737,296476.5867444571,0.9,38.5,Benign
351.88,6.0,64.0,9.111784926190886,9.111784926190886,0.0,0.26,0.15,0.01,0.26,0.96,0.0,0.0,0.73,1.7,0.29,4.13,0.0,0.0,0.0,0.0,0.0,0.0,0.0,1.0,0.0,0.0,0.0,0.0,0.0,1.0,1.0,724.32,63.72,74.63,68.70013829492662,3.876028802498397,69.0,84667035.52362719,9.5,11.720127984583598,5.483031779241321,23.77253036943845,0.89,141.55,MQTT-DDoS-Connect_Flood
180.3,6.0,64.0,12.827312491599397,12.827312491599397,0.0,0.15,0.48,0.02,0.17,0.98,0.0,0.0,0.17,1.39,0.03,2.18,0.0,0.0,0.0,0.0,0.0,0.0,0.0,1.0,0.0,0.0,0.0,0.0,0.0,1.0,1.0,738.44,64.68,72.88,70.13271919858607,2.9985047496510533,70.4,84667045.75492467,9.5,11.841712141356664,4.238946868169527,12.146887033263983,0.85,141.55,MQTT-DDoS-Connect_Flood
328.32,6.0,64.0,9.193298198850773,9.193298198850773,0.0,0.17,0.27,0.03,0.36,0.87,0.0,0.0,0.61,1.52,0.18,4.03,0.0,0.0,0.0,0.0,0.0,0.0,0.0,1.0,0.0,0.0,0.0,0.0,0.0,1.0,1.0,753.42,66.16,76.8,71.39739426934435,4.238056108454689,72.26,84667049.52747633,9.5,11.94439613414419,5.986527863917237,23.76883118983893,0.93,141.55,MQTT-DDoS-Connect_Flood
1446.2,6.0,64.0,8473.632713397757,8473.632713397757,0.0,0.0,0.0,0.0,0.5,1.0,0.0,0.0,0.0,0.0,0.0,18.2,0.0,0.0,0.0,0.0,0.0,0.0,0.0,1.0,0.0,0.0,0.0,0.0,0.0,1.0,1.0,369.8,66.0,67.8,67.15563492063492,0.8417205216405577,67.0,2.6798248291015623e-05,5.5,11.589214198918254,1.1903725774318332,0.7909258629377678,0.9,38.5,MQTT-Malformed_Data
783.02,6.0,64.0,25.06424971136976,25.06424971136976,0.0,0.03,0.32,0.09,0.25,0.78,0.0,0.0,0.42,3.23,1.22,8.91,0.0,0.0,0.0,0.0,0.0,0.0,0.0,1.0,0.0,0.0,0.0,0.0,0.0,1.0,1.0,737.23,64.95,79.28,71.05714030938103,4.885586931744581,70.35,84662367.0113483,9.5,11.916778556624706,6.90529418128614,28.16746587380817,0.95,141.55,MQTT-DoS-Connect_Flood
26105.8,6.0,64.0,0.8652218354497186,0.8652218354497186,0.0,0.0,0.0,0.0,0.7,1.0,0.0,0.0,0.0,0.0,0.0,335.1,0.0,0.0,0.0,0.0,0.0,0.0,0.0,1.0,0.0,0.0,0.0,0.0,0.0,1.0,1.0,1109.0,66.0,113.0,71.63058264104316,12.165681756881924,69.3,169467041.9280729,13.5,11.97145120187704,17.236027539030232,149.326479726307,1.0,244.6,Benign
59088.86,6.0,64.0,83.89325584153177,83.89325584153177,0.0,0.0,0.0,0.0,0.4,1.0,0.0,0.0,0.0,0.0,0.0,170.25,0.0,0.0,0.0,0.0,0.0,0.0,0.0,1.0,0.0,0.0,0.0,0.0,0.0,1.0,1.0,4813.97,144.96,828.16,435.0622631819076,224.67556771603464,428.97,84666484.07155009,9.5,26.32795341729346,317.8150505996256,97190.05920884552,0.55,141.55,MQTT-DoS-Publish_Flood
3834111.0,6.0,64.0,106.72397907289496,106.72397907289496,0.0,0.0,0.0,0.0,0.0,1.0,0.0,0.0,0.0,0.0,0.0,3881.5,0.0,1.0,0.0,0.0,0.0,0.0,0.0,1.0,0.0,0.0,0.0,0.0,0.0,1.0,1.0,8217.0,1494.0,1494.0,1494.0,0.0,1494.0,3.299713134765625e-05,5.5,54.6626014748658,0.0,0.0,0.0,38.5,MQTT-Malformed_Data
238998.6,8.2,89.0,1.4651609931201417,1.4651609931201417,0.0,0.0,0.0,0.0,0.5,0.8,0.0,0.0,0.0,0.0,0.0,2867.5,0.0,0.0,0.0,0.0,0.0,0.0,0.0,0.8,0.2,0.0,0.0,0.0,0.0,1.0,1.0,582.3,67.9,175.2,98.29686507936508,39.5599092218323,111.8,0.0999740123748779,5.5,13.965403173332026,55.94616014776371,2305.8972363788107,0.9,38.5,Benign
24444.5,6.0,64.0,1.1874648736526765,1.1874648736526765,0.0,0.0,0.0,0.0,0.5,1.0,0.0,0.0,0.0,0.0,0.0,314.3,0.0,0.0,0.0,0.0,0.0,0.0,0.0,1.0,0.0,0.0,0.0,0.0,0.0,1.0,1.0,419.4,66.0,88.1,75.16313492063492,10.095118395826566,79.0,3.5595893859863284e-05,5.5,12.257515444741028,14.276653349140052,114.60274563807003,0.9,38.5,Benign
120181.0,6.0,64.0,0.6949569571261592,0.6949569571261592,0.0,0.0,0.0,0.0,1.0,1.0,0.0,0.0,0.0,0.0,0.0,1519.0,0.0,0.0,0.0,0.0,0.0,0.0,0.0,1.0,0.0,0.0,0.0,0.0,0.0,1.0,1.0,1416.8,80.0,117.0,91.37120719107176,12.147404319132622,91.1,169462554.0010843,13.5,13.52223395250655,17.187318652257908,148.00059177626267,1.0,244.6,Benign
3525.9,6.0,64.0,88.89960410885469,88.89960410885469,0.0,0.0,0.0,0.0,0.42,1.0,0.0,0.0,0.0,0.0,0.0,23.41,0.0,0.0,0.0,0.0,0.0,0.0,0.0,1.0,0.0,0.0,0.0,0.0,0.0,1.0,1.0,1529.34,93.25,305.79,136.73982043807584,66.09140019032117,169.55,84666496.30532818,9.5,15.92189653462876,93.64352850031992,13604.57279401659,0.71,141.55,MQTT-DoS-Publish_Flood
426.96,6.0,64.0,9.048260827549663,9.048260827549663,0.0,0.28,0.36,0.0,0.24,0.71,0.0,0.0,0.96,1.96,0.5,4.83,0.0,0.0,0.0,0.0,0.0,0.0,0.0,1.0,0.0,0.0,0.0,0.0,0.0,1.0,1.0,744.39,66.36,76.96,70.72385284310633,3.724874483856635,70.97,84667025.00825033,9.5,11.890750214878912,5.252245098792188,18.385386663573403,0.86,141.55,MQTT-DDoS-Connect_Flood
252.79,6.0,64.0,10.25735504925666,10.25735504925666,0.0,0.25,0.17,0.0,0.3,1.0,0.0,0.0,0.33,1.64,0.08,2.89,0.0,0.0,0.0,0.0,0.0,0.0,0.0,1.0,0.0,0.0,0.0,0.0,0.0,1.0,1.0,721.24,66.52,73.16,68.85696117436056,2.6135287805425667,68.56,84667047.86661105,9.5,11.734333218513964,3.696596834098097,7.739254489440851,0.91,141.55,MQTT-DDoS-Connect_Flood
58346.6,6.0,64.0,2950.978449082199,2950.978449082199,0.0,0.0,0.0,0.0,0.62,1.0,0.0,0.0,0.0,0.0,0.0,162.94,0.0,0.0,0.0,0.0,0.0,0.0,0.0,1.0,0.0,0.0,0.0,0.0,0.0,1.0,1.0,1309.21,91.07,150.1,125.6131386539587,24.56367340615468,125.2,84666490.21033023,9.5,15.61768546022307,34.75280793145948,1075.9904491310645,0.66,141.55,MQTT-DoS-Publish_Flood
205.43,6.0,64.0,9.076974670921198,9.076974670921198,0.0,0.07,0.32,0.0,0.28,0.98,0.0,0.0,0.14,1.35,0.11,2.38,0.0,0.0,0.0,0.0,0.0,0.0,0.0,1.0,0.0,0.0,0.0,0.0,0.0,1.0,1.0,733.84,66.17,75.2,69.9445583012189,3.521509614684322,69.81,84667034.38488148,9.5,11.82624919981703,4.982515728805293,14.641570972405583,0.95,141.55,MQTT-DDoS-Connect_Flood
105.08,6.0,64.0,164643.41775908376,164643.41775908376,0.0,0.15,0.09,0.21,0.29,0.72,0.0,0.0,0.17,0.11,0.33,1.16,0.0,0.0,0.0,0.0,0.0,0.0,0.0,1.0,0.0,0.0,0.0,0.0,0.0,1.0,1.0,717.49,60.0,79.38,68.34951614750918,7.084181174438703,68.31,84667042.31019455,9.5,11.683934320591025,10.020860449303555,64.42016485718544,0.9,141.55,MQTT-DDoS-Connect_Flood
47348.0,6.0,64.0,2.0398006719742017,2.0398006719742017,0.0,0.0,0.0,0.0,0.5,1.0,0.0,0.0,0.0,0.0,0.0,589.5,0.0,0.0,0.0,0.0,0.0,0.0,0.0,1.0,0.0,0.0,0.0,0.0,0.0,1.0,1.0,456.2,67.9,105.8,83.09079365079364,15.84150570202622,80.6,7.059574127197266e-05,5.5,12.888455947104756,22.4032722122162,287.04197782816834,0.9,38.5,Benign
12767.6,6.0,64.0,3.5387282447907373,3.5387282447907373,0.0,0.0,0.0,0.0,0.7,1.0,0.0,0.0,0.0,0.0,0.0,118.7,0.0,0.0,0.0,0.0,0.0,0.0,0.0,1.0,0.0,0.0,0.0,0.0,0.0,1.0,1.0,1250.2,66.0,204.0,79.7467209596389,33.18760180152695,98.3,169323367.3946698,13.5,12.609630996481448,47.02453739626391,1384.0010153853805,1.0,244.6,MQTT-Malformed_Data
152.97,6.0,64.0,42763.2767196421,42763.2767196421,0.0,0.19,0.07,0.37,0.11,0.6,0.0,0.0,0.32,0.4,0.61,1.33,0.0,0.0,0.0,0.0,0.0,0.0,0.0,1.0,0.0,0.0,0.0,0.0,0.0,1.0,1.0,664.73,55.13,77.52,63.223694276054175,7.563157455516919,63.86,84667029.49343443,9.5,11.237361618965766,10.683354212294612,67.72904513923639,0.9,141.55,MQTT-DDoS-Connect_Flood
20918.78,6.0,64.0,98.09686276376584,98.09686276376584,0.0,0.0,0.0,0.0,1.0,1.0,0.0,0.0,0.0,0.0,0.0,112.89,0.0,0.0,0.0,0.0,0.0,0.0,0.0,1.0,0.0,0.0,0.0,0.0,0.0,1.0,1.0,2293.12,177.18,272.01,215.32584712178945,41.44809507719311,221.87,84666489.16400155,9.5,20.71187823421984,58.643272384798166,2044.4166800408711,0.87,141.55,MQTT-DoS-Publish_Flood
179.06,6.0,64.0,69.80633485312502,69.80633485312502,0.0,0.14,0.15,0.49,0.19,0.4,0.0,0.0,0.42,0.44,0.52,1.96,0.0,0.0,0.0,0.0,0.0,0.0,0.0,1.0,0.0,0.0,0.0,0.0,0.0,1.0,1.0,668.15,56.13,76.61,64.4944996287682,8.301382053474862,63.1,84667018.74718855,9.5,11.349068753259086,11.744866537949056,80.91077186358895,0.9,141.55,MQTT-DDoS-Connect_Flood
402.71,6.0,64.0,7.886464717859591,7.886464717859591,0.0,0.23,0.42,0.06,0.18,0.69,0.0,0.0,1.14,1.82,0.29,4.62,0.0,0.0,0.0,0.0,0.0,0.0,0.0,1.0,0.0,0.0,0.0,0.0,0.0,1.0,1.0,758.83,66.74,80.22,72.7280255782659,4.938442030915715,71.56,84667017.98112929,9.5,12.058193952789653,6.977752142565452,30.12563560545393,0.91,141.55,MQTT-DDoS-Connect_Flood
534.66,6.0,64.0,10.285455844621069,10.285455844621069,0.0,0.31,0.49,0.0,0.15,0.64,0.0,0.0,1.53,2.16,0.63,6.19,0.0,0.0,0.0,0.0,0.0,0.0,0.0,1.0,0.0,0.0,0.0,0.0,0.0,1.0,1.0,748.59,66.12,77.92,70.90557840933577,3.938471525037152,71.38,84667029.83144735,9.5,11.907150555433727,5.559818543956618,17.504310654519383,0.94,141.55,MQTT-DDoS-Connect_Flood
116.01,6.0,64.0,42977.833363981845,42977.833363981845,0.0,0.18,0.32,0.11,0.11,0.86,0.0,0.0,0.18,0.47,0.17,1.35,0.0,0.0,0.0,0.0,0.0,0.0,0.0,1.0,0.0,0.0,0.0,0.0,0.0,1.0,1.0,716.95,62.28,75.57,68.17837872047973,4.652573350800276,68.19,84667041.5464663,9.5,11.674702809024156,6.578066823454864,29.065340610751804,0.91,141.55,MQTT-DDoS-Connect_Flood
186630.2,6.0,64.0,1.4474779647943112,1.4474779647943112,0.0,0.0,0.0,0.0,0.5,1.0,0.0,0.0,0.0,0.0,0.0,2265.1,0.0,0.0,0.0,0.0,0.0,0.0,0.0,1.0,0.0,0.0,0.0,0.0,0.0,1.0,1.0,1265.6,66.0,111.0,81.62529898807762,17.387231474580524,81.2,169466309.3192487,13.5,12.783118665264857,24.60176363964887,302.8768743505263,1.0,244.6,Benign
451.98,6.0,64.0,7.936016094749005,7.936016094749005,0.0,0.11,0.26,0.21,0.18,0.68,0.0,0.0,0.86,2.01,0.47,5.15,0.0,0.0,0.0,0.0,0.0,0.0,0.0,1.0,0.0,0.0,0.0,0.0,0.0,1.0,1.0,725.39,62.68,77.86,69.24744493539657,5.503271208913967,68.77,84667047.0905187,9.5,11.76435405307348,7.782732813147473,39.22541248464266,0.9,141.55,MQTT-DDoS-Connect_Flood
2576.67,6.0,64.0,93.64304254459624,93.64304254459624,0.0,0.0,0.0,0.0,0.39,1.0,0.0,0.0,0.0,0.0,0.0,16.2,0.0,0.0,0.0,0.0,0.0,0.0,0.0,1.0,0.0,0.0,0.0,0.0,0.0,1.0,1.0,1316.48,105.24,175.0,126.12068468274929,25.97684167657677,128.13,84666497.71304049,9.5,15.255504580752424,36.64983761739513,1719.4756079451392,0.43,141.55,MQTT-DoS-Publish_Flood
396.43,6.0,64.0,87.1963685240746,87.1963685240746,0.0,0.04,0.2,0.2,0.23,0.78,0.0,0.0,0.27,1.96,0.5,4.18,0.0,0.0,0.0,0.0,0.0,0.0,0.0,1.0,0.0,0.0,0.0,0.0,0.0,1.0,1.0,730.72,60.82,81.14,70.02284968673398,7.183635234022316,69.22,84662359.82938983,9.5,11.830060392240236,10.16670832589664,60.2371979526318,0.93,141.55,MQTT-DoS-Connect_Flood
58958.04,6.0,64.0,84.37929396383231,84.37929396383231,0.0,0.0,0.0,0.0,0.5,1.0,0.0,0.0,0.0,0.0,0.0,262.48,0.0,0.0,0.0,0.0,0.0,0.0,0.0,1.0,0.0,0.0,0.0,0.0,0.0,1.0,1.0,3674.98,123.77,789.56,316.6920072163389,207.0359566329872,359.68,84666500.57397036,9.5,23.324360004349863,292.68681759090754,78740.27446212064,0.67,141.55,MQTT-DoS-Publish_Flood
235909.7,17.0,64.0,53.6003257211944,53.6003257211944,0.0,0.0,0.0,0.0,0.0,0.0,0.0,0.0,0.0,0.0,0.0,0.0,0.0,0.0,0.0,0.0,0.0,0.0,0.0,0.0,1.0,0.0,0.0,0.0,0.0,1.0,1.0,552.7,90.4,107.8,100.12988095238096,5.141092460367056,101.1,0.0169939041137695,5.5,14.150936685982536,7.270602682865153,32.2342935090703,0.9,38.5,Benign
2832048.1,17.0,76.8,43.043624930909246,43.043624930909246,0.0,0.0,0.0,0.0,0.0,0.0,0.0,0.0,0.0,0.0,0.0,0.0,0.0,0.0,0.0,0.0,0.0,0.0,0.0,0.0,1.0,0.0,0.0,0.0,0.0,1.0,1.0,1696.8,100.0,183.7,108.515716540941,21.612333014189776,127.4,169470821.364334,13.5,14.731655092549412,30.691707123922225,727.2229453028434,1.0,244.6,Benign
488.78,6.0,64.0,10.07527266005871,10.07527266005871,0.0,0.16,0.19,0.16,0.17,0.67,0.0,0.0,1.24,2.04,0.35,5.68,0.0,0.0,0.0,0.0,0.0,0.0,0.0,1.0,0.0,0.0,0.0,0.0,0.0,1.0,1.0,716.45,59.57,80.74,68.17893357137359,6.96124980599156,68.18,84667043.92285635,9.5,11.67176602148624,9.843207093280366,57.24279006807449,0.92,141.55,MQTT-DDoS-Connect_Flood
72370.3,7.1,64.0,2.037904744381168,2.037904744381168,0.0,0.0,0.0,0.0,0.5,0.9,0.0,0.0,0.0,0.0,0.0,944.5,0.0,0.0,0.0,0.0,0.0,0.0,0.0,0.9,0.1,0.0,0.0,0.0,0.0,1.0,1.0,2058.7,66.0,930.0,134.870015619915,212.13212474187333,164.3,169465779.4166475,13.5,16.413135280114723,300.6814745076882,45531.4629493555,1.0,244.6,Benign
12305.68,6.0,64.0,19.85946844593633,19.85946844593633,0.0,0.04,0.01,0.42,0.21,0.58,0.0,0.0,0.71,1.43,7.46,20.58,0.0,0.0,0.0,0.0,0.0,0.0,0.0,1.0,0.0,0.0,0.0,0.0,0.0,1.0,1.0,3387.0,71.24,681.8,305.9139615363567,258.03950816809225,358.77,84666963.01605272,9.5,21.083537304909825,364.0392332025884,159851.89336566738,0.79,141.55,MQTT-DDoS-Publish_Flood
32764.6,6.0,64.0,1.1901512886041097,1.1901512886041097,0.0,0.0,0.0,0.0,0.5,1.0,0.0,0.0,0.0,0.0,0.0,434.7,0.0,0.0,0.0,0.0,0.0,0.0,0.0,1.0,0.0,0.0,0.0,0.0,0.0,1.0,1.0,424.0,68.2,88.0,78.14075396825396,9.13056100158985,76.3,1.41143798828125e-05,5.5,12.498374356192148,12.912563200523234,92.76878532060972,0.9,38.5,Benign
588.53,5.88,62.72,12.216835405730455,12.216835405730455,0.0,0.08,0.14,0.28,0.09,0.7,0.0,0.0,1.56,2.0,0.71,6.93,0.0,0.0,0.0,0.0,0.0,0.0,0.0,0.98,0.0,0.0,0.02,0.0,0.0,0.98,0.98,706.81,57.7,74.87,67.06404960596679,6.135623131585579,67.13,84667027.32156865,9.5,11.565708968289542,8.687593742064779,46.26252044042531,0.9,141.55,MQTT-DDoS-Connect_Flood
58240.2,6.0,64.0,1.4489739636734646,1.4489739636734646,0.0,0.0,0.0,0.0,0.5,1.0,0.0,0.0,0.0,0.0,0.0,706.7,0.0,0.0,0.0,0.0,0.0,0.0,0.0,1.0,0.0,0.0,0.0,0.0,0.0,1.0,1.0,1264.6,66.0,111.0,81.55842184776009,17.27498434943092,81.2,169468304.9351979,13.5,12.777863546311062,24.44279970503166,298.9988776461376,1.0,244.6,Benign
650.8,6.0,64.0,41.75537237018915,41.75537237018915,0.0,0.05,0.17,0.17,0.26,0.83,0.0,0.0,0.35,2.71,0.9,7.4,0.0,0.0,0.0,0.0,0.0,0.0,0.0,1.0,0.0,0.0,0.0,0.0,0.0,1.0,1.0,724.84,60.79,78.94,69.50199823589723,5.73663159403378,69.25,84662381.5487386,9.5,11.784222223483182,8.102968306987677,37.840808295183386,0.93,141.55,MQTT-DoS-Connect_Flood
690.76,6.0,64.0,36.849567212833456,36.849567212833456,0.0,0.03,0.28,0.15,0.27,0.84,0.0,0.0,0.33,2.98,0.99,7.85,0.0,0.0,0.0,0.0,0.0,0.0,0.0,1.0,0.0,0.0,0.0,0.0,0.0,1.0,1.0,744.1,65.48,79.53,70.85125035576739,4.648874923123141,71.14,84662361.37305392,9.5,11.902040991695046,6.577540133464673,25.5374817340185,0.93,141.55,MQTT-DoS-Connect_Flood
468.56,6.0,64.0,13.343900731976214,13.343900731976214,0.0,0.22,0.08,0.52,0.16,0.44,0.0,0.0,1.58,0.94,0.84,5.41,0.0,0.0,0.0,0.0,0.0,0.0,0.0,1.0,0.0,0.0,0.0,0.0,0.0,1.0,1.0,662.43,57.76,77.81,63.85664146294022,7.137424076687909,62.55,84667045.19227877,9.5,11.290622341750767,10.075334224897038,63.88164707716398,0.9,141.55,MQTT-DDoS-Connect_Flood
27173.98,6.0,64.0,70.30431397458507,70.30431397458507,0.0,0.01,0.0,0.39,0.35,0.61,0.0,0.0,0.41,0.02,18.26,22.27,0.0,0.0,0.0,0.0,0.0,0.0,0.0,1.0,0.0,0.0,0.0,0.0,0.0,1.0,1.0,7956.76,233.92,1399.16,799.4317632218142,487.1127417101516,755.68,84666956.32499279,9.5,38.24238236292968,688.5002477634694,280050.82946850365,0.9,141.55,MQTT-DDoS-Publish_Flood
75919.18,6.0,64.0,84.61081159530576,84.61081159530576,0.0,0.0,0.0,0.0,0.63,1.0,0.0,0.0,0.0,0.0,0.0,237.74,0.0,0.0,0.0,0.0,0.0,0.0,0.0,1.0,0.0,0.0,0.0,0.0,0.0,1.0,1.0,1436.38,113.96,203.34,139.60244190793725,32.80712260643633,140.12,84666486.22115617,9.5,16.278166469229987,46.42483678211645,1924.0413102883128,0.65,141.55,MQTT-DoS-Publish_Flood
674244.5,6.0,58.2,905.763300066276,905.763300066276,0.0,0.0,0.0,0.0,0.3,1.0,0.0,0.0,0.0,0.0,0.0,815.6,1.0,0.0,0.0,0.0,0.0,0.0,0.0,1.0,0.0,0.0,0.0,0.0,0.0,1.0,1.0,6460.2,508.8,1514.0,1235.233650793651,444.41637231489386,1226.8,0.0001437902450561,5.5,49.54634955736965,628.4996610683738,283361.5528243891,0.7,38.5,Benign
570.8,6.0,64.0,9.739850114449206,9.739850114449206,0.0,0.17,0.1,0.36,0.11,0.54,0.0,0.0,1.65,2.07,0.76,6.47,0.0,0.0,0.0,0.0,0.0,0.0,0.0,1.0,0.0,0.0,0.0,0.0,0.0,1.0,1.0,674.59,57.0,79.21,64.29729713432421,7.536658118822023,64.34,84667026.97561124,9.5,11.327257923681746,10.65246223859775,63.50109957719925,0.94,141.55,MQTT-DDoS-Connect_Flood
529.88,6.0,64.0,10.385094847550969,10.385094847550969,0.0,0.34,0.18,0.13,0.32,0.72,0.0,0.0,1.44,2.03,0.48,6.19,0.0,0.0,0.0,0.0,0.0,0.0,0.0,1.0,0.0,0.0,0.0,0.0,0.0,1.0,1.0,745.39,63.58,80.92,71.66065279624917,6.775681329786917,69.85,84667035.70356013,9.5,11.964448081750575,9.58609919218908,54.82493959024763,0.92,141.55,MQTT-DDoS-Connect_Flood
497005.7,17.0,60.0,26.500129789919367,26.500129789919367,0.0,0.0,0.0,0.0,0.0,0.0,0.0,0.0,0.0,0.0,0.0,0.0,0.0,0.0,0.0,0.0,0.0,0.0,0.0,0.0,1.0,0.0,0.0,0.0,0.0,1.0,1.0,6958.7,1147.5,1292.0,1273.005873015873,48.07952860313253,1262.4,0.0001310110092163,5.5,50.45652796784884,67.99472142305517,4651.259522801713,0.5,38.5,Benign
448.9,6.0,64.0,11.528364432152925,11.528364432152925,0.0,0.08,0.08,0.31,0.14,0.66,0.0,0.0,1.21,1.68,0.51,5.18,0.0,0.0,0.0,0.0,0.0,0.0,0.0,1.0,0.0,0.0,0.0,0.0,0.0,1.0,1.0,680.71,54.84,78.09,64.24983937562266,7.821956099901784,65.46,84667046.81220694,9.5,11.330164248657432,11.061026496058252,68.66156396267424,0.92,141.55,MQTT-DDoS-Connect_Flood
149194.0,6.0,64.0,0.5500840474667299,0.5500840474667299,0.0,0.0,0.0,0.0,0.4,1.0,0.0,0.0,0.0,0.0,0.0,1869.0,0.0,0.0,0.0,0.0,0.0,0.0,0.0,1.0,0.0,0.0,0.0,0.0,0.0,1.0,1.0,1108.9,66.0,113.0,71.63786230023845,12.505011656635627,71.3,169468595.9354427,13.5,11.951762804034948,17.23610172649281,149.45068769286394,1.0,244.6,Benign
59945.48,6.0,64.0,69.0435077807677,69.0435077807677,0.0,0.0,0.0,0.0,0.47,1.0,0.0,0.0,0.0,0.0,0.0,195.78,0.0,0.0,0.0,0.0,0.0,0.0,0.0,1.0,0.0,0.0,0.0,0.0,0.0,1.0,1.0,4727.28,135.94,1047.38,497.06891609551445,335.8674235382696,400.63,84666503.10300553,9.5,29.43131429333107,474.1884354642404,166801.88610871325,0.76,141.55,MQTT-DoS-Publish_Flood
474.75,6.0,64.0,12.535430458711453,12.535430458711453,0.0,0.68,0.1,0.16,0.05,0.74,0.0,0.0,1.53,1.64,0.57,5.81,0.0,0.0,0.0,0.0,0.0,0.0,0.0,1.0,0.0,0.0,0.0,0.0,0.0,1.0,1.0,686.8,62.88,71.54,65.72523971453384,3.1227909053907505,65.59,84667034.32277249,9.5,11.460740405104245,4.408971399758361,19.36724157789768,0.59,141.55,MQTT-DDoS-Connect_Flood
5261907.0,6.0,56.0,8120.65263527826,8120.65263527826,0.0,0.0,0.0,0.0,0.1,1.0,0.0,0.0,0.0,0.0,0.0,3475.5,1.0,0.0,0.0,0.0,0.0,0.0,0.0,1.0,0.0,0.0,0.0,0.0,0.0,1.0,1.0,23467.0,1514.0,1514.0,1514.0,0.0,1514.0,169469425.8305245,13.5,55.02726596879042,0.0,0.0,0.0,244.6,Benign
2648.95,6.0,64.0,8.760977679806247,8.760977679806247,0.0,0.08,0.12,0.21,0.27,0.82,0.0,0.0,0.33,2.21,0.83,29.09,0.0,0.0,0.0,0.0,0.0,0.0,0.0,1.0,0.0,0.0,0.0,0.0,0.0,1.0,1.0,737.88,64.24,83.38,69.90907899453488,6.507397435571358,72.75,84662385.70823713,9.5,11.810497750072535,8.644938909276615,48.18565123656421,0.83,141.55,MQTT-DoS-Connect_Flood
479.88,6.0,64.0,8.651658104362376,8.651658104362376,0.0,0.1,0.19,0.21,0.15,0.76,0.0,0.0,1.23,2.06,0.6,5.38,0.0,0.0,0.0,0.0,0.0,0.0,0.0,1.0,0.0,0.0,0.0,0.0,0.0,1.0,1.0,714.46,60.66,79.25,68.67227856122206,6.940162592609702,67.25,84667027.16503267,9.5,11.71556822102059,9.815487304880511,61.83868933788776,0.9,141.55,MQTT-DDoS-Connect_Flood
114.59,6.0,64.0,29542.65228026564,29542.65228026564,0.0,0.17,0.14,0.29,0.16,0.57,0.0,0.0,0.21,0.14,0.42,1.15,0.0,0.0,0.0,0.0,0.0,0.0,0.0,1.0,0.0,0.0,0.0,0.0,0.0,1.0,1.0,705.95,59.61,80.28,67.59149775851944,7.284328972965471,66.34,84667027.4432034,9.5,11.617230216068569,10.301433095630442,61.17871060331204,0.9,141.55,MQTT-DDoS-Connect_Flood
378.23,6.0,64.0,37.72415320591918,37.72415320591918,0.0,0.23,0.15,0.33,0.21,0.69,0.0,0.0,0.96,1.29,0.55,4.47,0.0,0.0,0.0,0.0,0.0,0.0,0.0,1.0,0.0,0.0,0.0,0.0,0.0,1.0,1.0,686.46,59.36,75.73,65.03843412289466,5.633897902595204,65.71,84667036.51251967,9.5,11.39522906122437,7.97354835607867,45.715602496362536,0.88,141.55,MQTT-DDoS-Connect_Flood
4247.21,6.0,64.0,191.40377305935385,191.40377305935385,0.0,0.0,0.0,0.0,0.15,1.0,0.0,0.0,0.0,0.0,0.0,18.72,0.0,0.0,0.0,0.0,0.0,0.0,0.0,1.0,0.0,0.0,0.0,0.0,0.0,1.0,1.0,1013.46,67.09,208.79,87.06950462342955,40.86687983155366,124.86,84666491.23896444,9.5,12.897954015604869,57.95944957355103,8742.355547658462,0.35,141.55,MQTT-DoS-Publish_Flood
418.31,6.0,64.0,10.384557307146324,10.384557307146324,0.0,0.18,0.11,0.13,0.19,0.83,0.0,0.0,0.94,1.99,0.41,4.7,0.0,0.0,0.0,0.0,0.0,0.0,0.0,1.0,0.0,0.0,0.0,0.0,0.0,1.0,1.0,696.95,60.96,74.3,65.73026679112941,4.844738606788773,67.2,84667041.13430256,9.5,11.460688718022617,6.851751893668984,38.5378491727133,0.83,141.55,MQTT-DDoS-Connect_Flood
198353.1,6.0,64.0,2.034164324969756,2.034164324969756,0.0,0.0,0.0,0.0,0.5,1.0,0.0,0.0,0.0,0.0,0.0,2469.5,0.0,0.0,0.0,0.0,0.0,0.0,0.0,1.0,0.0,0.0,0.0,0.0,0.0,1.0,1.0,441.6,66.0,101.3,78.31936507936508,14.820827480162343,80.6,0.0001131057739257,5.5,12.50816528627175,20.959815228037453,258.2035197782817,0.9,38.5,Benign
350.96,6.0,64.0,17.506995666302174,17.506995666302174,0.0,0.19,0.06,0.38,0.16,0.56,0.0,0.0,1.11,0.69,0.59,4.0,0.0,0.0,0.0,0.0,0.0,0.0,0.0,1.0,0.0,0.0,0.0,0.0,0.0,1.0,1.0,673.45,54.96,78.87,64.1298483137949,8.005246758809033,64.19,84667047.6576368,9.5,11.321596523675831,11.32425643486705,72.73620912484412,0.93,141.55,MQTT-DDoS-Connect_Flood
460.78,6.0,64.0,8.58733732799119,8.58733732799119,0.0,0.19,0.23,0.0,0.22,0.86,0.0,0.0,1.19,1.9,0.51,5.45,0.0,0.0,0.0,0.0,0.0,0.0,0.0,1.0,0.0,0.0,0.0,0.0,0.0,1.0,1.0,733.66,66.2,76.96,69.82604960811463,4.008516494884316,69.88,84667047.29083237,9.5,11.816688999430433,5.675099602021882,20.440999809068664,0.9,141.55,MQTT-DDoS-Connect_Flood
144.7,6.0,64.0,3061.3502414931195,3061.3502414931195,0.0,0.21,0.26,0.25,0.16,0.64,0.0,0.0,0.26,0.62,0.37,1.31,0.0,0.0,0.0,0.0,0.0,0.0,0.0,1.0,0.0,0.0,0.0,0.0,0.0,1.0,1.0,692.36,57.4,75.53,65.79925582694739,6.562704083975881,66.49,84667037.38729289,9.5,11.466724099997194,9.267878089644396,50.716781331141,0.95,141.55,MQTT-DDoS-Connect_Flood
388273.6,7.1,64.0,1.850349269102592,1.850349269102592,0.0,0.0,0.0,0.0,0.4,0.9,0.0,0.0,0.0,0.0,0.0,4753.8,0.0,0.0,0.0,0.0,0.0,0.0,0.0,0.9,0.1,0.0,0.0,0.0,0.0,1.0,1.0,1462.2,54.0,246.0,94.37908558675586,47.70381653441793,91.0,169464342.01146302,13.5,13.748922068059994,67.57592698421853,2290.385188725128,1.0,244.6,Benign
106263.1,6.0,64.0,0.8521613580342068,0.8521613580342068,0.0,0.0,0.0,0.0,0.5,1.0,0.0,0.0,0.0,0.0,0.0,1356.7,0.0,0.0,0.0,0.0,0.0,0.0,0.0,1.0,0.0,0.0,0.0,0.0,0.0,1.0,1.0,1228.3,66.0,117.0,79.19696471957694,16.936035543547717,81.1,169465887.0185245,13.5,12.573177365881824,23.83481827423001,284.6475134371146,1.0,244.6,Benign
46063.01,6.0,64.0,77.6691362164567,77.6691362164567,0.0,0.0,0.0,0.0,0.84,1.0,0.0,0.0,0.0,0.0,0.0,133.49,0.0,0.0,0.0,0.0,0.0,0.0,0.0,1.0,0.0,0.0,0.0,0.0,0.0,1.0,1.0,4688.99,179.36,838.46,435.69875254535634,199.79576763634896,456.69,84666504.11989722,9.5,29.19384770305224,282.4127694687366,54183.62883820138,0.94,141.55,MQTT-DoS-Publish_Flood
510162.0,7.1,82.5,1.6508082731559743,1.6508082731559743,0.0,0.0,0.0,0.0,0.5,0.9,0.0,0.0,0.0,0.0,0.0,6505.2,0.0,0.1,0.0,0.0,0.0,0.0,0.0,0.9,0.1,0.0,0.0,0.0,0.0,1.0,1.0,1532.4,66.0,246.0,99.34552080959976,54.34960903204944,107.8,169466126.818607,13.5,14.1036172367392,76.98444992697254,2975.444790604949,1.0,244.6,Benign
141.41,6.0,64.0,385196.83563374006,385196.83563374006,0.0,0.22,0.14,0.23,0.2,0.65,0.0,0.0,0.25,0.38,0.34,1.38,0.0,0.0,0.0,0.0,0.0,0.0,0.0,1.0,0.0,0.0,0.0,0.0,0.0,1.0,1.0,701.4,59.4,77.33,66.25987115679298,6.161296548570972,66.79,84667046.95753637,9.5,11.503133329350849,8.722426013284004,50.91400445670248,0.88,141.55,MQTT-DDoS-Connect_Flood
61497.34,6.0,64.0,115.68958693451552,115.68958693451552,0.0,0.0,0.0,0.0,0.14,1.0,0.0,0.0,0.0,0.0,0.0,276.34,0.0,0.0,0.0,0.0,0.0,0.0,0.0,1.0,0.0,0.0,0.0,0.0,0.0,1.0,1.0,1023.27,66.0,128.13,88.10795431013774,26.24213449501459,108.51,84666479.63599776,9.5,12.819313286189558,36.90164743942138,4818.8097317669135,0.16,141.55,MQTT-DoS-Publish_Flood
471623.1,6.0,64.0,2.034056516187655,2.034056516187655,0.0,0.0,0.0,0.0,0.5,1.0,0.0,0.0,0.0,0.0,0.0,6285.5,0.0,0.0,0.0,0.0,0.0,0.0,0.0,1.0,0.0,0.0,0.0,0.0,0.0,1.0,1.0,408.6,66.0,82.7,73.46599206349207,8.096381030350226,75.2,0.0999643087387085,5.5,12.119450888952464,11.450011859261542,72.87474148085161,0.9,38.5,Benign
330.08,6.0,64.0,14.52793210061794,14.52793210061794,0.0,0.21,0.44,0.0,0.2,0.72,0.0,0.0,0.73,1.71,0.18,3.85,0.0,0.0,0.0,0.0,0.0,0.0,0.0,1.0,0.0,0.0,0.0,0.0,0.0,1.0,1.0,746.39,67.09,76.89,71.22384916970714,3.5521132622618103,70.95,84667033.31854273,9.5,11.932280646360296,5.026081402378685,14.753314637288502,0.93,141.55,MQTT-DDoS-Connect_Flood
416.14,6.0,64.0,31.494313766943904,31.494313766943904,0.0,0.18,0.14,0.12,0.18,0.88,0.0,0.0,0.86,1.7,0.39,4.9,0.0,0.0,0.0,0.0,0.0,0.0,0.0,1.0,0.0,0.0,0.0,0.0,0.0,1.0,1.0,721.41,60.72,75.65,68.61678701952502,5.016975593125417,68.57,84667028.39681348,9.5,11.7129021444409,7.091824550906488,32.76860747117779,0.91,141.55,MQTT-DDoS-Connect_Flood
510.67,6.0,64.0,11.46159450786072,11.46159450786072,0.0,0.07,0.11,0.26,0.06,0.73,0.0,0.0,1.18,2.17,0.8,5.61,0.0,0.0,0.0,0.0,0.0,0.0,0.0,1.0,0.0,0.0,0.0,0.0,0.0,1.0,1.0,690.03,60.72,78.11,66.47440609613984,5.867225790783485,64.87,84667033.3540983,9.5,11.526393866569617,8.306372774536602,44.37116280864468,0.94,141.55,MQTT-DDoS-Connect_Flood
3666.4,8.2,76.3,1.2029771038089483,1.2029771038089483,0.0,0.0,0.0,0.0,0.4,0.8,0.0,0.0,0.0,0.0,0.0,42.6,0.0,0.1,0.0,0.0,0.0,0.0,0.0,0.8,0.2,0.0,0.0,0.0,0.0,1.0,1.0,2029.6,66.0,707.4,127.60389194182152,155.55475250743947,187.7,169467435.63191253,13.5,15.88246433506049,220.6425122971087,30916.381674716587,1.0,244.6,Benign
4999.1,6.0,64.0,17.653402561062123,17.653402561062123,0.0,0.0,0.13,0.33,0.33,0.59,0.0,0.0,0.72,1.54,5.77,15.06,0.0,0.0,0.0,0.0,0.0,0.0,0.0,1.0,0.0,0.0,0.0,0.0,0.0,1.0,1.0,2454.16,129.08,624.14,270.93318093847154,180.35447773451347,205.09,84666969.67171644,9.5,20.007974847945185,255.35299352444883,87664.87901250453,0.93,141.55,MQTT-DDoS-Publish_Flood
282.59,6.0,64.0,128.6565685536192,128.6565685536192,0.0,0.04,0.18,0.13,0.33,0.89,0.0,0.0,0.18,1.05,0.35,3.15,0.0,0.0,0.0,0.0,0.0,0.0,0.0,1.0,0.0,0.0,0.0,0.0,0.0,1.0,1.0,787.01,63.47,118.85,77.04903875428836,17.494289356718586,72.8,84662364.7017147,9.5,12.376610390383448,24.75710200349012,933.7207332055948,0.94,141.55,MQTT-DoS-Connect_Flood
254.2,6.0,64.0,8.141285403315193,8.141285403315193,0.0,0.19,0.18,0.0,0.31,1.0,0.0,0.0,0.29,1.67,0.1,2.85,0.0,0.0,0.0,0.0,0.0,0.0,0.0,1.0,0.0,0.0,0.0,0.0,0.0,1.0,1.0,723.36,66.44,73.36,68.91791105420208,2.58710225150286,68.8,84667019.67640115,9.5,11.739705913805857,3.660834407215422,8.08595916401724,0.87,141.55,MQTT-DDoS-Connect_Flood
10140.0,6.0,64.0,14.019577116919647,14.019577116919647,0.0,0.0,0.0,0.56,0.2,0.44,0.0,0.0,0.78,2.0,4.85,21.64,0.0,0.0,0.0,0.0,0.0,0.0,0.0,1.0,0.0,0.0,0.0,0.0,0.0,1.0,1.0,5111.12,208.7,1025.9,471.99262693704645,300.32543612646606,534.18,84666975.47801524,9.5,26.661138151961904,422.93657262927087,147144.83219742723,0.84,141.55,MQTT-DDoS-Publish_Flood
192385.5,6.0,64.0,0.9919220730838132,0.9919220730838132,0.0,0.0,0.0,0.0,0.0,1.0,0.0,0.0,0.0,0.0,0.0,2397.6,0.0,0.0,0.0,0.0,0.0,0.0,0.0,1.0,0.0,0.0,0.0,0.0,0.0,1.0,1.0,363.0,66.0,66.0,66.0,0.0,66.0,0.0003936052322387,5.5,11.489125293076055,0.0,0.0,0.0,38.5,Benign
456.75,6.0,64.0,9.858038766294182,9.858038766294182,0.0,0.15,0.17,0.21,0.17,0.67,0.0,0.0,1.2,1.87,0.54,5.36,0.0,0.0,0.0,0.0,0.0,0.0,0.0,1.0,0.0,0.0,0.0,0.0,0.0,1.0,1.0,695.07,59.4,75.45,65.8866305714839,5.764065137405765,66.17,84667039.45550473,9.5,11.475841091115427,8.134442552753669,49.07589884908196,0.89,141.55,MQTT-DDoS-Connect_Flood
394156.3,7.1,57.7,1.9783967645014324,1.9783967645014324,0.0,0.0,0.0,0.0,0.5,0.9,0.0,0.0,0.0,0.0,0.0,4877.3,0.0,0.0,0.0,0.0,0.0,0.0,0.0,0.9,0.1,0.0,0.0,0.0,0.0,1.0,1.0,493.5,70.4,132.0,91.14444444444445,23.13061269463284,95.4,0.0998768091201782,5.5,13.488800582743067,32.71162617874903,689.7619902998237,0.9,38.5,Benign
484373.2,6.0,64.0,1.720341004742394,1.720341004742394,0.0,0.0,0.0,0.0,0.5,1.0,0.0,0.0,0.0,0.0,0.0,6196.5,0.0,0.0,0.0,0.0,0.0,0.0,0.0,1.0,0.0,0.0,0.0,0.0,0.0,1.0,1.0,446.2,68.5,107.0,82.60162698412698,14.356740002878237,78.5,0.1003427028656005,5.5,12.849127822483888,20.303496423534742,232.26186506361805,0.9,38.5,Benign
16178.19,6.0,64.0,97.35460387798877,97.35460387798877,0.0,0.0,0.0,0.0,0.53,1.0,0.0,0.0,0.0,0.0,0.0,113.68,0.0,0.0,0.0,0.0,0.0,0.0,0.0,1.0,0.0,0.0,0.0,0.0,0.0,1.0,1.0,1466.9,105.24,179.36,135.9426759228044,28.09353186836399,140.12,84666490.82677503,9.5,16.092891661629423,39.730064060701096,1814.4705273027787,0.52,141.55,MQTT-DoS-Publish_Flood
628.6,6.0,64.0,10.284008499230856,10.284008499230856,0.0,0.11,0.16,0.54,0.11,0.33,0.0,0.0,1.68,2.16,1.31,6.84,0.0,0.0,0.0,0.0,0.0,0.0,0.0,1.0,0.0,0.0,0.0,0.0,0.0,1.0,1.0,656.85,56.48,68.5,61.8205191245373,4.436387475941115,62.99,84667028.43144901,9.5,11.099842728276956,6.277660189697623,40.14017248326957,0.56,141.55,MQTT-DDoS-Connect_Flood
372.49,6.0,64.0,11.547604758596782,11.547604758596782,0.0,0.3,0.19,0.16,0.14,0.78,0.0,0.0,1.04,1.48,0.33,4.59,0.0,0.0,0.0,0.0,0.0,0.0,0.0,1.0,0.0,0.0,0.0,0.0,0.0,1.0,1.0,697.8,62.45,73.72,66.918566400275,4.13711183267286,66.29,84667035.13698561,9.5,11.566919675861667,5.854282294645117,28.710302441101785,0.79,141.55,MQTT-DDoS-Connect_Flood
286540.8,6.0,64.0,1.5138958820522066,1.5138958820522066,0.0,0.0,0.0,0.0,0.5,1.0,0.0,0.0,0.0,0.0,0.0,3638.3,0.0,0.0,0.0,0.0,0.0,0.0,0.0,1.0,0.0,0.0,0.0,0.0,0.0,1.0,1.0,430.0,68.2,92.6,78.96964285714286,10.237560166567787,78.6,0.0997608184814453,5.5,12.564701967055772,14.478096433170723,119.08120507369615,0.9,38.5,Benign
585.7,6.0,64.0,10.27845469134429,10.27845469134429,0.0,0.12,0.3,0.36,0.07,0.34,0.0,0.0,1.76,2.15,0.89,6.53,0.0,0.0,0.0,0.0,0.0,0.0,0.0,1.0,0.0,0.0,0.0,0.0,0.0,1.0,1.0,688.64,58.44,76.29,65.90200734877439,6.484411888155059,65.24,84667032.47432293,9.5,11.467784934315777,9.179225881894162,48.92877179623032,0.93,141.55,MQTT-DDoS-Connect_Flood
539954.7,7.1,64.0,1.850662630696372,1.850662630696372,0.0,0.0,0.0,0.0,0.5,0.9,0.0,0.0,0.0,0.0,0.0,6846.7,0.0,0.0,0.0,0.0,0.0,0.0,0.0,0.9,0.1,0.0,0.0,0.0,0.0,1.0,1.0,559.7,82.6,214.0,117.15333333333334,48.065787185846006,92.7,0.0527043104171752,5.5,15.1554255184631,67.97528812436236,2626.972071428572,0.9,38.5,Benign
298.22,6.0,64.0,103.09929405797156,103.09929405797156,0.0,0.04,0.23,0.19,0.2,0.83,0.0,0.0,0.18,1.25,0.39,3.25,0.0,0.0,0.0,0.0,0.0,0.0,0.0,1.0,0.0,0.0,0.0,0.0,0.0,1.0,1.0,725.61,63.56,77.72,69.0064883825325,4.426096064998012,69.33,84662387.58323357,9.5,11.746601228647997,6.254448828724856,23.67021417288084,0.94,141.55,MQTT-DoS-Connect_Flood
923695.6,7.1,137.6,76.05989812520825,76.05989812520825,0.0,0.0,0.0,0.0,0.4,0.9,0.0,0.0,0.0,1.0,0.0,1236.0,0.0,0.5,0.0,0.0,0.0,0.0,0.0,0.9,0.1,0.0,0.0,0.0,0.0,1.0,1.0,2530.4,66.0,725.3,154.65718857853534,214.10582496209085,308.1,169462837.79548508,13.5,17.298326355636295,303.63564516647074,59055.03170817519,0.8,244.6,Benign
4454.1,6.0,64.0,111.69744088384095,111.69744088384095,0.0,0.0,0.0,0.0,0.64,1.0,0.0,0.0,0.0,0.0,0.0,20.22,0.0,0.0,0.0,0.0,0.0,0.0,0.0,1.0,0.0,0.0,0.0,0.0,0.0,1.0,1.0,2539.46,143.39,432.24,244.1757340843281,105.92369919811892,258.93,84666479.72140947,9.5,21.17287029197845,149.90424317988567,14768.372494952637,0.82,141.55,MQTT-DoS-Publish_Flood
347.05,6.0,64.0,165.33475398164668,165.33475398164668,0.0,0.1,0.25,0.1,0.18,0.82,0.0,0.0,0.8,1.56,0.3,4.19,0.0,0.0,0.0,0.0,0.0,0.0,0.0,1.0,0.0,0.0,0.0,0.0,0.0,1.0,1.0,712.04,61.44,76.47,67.41752925372703,4.959587914532497,68.3,84667039.18654379,9.5,11.60695824521422,7.003309640959503,33.49923931222522,0.92,141.55,MQTT-DDoS-Connect_Flood
19234.0,4.6,25.2,1.28371710699764,1.28371710699764,0.0,0.0,0.0,0.0,0.0,0.2,0.0,0.0,0.0,0.0,0.0,75.1,0.0,0.2,0.0,0.0,0.0,0.0,0.0,0.2,0.2,0.0,0.6,0.0,0.0,0.4,0.4,424.2,42.0,166.4,65.34015873015873,38.73992052159522,136.8,0.0538920879364013,5.5,11.232548185109676,54.78652100689574,4606.5147299067785,0.8,38.5,Benign
149.95,6.0,64.0,120745.71987737442,120745.71987737442,0.0,0.21,0.22,0.07,0.32,0.71,0.0,0.0,0.25,0.45,0.1,1.58,0.0,0.0,0.0,0.0,0.0,0.0,0.0,1.0,0.0,0.0,0.0,0.0,0.0,1.0,1.0,738.13,64.6,78.51,70.47568641433386,4.560258056882528,69.97,84667036.10038982,9.5,11.87007142456638,6.435440088747924,25.571738872851853,0.87,141.55,MQTT-DDoS-Connect_Flood
340846.4,6.0,64.0,1.461134169404541,1.461134169404541,0.0,0.0,0.0,0.0,0.5,1.0,0.0,0.0,0.0,0.0,0.0,4320.3,0.0,0.0,0.0,0.0,0.0,0.0,0.0,1.0,0.0,0.0,0.0,0.0,0.0,1.0,1.0,1241.0,66.0,111.0,80.07043443398706,15.916444163752704,78.9,169467727.6295977,13.5,12.660292301550754,22.522309942083645,253.8132030801504,1.0,244.6,Benign
18108.1,6.0,64.0,94.21001351410985,94.21001351410985,0.0,0.0,0.0,0.0,0.45,1.0,0.0,0.0,0.0,0.0,0.0,55.95,0.0,0.0,0.0,0.0,0.0,0.0,0.0,1.0,0.0,0.0,0.0,0.0,0.0,1.0,1.0,2921.43,107.42,658.16,252.1415084497116,184.45843180993407,322.15,84666482.81229994,9.5,20.337396890586923,260.8960907813657,74393.13014893088,0.49,141.55,MQTT-DoS-Publish_Flood
36151.1,6.0,63.5,1.8797872721729407,1.8797872721729407,0.0,0.0,0.0,0.0,0.4,1.0,0.0,0.0,0.0,0.1,0.0,476.8,0.0,0.1,0.0,0.0,0.0,0.0,0.0,1.0,0.0,0.0,0.0,0.0,0.0,1.0,1.0,401.2,66.0,82.6,72.28432539682538,7.8559051099887425,73.3,0.0998124122619628,5.5,12.021947954039288,11.109927551262182,68.71085259196272,0.9,38.5,Benign
61256.6,6.0,64.0,1.2143484118025891,1.2143484118025891,0.0,0.0,0.0,0.0,0.5,1.0,0.0,0.0,0.0,0.0,0.0,773.9,0.0,0.0,0.0,0.0,0.0,0.0,0.0,1.0,0.0,0.0,0.0,0.0,0.0,1.0,1.0,430.6,66.0,106.5,78.40734126984128,15.464837711658102,77.2,0.0001560926437377,5.5,12.515187063440507,21.870583231725792,273.2136832797934,0.9,38.5,Benign
57740.6,6.0,64.0,0.4079481233304921,0.4079481233304921,0.0,0.0,0.0,0.0,0.5,1.0,0.0,0.0,0.0,0.0,0.0,775.5,0.0,0.0,0.0,0.0,0.0,0.0,0.0,1.0,0.0,0.0,0.0,0.0,0.0,1.0,1.0,420.4,67.5,89.0,76.8768253968254,8.954219647587294,75.4,8.800029754638672e-05,5.5,12.39864695541488,12.663178866085584,89.85485689090451,0.9,38.5,Benign
34016.49,6.0,64.0,67.34057339885557,67.34057339885557,0.0,0.0,0.0,0.0,0.68,1.0,0.0,0.0,0.87,0.16,21.13,34.21,0.0,0.0,0.0,0.0,0.0,0.0,0.0,1.0,0.0,0.0,0.0,0.0,0.0,1.0,1.0,9439.9,253.49,1454.69,904.0763650304804,476.5539167537162,910.28,84666956.04957105,9.5,41.66196909643288,673.7537652095473,250532.2790612447,0.94,141.55,MQTT-DDoS-Publish_Flood
442.5,6.0,64.0,9.14666582307109,9.14666582307109,0.0,0.16,0.27,0.14,0.16,0.59,0.0,0.0,1.12,2.02,0.31,5.01,0.0,0.0,0.0,0.0,0.0,0.0,0.0,1.0,0.0,0.0,0.0,0.0,0.0,1.0,1.0,733.05,61.97,79.89,70.24801674129964,6.012032276509928,69.17,84667030.09933756,9.5,11.849949584090112,8.501799041084489,43.01773005925022,0.92,141.55,MQTT-DDoS-Connect_Flood
37527.59,6.0,64.0,32.960221041509314,32.960221041509314,0.0,0.0,0.01,0.31,0.36,0.69,0.0,0.0,0.68,2.74,13.81,63.61,0.0,0.0,0.0,0.0,0.0,0.0,0.0,1.0,0.0,0.0,0.0,0.0,0.0,1.0,1.0,6857.64,331.9,1101.82,659.568292110796,288.46249319951966,672.0,84666968.83709547,9.5,32.30902077558452,407.17481152098,130451.1099529998,0.93,141.55,MQTT-DDoS-Publish_Flood
14078.98,6.0,64.0,60.95666462362072,60.95666462362072,0.0,0.0,0.0,0.0,0.44,1.0,0.0,0.0,0.0,0.0,0.0,15.78,0.0,0.0,0.0,0.0,0.0,0.0,0.0,1.0,0.0,0.0,0.0,0.0,0.0,1.0,1.0,9134.28,94.96,1327.48,773.9227217644755,518.6106483481036,887.52,84666978.23474318,9.5,37.832827719296745,732.4150483869873,318919.0420669939,0.86,141.55,MQTT-DDoS-Publish_Flood
540.81,6.0,64.0,9.640929589140669,9.640929589140669,0.0,0.07,0.06,0.33,0.1,0.63,0.0,0.0,1.41,2.05,0.91,6.05,0.0,0.0,0.0,0.0,0.0,0.0,0.0,1.0,0.0,0.0,0.0,0.0,0.0,1.0,1.0,658.12,57.64,72.61,62.86128075996072,4.974779963898227,63.54,84667021.65101747,9.5,11.202825429629586,6.994209191617485,32.141331633887376,0.85,141.55,MQTT-DDoS-Connect_Flood
29819.2,6.0,69.9,1.88302668412414,1.88302668412414,0.0,0.0,0.0,0.0,0.6,1.0,0.0,0.0,0.0,0.0,0.0,376.3,0.0,0.1,0.0,0.0,0.0,0.0,0.0,1.0,0.0,0.0,0.0,0.0,0.0,1.0,1.0,1653.4,54.0,298.0,107.38168247773896,73.08990425307955,82.1,169323418.09671998,13.5,14.66502638502121,103.53472815377594,5396.307993081673,1.0,244.6,MQTT-Malformed_Data
510.47,6.0,64.0,10.976076267136154,10.976076267136154,0.0,0.16,0.22,0.26,0.19,0.65,0.0,0.0,1.32,2.1,0.72,5.69,0.0,0.0,0.0,0.0,0.0,0.0,0.0,1.0,0.0,0.0,0.0,0.0,0.0,1.0,1.0,694.81,58.56,78.61,66.11930590651178,6.905009524804026,67.17,84667020.44885617,9.5,11.49403779651058,9.765376091649038,59.19621212164013,0.92,141.55,MQTT-DDoS-Connect_Flood
330.65,6.0,64.0,9.666252236252364,9.666252236252364,0.0,0.13,0.24,0.13,0.12,0.82,0.0,0.0,0.66,1.47,0.39,3.89,0.0,0.0,0.0,0.0,0.0,0.0,0.0,1.0,0.0,0.0,0.0,0.0,0.0,1.0,1.0,706.03,59.92,75.39,66.98759923220915,5.254077312693759,67.34,84667047.70164421,9.5,11.571105970312471,7.426190273711064,37.50437597043427,0.9,141.55,MQTT-DDoS-Connect_Flood
283236.0,6.0,64.0,2.033533552986808,2.033533552986808,0.0,0.0,0.0,0.0,0.5,1.0,0.0,0.0,0.0,0.0,0.0,3769.1,0.0,0.0,0.0,0.0,0.0,0.0,0.0,1.0,0.0,0.0,0.0,0.0,0.0,1.0,1.0,1230.6,66.0,111.0,79.552075037106,15.325268298911164,75.3,169469663.44290298,13.5,12.6185798736602,21.68506822376301,235.7365617352152,1.0,244.6,Benign
107.77,6.0,64.0,46.972183442921285,46.972183442921285,0.0,0.17,0.81,0.0,0.01,1.0,0.0,0.0,0.45,0.86,0.0,1.47,0.0,0.0,0.0,0.0,0.0,0.0,0.0,1.0,0.0,0.0,0.0,0.0,0.0,1.0,1.0,763.12,71.72,74.32,72.7316268899659,1.0374701352362885,72.76,84667043.34028599,9.5,12.058554780228,1.4672530724862065,2.7557805996624656,0.45,141.55,MQTT-DDoS-Connect_Flood
1358570.0,6.0,248.0,93.96434220225854,93.96434220225854,0.0,0.0,0.0,0.0,0.0,1.0,0.0,0.0,0.0,0.0,0.0,1432.5,0.0,1.0,0.0,0.0,0.0,0.0,0.0,1.0,0.0,0.0,0.0,0.0,0.0,1.0,1.0,363.0,66.0,66.0,66.0,0.0,66.0,0.0003655910491943,5.5,11.489125293076055,0.0,0.0,0.0,38.5,Benign
637.73,6.0,64.0,11.358454941157277,11.358454941157277,0.0,0.3,0.22,0.17,0.23,0.65,0.0,0.0,1.85,2.44,0.69,7.29,0.0,0.0,0.0,0.0,0.0,0.0,0.0,1.0,0.0,0.0,0.0,0.0,0.0,1.0,1.0,745.5,63.76,79.97,71.19575681894645,6.2383484731451,69.76,84667027.2193134,9.5,11.926083136189328,8.81795545826987,45.29893135716495,0.95,141.55,MQTT-DDoS-Connect_Flood
468.39,6.0,64.0,12.15445932527434,12.15445932527434,0.0,0.3,0.18,0.13,0.36,0.74,0.0,0.0,1.24,1.87,0.35,5.52,0.0,0.0,0.0,0.0,0.0,0.0,0.0,1.0,0.0,0.0,0.0,0.0,0.0,1.0,1.0,741.64,61.69,80.39,70.85641543080241,7.257630583470783,70.23,84667038.29777697,9.5,11.897803815300646,10.27095109751259,65.47616623020859,0.93,141.55,MQTT-DDoS-Connect_Flood
10480.83,6.11,64.0,15.67123440760663,15.67123440760663,0.0,0.04,0.11,0.32,0.35,0.6,0.0,0.0,0.66,1.16,5.83,15.67,0.0,0.0,0.0,0.0,0.0,0.0,0.0,0.99,0.01,0.0,0.0,0.0,0.0,1.0,1.0,4663.79,179.48,654.68,427.37540486830846,193.1606673863272,391.42,84666973.2286335,9.5,24.682967199629285,273.1445283585388,101375.11528115752,0.89,141.55,MQTT-DDoS-Publish_Flood
1105.56,6.0,64.0,175.06803005945213,175.06803005945213,0.0,0.0,0.0,0.0,0.74,1.0,0.0,0.0,0.0,0.0,0.0,5.95,0.0,0.0,0.0,0.0,0.0,0.0,0.0,1.0,0.0,0.0,0.0,0.0,0.0,1.0,1.0,2728.03,133.58,668.77,260.62668799312144,166.40352455875717,263.29,84666481.53240104,9.5,22.36668802283954,235.2919217893129,38315.4981442555,0.91,141.55,MQTT-DoS-Publish_Flood
488.68,6.0,64.0,9.669382196175455,9.669382196175455,0.0,0.09,0.17,0.43,0.07,0.46,0.0,0.0,1.23,1.91,0.73,5.46,0.0,0.0,0.0,0.0,0.0,0.0,0.0,1.0,0.0,0.0,0.0,0.0,0.0,1.0,1.0,660.25,55.16,76.17,62.9285425287217,7.28581716025734,63.86,84667036.17621103,9.5,11.212491037741012,10.293796551629262,62.233314444460895,0.88,141.55,MQTT-DDoS-Connect_Flood
346.34,6.0,64.0,7.626851863408783,7.626851863408783,0.0,0.1,0.26,0.11,0.13,0.88,0.0,0.0,0.74,1.67,0.34,4.01,0.0,0.0,0.0,0.0,0.0,0.0,0.0,1.0,0.0,0.0,0.0,0.0,0.0,1.0,1.0,726.96,63.46,76.31,69.3720788891621,5.419534820543862,68.9,84667021.24027954,9.5,11.769019596605704,7.661680488777852,39.87926446317957,0.91,141.55,MQTT-DDoS-Connect_Flood
310.04,6.0,64.0,11.571642488661633,11.571642488661633,0.0,0.13,0.26,0.33,0.08,0.46,0.0,0.0,0.86,1.02,0.53,3.32,0.0,0.0,0.0,0.0,0.0,0.0,0.0,1.0,0.0,0.0,0.0,0.0,0.0,1.0,1.0,695.75,59.32,78.19,66.464934955868,6.667525741049554,65.44,84667040.72359602,9.5,11.523096898874474,9.42811427610382,59.090324771603925,0.87,141.55,MQTT-DDoS-Connect_Flood
2166.6,4.8,51.2,22.92364184745336,22.92364184745336,0.0,0.0,0.1,0.0,0.2,0.7,0.0,0.0,0.0,0.7,0.0,25.2,0.0,0.8,0.0,0.0,0.0,0.0,0.0,0.8,0.0,0.0,0.2,0.0,0.0,0.8,0.8,665.2,60.0,345.2,101.92444444444445,92.6060207702009,230.8,0.0170373916625976,5.5,13.95088762003137,130.96469053062265,21927.37730511464,0.8,38.5,Benign
547.29,6.0,64.0,11.363380247077169,11.363380247077169,0.0,0.12,0.26,0.35,0.17,0.39,0.0,0.0,1.55,2.0,0.78,6.24,0.0,0.0,0.0,0.0,0.0,0.0,0.0,1.0,0.0,0.0,0.0,0.0,0.0,1.0,1.0,692.19,59.61,76.46,66.10372412425895,6.031808191837387,65.46,84667034.95963292,9.5,11.48350142435068,8.526742620635833,48.26544494108629,0.89,141.55,MQTT-DDoS-Connect_Flood
12205.7,7.1,64.0,1.3391073959855362,1.3391073959855362,0.0,0.0,0.0,0.0,0.5,0.9,0.0,0.0,0.0,0.0,0.0,141.1,0.0,0.0,0.0,0.0,0.0,0.0,0.0,0.9,0.1,0.0,0.0,0.0,0.0,1.0,1.0,1569.9,66.0,437.8,97.90346096456004,86.56732567813391,164.8,169463924.009277,13.5,13.918131548937538,123.07931096474378,15197.958481261843,1.0,244.6,Benign
321.64,6.0,64.0,3.8886224793907775,3.8886224793907775,0.0,0.18,0.2,0.0,0.17,1.0,0.0,0.0,0.32,2.73,0.12,3.59,0.0,0.0,0.0,0.0,0.0,0.0,0.0,1.0,0.0,0.0,0.0,0.0,0.0,1.0,1.0,718.48,66.4,73.08,68.72309325899418,2.6003311463676173,68.28,84667042.16748352,9.5,11.722700892051346,3.675998991288699,7.902945883101181,0.9,141.55,MQTT-DDoS-Connect_Flood
370.94,6.0,64.0,12.06350396742834,12.06350396742834,0.0,0.14,0.24,0.02,0.24,0.92,0.0,0.0,0.78,1.77,0.21,4.43,0.0,0.0,0.0,0.0,0.0,0.0,0.0,1.0,0.0,0.0,0.0,0.0,0.0,1.0,1.0,731.63,64.13,77.16,69.57163424780416,4.782775924760386,69.9,84667027.72372268,9.5,11.78967140307662,6.766091064865909,29.52128828165964,0.9,141.55,MQTT-DDoS-Connect_Flood
489618.2,7.1,83.1,1.5905066989425225,1.5905066989425225,0.0,0.0,0.0,0.0,0.5,0.9,0.0,0.0,0.0,0.0,0.0,6003.9,0.0,0.0,0.0,0.0,0.0,0.0,0.0,0.9,0.1,0.0,0.0,0.0,0.0,1.0,1.0,608.0,85.8,246.0,129.19615079365082,58.57559495510052,96.0,0.0825869798660278,5.5,15.88841426074275,82.8384008095762,3906.365962947216,0.9,38.5,Benign
332.74,6.0,64.0,9.21216412425963,9.21216412425963,0.0,0.24,0.18,0.14,0.2,0.85,0.0,0.0,0.78,1.41,0.46,4.03,0.0,0.0,0.0,0.0,0.0,0.0,0.0,1.0,0.0,0.0,0.0,0.0,0.0,1.0,1.0,689.6,61.56,71.36,65.51342208479515,4.022089582768104,66.56,84667035.87460728,9.5,11.439284629495983,5.685179548286827,21.55983162287014,0.92,141.55,MQTT-DDoS-Connect_Flood
510538.2,4.8,51.2,2.033665664522191,2.033665664522191,0.0,0.0,0.0,0.0,0.4,0.8,0.0,0.0,0.0,0.0,0.0,6260.4,0.0,0.0,0.0,0.0,0.0,0.0,0.0,0.8,0.0,0.0,0.2,0.0,0.0,0.8,0.8,456.2,65.6,110.8,87.22,18.38384835653293,75.6,0.0028950214385986,5.5,13.189539032769554,25.9986876744192,377.1402619047618,0.9,38.5,Benign
341323.5,6.0,64.0,1.9039036396012283,1.9039036396012283,0.0,0.0,0.0,0.0,0.5,1.0,0.0,0.0,0.0,0.0,0.0,4230.6,0.0,0.0,0.0,0.0,0.0,0.0,0.0,1.0,0.0,0.0,0.0,0.0,0.0,1.0,1.0,430.2,66.0,95.7,76.12714285714284,12.055511893175233,80.8,8.478164672851563e-05,5.5,12.333370026742315,17.04906842067856,176.29111678004534,0.9,38.5,Benign
765.1,6.0,64.0,9.27417080303572,9.27417080303572,0.0,0.11,0.12,0.6,0.09,0.28,0.0,0.0,2.33,2.49,1.66,8.26,0.0,0.0,0.0,0.0,0.0,0.0,0.0,1.0,0.0,0.0,0.0,0.0,0.0,1.0,1.0,639.0,54.29,73.97,60.40571880119364,7.119144463900316,61.26,84667041.03783765,9.5,10.982344704476192,10.071603093205738,68.49278103626672,0.79,141.55,MQTT-DDoS-Connect_Flood
432.62,6.0,64.0,6.025672376836377,6.025672376836377,0.0,0.08,0.1,0.25,0.21,0.68,0.0,0.0,0.99,1.62,0.41,4.98,0.0,0.0,0.0,0.0,0.0,0.0,0.0,1.0,0.0,0.0,0.0,0.0,0.0,1.0,1.0,705.06,55.9,80.04,67.09373710147781,8.246703372406493,67.68,84667048.81554915,9.5,11.577527822211096,11.654343852155302,76.52476009532957,0.94,141.55,MQTT-DDoS-Connect_Flood
426.42,6.0,64.0,10.183479379898165,10.183479379898165,0.0,0.11,0.1,0.46,0.12,0.44,0.0,0.0,1.38,0.96,0.71,4.97,0.0,0.0,0.0,0.0,0.0,0.0,0.0,1.0,0.0,0.0,0.0,0.0,0.0,1.0,1.0,658.91,54.89,79.9,62.95011726384211,8.792590992499333,63.29,84667026.91439062,9.5,11.212381985683765,12.427732221334466,86.65044342156932,0.92,141.55,MQTT-DDoS-Connect_Flood
266153.0,6.0,248.0,31.93712563797888,31.93712563797888,0.0,0.0,0.0,0.0,0.0,1.0,0.0,0.0,0.0,1.0,0.0,3137.5,0.0,1.0,0.0,0.0,0.0,0.0,0.0,1.0,0.0,0.0,0.0,0.0,0.0,1.0,1.0,363.0,66.0,66.0,66.0,0.0,66.0,0.0018225908279418,5.5,11.489125293076055,0.0,0.0,0.0,38.5,Benign
460.31,6.0,64.0,68.29680973865477,68.29680973865477,0.0,0.02,0.26,0.09,0.21,0.95,0.0,0.0,0.37,2.26,0.55,4.89,0.0,0.0,0.0,0.0,0.0,0.0,0.0,1.0,0.0,0.0,0.0,0.0,0.0,1.0,1.0,723.0,63.09,76.62,69.27785104291992,4.412935193055754,68.96,84662380.53564423,9.5,11.76744602903006,6.246071948898399,22.699723386738427,0.92,141.55,MQTT-DoS-Connect_Flood
148587.1,6.0,64.0,0.611692633111596,0.611692633111596,0.0,0.0,0.0,0.0,0.1,1.0,0.0,0.0,0.0,0.0,0.0,1873.7,0.0,0.0,0.0,0.0,0.0,0.0,0.0,1.0,0.0,0.0,0.0,0.0,0.0,1.0,1.0,1038.8,66.0,68.0,67.05185242689886,0.982475579351421,66.2,169469417.9358171,13.5,11.580669405980917,1.3905135840075449,0.9670734295550382,1.0,244.6,Benign
5967575.8,6.0,192.8,106.2467706745172,106.2467706745172,0.0,0.0,0.0,0.0,0.0,1.0,0.0,0.0,0.0,0.0,0.0,6064.5,0.0,1.0,0.0,0.0,0.0,0.0,0.0,1.0,0.0,0.0,0.0,0.0,0.0,1.0,1.0,1219.8,66.0,494.4,158.42333333333332,172.03347236328554,494.4,0.0005671977996826,5.5,16.167115806000897,243.29206979829544,100371.59455555557,0.3,38.5,MQTT-Malformed_Data
597.69,6.0,64.0,9.588590639318316,9.588590639318316,0.0,0.2,0.03,0.47,0.11,0.5,0.0,0.0,1.84,2.08,0.87,6.77,0.0,0.0,0.0,0.0,0.0,0.0,0.0,1.0,0.0,0.0,0.0,0.0,0.0,1.0,1.0,656.86,55.88,75.04,62.76323753121664,6.231574100519233,62.45,84667037.1491813,9.5,11.191752443925909,8.821753470414993,53.059723026880185,0.8,141.55,MQTT-DDoS-Connect_Flood
86366.2,6.0,64.0,1.1877398846192646,1.1877398846192646,0.0,0.0,0.0,0.0,0.5,1.0,0.0,0.0,0.0,0.0,0.0,1146.1,0.0,0.0,0.0,0.0,0.0,0.0,0.0,1.0,0.0,0.0,0.0,0.0,0.0,1.0,1.0,424.0,68.2,88.0,78.14075396825396,9.13056100158985,76.3,0.0001359939575195,5.5,12.498374356192148,12.912563200523234,92.76878532060972,0.9,38.5,Benign
357.42,6.0,64.0,73.08281302763419,73.08281302763419,0.0,0.2,0.19,0.07,0.25,0.8,0.0,0.0,0.86,1.48,0.19,4.27,0.0,0.0,0.0,0.0,0.0,0.0,0.0,1.0,0.0,0.0,0.0,0.0,0.0,1.0,1.0,724.56,60.21,77.1,69.04481147769499,5.161865717637529,68.93,84667049.6304251,9.5,11.748639395577944,7.29606531142526,33.880420986934915,0.93,141.55,MQTT-DDoS-Connect_Flood
9188.27,6.0,64.0,21.70755093342502,21.70755093342502,0.0,0.0,0.0,0.0,0.63,1.0,0.0,0.0,0.74,0.3,9.01,15.01,0.0,0.0,0.0,0.0,0.0,0.0,0.0,1.0,0.0,0.0,0.0,0.0,0.0,1.0,1.0,6049.37,202.94,984.16,590.9885998308966,305.53292197971075,570.96,84666970.11377953,9.5,31.093822836247995,430.94829004602457,164843.89447205988,0.8,141.55,MQTT-DDoS-Publish_Flood
131.42,6.0,64.0,176130.10066049747,176130.10066049747,0.0,0.22,0.17,0.11,0.2,0.81,0.0,0.0,0.22,0.37,0.16,1.45,0.0,0.0,0.0,0.0,0.0,0.0,0.0,1.0,0.0,0.0,0.0,0.0,0.0,1.0,1.0,718.81,62.52,78.46,68.21947887698816,5.908365342882905,69.27,84667031.22079141,9.5,11.675932682113672,8.33404980639279,45.42305126460093,0.85,141.55,MQTT-DDoS-Connect_Flood
388.94,6.0,64.0,18.97026602118316,18.97026602118316,0.0,0.28,0.09,0.14,0.36,0.78,0.0,0.0,1.16,0.95,0.27,4.58,0.0,0.0,0.0,0.0,0.0,0.0,0.0,1.0,0.0,0.0,0.0,0.0,0.0,1.0,1.0,745.42,61.71,81.7,71.24150111764739,7.542603459519419,70.0,84667019.10586104,9.5,11.927227521313846,10.652745660099349,63.17003269392778,0.93,141.55,MQTT-DDoS-Connect_Flood
461.2,6.0,64.0,753.4514230813544,753.4514230813544,0.0,0.2,0.2,0.2,0.3,0.7,0.0,0.0,0.8,1.6,0.9,3.6,0.0,0.0,0.0,0.0,0.0,0.0,0.0,1.0,0.0,0.0,0.0,0.0,0.0,1.0,1.0,371.2,56.4,79.8,66.82805555555555,8.245293159112528,69.3,0.0005544185638427,5.5,11.558336689480257,11.66060541135904,80.24843573633157,0.9,38.5,MQTT-Malformed_Data
683833.3,6.0,64.0,26.98757423802229,26.98757423802229,0.0,0.0,0.0,0.0,0.3,1.0,0.0,0.0,0.0,0.0,0.0,734.3,0.0,0.3,0.0,0.0,0.0,0.0,0.0,1.0,0.0,0.0,0.0,0.0,0.0,1.0,1.0,9164.6,66.0,1494.0,597.2685704680596,677.1670928700246,502.6,169462840.6051751,13.5,34.38199758800562,956.1555670777554,457414.3617796591,1.0,244.6,Benign
0.0,0.0,0.0,2.03772350685034,2.03772350685034,0.0,0.0,0.0,0.0,0.0,0.0,0.0,0.0,0.0,0.0,0.0,0.0,0.0,0.0,0.0,0.0,0.0,0.0,0.0,0.0,0.0,0.0,1.0,0.0,0.0,0.0,0.0,988.8,42.0,111.0,64.13947336461267,20.52595449509701,52.8,169463529.52118528,13.5,11.32555680786061,29.094556365374075,424.5792169929893,1.0,244.6,Benign
95897.2,6.0,64.0,1.6822797074239486,1.6822797074239486,0.0,0.0,0.0,0.0,0.5,1.0,0.0,0.0,0.0,2.0,0.0,1173.7,0.0,0.0,0.0,0.0,0.0,0.0,0.0,1.0,0.0,0.0,0.0,0.0,0.0,1.0,1.0,2246.9,66.0,932.0,147.2004231591422,213.55067138948908,81.3,169461587.0944697,13.5,17.15734924360591,302.6594525094196,46120.7599695388,1.0,244.6,Benign
213.7,6.0,64.0,9.446769084487656,9.446769084487656,0.0,0.3,0.23,0.0,0.2,1.0,0.0,0.0,0.35,1.25,0.11,2.71,0.0,0.0,0.0,0.0,0.0,0.0,0.0,1.0,0.0,0.0,0.0,0.0,0.0,1.0,1.0,718.2,66.08,72.16,68.06319272454412,2.40556913717318,68.64,84667041.93535832,9.5,11.666838694951092,3.4001424117827725,6.856646162677943,0.9,141.55,MQTT-DDoS-Connect_Flood
74422.2,4.8,51.2,1.744312886765265,1.744312886765265,0.0,0.0,0.0,0.0,0.4,0.8,0.0,0.0,0.0,0.0,0.0,989.2,0.0,0.0,0.0,0.0,0.0,0.0,0.0,0.8,0.0,0.0,0.2,0.0,0.0,0.8,0.8,411.2,63.4,88.0,76.78595238095238,9.999352136196318,69.0,0.0121587038040161,5.5,12.386762542108638,14.141219405953214,115.50501077097506,0.9,38.5,Benign
393.1,6.0,64.0,849.9272914292558,849.9272914292558,0.0,0.2,0.2,0.2,0.3,0.7,0.0,0.0,0.8,1.6,0.9,3.6,0.0,0.0,0.0,0.0,0.0,0.0,0.0,1.0,0.0,0.0,0.0,0.0,0.0,1.0,1.0,1089.3,54.0,89.0,70.3822766827256,10.49018068110826,69.3,169323416.92968887,13.5,11.855993381027949,14.752453727411886,108.96404293438268,1.0,244.6,MQTT-Malformed_Data
347202.2,7.1,81.8,1.140278468393158,1.140278468393158,0.0,0.0,0.0,0.0,0.4,0.9,0.0,0.0,0.0,0.0,0.0,3922.0,0.0,0.1,0.0,0.0,0.0,0.0,0.0,0.9,0.1,0.0,0.0,0.0,0.0,1.0,1.0,477.6,68.1,121.3,89.60861111111112,20.655751317334428,92.9,0.080756402015686,5.5,13.37323507430174,29.211643653980268,527.6283867945326,0.9,38.5,Benign
306.94,6.0,64.0,11.1244493894744,11.1244493894744,0.0,0.23,0.42,0.02,0.23,0.84,0.0,0.0,0.53,1.75,0.16,3.51,0.0,0.0,0.0,0.0,0.0,0.0,0.0,1.0,0.0,0.0,0.0,0.0,0.0,1.0,1.0,748.67,66.92,77.55,71.32932100673663,3.8761667510404174,71.7,84667039.37610649,9.5,11.941105547505437,5.459709947583571,18.29045642968521,0.92,141.55,MQTT-DDoS-Connect_Flood
9231.54,6.0,64.0,106.99892225791764,106.99892225791764,0.0,0.0,0.0,0.0,0.55,1.0,0.0,0.0,0.0,0.0,0.0,54.63,0.0,0.0,0.0,0.0,0.0,0.0,0.0,1.0,0.0,0.0,0.0,0.0,0.0,1.0,1.0,1311.03,71.45,153.2,121.49939139270602,34.815117585750976,125.95,84666507.28267092,9.5,15.397653579525166,49.20284669528324,1651.477038752462,0.75,141.55,MQTT-DoS-Publish_Flood
392.13,6.0,64.0,95.15705289783524,95.15705289783524,0.0,0.06,0.23,0.16,0.23,0.78,0.0,0.0,0.36,1.87,0.7,4.0,0.0,0.0,0.0,0.0,0.0,0.0,0.0,1.0,0.0,0.0,0.0,0.0,0.0,1.0,1.0,729.56,62.32,79.29,69.69035764721175,5.526811758642736,69.1,84662359.81538765,9.5,11.80395478352198,7.805416501836915,38.82120750271172,0.9,141.55,MQTT-DoS-Connect_Flood
39383.32,6.0,64.0,84.3585961657313,84.3585961657313,0.0,0.0,0.0,0.0,0.75,1.0,0.0,0.0,0.0,0.0,0.0,218.53,0.0,0.0,0.0,0.0,0.0,0.0,0.0,1.0,0.0,0.0,0.0,0.0,0.0,1.0,1.0,4794.04,213.15,921.47,464.7938970190457,235.81953445156583,448.59,84666509.77779014,9.5,28.992745178626755,333.33486599351244,76092.7599336652,0.78,141.55,MQTT-DoS-Publish_Flood
38538.1,6.0,64.0,0.5966528325054286,0.5966528325054286,0.0,0.0,0.0,0.0,0.1,1.0,0.0,0.0,0.0,0.0,0.0,485.6,0.0,0.0,0.0,0.0,0.0,0.0,0.0,1.0,0.0,0.0,0.0,0.0,0.0,1.0,1.0,1038.8,66.0,68.0,67.05185242689886,0.982475579351421,66.2,169465007.91216403,13.5,11.580669405980917,1.3905135840075449,0.9670734295550382,1.0,244.6,Benign
377.31,6.0,64.0,49.92583636016775,49.92583636016775,0.0,0.02,0.29,0.12,0.27,0.86,0.0,0.0,0.08,1.99,0.25,4.15,0.0,0.0,0.0,0.0,0.0,0.0,0.0,1.0,0.0,0.0,0.0,0.0,0.0,1.0,1.0,757.71,66.05,78.87,72.58379193583335,4.959622515132759,71.18,84662361.82590939,9.5,12.046880868575643,7.015996590367011,29.01066056484226,0.92,141.55,MQTT-DoS-Connect_Flood
14715.2,6.0,64.0,1.1447725879150747,1.1447725879150747,0.0,0.0,0.0,0.0,0.5,1.0,0.0,0.0,0.0,0.0,0.0,195.5,0.0,0.0,0.0,0.0,0.0,0.0,0.0,1.0,0.0,0.0,0.0,0.0,0.0,1.0,1.0,369.0,66.0,67.8,67.03984126984128,0.871499069267253,67.0,0.0001496076583862,5.5,11.579228670861394,1.2324858033532788,0.8455023935500126,0.9,38.5,MQTT-Malformed_Data
70590.85,6.0,64.0,74.40639395776967,74.40639395776967,0.0,0.0,0.0,0.0,0.62,1.0,0.0,0.0,0.0,0.0,0.0,253.12,0.0,0.0,0.0,0.0,0.0,0.0,0.0,1.0,0.0,0.0,0.0,0.0,0.0,1.0,1.0,6094.72,185.15,1155.96,594.2383675988613,329.9644664326196,533.61,84666496.70087397,9.5,33.96227184238134,466.856403351626,122961.63319264792,0.95,141.55,MQTT-DoS-Publish_Flood
12868.63,6.0,64.0,29.24430752225265,29.24430752225265,0.0,0.0,0.0,0.5,0.23,0.5,0.0,0.0,0.96,0.44,3.56,17.76,0.0,0.0,0.0,0.0,0.0,0.0,0.0,1.0,0.0,0.0,0.0,0.0,0.0,1.0,1.0,6579.61,263.63,1353.4,703.4367960888012,429.0766007578586,659.93,84666975.69731727,9.5,34.45059498697959,607.1827739335023,254467.36426538185,0.76,141.55,MQTT-DDoS-Publish_Flood
19238.95,6.0,64.0,62.27025486827009,62.27025486827009,0.0,0.0,0.0,0.0,0.66,1.0,0.0,0.0,0.0,0.0,0.0,50.8,0.0,0.0,0.0,0.0,0.0,0.0,0.0,1.0,0.0,0.0,0.0,0.0,0.0,1.0,1.0,3167.76,130.31,731.81,275.9828784482631,184.6486989505767,306.89,84666494.11774498,9.5,22.72638285632156,261.31864131116623,54991.7783883344,0.86,141.55,MQTT-DoS-Publish_Flood
107848.6,6.0,69.9,1.4230632777438337,1.4230632777438337,0.0,0.0,0.0,0.0,0.5,1.0,0.0,0.0,0.0,0.0,0.0,1366.1,0.0,0.1,0.0,0.0,0.0,0.0,0.0,1.0,0.0,0.0,0.0,0.0,0.0,1.0,1.0,434.4,68.2,101.2,79.72456349206351,12.333177355092207,78.7,0.1001469135284423,5.5,12.624700864602056,17.441746682724137,174.51127454963466,0.9,38.5,Benign
635203.4,6.0,64.0,2.0331511187739766,2.0331511187739766,0.0,0.0,0.0,0.0,0.5,1.0,0.0,0.0,0.0,0.0,0.0,7908.8,0.0,0.0,0.0,0.0,0.0,0.0,0.0,1.0,0.0,0.0,0.0,0.0,0.0,1.0,1.0,1357.1,42.0,246.0,87.71811535042184,58.69425988453459,80.5,169465702.9184019,13.5,13.245794119960824,83.19580050518785,3484.1629934935568,1.0,244.6,Benign
49203.61,6.0,64.0,120.92825818438985,120.92825818438985,0.0,0.0,0.0,0.0,0.11,1.0,0.0,0.0,0.0,0.0,0.0,230.36,0.0,0.0,0.0,0.0,0.0,0.0,0.0,1.0,0.0,0.0,0.0,0.0,0.0,1.0,1.0,1000.38,66.0,127.04,87.94894174195258,22.06614677170577,96.52,84666479.61165114,9.5,12.839632549422612,31.20558621431376,3327.356449908642,0.15,141.55,MQTT-DoS-Publish_Flood
13885.38,6.0,64.0,11.960184565036162,11.960184565036162,0.0,0.0,0.11,0.51,0.09,0.4,0.0,0.0,0.72,2.91,7.11,22.37,0.0,0.0,0.0,0.0,0.0,0.0,0.0,1.0,0.0,0.0,0.0,0.0,0.0,1.0,1.0,2000.81,54.36,374.03,156.32360347066074,133.49590980702166,231.94,84666970.70039216,9.5,15.330199030046806,188.2841141682125,78681.73577556798,0.89,141.55,MQTT-DDoS-Publish_Flood
460.4,6.0,64.0,11.118097342666989,11.118097342666989,0.0,0.1,0.1,0.31,0.19,0.67,0.0,0.0,1.12,1.98,0.65,5.08,0.0,0.0,0.0,0.0,0.0,0.0,0.0,1.0,0.0,0.0,0.0,0.0,0.0,1.0,1.0,672.13,57.84,75.45,64.44367523330644,6.458527466103053,64.87,84667045.05231072,9.5,11.341804565654613,9.12592152095544,49.57112065619009,0.94,141.55,MQTT-DDoS-Connect_Flood
35605.2,7.1,64.0,1.225490128879907,1.225490128879907,0.0,0.0,0.0,0.0,0.4,0.9,0.0,0.0,0.0,0.0,0.0,453.8,0.0,0.0,0.0,0.0,0.0,0.0,0.0,0.9,0.1,0.0,0.0,0.0,0.0,1.0,1.0,1342.2,66.0,203.7,86.6371130756928,34.34934893280603,88.6,169469463.6351274,13.5,13.168793484109006,48.65784448528748,1222.8121076875177,1.0,244.6,Benign
382.43,6.0,64.0,10.49454293165095,10.49454293165095,0.0,0.21,0.28,0.13,0.19,0.85,0.0,0.0,0.91,1.76,0.33,4.43,0.0,0.0,0.0,0.0,0.0,0.0,0.0,1.0,0.0,0.0,0.0,0.0,0.0,1.0,1.0,729.91,63.0,77.31,69.4818766872962,5.342994158872408,69.47,84667020.19181243,9.5,11.784670451723375,7.564047585869099,39.35139883196409,0.84,141.55,MQTT-DDoS-Connect_Flood
53848.2,6.0,64.0,0.3705158699786351,0.3705158699786351,0.0,0.0,0.0,0.0,0.7,1.0,0.0,0.0,0.0,0.0,0.0,714.7,0.0,0.0,0.0,0.0,0.0,0.0,0.0,1.0,0.0,0.0,0.0,0.0,0.0,1.0,1.0,370.8,66.4,68.0,67.51785714285714,0.7282721406978903,67.4,1.0013580322265623e-05,5.5,11.620465601456486,1.0299323384734431,0.6650493197278913,0.8,38.5,Benign
364.82,6.0,64.0,11.880412738805102,11.880412738805102,0.0,0.22,0.34,0.07,0.24,0.72,0.0,0.0,0.84,1.56,0.12,4.45,0.0,0.0,0.0,0.0,0.0,0.0,0.0,1.0,0.0,0.0,0.0,0.0,0.0,1.0,1.0,753.04,65.92,79.19,71.67461236127993,4.859299688040909,71.35,84667019.62791042,9.5,11.971561846521226,6.8713469523832575,27.13968787114032,0.93,141.55,MQTT-DDoS-Connect_Flood
5537.05,6.0,64.0,102.05763245540548,102.05763245540548,0.0,0.0,0.0,0.0,0.74,1.0,0.0,0.0,0.0,0.0,0.0,23.73,0.0,0.0,0.0,0.0,0.0,0.0,0.0,1.0,0.0,0.0,0.0,0.0,0.0,1.0,1.0,4194.85,197.9,903.22,412.0345818885278,218.98006472190085,402.81,84666491.73281406,9.5,27.62489409832793,309.6908257168789,77334.85050049852,0.81,141.55,MQTT-DoS-Publish_Flood
26497.93,6.0,64.0,107.63608024994583,107.63608024994583,0.0,0.0,0.0,0.0,0.31,1.0,0.0,0.0,0.0,0.0,0.0,143.68,0.0,0.0,0.0,0.0,0.0,0.0,0.0,1.0,0.0,0.0,0.0,0.0,0.0,1.0,1.0,1960.04,107.42,312.79,173.57683108927537,75.07003704766603,203.34,84666500.4850573,9.5,17.11911148462706,106.21983515842244,28096.45432803277,0.36,141.55,MQTT-DoS-Publish_Flood
572.28,6.0,64.0,11.088318465460691,11.088318465460691,0.0,0.21,0.11,0.3,0.23,0.6,0.0,0.0,1.6,2.04,0.87,6.52,0.0,0.0,0.0,0.0,0.0,0.0,0.0,1.0,0.0,0.0,0.0,0.0,0.0,1.0,1.0,691.76,57.96,79.73,66.27548256769889,7.402130720109726,66.01,84667021.47875634,9.5,11.506798529668854,10.45752703436536,66.0058301563629,0.92,141.55,MQTT-DDoS-Connect_Flood
59430.9,7.1,57.7,1.967459311626908,1.967459311626908,0.0,0.0,0.0,0.0,0.5,0.9,0.0,0.0,0.0,0.0,0.0,733.9,0.0,0.0,0.0,0.0,0.0,0.0,0.0,0.9,0.1,0.0,0.0,0.0,0.0,1.0,1.0,581.4,82.9,217.0,120.389126984127,49.12374279302448,95.7,0.0999818086624145,5.5,15.377320795143753,69.47146329242278,2743.0853839128245,0.9,38.5,Benign
21196.58,6.0,64.0,40.97825053898113,40.97825053898113,0.0,0.03,0.0,0.19,0.39,0.81,0.0,0.0,0.78,0.25,13.64,19.54,0.0,0.0,0.0,0.0,0.0,0.0,0.0,1.0,0.0,0.0,0.0,0.0,0.0,1.0,1.0,9791.34,330.68,1127.37,875.5960782354902,334.63465276284137,956.53,84666974.03589572,9.5,38.20900715052138,473.4088605374829,191723.71293606493,0.87,141.55,MQTT-DDoS-Publish_Flood
794038.3,7.1,156.7,126.33740743270484,126.33740743270484,0.0,0.0,0.0,0.0,0.3,0.9,0.0,0.0,0.0,0.0,0.0,809.1,0.0,0.9,0.0,0.0,0.0,0.0,0.0,0.9,0.1,0.0,0.0,0.0,0.0,1.0,1.0,6923.5,60.0,1494.0,442.698860006093,554.572571714829,565.9,169323398.9421494,13.5,29.74254683712157,785.3000753099691,310265.6638254338,1.0,244.6,MQTT-Malformed_Data
131051.8,6.0,64.0,1.1278844705821431,1.1278844705821431,0.0,0.0,0.0,0.0,0.7,1.0,0.0,0.0,0.0,0.0,0.0,1642.7,0.0,0.0,0.0,0.0,0.0,0.0,0.0,1.0,0.0,0.0,0.0,0.0,0.0,1.0,1.0,378.0,66.2,75.6,68.28789682539681,3.054155460438728,69.3,0.0001049995422363,5.5,11.686159961662206,4.3192280737482935,17.156262644872765,0.9,38.5,Benign
299.27,6.0,64.0,14.293210480685737,14.293210480685737,0.0,0.07,0.37,0.11,0.33,0.86,0.0,0.0,0.57,1.45,0.36,3.5,0.0,0.0,0.0,0.0,0.0,0.0,0.0,1.0,0.0,0.0,0.0,0.0,0.0,1.0,1.0,722.17,62.36,75.25,68.33157392912385,4.723744028580982,69.6,84667046.13481928,9.5,11.682055428739895,6.6724541859413975,29.920859820334645,0.93,141.55,MQTT-DDoS-Connect_Flood
114.8,6.0,64.0,39907.04889896301,39907.04889896301,0.0,0.26,0.16,0.07,0.23,0.91,0.0,0.0,0.28,0.32,0.11,1.38,0.0,0.0,0.0,0.0,0.0,0.0,0.0,1.0,0.0,0.0,0.0,0.0,0.0,1.0,1.0,717.69,60.84,76.48,68.46505379372948,4.853061415991118,68.4,84667037.37266578,9.5,11.69481728162316,6.84420297994549,33.72701753607686,0.88,141.55,MQTT-DDoS-Connect_Flood
454.43,6.0,64.0,12.536361732720277,12.536361732720277,0.0,0.25,0.19,0.25,0.22,0.56,0.0,0.0,1.25,1.81,0.39,5.36,0.0,0.0,0.0,0.0,0.0,0.0,0.0,1.0,0.0,0.0,0.0,0.0,0.0,1.0,1.0,700.09,59.68,76.19,66.70451598564836,5.375034575843016,66.54,84667049.49038838,9.5,11.547054523448937,7.595375014965499,40.17717327414664,0.84,141.55,MQTT-DDoS-Connect_Flood
120159.5,8.2,64.0,1.0238644706595952,1.0238644706595952,0.0,0.0,0.0,0.0,0.4,0.8,0.0,0.0,0.0,0.0,0.0,1469.8,0.0,0.0,0.0,0.0,0.0,0.0,0.0,0.8,0.2,0.0,0.0,0.0,0.0,1.0,1.0,1606.6,66.0,346.4,98.20533528648856,78.87269868930025,250.2,169468403.1670118,13.5,13.830808305394948,112.392657921424,17686.376545371495,1.0,244.6,Benign
367.62,6.0,64.0,8.803086499302022,8.803086499302022,0.0,0.1,0.18,0.15,0.5,0.73,0.0,0.0,0.73,1.73,0.32,4.23,0.0,0.0,0.0,0.0,0.0,0.0,0.0,1.0,0.0,0.0,0.0,0.0,0.0,1.0,1.0,724.2,61.92,75.16,68.1414201428087,4.911320801982289,69.04,84667017.77242486,9.5,11.666161384934208,6.947920747078523,49.97507687495626,0.73,141.55,MQTT-DDoS-Connect_Flood
1295227.0,6.0,56.0,8132.65579315324,8132.65579315324,0.0,0.0,0.0,0.0,0.0,1.0,0.0,0.0,0.0,0.0,0.0,855.5,1.0,0.0,0.0,0.0,0.0,0.0,0.0,1.0,0.0,0.0,0.0,0.0,0.0,1.0,1.0,23467.0,1514.0,1514.0,1514.0,0.0,1514.0,169469425.7982447,13.5,55.02726596879042,0.0,0.0,0.0,244.6,Benign
293.48,6.0,64.0,270.8487983003224,270.8487983003224,0.0,0.22,0.16,0.15,0.29,0.84,0.0,0.0,0.66,1.11,0.25,3.63,0.0,0.0,0.0,0.0,0.0,0.0,0.0,1.0,0.0,0.0,0.0,0.0,0.0,1.0,1.0,696.62,62.4,72.99,66.0051999063458,3.5898073995727726,67.03,84667034.93058734,9.5,11.483642834207672,5.0819227447715125,23.22897281201402,0.81,141.55,MQTT-DDoS-Connect_Flood
618.0,6.0,64.0,9.262604536524472,9.262604536524472,0.0,0.21,0.11,0.44,0.07,0.5,0.0,0.0,1.93,2.13,1.04,6.95,0.0,0.0,0.0,0.0,0.0,0.0,0.0,1.0,0.0,0.0,0.0,0.0,0.0,1.0,1.0,659.21,57.37,77.62,63.61121422432915,7.292161956868582,62.78,84667026.35905653,9.5,11.27143051887328,10.308254175250967,68.64484875472832,0.85,141.55,MQTT-DDoS-Connect_Flood
1181.65,6.0,64.0,27.98022182681102,27.98022182681102,0.0,0.0,0.22,0.14,0.31,0.92,0.0,0.0,0.08,2.79,0.78,13.82,0.0,0.0,0.0,0.0,0.0,0.0,0.0,1.0,0.0,0.0,0.0,0.0,0.0,1.0,1.0,766.76,66.32,93.65,72.33180430229386,8.035020715291274,73.48,84662362.75074416,9.5,12.023081386477186,11.378783682221991,161.4000608523399,0.86,141.55,MQTT-DoS-Connect_Flood
1884173.0,6.0,56.0,8052.502078561343,8052.502078561343,0.0,0.0,0.0,0.0,0.3,1.0,0.0,0.0,0.0,0.0,0.0,1244.5,1.0,0.0,0.0,0.0,0.0,0.0,0.0,1.0,0.0,0.0,0.0,0.0,0.0,1.0,1.0,8327.0,1514.0,1514.0,1514.0,0.0,1514.0,0.0001166105270385,5.5,55.02726596879042,0.0,0.0,0.0,38.5,Benign
65998.2,6.0,64.0,87.35869398996437,87.35869398996437,0.0,0.0,0.0,0.0,0.13,1.0,0.0,0.0,0.0,0.0,0.0,182.09,0.0,0.0,0.0,0.0,0.0,0.0,0.0,1.0,0.0,0.0,0.0,0.0,0.0,1.0,1.0,2924.0,127.98,823.32,298.3186491994418,244.94020864852385,256.9,84666982.2414839,9.5,21.28710850876087,346.9140218380377,124389.77746084463,0.52,141.55,MQTT-DDoS-Publish_Flood
397589.8,6.0,64.0,1.5134228241250505,1.5134228241250505,0.0,0.0,0.0,0.0,0.5,1.0,0.0,0.0,0.0,0.0,0.0,4941.7,0.0,0.0,0.0,0.0,0.0,0.0,0.0,1.0,0.0,0.0,0.0,0.0,0.0,1.0,1.0,436.3,66.0,105.6,79.11325396825399,15.51704072911256,78.5,0.1000170946121215,5.5,12.571747215351062,21.94440944700668,273.2975554925674,0.9,38.5,Benign
6038.95,6.0,64.0,114.12202368315022,114.12202368315022,0.0,0.0,0.0,0.0,0.56,1.0,0.0,0.0,0.0,0.0,0.0,12.51,0.0,0.0,0.0,0.0,0.0,0.0,0.0,1.0,0.0,0.0,0.0,0.0,0.0,1.0,1.0,6531.87,167.09,1149.44,609.6153981421916,401.373407683188,648.36,84666478.28834096,9.5,33.336651217576794,567.4840377938973,204895.8053386914,0.88,141.55,MQTT-DoS-Publish_Flood
399.74,6.0,64.0,9.620152712639962,9.620152712639962,0.0,0.08,0.17,0.23,0.28,0.72,0.0,0.0,0.89,1.77,0.52,4.54,0.0,0.0,0.0,0.0,0.0,0.0,0.0,1.0,0.0,0.0,0.0,0.0,0.0,1.0,1.0,695.18,61.6,75.22,66.24855700955392,4.972758903912133,66.21,84667037.46016896,9.5,11.50412867553603,7.036579216659204,36.91232671691055,0.93,141.55,MQTT-DDoS-Connect_Flood
179584.0,7.1,88.4,1.455829882022385,1.455829882022385,0.0,0.0,0.0,0.0,0.4,0.9,0.0,0.0,0.0,0.0,0.0,2227.2,0.0,0.2,0.0,0.0,0.0,0.0,0.0,0.9,0.1,0.0,0.0,0.0,0.0,1.0,1.0,1364.5,66.0,178.5,86.96206352900626,32.98225009017373,105.9,169465883.1176717,13.5,13.189504469036976,46.76754686541508,1332.7942825953044,1.0,244.6,Benign
46115.7,6.0,64.0,0.2543511251007658,0.2543511251007658,0.0,0.0,0.0,0.0,0.0,1.0,0.0,0.0,0.0,0.0,0.0,621.0,0.0,0.0,0.0,0.0,0.0,0.0,0.0,1.0,0.0,0.0,0.0,0.0,0.0,1.0,1.0,1033.0,66.0,68.0,66.66877140317544,0.9336846487579572,66.0,169464743.91759533,13.5,11.54741040128578,1.3225040541791588,0.8761500057558356,1.0,244.6,Benign
94770.8,6.0,64.0,86.03453828132069,86.03453828132069,0.0,0.0,0.0,0.0,0.35,1.0,0.0,0.0,0.0,0.0,0.0,376.56,0.0,0.0,0.0,0.0,0.0,0.0,0.0,1.0,0.0,0.0,0.0,0.0,0.0,1.0,1.0,4616.08,83.31,1072.13,422.70410335321714,384.1869713004951,473.66,84666488.46255073,9.5,27.068942611130154,543.7678073656596,217337.740491356,0.69,141.55,MQTT-DoS-Publish_Flood
367.08,6.0,64.0,7.693644038216617,7.693644038216617,0.0,0.12,0.15,0.13,0.2,0.86,0.0,0.0,0.63,1.98,0.4,3.94,0.0,0.0,0.0,0.0,0.0,0.0,0.0,1.0,0.0,0.0,0.0,0.0,0.0,1.0,1.0,711.16,63.68,75.32,67.49785601459944,4.261926585019069,67.84,84667040.10353625,9.5,11.612636991031996,6.010222783704539,27.600549350380685,0.88,141.55,MQTT-DDoS-Connect_Flood
739.85,6.0,64.0,23.99312617006738,23.99312617006738,0.0,0.03,0.2,0.1,0.33,0.85,0.0,0.0,0.55,3.09,1.07,8.3,0.0,0.0,0.0,0.0,0.0,0.0,0.0,1.0,0.0,0.0,0.0,0.0,0.0,1.0,1.0,741.77,63.59,76.88,71.16569161712042,4.481289591080905,70.48,84662366.4698784,9.5,11.92344454476456,6.317652863063262,26.998962744772008,0.94,141.55,MQTT-DoS-Connect_Flood
21172.52,6.0,64.0,44.63738873097518,44.63738873097518,0.0,0.0,0.03,0.11,0.51,0.89,0.0,0.0,0.08,0.37,5.03,27.57,0.0,0.0,0.0,0.0,0.0,0.0,0.0,1.0,0.0,0.0,0.0,0.0,0.0,1.0,1.0,9351.69,388.6,1438.2,908.883744078462,440.90380853812735,879.79,84666955.78928912,9.5,41.87030671813237,623.7294819219617,233408.4270408012,0.91,141.55,MQTT-DDoS-Publish_Flood
107263.2,6.0,53.4,15.311672271118278,15.311672271118278,0.0,0.0,0.1,0.0,0.2,1.0,0.0,0.0,0.0,0.5,0.0,1381.3,0.5,0.0,0.0,0.0,0.0,0.0,0.0,1.0,0.0,0.0,0.0,0.0,0.0,1.0,1.0,380.7,61.2,83.1,70.28575396825396,8.901096559880347,64.9,0.0114161014556884,5.5,11.852026562467444,12.588051474975291,88.8185220930965,0.9,38.5,Benign
554.4,6.0,64.0,9.520089993934825,9.520089993934825,0.0,0.09,0.12,0.48,0.16,0.44,0.0,0.0,1.53,1.98,0.75,6.31,0.0,0.0,0.0,0.0,0.0,0.0,0.0,1.0,0.0,0.0,0.0,0.0,0.0,1.0,1.0,676.52,55.76,78.29,64.17920936618421,8.205567788801444,64.22,84667025.46740538,9.5,11.321275009861674,11.608452623447016,76.43368136630548,0.93,141.55,MQTT-DDoS-Connect_Flood
21329.7,7.1,83.1,1.7463118350325064,1.7463118350325064,0.0,0.0,0.0,0.0,0.7,0.9,0.0,0.0,0.0,0.0,0.0,222.4,0.0,0.0,0.0,0.0,0.0,0.0,0.0,0.9,0.1,0.0,0.0,0.0,0.0,1.0,1.0,647.7,96.6,246.0,134.6543253968254,55.62552606365648,102.7,0.0948783159255981,5.5,16.257741579324417,78.66637337336108,3545.6465457136555,0.9,38.5,MQTT-Malformed_Data
28446.1,6.0,64.0,52.150346347213926,52.150346347213926,0.0,0.04,0.08,0.2,0.44,0.75,0.0,0.0,0.89,0.23,18.32,31.35,0.0,0.0,0.0,0.0,0.0,0.0,0.0,1.0,0.0,0.0,0.0,0.0,0.0,1.0,1.0,9488.66,396.12,1377.54,900.319801586013,395.6801953176509,859.02,84666976.01133084,9.5,40.35728451105612,559.5558309900947,204297.19253671152,0.93,141.55,MQTT-DDoS-Publish_Flood
2407.7,6.0,64.0,0.5347996833199931,0.5347996833199931,0.0,0.0,0.0,0.0,0.5,1.0,0.0,0.0,0.0,0.0,0.0,32.3,0.0,0.0,0.0,0.0,0.0,0.0,0.0,1.0,0.0,0.0,0.0,0.0,0.0,1.0,1.0,369.0,66.4,68.0,67.23873015873016,0.7906156247306029,67.0,1.049041748046875e-05,5.5,11.596390137594614,1.1180993391180962,0.7816135046611238,0.8,38.5,Benign
3238.21,6.0,64.0,12.491324139114608,12.491324139114608,0.0,0.01,0.0,0.0,0.65,1.0,0.0,0.0,0.75,1.94,3.64,13.93,0.0,0.0,0.0,0.0,0.0,0.0,0.0,1.0,0.0,0.0,0.0,0.0,0.0,1.0,1.0,4427.33,125.95,1057.5,393.0822304140647,354.398821172046,437.88,84666975.60104136,9.5,26.8980000967186,501.7291823423578,185184.50220788605,0.83,141.55,MQTT-DDoS-Publish_Flood
373.09,6.0,64.0,9.856699637979377,9.856699637979377,0.0,0.33,0.16,0.15,0.23,0.83,0.0,0.0,1.01,1.5,0.4,4.49,0.0,0.0,0.0,0.0,0.0,0.0,0.0,1.0,0.0,0.0,0.0,0.0,0.0,1.0,1.0,708.54,63.6,74.13,67.8963187635378,3.894999371541192,66.79,84667019.3289479,9.5,11.65038254368144,5.505488511521957,21.30110508469384,0.88,141.55,MQTT-DDoS-Connect_Flood
411.22,6.0,64.0,8.155047019725663,8.155047019725663,0.0,0.14,0.39,0.16,0.1,0.53,0.0,0.0,0.92,2.11,0.44,4.47,0.0,0.0,0.0,0.0,0.0,0.0,0.0,1.0,0.0,0.0,0.0,0.0,0.0,1.0,1.0,731.33,64.18,77.78,70.28759747523718,4.633093411585941,68.48,84667029.6398305,9.5,11.852491984799606,6.550008568236047,28.38054427619114,0.91,141.55,MQTT-DDoS-Connect_Flood
18862.62,6.0,64.0,81.4627217085819,81.4627217085819,0.0,0.0,0.0,0.0,0.32,1.0,0.0,0.0,0.0,0.0,0.0,67.12,0.0,0.0,0.0,0.0,0.0,0.0,0.0,1.0,0.0,0.0,0.0,0.0,0.0,1.0,1.0,2103.3,68.18,484.7,160.50074221250884,138.38311288563534,282.91,84666982.69089231,9.5,16.538356546255077,196.0239035100844,56018.9296251277,0.42,141.55,MQTT-DDoS-Publish_Flood
171483.7,6.0,64.0,1.59475319164547,1.59475319164547,0.0,0.0,0.0,0.0,0.5,1.0,0.0,0.0,0.0,0.0,0.0,2184.5,0.0,0.0,0.0,0.0,0.0,0.0,0.0,1.0,0.0,0.0,0.0,0.0,0.0,1.0,1.0,434.6,66.0,105.6,78.88861111111112,15.410107734375044,78.2,7.56978988647461e-05,5.5,12.553866748701424,21.793183355583714,270.020962191358,0.9,38.5,Benign
589107.0,6.0,248.0,28.737354286768955,28.737354286768955,0.0,0.0,0.0,0.0,0.0,1.0,0.0,0.0,0.0,1.0,0.0,7108.5,0.0,1.0,0.0,0.0,0.0,0.0,0.0,1.0,0.0,0.0,0.0,0.0,0.0,1.0,1.0,1023.0,66.0,66.0,66.0,0.0,66.0,169463040.0718518,13.5,11.489125293076055,0.0,0.0,0.0,244.6,Benign
3784143.2,6.0,64.0,1893.6165320684272,1893.6165320684272,0.0,0.0,0.0,0.0,0.0,1.0,0.0,0.0,0.0,0.0,0.0,3533.3,1.0,0.0,0.0,0.0,0.0,0.0,0.0,1.0,0.0,0.0,0.0,0.0,0.0,1.0,1.0,4102.6,78.0,1514.0,271.4413394757977,485.2906660102823,79.6,169461592.8823052,13.5,23.282659471046,687.6980656843198,237892.90875647467,1.0,244.6,Benign
475.9,6.0,64.0,8.758140524904489,8.758140524904489,0.0,0.27,0.4,0.04,0.27,0.6,0.0,0.0,1.12,2.19,0.33,5.38,0.0,0.0,0.0,0.0,0.0,0.0,0.0,1.0,0.0,0.0,0.0,0.0,0.0,1.0,1.0,772.29,66.24,81.96,73.33311828771504,6.217891443496885,73.73,84667032.5194671,9.5,12.10887071043168,8.794092980543551,41.712658507511705,0.95,141.55,MQTT-DDoS-Connect_Flood
24146.35,6.0,64.0,162.70020605571955,162.70020605571955,0.0,0.03,0.04,0.14,0.36,0.84,0.0,0.0,0.38,0.14,8.53,26.03,0.0,0.0,0.0,0.0,0.0,0.0,0.0,1.0,0.0,0.0,0.0,0.0,0.0,1.0,1.0,6771.09,227.0,1110.08,663.3616617853679,373.3445730871341,627.97,84666964.03693579,9.5,33.16036731237162,527.9697706173428,211793.63342487093,0.91,141.55,MQTT-DDoS-Publish_Flood
458.55,6.0,64.0,9.23022368384349,9.23022368384349,0.0,0.28,0.34,0.06,0.18,0.67,0.0,0.0,1.27,1.85,0.57,5.3,0.0,0.0,0.0,0.0,0.0,0.0,0.0,1.0,0.0,0.0,0.0,0.0,0.0,1.0,1.0,733.06,64.33,77.58,70.01163195958668,5.435946810903067,69.99,84667020.08711793,9.5,11.830600532343524,7.69331237079835,39.34610732085356,0.95,141.55,MQTT-DDoS-Connect_Flood
576.37,6.0,64.0,68.16087392625664,68.16087392625664,0.0,0.05,0.22,0.11,0.27,0.81,0.0,0.0,0.43,2.6,0.79,6.34,0.0,0.0,0.0,0.0,0.0,0.0,0.0,1.0,0.0,0.0,0.0,0.0,0.0,1.0,1.0,728.12,64.2,78.59,69.0418185881456,4.854448636803275,70.05,84662360.26261726,9.5,11.747376691961495,6.849284833701182,30.191236750767366,0.9,141.55,MQTT-DoS-Connect_Flood
21639.3,6.0,64.0,0.6526164930411069,0.6526164930411069,0.0,0.0,0.0,0.0,0.0,1.0,0.0,0.0,0.0,0.0,0.0,274.1,0.0,0.0,0.0,0.0,0.0,0.0,0.0,1.0,0.0,0.0,0.0,0.0,0.0,1.0,1.0,363.0,66.0,66.0,66.0,0.0,66.0,0.0001549959182739,5.5,11.489125293076055,0.0,0.0,0.0,38.5,Benign
54842.0,6.0,64.0,1.774530972264866,1.774530972264866,0.0,0.0,0.0,0.0,0.5,1.0,0.0,0.0,0.0,0.0,0.0,676.1,0.0,0.0,0.0,0.0,0.0,0.0,0.0,1.0,0.0,0.0,0.0,0.0,0.0,1.0,1.0,1410.6,54.0,214.0,91.30105683145544,38.536249809302056,80.9,169462905.9032262,13.5,13.521314891686291,54.57042302401279,1495.2455915492835,1.0,244.6,Benign
634.86,6.0,64.0,8.166973345147635,8.166973345147635,0.0,0.13,0.12,0.34,0.18,0.63,0.0,0.0,1.55,2.1,1.12,6.97,0.0,0.0,0.0,0.0,0.0,0.0,0.0,1.0,0.0,0.0,0.0,0.0,0.0,1.0,1.0,682.42,59.6,73.41,64.92285942252622,5.002145282810028,65.11,84667035.5603709,9.5,11.381886919355296,7.0795511408818905,50.81016333748829,0.73,141.55,MQTT-DDoS-Connect_Flood
391899.8,6.0,64.0,2.033995091309971,2.033995091309971,0.0,0.0,0.0,0.0,0.5,1.0,0.0,0.0,0.0,0.0,0.0,4879.5,0.0,0.0,0.0,0.0,0.0,0.0,0.0,1.0,0.0,0.0,0.0,0.0,0.0,1.0,1.0,1268.2,66.0,111.0,81.81622649065761,17.648182850272356,80.6,169465166.21043962,13.5,12.797863099504385,24.97248427980025,312.2557850736165,1.0,244.6,Benign
13489.02,6.0,64.0,22.26960308412952,22.26960308412952,0.0,0.08,0.01,0.15,0.31,0.85,0.0,0.0,0.34,1.0,2.1,21.16,0.0,0.0,0.0,0.0,0.0,0.0,0.0,1.0,0.0,0.0,0.0,0.0,0.0,1.0,1.0,5337.16,229.26,1279.62,517.1476735161982,389.57932345153216,519.9,84666977.00203614,9.5,29.259712144657623,550.7537353597578,197397.73278851763,0.93,141.55,MQTT-DDoS-Publish_Flood
326.25,6.0,64.0,99.39152307375277,99.39152307375277,0.0,0.0,0.32,0.06,0.23,0.85,0.0,0.0,0.08,1.83,0.15,3.39,0.0,0.0,0.0,0.0,0.0,0.0,0.0,1.0,0.0,0.0,0.0,0.0,0.0,1.0,1.0,747.35,67.45,77.81,71.38894676354778,3.9278273273775977,70.91,84662384.03682742,9.5,11.946085875718673,5.551548111578253,19.152462002092527,0.89,141.55,MQTT-DoS-Connect_Flood
16567.69,6.0,64.0,18.24354840961262,18.24354840961262,0.0,0.0,0.0,0.31,0.4,0.69,0.0,0.0,0.65,3.0,9.69,28.75,0.0,0.0,0.0,0.0,0.0,0.0,0.0,1.0,0.0,0.0,0.0,0.0,0.0,1.0,1.0,2412.12,73.92,666.1,223.19022845562588,205.24247112443885,248.95,84666974.83592941,9.5,19.476562901872786,290.41116177059007,86197.2308945489,0.71,141.55,MQTT-DDoS-Publish_Flood
413.59,6.0,64.0,10.759429973782392,10.759429973782392,0.0,0.19,0.23,0.27,0.12,0.69,0.0,0.0,1.11,1.59,0.57,4.73,0.0,0.0,0.0,0.0,0.0,0.0,0.0,1.0,0.0,0.0,0.0,0.0,0.0,1.0,1.0,698.51,58.28,79.07,66.96350585551359,6.747509448330238,66.09,84667021.59891692,9.5,11.563818015812558,9.527395776048156,56.90688172910984,0.88,141.55,MQTT-DDoS-Connect_Flood
54868.6,6.0,64.0,2.7308756890922967,2.7308756890922967,0.0,0.0,0.0,0.0,0.5,1.0,0.0,0.0,0.0,0.0,0.0,480.9,0.0,0.0,0.0,0.0,0.0,0.0,0.0,1.0,0.0,0.0,0.0,0.0,0.0,1.0,1.0,462.8,66.0,136.2,80.33357142857143,23.814028050578912,93.0,0.0998995065689087,5.5,12.652733839438673,33.67812144386202,1086.325078798186,0.9,38.5,MQTT-Malformed_Data
203638.2,6.0,64.0,2.0349256546682755,2.0349256546682755,0.0,0.0,0.0,0.0,0.5,1.0,0.0,0.0,0.0,0.0,0.0,2535.5,0.0,0.0,0.0,0.0,0.0,0.0,0.0,1.0,0.0,0.0,0.0,0.0,0.0,1.0,1.0,434.6,67.9,95.4,78.82813492063492,11.041413297070106,80.5,7.550716400146484e-05,5.5,12.55379075345658,15.61491643248318,146.53723637881075,0.9,38.5,Benign
313.6,6.0,64.0,7.259565182989381,7.259565182989381,0.0,0.19,0.17,0.36,0.12,0.64,0.0,0.0,1.13,1.22,0.7,3.33,0.0,0.0,0.0,0.0,0.0,0.0,0.0,1.0,0.0,0.0,0.0,0.0,0.0,1.0,1.0,670.08,61.76,69.24,64.23603607108406,2.931530476221911,63.52,84667031.49522516,9.5,11.320309218977869,4.143124919517592,13.3257152895133,0.75,141.55,MQTT-DDoS-Connect_Flood
7970.8,6.0,64.0,2.71281204943652,2.71281204943652,0.0,0.0,0.0,0.0,0.7,1.0,0.0,0.0,0.0,0.4,0.0,80.3,0.0,0.0,0.0,0.0,0.0,0.0,0.0,1.0,0.0,0.0,0.0,0.0,0.0,1.0,1.0,581.9,66.0,195.6,106.53857142857142,46.121535906554605,96.6,0.003983187675476,5.5,14.543963097458478,65.22570159652722,2461.4704002267576,0.9,38.5,MQTT-Malformed_Data
27191.7,8.2,57.7,1.8534477257455453,1.8534477257455453,0.0,0.0,0.0,0.0,0.4,0.8,0.0,0.0,0.0,0.0,0.0,335.6,0.0,0.0,0.0,0.0,0.0,0.0,0.0,0.8,0.2,0.0,0.0,0.0,0.0,1.0,1.0,541.4,70.4,152.8,95.71150793650791,31.522188437209063,105.8,0.099818205833435,5.5,13.80496545782033,44.57910640358143,1436.376231229529,0.9,38.5,Benign
19695.48,6.0,64.0,85.89816366155546,85.89816366155546,0.0,0.03,0.02,0.35,0.41,0.65,0.0,0.0,0.08,0.02,14.15,14.85,0.0,0.0,0.0,0.0,0.0,0.0,0.0,1.0,0.0,0.0,0.0,0.0,0.0,1.0,1.0,8095.62,149.58,1238.56,750.9105695516213,433.4793224953849,749.56,84666958.51847921,9.5,36.05663662184525,612.1396665125504,249294.6262884935,0.78,141.55,MQTT-DDoS-Publish_Flood
171863.4,6.0,60.7,1.2819459509492517,1.2819459509492517,0.0,0.0,0.0,0.0,0.6,1.0,0.0,0.0,0.0,0.0,0.0,2100.8,0.0,0.0,0.0,0.0,0.0,0.0,0.0,1.0,0.0,0.0,0.0,0.0,0.0,1.0,1.0,585.8,68.2,225.6,106.15809523809524,55.80442846594606,100.4,0.100057315826416,5.5,14.527141200465062,78.91937957702014,3833.326916099773,0.9,38.5,Benign
628.91,6.0,64.0,10.045888608321354,10.045888608321354,0.0,0.12,0.04,0.32,0.19,0.65,0.0,0.0,1.69,2.34,0.83,7.13,0.0,0.0,0.0,0.0,0.0,0.0,0.0,1.0,0.0,0.0,0.0,0.0,0.0,1.0,1.0,687.0,55.42,81.48,65.79521501649366,9.405862822349183,65.77,84667047.63435754,9.5,11.4653019865615,13.307642989707649,95.767707510094,0.94,141.55,MQTT-DDoS-Connect_Flood
509.75,6.0,64.0,12.180698494197792,12.180698494197792,0.0,0.2,0.19,0.18,0.21,0.66,0.0,0.0,1.4,2.04,0.44,5.93,0.0,0.0,0.0,0.0,0.0,0.0,0.0,1.0,0.0,0.0,0.0,0.0,0.0,1.0,1.0,718.18,56.69,78.54,68.04461405557805,7.378201536901101,68.59,84667045.05696386,9.5,11.658451080936612,10.421135340945902,60.92245245281977,0.93,141.55,MQTT-DDoS-Connect_Flood
294499.8,6.0,64.0,1.0215925184711647,1.0215925184711647,0.0,0.0,0.0,0.0,0.4,1.0,0.0,0.0,0.0,0.0,0.0,3556.0,0.0,0.0,0.0,0.0,0.0,0.0,0.0,1.0,0.0,0.0,0.0,0.0,0.0,1.0,1.0,1060.1,66.0,86.0,68.19732886308736,4.840633277810145,73.2,169466075.92218602,13.5,11.670868583894205,6.782921276534329,44.89849543335616,1.0,244.6,Benign
462639.9,7.1,70.4,1.5438043255206884,1.5438043255206884,0.0,0.0,0.0,0.0,0.4,0.9,0.0,0.0,0.0,0.0,0.0,5795.6,0.0,0.0,0.0,0.0,0.0,0.0,0.0,0.9,0.1,0.0,0.0,0.0,0.0,1.0,1.0,605.2,66.0,262.8,103.80571428571427,68.85054603426417,103.8,0.0999673843383789,5.5,14.308619404267493,97.36937597844953,6551.296848072563,0.9,38.5,Benign
570157.2,6.0,64.0,1.720457126483889,1.720457126483889,0.0,0.0,0.0,0.0,0.5,1.0,0.0,0.0,0.0,0.0,0.0,7002.3,0.0,0.0,0.0,0.0,0.0,0.0,0.0,1.0,0.0,0.0,0.0,0.0,0.0,1.0,1.0,1224.6,66.0,111.0,79.0114907396525,14.761562093167134,81.2,169466979.5273886,13.5,12.575780601521766,20.887620822310687,218.59100188850525,1.0,244.6,Benign
68451.18,6.0,64.0,88.99919253461542,88.99919253461542,0.0,0.0,0.0,0.0,0.83,1.0,0.0,0.0,0.0,0.0,0.0,209.58,0.0,0.0,0.0,0.0,0.0,0.0,0.0,1.0,0.0,0.0,0.0,0.0,0.0,1.0,1.0,2383.59,143.39,353.76,215.79224641878588,67.45846582182867,249.12,84666486.19834468,9.5,20.316508614772264,95.53073733635388,6902.620623359655,0.74,141.55,MQTT-DoS-Publish_Flood
320.89,6.0,64.0,8.215428117949862,8.215428117949862,0.0,0.22,0.16,0.0,0.31,1.0,0.0,0.0,0.47,1.94,0.23,3.46,0.0,0.0,0.0,0.0,0.0,0.0,0.0,1.0,0.0,0.0,0.0,0.0,0.0,1.0,1.0,721.44,66.36,72.36,68.89515843203922,2.5850719729032545,68.52,84667023.24928564,9.5,11.738070389481646,3.6576325106542975,7.792038370911307,0.93,141.55,MQTT-DDoS-Connect_Flood
497.53,6.0,64.0,11.14140401753892,11.14140401753892,0.0,0.24,0.16,0.12,0.38,0.72,0.0,0.0,1.28,1.97,0.32,5.93,0.0,0.0,0.0,0.0,0.0,0.0,0.0,1.0,0.0,0.0,0.0,0.0,0.0,1.0,1.0,735.82,62.76,79.24,70.17905401577268,6.052064945525432,69.88,84667021.08238643,9.5,11.841655426886357,8.563329027733474,51.1596883609823,0.85,141.55,MQTT-DDoS-Connect_Flood
378.71,6.0,64.0,10.072772526162012,10.072772526162012,0.0,0.19,0.16,0.18,0.16,0.77,0.0,0.0,0.93,1.62,0.41,4.5,0.0,0.0,0.0,0.0,0.0,0.0,0.0,1.0,0.0,0.0,0.0,0.0,0.0,1.0,1.0,704.26,59.68,76.48,67.41547317736442,5.482629240206919,66.53,84667045.6180554,9.5,11.608525899997094,7.76262546650245,36.52844333852003,0.91,141.55,MQTT-DDoS-Connect_Flood
40005.94,6.0,64.0,77.20623182609675,77.20623182609675,0.0,0.0,0.0,0.0,0.64,1.0,0.0,0.0,0.0,0.0,0.0,112.81,0.0,0.0,0.0,0.0,0.0,0.0,0.0,1.0,0.0,0.0,0.0,0.0,0.0,1.0,1.0,3487.76,154.29,604.46,340.2192874025699,154.7495835862772,334.14,84666489.00096017,9.5,24.746790171098645,219.0812245759918,33657.80727253719,0.81,141.55,MQTT-DoS-Publish_Flood
288.22,6.0,64.0,8.618989920268271,8.618989920268271,0.0,0.08,0.18,0.15,0.24,0.89,0.0,0.0,0.44,1.04,0.19,3.42,0.0,0.0,0.0,0.0,0.0,0.0,0.0,1.0,0.0,0.0,0.0,0.0,0.0,1.0,1.0,738.22,63.12,80.01,70.6132206513387,6.241098834716284,70.25,84667021.96325952,9.5,11.88210874119774,8.833778640794776,45.60204629116592,0.94,141.55,MQTT-DDoS-Connect_Flood
328.62,6.0,64.0,10.101193623978952,10.101193623978952,0.0,0.5,0.13,0.0,0.12,0.93,0.0,0.0,0.86,1.43,0.21,4.11,0.0,0.0,0.0,0.0,0.0,0.0,0.0,1.0,0.0,0.0,0.0,0.0,0.0,1.0,1.0,715.26,66.0,72.41,67.88233835866576,2.1171809508258987,68.05,84667034.08889122,9.5,11.650186836004355,2.996818042144979,10.355866563412878,0.54,141.55,MQTT-DDoS-Connect_Flood
109175.16,6.0,65.68,72.58250135600744,72.58250135600744,0.0,0.0,0.0,0.0,0.29,1.0,0.0,0.0,0.0,0.0,0.0,268.62,0.0,0.0,0.0,0.0,0.0,0.0,0.0,1.0,0.0,0.0,0.0,0.0,0.0,1.0,1.0,5783.95,224.24,937.47,566.5023779381523,264.53864671964385,561.58,84666490.7439869,9.5,29.20765021807606,373.3717919558606,130068.57629454706,0.68,141.55,MQTT-DoS-Publish_Flood
346.51,6.0,64.0,6.855071507237906,6.855071507237906,0.0,0.04,0.37,0.09,0.12,0.84,0.0,0.0,0.48,1.91,0.42,3.8,0.0,0.0,0.0,0.0,0.0,0.0,0.0,1.0,0.0,0.0,0.0,0.0,0.0,1.0,1.0,738.1,63.28,75.67,70.28498974065151,4.353794062768844,69.75,84667048.16145928,9.5,11.853756208074577,6.144966764121897,23.515596561183138,0.93,141.55,MQTT-DDoS-Connect_Flood
515.95,6.0,64.0,9.881079312833135,9.881079312833135,0.0,0.14,0.1,0.37,0.19,0.54,0.0,0.0,1.36,2.04,0.72,5.78,0.0,0.0,0.0,0.0,0.0,0.0,0.0,1.0,0.0,0.0,0.0,0.0,0.0,1.0,1.0,669.21,55.64,76.56,63.33663907166965,7.091740613169944,64.63,84667044.3552981,9.5,11.24829744889581,10.040862308098454,63.84958601241659,0.86,141.55,MQTT-DDoS-Connect_Flood
543.51,6.0,64.0,8.13497036598117,8.13497036598117,0.0,0.12,0.32,0.25,0.12,0.51,0.0,0.0,1.42,2.31,0.93,5.84,0.0,0.0,0.0,0.0,0.0,0.0,0.0,1.0,0.0,0.0,0.0,0.0,0.0,1.0,1.0,706.33,60.88,76.75,67.56370752823888,5.455081995763675,67.42,84667042.03053664,9.5,11.614160111082164,7.704143511798038,42.41607606759987,0.78,141.55,MQTT-DDoS-Connect_Flood
9051069.5,17.0,60.8,1053.271275246215,1053.271275246215,0.0,0.0,0.0,0.0,0.0,0.0,0.0,0.0,0.0,0.0,0.0,0.0,0.0,0.0,0.0,0.0,0.0,0.0,0.0,0.0,1.0,0.0,0.0,0.0,0.0,1.0,1.0,6497.5,926.9,1292.0,1225.4030555555555,139.5240144829466,1048.6,0.0007754802703857,5.5,49.45741312715687,197.3167535585232,65495.90407330248,0.3,38.5,Benign
31368.48,6.0,64.0,99.9307272532367,99.9307272532367,0.0,0.04,0.0,0.35,0.37,0.65,0.0,0.0,0.51,0.09,19.11,27.78,0.0,0.0,0.0,0.0,0.0,0.0,0.0,1.0,0.0,0.0,0.0,0.0,0.0,1.0,1.0,7598.26,179.42,1153.8,714.4173905590454,363.45631412922165,657.22,84666956.03576054,9.5,34.470335005129826,514.2503316742005,186655.77071404728,0.91,141.55,MQTT-DDoS-Publish_Flood
135.97,6.0,64.0,116792.5968862172,116792.5968862172,0.0,0.23,0.11,0.23,0.28,0.66,0.0,0.0,0.28,0.13,0.32,1.54,0.0,0.0,0.0,0.0,0.0,0.0,0.0,1.0,0.0,0.0,0.0,0.0,0.0,1.0,1.0,733.52,60.75,82.8,71.039421143485,8.55702388219196,68.82,84667028.29358616,9.5,11.913410615918767,12.108877693395902,80.87446401228594,0.95,141.55,MQTT-DDoS-Connect_Flood
620.41,6.0,64.0,9.501070178365897,9.501070178365897,0.0,0.23,0.09,0.37,0.08,0.56,0.0,0.0,1.82,2.25,0.82,7.08,0.0,0.0,0.0,0.0,0.0,0.0,0.0,1.0,0.0,0.0,0.0,0.0,0.0,1.0,1.0,660.14,54.6,70.31,61.92358254009493,6.1003178335094965,63.85,84667018.8935735,9.5,11.12362571766796,8.622859413178931,50.01280004745865,0.84,141.55,MQTT-DDoS-Connect_Flood
912.12,6.0,64.0,47.35844983377593,47.35844983377593,0.0,0.03,0.29,0.13,0.22,0.82,0.0,0.0,0.47,3.78,1.43,10.45,0.0,0.0,0.0,0.0,0.0,0.0,0.0,1.0,0.0,0.0,0.0,0.0,0.0,1.0,1.0,742.33,64.01,81.09,71.12328187576098,5.527048256263104,70.11,84662361.42245872,9.5,11.92512175210807,7.823372180022923,35.104239856972576,0.94,141.55,MQTT-DoS-Connect_Flood
522.56,6.0,64.0,9.711218077118138,9.711218077118138,0.0,0.19,0.16,0.26,0.21,0.69,0.0,0.0,1.28,2.3,0.83,5.67,0.0,0.0,0.0,0.0,0.0,0.0,0.0,1.0,0.0,0.0,0.0,0.0,0.0,1.0,1.0,682.31,58.24,73.01,64.94682246056318,5.435572597167578,65.51,84667033.06793354,9.5,11.38749025682496,7.679137840495449,40.5240915913585,0.86,141.55,MQTT-DDoS-Connect_Flood
378.53,6.0,64.0,8.939491261102349,8.939491261102349,0.0,0.16,0.25,0.14,0.14,0.86,0.0,0.0,0.92,1.77,0.53,4.26,0.0,0.0,0.0,0.0,0.0,0.0,0.0,1.0,0.0,0.0,0.0,0.0,0.0,1.0,1.0,700.84,61.24,71.88,66.80374397652571,3.976965190680281,66.88,84667020.57417545,9.5,11.552017799067466,5.621536899877066,19.55089047829665,0.92,141.55,MQTT-DDoS-Connect_Flood
79356.5,6.0,64.0,74.27499610464601,74.27499610464601,0.0,0.0,0.0,0.0,0.27,1.0,0.0,0.0,0.0,0.0,0.0,232.04,0.0,0.0,0.0,0.0,0.0,0.0,0.0,1.0,0.0,0.0,0.0,0.0,0.0,1.0,1.0,1484.34,92.16,313.43,147.4559345269883,71.14631776431933,144.48,84666499.64643501,9.5,15.983317775683355,99.35169646671264,12121.90275640021,0.42,141.55,MQTT-DoS-Publish_Flood
393.93,6.0,64.0,11.706408998413476,11.706408998413476,0.0,0.14,0.24,0.13,0.13,0.7,0.0,0.0,0.83,1.58,0.28,4.63,0.0,0.0,0.0,0.0,0.0,0.0,0.0,1.0,0.0,0.0,0.0,0.0,0.0,1.0,1.0,717.26,59.32,76.36,68.12240399886491,5.037698063194777,68.51,84667037.57910034,9.5,11.668675021857194,7.1174696303070455,32.8000054221901,0.89,141.55,MQTT-DDoS-Connect_Flood
207673.8,6.0,64.0,1.1905254929396731,1.1905254929396731,0.0,0.0,0.0,0.0,0.7,1.0,0.0,0.0,0.0,0.0,0.0,2683.5,0.0,0.0,0.0,0.0,0.0,0.0,0.0,1.0,0.0,0.0,0.0,0.0,0.0,1.0,1.0,380.3,66.0,77.3,68.50289682539682,3.658120678168812,69.3,3.5810470581054685e-05,5.5,11.704222382627108,5.173363875863798,22.17842931153943,0.9,38.5,Benign
592.42,6.0,64.0,9.619942488279491,9.619942488279491,0.0,0.14,0.18,0.37,0.15,0.46,0.0,0.0,1.67,2.19,0.87,6.71,0.0,0.0,0.0,0.0,0.0,0.0,0.0,1.0,0.0,0.0,0.0,0.0,0.0,1.0,1.0,687.08,56.14,78.5,65.51588150961524,7.770807108803868,64.89,84667029.46563949,9.5,11.433456367431756,10.98896603998054,71.4572836094348,0.9,141.55,MQTT-DDoS-Connect_Flood
185650.8,6.0,64.0,0.752142162228244,0.752142162228244,0.0,0.0,0.0,0.0,0.2,1.0,0.0,0.0,0.0,0.0,0.0,2376.0,0.0,0.0,0.0,0.0,0.0,0.0,0.0,1.0,0.0,0.0,0.0,0.0,0.0,1.0,1.0,365.0,66.0,67.6,66.32801587301587,0.6346961897139443,66.4,1.7213821411132813e-05,5.5,11.517627214329464,0.8975959594799869,0.5093098387503149,0.8,38.5,Benign
82661.0,6.0,244.0,57.192178791451965,57.192178791451965,0.0,0.0,0.0,0.0,0.0,1.0,0.0,0.0,0.0,1.0,0.0,980.5,0.0,1.0,0.0,0.0,0.0,0.0,0.0,1.0,0.0,0.0,0.0,0.0,0.0,1.0,1.0,363.0,66.0,66.0,66.0,0.0,66.0,0.0001803159713745,5.5,11.489125293076055,0.0,0.0,0.0,38.5,Benign
354942.1,6.0,62.4,1.853773921163332,1.853773921163332,0.0,0.0,0.0,0.0,0.5,1.0,0.0,0.0,0.0,0.1,0.0,4556.3,0.0,0.0,0.0,0.0,0.0,0.0,0.0,1.0,0.0,0.0,0.0,0.0,0.0,1.0,1.0,1222.9,61.2,111.0,79.15029870198602,15.65787894746144,76.5,169469360.2359185,13.5,12.578127802443657,22.18477927909904,246.32328609416763,1.0,244.6,Benign
55416.91,6.0,64.0,88.26608258339293,88.26608258339293,0.0,0.0,0.0,0.0,0.31,1.0,0.0,0.0,0.0,0.0,0.0,331.32,0.0,0.0,0.0,0.0,0.0,0.0,0.0,1.0,0.0,0.0,0.0,0.0,0.0,1.0,1.0,1295.77,66.0,183.72,110.49792370666832,37.309728880894816,137.94,84666491.4220086,9.5,14.231266959488062,52.837688601113726,4644.012696711069,0.31,141.55,MQTT-DoS-Publish_Flood
472.86,6.0,64.0,48.47234805147859,48.47234805147859,0.0,0.02,0.26,0.12,0.25,0.83,0.0,0.0,0.18,2.15,0.53,5.27,0.0,0.0,0.0,0.0,0.0,0.0,0.0,1.0,0.0,0.0,0.0,0.0,0.0,1.0,1.0,736.33,66.32,76.67,69.98044090799122,3.781445884192536,70.12,84662368.90553427,9.5,11.82966381627587,5.339515075317447,16.89022570017089,0.9,141.55,MQTT-DoS-Connect_Flood
34328.6,6.0,64.0,1.454319510430116,1.454319510430116,0.0,0.0,0.0,0.0,0.5,1.0,0.0,0.0,0.0,0.0,0.0,416.7,0.0,0.0,0.0,0.0,0.0,0.0,0.0,1.0,0.0,0.0,0.0,0.0,0.0,1.0,1.0,1255.4,66.0,110.0,80.95225076093499,16.902725154720212,81.0,169466601.3249346,13.5,12.730123108252643,23.91730421506154,286.29241922703875,1.0,244.6,Benign
605.37,6.0,64.0,8.229762585016251,8.229762585016251,0.0,0.1,0.04,0.34,0.11,0.62,0.0,0.0,1.76,2.13,0.93,6.82,0.0,0.0,0.0,0.0,0.0,0.0,0.0,1.0,0.0,0.0,0.0,0.0,0.0,1.0,1.0,666.25,54.84,74.67,62.30448172359976,6.798998958184816,64.07,84667023.93198834,9.5,11.159378070900718,9.618485263786011,58.63777933582769,0.84,141.55,MQTT-DDoS-Connect_Flood
91368.27,6.0,64.0,69.23190500287396,69.23190500287396,0.0,0.0,0.0,0.0,0.44,1.0,0.0,0.0,0.0,0.0,0.0,277.32,0.0,0.0,0.0,0.0,0.0,0.0,0.0,1.0,0.0,0.0,0.0,0.0,0.0,1.0,1.0,4124.91,141.21,893.56,410.519134966212,269.6454000382953,421.49,84666507.7306262,9.5,25.636741242623906,379.7242665959799,127691.2483916317,0.65,141.55,MQTT-DoS-Publish_Flood
98010.98,6.0,64.0,180.96890040903835,180.96890040903835,0.0,0.0,0.0,0.0,0.55,1.0,0.0,0.0,0.0,1.18,0.0,672.25,0.0,0.0,0.0,0.0,0.0,0.0,0.0,1.0,0.0,0.0,0.0,0.0,0.0,1.0,1.0,1435.29,94.34,204.43,141.711316006448,41.11459441949543,129.22,84666980.61963387,9.5,16.66369279417958,58.096062012318455,1952.9967704964404,0.89,141.55,MQTT-DDoS-Publish_Flood
506.54,6.0,64.0,10.718744647036369,10.718744647036369,0.0,0.3,0.24,0.12,0.23,0.7,0.0,0.0,1.4,1.91,0.7,5.82,0.0,0.0,0.0,0.0,0.0,0.0,0.0,1.0,0.0,0.0,0.0,0.0,0.0,1.0,1.0,723.09,61.68,76.95,68.52942247999677,5.371364140184414,69.4,84667028.95062482,9.5,11.699845153626296,7.607852221706048,37.83597695907691,0.9,141.55,MQTT-DDoS-Connect_Flood
33911.57,6.0,64.0,76.84379423929528,76.84379423929528,0.0,0.0,0.0,0.0,0.45,1.0,0.0,0.0,0.0,0.0,0.0,150.17,0.0,0.0,0.0,0.0,0.0,0.0,0.0,1.0,0.0,0.0,0.0,0.0,0.0,1.0,1.0,1566.09,109.6,257.84,162.5900721469363,58.137241097897686,143.39,84666498.7902481,9.5,17.32207811697452,81.87063770931346,6343.897257019761,0.65,141.55,MQTT-DoS-Publish_Flood
126.78,6.0,64.0,81429.43376458893,81429.43376458893,0.0,0.14,0.2,0.38,0.13,0.54,0.0,0.0,0.23,0.29,0.54,1.22,0.0,0.0,0.0,0.0,0.0,0.0,0.0,1.0,0.0,0.0,0.0,0.0,0.0,1.0,1.0,686.2,58.56,76.55,65.38856443315885,6.291204992854068,64.56,84667020.30263947,9.5,11.426211333316106,8.896362813566078,50.82770724780381,0.9,141.55,MQTT-DDoS-Connect_Flood
897.0,6.0,64.0,15.731038206286104,15.731038206286104,0.0,0.04,0.21,0.18,0.23,0.81,0.0,0.0,0.64,3.47,1.58,10.28,0.0,0.0,0.0,0.0,0.0,0.0,0.0,1.0,0.0,0.0,0.0,0.0,0.0,1.0,1.0,735.27,61.66,78.59,69.76536912644457,5.719569621760271,69.81,84662378.46621521,9.5,11.809217782412286,8.075757876093427,40.11666060869444,0.89,141.55,MQTT-DoS-Connect_Flood
374.95,6.0,64.0,12.41456841666929,12.41456841666929,0.0,0.22,0.11,0.07,0.27,0.88,0.0,0.0,0.89,1.54,0.12,4.66,0.0,0.0,0.0,0.0,0.0,0.0,0.0,1.0,0.0,0.0,0.0,0.0,0.0,1.0,1.0,720.6,63.69,77.11,68.457147117889,5.106576461986549,69.16,84667029.03639418,9.5,11.694935240162703,7.220449845618049,33.07818612730987,0.93,141.55,MQTT-DDoS-Connect_Flood
55453.36,6.0,64.0,82.10446701151005,82.10446701151005,0.0,0.0,0.0,0.0,0.59,1.0,0.0,0.0,0.0,0.0,0.0,175.26,0.0,0.0,0.0,0.0,0.0,0.0,0.0,1.0,0.0,0.0,0.0,0.0,0.0,1.0,1.0,4473.84,204.43,799.4,437.299826192813,199.2321965537244,386.48,84666982.06637129,9.5,28.024413458175506,281.6156067934733,52974.95137364004,0.86,141.55,MQTT-DDoS-Publish_Flood
428.54,6.0,64.0,12.299414121836396,12.299414121836396,0.0,0.61,0.06,0.15,0.11,0.79,0.0,0.0,1.27,1.68,0.42,5.12,0.0,0.0,0.0,0.0,0.0,0.0,0.0,1.0,0.0,0.0,0.0,0.0,0.0,1.0,1.0,700.65,60.12,77.12,66.3519301223802,6.12270293019619,66.54,84667043.21466938,9.5,11.51272831763874,8.656655693202776,56.862652502706695,0.71,141.55,MQTT-DDoS-Connect_Flood
583.67,6.0,64.0,11.356780117909214,11.356780117909214,0.0,0.19,0.27,0.18,0.14,0.55,0.0,0.0,1.72,2.21,0.73,6.63,0.0,0.0,0.0,0.0,0.0,0.0,0.0,1.0,0.0,0.0,0.0,0.0,0.0,1.0,1.0,726.78,60.68,79.95,69.42569516134878,6.048297081807902,68.34,84667047.26838134,9.5,11.77993277432929,8.552428371625062,45.18232881692045,0.86,141.55,MQTT-DDoS-Connect_Flood
99394.44,6.0,64.0,116.42606698998816,116.42606698998816,0.0,0.0,0.0,0.0,0.4,1.0,0.0,0.0,0.0,0.0,0.0,263.24,0.0,0.0,0.0,0.0,0.0,0.0,0.0,1.0,0.0,0.0,0.0,0.0,0.0,1.0,1.0,5043.42,200.08,988.22,506.7767411509201,296.60513905618046,455.9,84666478.3960423,9.5,28.592470926863733,418.6810491275991,142567.7517221178,0.73,141.55,MQTT-DoS-Publish_Flood
5348.99,6.0,64.0,20.22861305812388,20.22861305812388,0.0,0.01,0.04,0.42,0.36,0.56,0.0,0.0,0.85,0.8,6.49,13.71,0.0,0.0,0.0,0.0,0.0,0.0,0.0,1.0,0.0,0.0,0.0,0.0,0.0,1.0,1.0,3707.44,175.75,667.78,355.95137156956383,187.8470587538968,364.14,84666968.63018078,9.5,22.68391240896213,265.60139048427067,91558.88388734704,0.74,141.55,MQTT-DDoS-Publish_Flood
418.79,6.0,64.0,9.128238840133177,9.128238840133177,0.0,0.13,0.25,0.18,0.16,0.77,0.0,0.0,1.02,1.72,0.68,4.86,0.0,0.0,0.0,0.0,0.0,0.0,0.0,1.0,0.0,0.0,0.0,0.0,0.0,1.0,1.0,704.2,62.49,75.76,67.58892542472147,5.072353880207074,66.98,84667034.66427855,9.5,11.622348679050267,7.162988777643222,36.55338162359428,0.93,141.55,MQTT-DDoS-Connect_Flood
359.89,6.0,64.0,11.172954596455918,11.172954596455918,0.0,0.05,0.36,0.18,0.11,0.8,0.0,0.0,0.91,1.53,0.58,4.16,0.0,0.0,0.0,0.0,0.0,0.0,0.0,1.0,0.0,0.0,0.0,0.0,0.0,1.0,1.0,702.33,60.08,74.19,66.64433260092162,5.177120434884361,67.54,84667048.24664447,9.5,11.536624301320982,7.325643126973176,33.71786898073421,0.92,141.55,MQTT-DDoS-Connect_Flood
21893.6,6.0,64.0,1.0550132217190482,1.0550132217190482,0.0,0.0,0.0,0.0,0.5,1.0,0.0,0.0,0.0,0.0,0.0,274.3,0.0,0.0,0.0,0.0,0.0,0.0,0.0,1.0,0.0,0.0,0.0,0.0,0.0,1.0,1.0,442.8,70.5,111.0,84.38488095238094,14.992615375354626,77.4,7.240772247314453e-05,5.5,12.97228133260048,21.202759999269908,255.8680236678005,0.9,38.5,Benign
17120.01,6.0,64.0,95.16265491087366,95.16265491087366,0.0,0.0,0.0,0.0,0.24,1.0,0.0,0.0,0.0,0.0,0.0,37.65,0.0,0.0,0.0,0.0,0.0,0.0,0.0,1.0,0.0,0.0,0.0,0.0,0.0,1.0,1.0,3131.55,130.31,723.83,331.8817159608967,221.7796124196503,276.07,84666480.87073222,9.5,22.16363696470612,310.78497689931214,113538.50060340585,0.45,141.55,MQTT-DoS-Publish_Flood
136579.25,6.0,64.0,119.24096537350636,119.24096537350636,0.0,0.0,0.0,0.0,0.49,1.0,0.0,0.0,0.0,0.0,0.0,439.12,0.0,0.0,0.0,0.0,0.0,0.0,0.0,1.0,0.0,0.0,0.0,0.0,0.0,1.0,1.0,3815.41,105.71,1148.75,365.5310121900374,363.47631477367895,370.11,84666983.0168258,9.5,25.48749097356579,513.0156542916949,180484.46531363964,0.88,141.55,MQTT-DDoS-Publish_Flood
506.1,6.0,64.0,9.780907200753276,9.780907200753276,0.0,0.16,0.27,0.3,0.16,0.52,0.0,0.0,1.18,2.11,0.73,5.6,0.0,0.0,0.0,0.0,0.0,0.0,0.0,1.0,0.0,0.0,0.0,0.0,0.0,1.0,1.0,726.95,59.68,80.98,69.80543118001711,7.567082936414752,68.31,84667046.37590781,9.5,11.810707140909972,10.708070732352589,64.4801789719035,0.93,141.55,MQTT-DDoS-Connect_Flood
34831.56,6.0,64.0,32.81288823159931,32.81288823159931,0.0,0.05,0.01,0.22,0.46,0.77,0.0,0.0,0.8,0.69,15.44,45.24,0.0,0.0,0.0,0.0,0.0,0.0,0.0,1.0,0.0,0.0,0.0,0.0,0.0,1.0,1.0,7613.38,329.22,1053.69,714.7701957147171,296.62872908934287,711.6,84666973.93422598,9.5,34.00113084446703,419.53451549922,155820.04970497047,0.9,141.55,MQTT-DDoS-Publish_Flood
88863.56,6.0,64.0,89.83070917970562,89.83070917970562,0.0,0.0,0.0,0.0,0.28,1.0,0.0,0.0,0.0,0.0,0.0,354.06,0.0,0.0,0.0,0.0,0.0,0.0,0.0,1.0,0.0,0.0,0.0,0.0,0.0,1.0,1.0,3297.96,69.27,646.76,290.8591724681837,227.2690635353704,305.71,84666496.99043876,9.5,21.008385468045145,321.7952078767714,129806.52577607604,0.66,141.55,MQTT-DoS-Publish_Flood
30978.03,6.0,64.0,52.19550270880274,52.19550270880274,0.0,0.01,0.07,0.06,0.46,0.87,0.0,0.0,0.47,0.3,4.04,35.45,0.0,0.0,0.0,0.0,0.0,0.0,0.0,1.0,0.0,0.0,0.0,0.0,0.0,1.0,1.0,9822.8,506.89,1296.76,948.55172087132,319.4036687121242,899.44,84666967.74870041,9.5,41.223415275558665,451.9845620146222,155758.29468467564,0.87,141.55,MQTT-DDoS-Publish_Flood
109387.4,6.0,64.0,1.40915315461356,1.40915315461356,0.0,0.0,0.0,0.0,0.5,1.0,0.0,0.0,0.0,0.0,0.0,1329.5,0.0,0.0,0.0,0.0,0.0,0.0,0.0,1.0,0.0,0.0,0.0,0.0,0.0,1.0,1.0,4985.4,66.0,1474.0,330.4632763409621,512.0782965106104,80.2,169464176.5115092,13.5,25.68653674633773,725.5344093898775,264475.53363211313,1.0,244.6,Benign
475.93,6.0,64.0,13.353235401511752,13.353235401511752,0.0,0.25,0.17,0.25,0.18,0.61,0.0,0.0,1.35,1.64,0.57,5.46,0.0,0.0,0.0,0.0,0.0,0.0,0.0,1.0,0.0,0.0,0.0,0.0,0.0,1.0,1.0,705.57,58.29,77.69,67.08468404041778,7.111128654297124,66.86,84667018.7711497,9.5,11.571331753557208,10.05869261667409,57.54502923617251,0.91,141.55,MQTT-DDoS-Connect_Flood
60826.8,6.0,64.0,0.6528612239307522,0.6528612239307522,0.0,0.0,0.0,0.0,0.0,1.0,0.0,0.0,0.0,0.0,0.0,771.0,0.0,0.0,0.0,0.0,0.0,0.0,0.0,1.0,0.0,0.0,0.0,0.0,0.0,1.0,1.0,1023.0,66.0,66.0,66.0,0.0,66.0,169470822.0547977,13.5,11.489125293076055,0.0,0.0,0.0,244.6,Benign
312.36,6.0,64.0,14.316149933993868,14.316149933993868,0.0,0.11,0.16,0.27,0.25,0.66,0.0,0.0,0.7,1.16,0.51,3.37,0.0,0.0,0.0,0.0,0.0,0.0,0.0,1.0,0.0,0.0,0.0,0.0,0.0,1.0,1.0,686.9,57.28,76.68,65.12865306459966,6.843423818999561,66.03,84667029.68163857,9.5,11.407302947289429,9.682323266134784,58.69125031289696,0.93,141.55,MQTT-DDoS-Connect_Flood
536847.6,6.0,64.0,2.033833252529156,2.033833252529156,0.0,0.0,0.0,0.0,0.5,1.0,0.0,0.0,0.0,0.0,0.0,6580.9,0.0,0.0,0.0,0.0,0.0,0.0,0.0,1.0,0.0,0.0,0.0,0.0,0.0,1.0,1.0,1207.3,66.0,108.7,77.7593872750916,13.616779814063648,83.1,169464405.81195402,13.5,12.457314066157895,19.06787299631619,183.2118338637109,1.0,244.6,Benign
136902.7,7.1,70.4,1.5773198853623474,1.5773198853623474,0.0,0.0,0.0,0.0,0.5,0.9,0.0,0.0,0.0,0.0,0.0,1713.5,0.0,0.0,0.0,0.0,0.0,0.0,0.0,0.9,0.1,0.0,0.0,0.0,0.0,1.0,1.0,646.2,67.9,290.6,116.79150793650794,79.91206162005426,105.7,0.0998498916625976,5.5,15.195658238614516,113.01272134027522,7981.114151864449,0.9,38.5,Benign
368.81,6.0,64.0,12.491389325266695,12.491389325266695,0.0,0.27,0.33,0.09,0.21,0.8,0.0,0.0,1.0,1.52,0.24,4.45,0.0,0.0,0.0,0.0,0.0,0.0,0.0,1.0,0.0,0.0,0.0,0.0,0.0,1.0,1.0,740.44,62.77,78.21,70.33686104358318,6.14562503580893,70.42,84667040.73227279,9.5,11.857832114136231,8.690655709713587,47.07343294788049,0.95,141.55,MQTT-DDoS-Connect_Flood
25197.2,6.0,64.0,2.0356730083233963,2.0356730083233963,0.0,0.0,0.0,0.0,0.5,1.0,0.0,0.0,0.0,0.0,0.0,313.5,0.0,0.0,0.0,0.0,0.0,0.0,0.0,1.0,0.0,0.0,0.0,0.0,0.0,1.0,1.0,1687.4,66.0,260.0,109.89338799100796,68.4228820237362,80.5,169468271.43480378,13.5,14.83362355895622,96.90571666561864,4717.696521499152,1.0,244.6,Benign
326361.9,7.1,64.0,1.850314358713005,1.850314358713005,0.0,0.0,0.0,0.0,0.5,0.9,0.0,0.0,0.0,0.0,0.0,3995.7,0.0,0.0,0.0,0.0,0.0,0.0,0.0,0.9,0.1,0.0,0.0,0.0,0.0,1.0,1.0,502.1,70.4,151.6,91.26837301587302,27.3584326809269,95.2,0.099822998046875,5.5,13.494751093596516,38.69066654263813,1007.9966282911312,0.9,38.5,Benign
27606.11,6.0,64.0,87.125924036876,87.125924036876,0.0,0.0,0.0,0.0,0.37,1.0,0.0,0.0,0.0,0.0,0.0,98.06,0.0,0.0,0.0,0.0,0.0,0.0,0.0,1.0,0.0,0.0,0.0,0.0,0.0,1.0,1.0,2332.37,101.97,631.35,215.21993986779475,171.81249774546515,215.02,84666483.22244151,9.5,19.47063132664304,243.1097471639925,71317.28280228806,0.72,141.55,MQTT-DoS-Publish_Flood
27047.25,6.0,64.0,117.3287883768571,117.3287883768571,0.0,0.0,0.0,0.0,0.52,1.0,0.0,0.0,0.0,0.0,0.0,182.74,0.0,0.0,0.0,0.0,0.0,0.0,0.0,1.0,0.0,0.0,0.0,0.0,0.0,1.0,1.0,1773.19,122.68,445.32,190.88831029028592,107.59073131332336,167.37,84666486.36138181,9.5,18.595594649966745,152.20086485580595,34528.67590839904,0.76,141.55,MQTT-DoS-Publish_Flood
48989.0,6.0,248.0,70.37306219144793,70.37306219144793,0.0,0.0,0.0,0.0,0.0,1.0,0.0,0.0,0.0,1.0,0.0,539.5,0.0,1.0,0.0,0.0,0.0,0.0,0.0,1.0,0.0,0.0,0.0,0.0,0.0,1.0,1.0,363.0,66.0,66.0,66.0,0.0,66.0,0.0003488063812255,5.5,11.489125293076055,0.0,0.0,0.0,38.5,Benign
437.88,6.0,64.0,7.644524936051159,7.644524936051159,0.0,0.11,0.05,0.21,0.34,0.77,0.0,0.0,0.98,2.06,0.4,4.86,0.0,0.0,0.0,0.0,0.0,0.0,0.0,1.0,0.0,0.0,0.0,0.0,0.0,1.0,1.0,698.46,60.88,75.33,66.58101632852872,4.924084099139186,65.98,84667032.29294842,9.5,11.536812884813012,6.954419611723313,42.615922822836566,0.84,141.55,MQTT-DDoS-Connect_Flood
562.91,6.0,64.0,12.863894954108922,12.863894954108922,0.0,0.21,0.08,0.37,0.22,0.6,0.0,0.0,1.53,1.92,1.13,6.36,0.0,0.0,0.0,0.0,0.0,0.0,0.0,1.0,0.0,0.0,0.0,0.0,0.0,1.0,1.0,666.8,56.88,75.91,62.84032723794952,6.998956053299899,64.11,84667045.29990509,9.5,11.20376360795705,9.88197857087166,68.46807868496056,0.86,141.55,MQTT-DDoS-Connect_Flood
10584.2,10.4,60.9,29.641167468445623,29.641167468445623,0.0,0.0,0.0,0.0,0.4,0.6,0.0,0.0,0.0,1.2,0.0,10.5,0.0,0.6,0.0,0.0,0.0,0.0,0.0,0.6,0.4,0.0,0.0,0.0,0.0,1.0,1.0,5598.0,58.0,1474.0,367.38678781229095,507.0292292839226,271.9,169462797.4244829,13.5,27.129560024476653,718.1452959652818,258671.3033181961,1.0,244.6,Benign
432.04,6.0,64.0,5.542299924825497,5.542299924825497,0.0,0.18,0.22,0.18,0.18,0.71,0.0,0.0,1.16,2.44,0.34,4.4,0.0,0.0,0.0,0.0,0.0,0.0,0.0,1.0,0.0,0.0,0.0,0.0,0.0,1.0,1.0,701.3,56.12,79.03,66.76399928103373,7.372969414012842,67.71,84667030.84518462,9.5,11.55197348756102,10.43274294349876,60.11901491054441,0.95,141.55,MQTT-DDoS-Connect_Flood
624682.0,17.0,60.0,626.0089082280497,626.0089082280497,0.0,0.0,0.0,0.0,0.0,0.0,0.0,0.0,0.0,0.0,0.0,0.0,0.0,0.0,0.0,0.0,0.0,0.0,0.0,0.0,1.0,0.0,0.0,0.0,0.0,1.0,1.0,7106.0,1292.0,1292.0,1292.0,0.0,1292.0,0.0013550043106079,5.5,50.83306010855534,0.0,0.0,0.0,38.5,Benign
586779.3,6.0,64.0,1.9039081596617144,1.9039081596617144,0.0,0.0,0.0,0.0,0.5,1.0,0.0,0.0,0.0,0.0,0.0,7272.9,0.0,0.0,0.0,0.0,0.0,0.0,0.0,1.0,0.0,0.0,0.0,0.0,0.0,1.0,1.0,430.2,66.0,95.7,76.12714285714284,12.055511893175233,80.8,0.0001012086868286,5.5,12.333370026742315,17.04906842067856,176.29111678004534,0.9,38.5,Benign
538.81,6.0,64.0,11.76728113100719,11.76728113100719,0.0,0.1,0.11,0.38,0.14,0.51,0.0,0.0,1.56,1.85,0.8,6.04,0.0,0.0,0.0,0.0,0.0,0.0,0.0,1.0,0.0,0.0,0.0,0.0,0.0,1.0,1.0,681.89,58.53,76.88,65.27671548820118,7.121890814559938,64.65,84667027.99410488,9.5,11.415620641544752,10.07467564059058,72.0408693889718,0.78,141.55,MQTT-DDoS-Connect_Flood
153489.2,6.0,70.4,5.705856577946881,5.705856577946881,0.0,0.0,0.0,0.0,0.2,1.0,0.0,0.0,0.0,1.2,0.0,1968.8,0.0,0.5,0.0,0.0,0.0,0.0,0.0,1.0,0.0,0.0,0.0,0.0,0.0,1.0,1.0,1696.7,60.0,583.0,110.98435742662907,126.5600015829895,68.5,169462268.2312689,13.5,14.900904286270992,179.35463861642688,16190.696503365823,1.0,244.6,Benign
570.86,6.0,64.0,9.376669767793748,9.376669767793748,0.0,0.54,0.07,0.16,0.15,0.8,0.0,0.0,2.1,1.9,0.5,6.87,0.0,0.0,0.0,0.0,0.0,0.0,0.0,1.0,0.0,0.0,0.0,0.0,0.0,1.0,1.0,693.62,61.84,74.6,66.43518636596461,4.897351018833928,66.5,84667041.98912533,9.5,11.52157583546854,6.871293385878955,44.49815479844204,0.76,141.55,MQTT-DDoS-Connect_Flood
56392.59,6.0,64.0,77.35435756909878,77.35435756909878,0.0,0.0,0.0,0.0,0.2,1.0,0.0,0.0,0.0,0.0,0.0,174.12,0.0,0.0,0.0,0.0,0.0,0.0,0.0,1.0,0.0,0.0,0.0,0.0,0.0,1.0,1.0,2574.96,79.08,561.47,241.37796259429425,179.44150081161683,246.94,84666491.63467674,9.5,19.934365045521343,253.79916729286435,63506.40048114842,0.54,141.55,MQTT-DoS-Publish_Flood
17234.37,6.0,64.0,115.36971371805754,115.36971371805754,0.0,0.09,0.08,0.38,0.22,0.56,0.0,0.0,0.97,1.17,0.46,14.95,0.0,0.08,0.0,0.0,0.0,0.0,0.0,1.0,0.0,0.0,0.0,0.0,0.0,1.0,1.0,2185.02,129.2,477.49,244.26558338466663,140.46034414358078,180.23,84667024.21792683,9.5,18.19543225759204,194.6674225954219,80063.05681144881,0.9,141.55,MQTT-DDoS-Connect_Flood
15089.8,6.0,64.0,0.4382723321105494,0.4382723321105494,0.0,0.0,0.0,0.0,0.5,1.0,0.0,0.0,0.0,2.0,0.0,201.1,0.0,0.0,0.0,0.0,0.0,0.0,0.0,1.0,0.0,0.0,0.0,0.0,0.0,1.0,1.0,2563.0,66.0,698.0,168.63762532917718,209.6294133668664,75.6,169461563.3766614,13.5,18.35858530015029,297.06829577151825,44363.56604767798,1.0,244.6,Benign
468.47,6.0,64.0,11.132316171916438,11.132316171916438,0.0,0.25,0.23,0.09,0.18,0.72,0.0,0.0,1.15,2.09,0.33,5.35,0.0,0.0,0.0,0.0,0.0,0.0,0.0,1.0,0.0,0.0,0.0,0.0,0.0,1.0,1.0,728.09,61.81,78.91,69.13896082791477,5.983986791717473,69.72,84667018.85378283,9.5,11.75302771086244,8.470734686727816,44.1526352656056,0.86,141.55,MQTT-DDoS-Connect_Flood
76352.4,6.0,81.8,1.4178536764399,1.4178536764399,0.0,0.0,0.0,0.0,0.4,1.0,0.0,0.0,0.0,0.0,0.0,925.2,0.0,0.1,0.0,0.0,0.0,0.0,0.0,1.0,0.0,0.0,0.0,0.0,0.0,1.0,1.0,410.6,55.2,96.0,71.96079365079365,13.88854322328233,77.6,0.0995950937271118,5.5,11.98644735079711,19.64136618797081,231.926427563618,0.9,38.5,Benign
404682.8,7.1,88.3,1.2988837630506136,1.2988837630506136,0.0,0.0,0.0,0.0,0.6,0.9,0.0,0.0,0.0,0.0,0.0,5102.6,0.0,0.2,0.0,0.0,0.0,0.0,0.0,0.9,0.1,0.0,0.0,0.0,0.0,1.0,1.0,603.1,67.9,181.6,101.8086507936508,44.7566668135607,110.7,0.0998388051986694,5.5,14.197185235025971,63.295485214351366,2981.742304547745,0.9,38.5,Benign
91874.8,6.0,64.0,0.4992452600058766,0.4992452600058766,0.0,0.0,0.0,0.0,0.0,1.0,0.0,0.0,0.0,0.0,0.0,1154.2,0.0,0.0,0.0,0.0,0.0,0.0,0.0,1.0,0.0,0.0,0.0,0.0,0.0,1.0,1.0,1231.0,66.0,117.0,79.9104451860489,19.264689777009007,66.0,169463412.0112228,13.5,12.644673213939056,27.28690754382729,372.9611994125298,1.0,244.6,Benign
408.91,6.0,64.0,8.47900513744147,8.47900513744147,0.0,0.2,0.44,0.07,0.17,0.68,0.0,0.0,0.91,1.96,0.36,4.66,0.0,0.0,0.0,0.0,0.0,0.0,0.0,1.0,0.0,0.0,0.0,0.0,0.0,1.0,1.0,757.92,65.48,79.42,72.29473523140085,4.947801328572866,71.91,84667041.68155894,9.5,12.022858564623212,6.995816118267289,29.873630148287827,0.89,141.55,MQTT-DDoS-Connect_Flood
6566948.0,6.0,248.0,105.57736200260658,105.57736200260658,0.0,0.0,0.0,0.0,0.0,1.0,0.0,0.0,0.0,0.0,0.0,6663.5,0.0,1.0,0.0,0.0,0.0,0.0,0.0,1.0,0.0,0.0,0.0,0.0,0.0,1.0,1.0,11019.0,66.0,1494.0,734.5038946141578,700.6530333697085,66.0,169323370.1363206,13.5,38.2599765423031,991.9649215533552,492097.2447000461,1.0,244.6,MQTT-Malformed_Data
18243.07,6.0,64.0,30.321926033403805,30.321926033403805,0.0,0.01,0.02,0.22,0.37,0.77,0.0,0.0,0.72,0.5,10.81,23.84,0.0,0.0,0.0,0.0,0.0,0.0,0.0,1.0,0.0,0.0,0.0,0.0,0.0,1.0,1.0,5394.9,122.85,1154.4,510.6672358727444,431.3196513770832,532.33,84666975.22585031,9.5,29.958300700952574,610.0770954120699,257889.1511606872,0.86,141.55,MQTT-DDoS-Publish_Flood
381.36,6.0,64.0,11.880871865405553,11.880871865405553,0.0,0.27,0.2,0.16,0.26,0.82,0.0,0.0,0.94,1.53,0.49,4.63,0.0,0.0,0.0,0.0,0.0,0.0,0.0,1.0,0.0,0.0,0.0,0.0,0.0,1.0,1.0,703.58,63.56,72.91,67.0415850168923,3.443166503361841,67.11,84667027.73208898,9.5,11.576686324348543,4.86669290368453,19.769084151731825,0.83,141.55,MQTT-DDoS-Connect_Flood
152.12,6.0,64.0,173594.35404868357,173594.35404868357,0.0,0.19,0.19,0.37,0.14,0.44,0.0,0.0,0.39,0.21,0.53,1.56,0.0,0.0,0.0,0.0,0.0,0.0,0.0,1.0,0.0,0.0,0.0,0.0,0.0,1.0,1.0,687.59,58.13,79.88,65.50947258696755,7.712721668588507,65.44,84667044.81023806,9.5,11.435107194303306,10.904196496228456,68.36530517271754,0.94,141.55,MQTT-DDoS-Connect_Flood
117171.5,6.0,64.0,2.037753773415365,2.037753773415365,0.0,0.0,0.0,0.0,0.5,1.0,0.0,0.0,0.0,0.0,0.0,1483.5,0.0,0.0,0.0,0.0,0.0,0.0,0.0,1.0,0.0,0.0,0.0,0.0,0.0,1.0,1.0,419.9,66.0,90.7,74.79277777777777,10.153856606621146,80.5,0.0001186847686767,5.5,12.226635164037416,14.35972172347528,122.58770590828924,0.9,38.5,Benign
88699.87,6.0,63.8,84.26758641863303,84.26758641863303,0.0,0.0,0.0,0.0,0.75,1.0,0.0,0.0,0.0,0.08,0.0,306.39,0.0,0.04,0.0,0.0,0.0,0.0,0.0,1.0,0.0,0.0,0.0,0.0,0.0,1.0,1.0,2844.56,106.33,491.1,250.00336313097807,124.52739572513644,291.76,84666983.41658871,9.5,21.62523938071761,175.699740552549,20314.702979343525,0.8,141.55,MQTT-DDoS-Publish_Flood
508.88,6.0,64.0,12.769648424614935,12.769648424614935,0.0,0.38,0.09,0.31,0.09,0.62,0.0,0.0,1.55,1.78,0.7,5.95,0.0,0.0,0.0,0.0,0.0,0.0,0.0,1.0,0.0,0.0,0.0,0.0,0.0,1.0,1.0,674.86,57.75,76.79,64.95325397504114,7.062756131217607,64.51,84667047.53386222,9.5,11.390665117545248,9.996940946938928,70.38035761989458,0.77,141.55,MQTT-DDoS-Connect_Flood
315.47,6.0,64.0,14.054283311124944,14.054283311124944,0.0,0.11,0.26,0.44,0.09,0.3,0.0,0.0,0.94,0.84,0.68,3.39,0.0,0.0,0.0,0.0,0.0,0.0,0.0,1.0,0.0,0.0,0.0,0.0,0.0,1.0,1.0,680.32,58.17,79.38,65.75381737036614,7.850306010152891,64.29,84667044.64645924,9.5,11.4561857682507,11.10329346895175,74.40589306209714,0.9,141.55,MQTT-DDoS-Connect_Flood
8279.72,6.0,64.0,15.105321308773592,15.105321308773592,0.0,0.08,0.02,0.55,0.24,0.45,0.0,0.0,0.87,1.86,9.08,21.72,0.0,0.01,0.0,0.0,0.0,0.0,0.0,1.0,0.0,0.0,0.0,0.0,0.0,1.0,1.0,2856.21,56.92,541.07,216.30359809802343,191.62500758025533,334.95,84666974.99121395,9.5,17.787525847076086,271.38139015549245,105384.74679672033,0.76,141.55,MQTT-DDoS-Publish_Flood
217516.2,8.2,57.7,1.780612594478803,1.780612594478803,0.0,0.0,0.0,0.0,0.4,0.8,0.0,0.0,0.0,0.0,0.0,2802.6,0.0,0.0,0.0,0.0,0.0,0.0,0.0,0.8,0.2,0.0,0.0,0.0,0.0,1.0,1.0,1415.1,66.0,195.5,90.6091167935092,40.09097976487391,103.2,169468000.0329699,13.5,13.462537695868551,56.803237768623525,1757.742891386622,1.0,244.6,Benign
61898.55,6.0,64.0,80.54151831631603,80.54151831631603,0.0,0.0,0.0,0.0,0.47,1.0,0.0,0.0,0.0,0.0,0.0,218.19,0.0,0.0,0.0,0.0,0.0,0.0,0.0,1.0,0.0,0.0,0.0,0.0,0.0,1.0,1.0,1490.88,70.36,234.95,128.58633654301494,60.42861702598348,159.74,84666488.14385581,9.5,15.609461628103585,85.32698031932743,6427.507080904874,0.6,141.55,MQTT-DoS-Publish_Flood
13014.8,6.0,64.0,2.066717688003018,2.066717688003018,0.0,0.0,0.0,0.0,0.5,1.0,0.0,0.0,0.0,0.0,0.0,170.5,0.0,0.0,0.0,0.0,0.0,0.0,0.0,1.0,0.0,0.0,0.0,0.0,0.0,1.0,1.0,1491.2,66.0,342.0,96.96545698152896,66.91981853640489,75.2,169469119.93910488,13.5,13.925717284790062,94.85205244873626,4527.871783452441,1.0,244.6,Benign
107.26,6.0,64.0,24880.84130135019,24880.84130135019,0.0,0.2,0.16,0.2,0.13,0.73,0.0,0.0,0.2,0.21,0.34,1.14,0.0,0.0,0.0,0.0,0.0,0.0,0.0,1.0,0.0,0.0,0.0,0.0,0.0,1.0,1.0,707.53,61.52,77.67,67.40693913289154,6.012630960284769,66.67,84667023.11892101,9.5,11.606257727861443,8.500079487034123,48.419145597502265,0.92,141.55,MQTT-DDoS-Connect_Flood
529.06,6.0,64.0,9.192552991259866,9.192552991259866,0.0,0.45,0.23,0.0,0.23,0.93,0.0,0.0,1.6,2.21,0.4,6.13,0.0,0.0,0.0,0.0,0.0,0.0,0.0,1.0,0.0,0.0,0.0,0.0,0.0,1.0,1.0,745.62,66.68,76.77,70.96617968701406,3.987214618887684,70.91,84667019.05362846,9.5,11.910227813240118,5.641527556068372,22.375097304655377,0.79,141.55,MQTT-DDoS-Connect_Flood
13699.33,6.0,64.0,84.02249120756402,84.02249120756402,0.0,0.0,0.0,0.0,0.42,1.0,0.0,0.0,0.0,0.0,0.0,41.69,0.0,0.0,0.0,0.0,0.0,0.0,0.0,1.0,0.0,0.0,0.0,0.0,0.0,1.0,1.0,5085.5,167.07,821.3,468.1648136345939,255.9134130646917,445.94,84666489.59806465,9.5,26.87185553008776,361.1739192712014,135192.64955357753,0.51,141.55,MQTT-DoS-Publish_Flood
4043.04,6.0,64.0,88.29593531019322,88.29593531019322,0.0,0.0,0.0,0.8,0.09,0.2,0.0,0.0,0.15,0.0,11.03,3.25,0.0,0.0,0.0,0.0,0.0,0.0,0.0,1.0,0.0,0.0,0.0,0.0,0.0,1.0,1.0,1657.94,54.0,392.08,124.6595228962644,128.1289460044436,196.08,84666973.98429507,9.5,14.170804426342247,181.44727071498485,71531.71290200079,0.42,141.55,MQTT-DDoS-Publish_Flood
103.4,6.0,64.0,173443.09135652258,173443.09135652258,0.0,0.14,0.14,0.39,0.16,0.59,0.0,0.0,0.14,0.14,0.57,1.03,0.0,0.0,0.0,0.0,0.0,0.0,0.0,1.0,0.0,0.0,0.0,0.0,0.0,1.0,1.0,664.79,59.2,74.24,63.42885280435939,5.189017353605393,63.71,84667022.92623894,9.5,11.24765155730067,7.309364987313538,35.28530267955824,0.86,141.55,MQTT-DDoS-Connect_Flood
502.89,6.0,64.0,10.048763403227264,10.048763403227264,0.0,0.13,0.09,0.27,0.14,0.71,0.0,0.0,1.3,2.05,0.53,5.75,0.0,0.0,0.0,0.0,0.0,0.0,0.0,1.0,0.0,0.0,0.0,0.0,0.0,1.0,1.0,699.95,57.96,80.74,67.12307846616747,7.812446008058538,65.93,84667033.56648985,9.5,11.58280724622318,11.05405796133047,68.02281328665804,0.95,141.55,MQTT-DDoS-Connect_Flood
87526.3,6.0,64.0,0.9475409604375564,0.9475409604375564,0.0,0.0,0.0,0.0,0.7,1.0,0.0,0.0,0.0,0.0,0.0,1161.5,0.0,0.0,0.0,0.0,0.0,0.0,0.0,1.0,0.0,0.0,0.0,0.0,0.0,1.0,1.0,1108.8,66.0,113.0,71.6868732273918,12.06128091097258,69.3,169464035.91040668,13.5,11.974829014793633,17.093986595253224,147.0361327016272,1.0,244.6,Benign
95874.5,6.0,64.0,1.022644921628991,1.022644921628991,0.0,0.0,0.0,0.0,1.0,1.0,0.0,0.0,0.0,0.0,0.0,1193.2,0.0,0.0,0.0,0.0,0.0,0.0,0.0,1.0,0.0,0.0,0.0,0.0,0.0,1.0,1.0,1351.7,66.0,117.0,86.98372525737076,13.94411831448078,94.4,169462452.0003006,13.5,13.190811413618936,19.76798771965523,195.7303744068633,1.0,244.6,Benign
664.88,6.0,64.0,10.07552713504635,10.07552713504635,0.0,0.09,0.04,0.47,0.11,0.49,0.0,0.0,1.92,2.35,1.12,7.41,0.0,0.0,0.0,0.0,0.0,0.0,0.0,1.0,0.0,0.0,0.0,0.0,0.0,1.0,1.0,670.67,56.09,76.99,64.03795255922267,6.713771695770467,62.54,84667046.55975132,9.5,11.30973469791902,9.488783613296178,58.86671557838176,0.82,141.55,MQTT-DDoS-Connect_Flood
15258.2,6.0,64.0,2.057311844838466,2.057311844838466,0.0,0.0,0.0,0.0,0.5,1.0,0.0,0.0,0.0,0.0,0.0,190.1,0.0,0.0,0.0,0.0,0.0,0.0,0.0,1.0,0.0,0.0,0.0,0.0,0.0,1.0,1.0,441.1,66.0,101.3,78.25480158730159,14.722036061993853,80.5,0.0001484870910644,5.5,12.503119297597545,20.820103064617506,254.5072562200806,0.9,38.5,Benign
535.41,6.0,64.0,9.23316105123954,9.23316105123954,0.0,0.11,0.17,0.41,0.13,0.49,0.0,0.0,1.47,2.0,0.96,5.92,0.0,0.0,0.0,0.0,0.0,0.0,0.0,1.0,0.0,0.0,0.0,0.0,0.0,1.0,1.0,677.32,56.8,77.11,64.370637718147,7.692019274942504,64.24,84667042.00006841,9.5,11.339278084567765,10.850883151338207,71.84270534579943,0.91,141.55,MQTT-DDoS-Connect_Flood
67167.2,6.0,64.0,2.387983671356705,2.387983671356705,0.0,0.0,0.0,0.0,0.4,1.0,0.0,0.0,0.0,0.8,0.0,807.5,0.0,0.0,0.0,0.0,0.0,0.0,0.0,1.0,0.0,0.0,0.0,0.0,0.0,1.0,1.0,486.9,66.0,170.0,85.3634126984127,36.551096958114,86.1,0.0956419944763183,5.5,13.027758818966763,51.69105703777878,1854.317984063996,0.8,38.5,Benign
66618.5,6.0,64.0,1.2734674594450073,1.2734674594450073,0.0,0.0,0.0,0.0,0.5,1.0,0.0,0.0,0.0,0.0,0.0,817.3,0.0,0.0,0.0,0.0,0.0,0.0,0.0,1.0,0.0,0.0,0.0,0.0,0.0,1.0,1.0,1187.1,66.0,100.6,76.40214566908838,11.630870902499469,81.5,169465792.0170663,13.5,12.347375008245612,16.204239328032283,133.12815615103116,1.0,244.6,Benign
97495.6,8.2,83.1,1.6674193617732176,1.6674193617732176,0.0,0.0,0.0,0.0,0.4,0.8,0.0,0.0,0.0,0.0,0.0,1207.0,0.0,0.0,0.0,0.0,0.0,0.0,0.0,0.8,0.2,0.0,0.0,0.0,0.0,1.0,1.0,709.4,97.4,242.8,149.46436507936508,57.9700309887407,106.1,0.1002846002578735,5.5,17.129284801439734,81.9820040354657,4017.255185122197,0.9,38.5,Benign
320.42,6.0,64.0,12.147212881760808,12.147212881760808,0.0,0.34,0.27,0.0,0.24,0.87,0.0,0.0,0.97,1.06,0.0,3.99,0.0,0.0,0.0,0.0,0.0,0.0,0.0,1.0,0.0,0.0,0.0,0.0,0.0,1.0,1.0,758.97,66.95,80.1,72.79654661987479,5.379595953921156,72.1,84667028.65377465,9.5,12.063973684005369,7.612766174394944,33.24803860061165,0.93,141.55,MQTT-DDoS-Connect_Flood
402110.5,6.5,54.3,1.6436990954910988,1.6436990954910988,0.0,0.0,0.0,0.0,0.5,0.8,0.0,0.0,0.0,0.0,0.0,4956.8,0.0,0.0,0.0,0.0,0.0,0.0,0.0,0.8,0.1,0.0,0.1,0.0,0.0,0.9,0.9,1261.3,60.0,774.4,230.00301587301584,256.4052379991966,183.7,0.0845485925674438,5.5,20.95365852188804,362.6117650419651,78104.50007306626,0.9,38.5,Benign
340.13,6.0,64.0,7.6420722938656285,7.6420722938656285,0.0,0.15,0.16,0.11,0.04,0.86,0.0,0.0,0.96,1.33,0.29,4.2,0.0,0.0,0.0,0.0,0.0,0.0,0.0,1.0,0.0,0.0,0.0,0.0,0.0,1.0,1.0,698.78,61.84,73.37,66.44196832291377,3.899490284298346,66.75,84667043.21340767,9.5,11.524584888297348,5.514359034092293,22.14337843903057,0.82,141.55,MQTT-DDoS-Connect_Flood
219.0,6.0,64.0,9.58946271840388,9.58946271840388,0.0,0.19,0.49,0.0,0.14,1.0,0.0,0.0,0.45,1.2,0.21,2.81,0.0,0.0,0.0,0.0,0.0,0.0,0.0,1.0,0.0,0.0,0.0,0.0,0.0,1.0,1.0,748.56,66.88,74.64,71.59865536974206,3.154293774046959,70.84,84667045.44289805,9.5,11.966945196151617,4.457700709616549,11.108363311460844,0.92,141.55,MQTT-DDoS-Connect_Flood
11203.53,6.0,64.0,2438.0957807756618,2438.0957807756618,0.0,0.0,0.06,0.28,0.43,0.66,0.0,0.0,0.17,0.12,5.81,14.4,0.0,0.0,0.0,0.0,0.0,0.0,0.0,1.0,0.0,0.0,0.0,0.0,0.0,1.0,1.0,5132.93,157.56,1129.7,513.9188111396257,396.9027340501264,445.34,84666958.95982161,9.5,29.49538881472582,561.8788167162492,224752.93613984605,0.92,141.55,MQTT-DDoS-Publish_Flood
520.23,6.0,64.0,8.457784587974617,8.457784587974617,0.0,0.12,0.09,0.17,0.08,0.81,0.0,0.0,1.13,2.13,0.7,5.85,0.0,0.0,0.0,0.0,0.0,0.0,0.0,1.0,0.0,0.0,0.0,0.0,0.0,1.0,1.0,683.6,58.2,74.08,64.73272765010186,4.744030040624924,65.76,84667040.18515866,9.5,11.374990982048155,6.706901102128114,33.02997923756803,0.74,141.55,MQTT-DDoS-Connect_Flood
18442.0,8.2,57.7,1.5450261340820544,1.5450261340820544,0.0,0.0,0.0,0.0,0.4,0.8,0.0,0.0,0.0,0.0,0.0,223.6,0.0,0.0,0.0,0.0,0.0,0.0,0.0,0.8,0.2,0.0,0.0,0.0,0.0,1.0,1.0,1470.0,66.0,285.9,93.69245686803735,53.30986973521933,175.3,169464515.71880332,13.5,13.37811759175484,55.145929152128666,1532.6860670571791,1.0,244.6,Benign
53250.71,6.11,63.37,95.12093754918187,95.12093754918187,0.0,0.0,0.0,0.0,0.29,0.99,0.0,0.0,0.0,0.0,0.0,221.91,0.0,0.0,0.0,0.0,0.0,0.0,0.0,0.99,0.01,0.0,0.0,0.0,0.0,1.0,1.0,2937.32,115.05,538.27,285.1438381001094,151.78746582945354,261.98,84666484.51847506,9.5,20.87423372188317,214.65143771011807,68454.75703606919,0.5,141.55,MQTT-DoS-Publish_Flood
23918.59,6.0,64.0,22.50692869213849,22.50692869213849,0.0,0.0,0.0,0.09,0.46,0.91,0.0,0.0,0.85,1.44,9.56,36.48,0.0,0.0,0.0,0.0,0.0,0.0,0.0,1.0,0.0,0.0,0.0,0.0,0.0,1.0,1.0,10652.72,526.6,1277.66,977.2604241707294,278.0583426358528,1009.77,84666961.05828641,9.5,41.3730110548722,392.5996869990938,121035.39681841308,0.83,141.55,MQTT-DDoS-Publish_Flood
211984.9,8.2,83.1,0.9937248075394196,0.9937248075394196,0.0,0.0,0.0,0.0,0.4,0.8,0.0,0.0,0.0,0.0,0.0,2647.0,0.0,0.0,0.0,0.0,0.0,0.0,0.0,0.8,0.2,0.0,0.0,0.0,0.0,1.0,1.0,1150.3,67.8,691.7,194.2306746031745,218.15390423391065,177.8,0.0993114948272705,5.5,19.26652102009977,308.5162100522378,63886.71655761842,0.9,38.5,Benign
437.04,6.0,64.0,7.200161326203066,7.200161326203066,0.0,0.34,0.4,0.0,0.22,0.63,0.0,0.0,1.0,2.38,0.27,4.75,0.0,0.0,0.0,0.0,0.0,0.0,0.0,1.0,0.0,0.0,0.0,0.0,0.0,1.0,1.0,752.83,66.72,80.17,71.27660155801371,4.984064845855475,72.13,84667043.09586652,9.5,11.938089221947305,7.047447613293656,29.278894270956663,0.89,141.55,MQTT-DDoS-Connect_Flood
727879.0,6.0,174.4,85.3145201286969,85.3145201286969,0.0,0.0,0.0,0.0,0.0,1.0,0.0,0.0,0.0,0.0,0.0,738.5,0.0,1.0,0.0,0.0,0.0,0.0,0.0,1.0,0.0,0.0,0.0,0.0,0.0,1.0,1.0,1791.0,66.0,637.2,226.82,249.07779720583267,637.2,0.0001881837844848,5.5,18.98816257200519,352.24919889450393,157459.916,0.4,38.5,MQTT-Malformed_Data
212096.6,6.0,64.0,1.220132581406623,1.220132581406623,0.0,0.0,0.0,0.0,0.5,1.0,0.0,0.0,0.0,0.0,0.0,2663.9,0.0,0.0,0.0,0.0,0.0,0.0,0.0,1.0,0.0,0.0,0.0,0.0,0.0,1.0,1.0,1240.4,66.0,111.0,80.06020177663754,15.845251866302885,78.8,169470524.94708818,13.5,12.659451654350471,22.42113639638677,251.5544219819457,1.0,244.6,Benign
103818.5,6.0,64.0,1.2529684856675527,1.2529684856675527,0.0,0.0,0.0,0.0,0.5,1.0,0.0,0.0,0.0,0.0,0.0,1243.5,0.0,0.0,0.0,0.0,0.0,0.0,0.0,1.0,0.0,0.0,0.0,0.0,0.0,1.0,1.0,2211.3,54.0,928.0,144.81857444370218,213.19184367133008,81.1,169464012.5102454,13.5,17.019185045594867,302.1481933425158,45969.82350475197,1.0,244.6,Benign
8483.52,6.0,64.0,59.38697204487738,59.38697204487738,0.0,0.0,0.0,0.48,0.02,0.52,0.0,0.0,0.41,0.0,8.99,16.36,0.0,0.0,0.0,0.0,0.0,0.0,0.0,1.0,0.0,0.0,0.0,0.0,0.0,1.0,1.0,1238.76,54.96,237.6,101.7532047869571,77.0148361227593,118.16,84666969.15609626,9.5,13.056272028844178,109.07798920677442,46122.00372731513,0.74,141.55,MQTT-DDoS-Publish_Flood
12816.083333333334,6.0,64.0,12.785098001622035,12.785098001622035,0.0,0.1666666666666666,0.0,0.375,0.25,0.625,0.0,0.0,0.6666666666666666,2.208333333333333,7.041666666666667,22.70833333333333,0.0,0.0,0.0,0.0,0.0,0.0,0.0,1.0,0.0,0.0,0.0,0.0,0.0,1.0,1.0,1569.75,56.0,1058.2083333333333,170.7031234603603,290.7069677346701,212.04166666666663,70555808.3757122,8.333333333333334,17.56803355557364,411.5862914976553,124131.48994320708,0.75,119.20833333333331,MQTT-DDoS-Publish_Flood
412522.6,6.0,64.0,1.3339288318340838,1.3339288318340838,0.0,0.0,0.0,0.0,0.5,1.0,0.0,0.0,0.0,0.0,0.0,5339.1,0.0,0.0,0.0,0.0,0.0,0.0,0.0,1.0,0.0,0.0,0.0,0.0,0.0,1.0,1.0,413.7,66.0,85.8,74.4020238095238,9.176143913768222,76.3,7.46011734008789e-05,5.5,12.1959306758997,12.97702717313835,93.66396697845803,0.9,38.5,Benign
64849.84,6.0,64.0,76.37499916817909,76.37499916817909,0.0,0.0,0.0,0.0,0.62,1.0,0.0,0.0,0.0,0.0,0.0,176.03,0.0,0.0,0.0,0.0,0.0,0.0,0.0,1.0,0.0,0.0,0.0,0.0,0.0,1.0,1.0,3978.83,154.29,767.15,369.732658600043,214.4108937805553,396.89,84666489.50507872,9.5,24.96004960181705,303.60614070495853,86115.40007707343,0.61,141.55,MQTT-DoS-Publish_Flood
25166.0,6.0,64.0,1.195152385485985,1.195152385485985,0.0,0.0,0.0,0.0,0.5,1.0,0.0,0.0,0.0,0.0,0.0,333.6,0.0,0.0,0.0,0.0,0.0,0.0,0.0,1.0,0.0,0.0,0.0,0.0,0.0,1.0,1.0,1316.0,60.0,217.0,85.19199735077444,37.65745161588124,76.4,169467855.6312979,13.5,13.051824620280366,53.377629422904896,1433.8006098836388,1.0,244.6,Benign
31377.63,6.0,64.0,84.26797118515742,84.26797118515742,0.0,0.0,0.0,0.0,0.66,1.0,0.0,0.0,0.0,0.0,0.0,141.77,0.0,0.0,0.0,0.0,0.0,0.0,0.0,1.0,0.0,0.0,0.0,0.0,0.0,1.0,1.0,1507.23,107.42,171.73,145.12957595689485,28.18884421272228,137.94,84666493.22241777,9.5,16.928045294445056,39.800680102072775,1368.0477592311568,0.59,141.55,MQTT-DoS-Publish_Flood
178601.8,6.0,64.0,1.1482399049022365,1.1482399049022365,0.0,0.0,0.0,0.0,0.5,1.0,0.0,0.0,0.0,0.0,0.0,2373.9,0.0,0.0,0.0,0.0,0.0,0.0,0.0,1.0,0.0,0.0,0.0,0.0,0.0,1.0,1.0,423.4,67.8,88.4,77.57888888888888,9.01535732668522,76.1,0.0001415014266967,5.5,12.45471461125021,12.749640601037887,90.53363315696647,0.9,38.5,Benign
28558.0,7.1,64.0,2.677714856130206,2.677714856130206,0.0,0.0,0.0,0.0,0.4,0.9,0.0,0.0,0.0,0.0,0.0,278.6,0.0,0.0,0.0,0.0,0.0,0.0,0.0,0.9,0.1,0.0,0.0,0.0,0.0,1.0,1.0,579.6,66.0,211.2,96.50202380952382,51.90929854409933,109.5,0.1001060009002685,5.5,13.809420873182834,73.41083401433923,4079.462379676871,0.9,38.5,Benign
485.55,6.0,64.0,8.53987741930893,8.53987741930893,0.0,0.19,0.29,0.05,0.23,0.79,0.0,0.0,1.23,2.15,0.44,5.53,0.0,0.0,0.0,0.0,0.0,0.0,0.0,1.0,0.0,0.0,0.0,0.0,0.0,1.0,1.0,738.01,62.73,77.9,69.98878791160679,5.535805861036782,70.54,84667023.46811262,9.5,11.826624108335857,7.830838360882394,36.18221420837797,0.93,141.55,MQTT-DDoS-Connect_Flood
161136.9,6.0,64.0,0.6210908026756454,0.6210908026756454,0.0,0.0,0.0,0.0,0.8,1.0,0.0,0.0,0.0,0.0,0.0,2030.0,0.0,0.0,0.0,0.0,0.0,0.0,0.0,1.0,0.0,0.0,0.0,0.0,0.0,1.0,1.0,1403.6,77.2,117.4,90.52933242024572,11.99981082459636,88.0,169467330.0380455,13.5,13.464948877743746,16.869462091830787,143.52701391368458,1.0,244.6,Benign
167666.0,6.0,64.0,1.0938011425636738,1.0938011425636738,0.0,0.0,0.0,0.0,0.5,1.0,0.0,0.0,0.0,0.0,0.0,2242.3,0.0,0.0,0.0,0.0,0.0,0.0,0.0,1.0,0.0,0.0,0.0,0.0,0.0,1.0,1.0,1387.0,66.0,246.0,90.00414977781078,44.13275580921942,75.5,169463385.5191973,13.5,13.42304330925767,62.51828603440799,1966.1641881342227,1.0,244.6,Benign
89004.43,6.0,64.0,84.45081313250698,84.45081313250698,0.0,0.0,0.0,0.0,0.45,1.0,0.0,0.0,0.0,0.0,0.0,328.21,0.0,0.0,0.0,0.0,0.0,0.0,0.0,1.0,0.0,0.0,0.0,0.0,0.0,1.0,1.0,1271.79,77.99,171.73,123.27358833559802,40.13669771324946,115.05,84666490.27112435,9.5,15.57469627934652,56.79758677415189,1939.22060747679,0.86,141.55,MQTT-DoS-Publish_Flood
306264.2,6.0,64.0,1.5140091775197138,1.5140091775197138,0.0,0.0,0.0,0.0,0.5,1.0,0.0,0.0,0.0,0.0,0.0,3721.1,0.0,0.0,0.0,0.0,0.0,0.0,0.0,1.0,0.0,0.0,0.0,0.0,0.0,1.0,1.0,457.4,67.9,105.6,83.17603174603175,15.692196486925846,81.2,0.0001013994216918,5.5,12.89523699164744,22.192117095233968,281.41416792642985,0.9,38.5,Benign
489.36,6.0,64.0,68.10309846198102,68.10309846198102,0.0,0.04,0.26,0.1,0.26,0.82,0.0,0.0,0.07,2.36,0.44,5.51,0.0,0.0,0.0,0.0,0.0,0.0,0.0,1.0,0.0,0.0,0.0,0.0,0.0,1.0,1.0,743.41,63.8,79.61,70.38662568829518,5.999198231037853,70.95,84662360.1277619,9.5,11.861278916929775,8.484697428115927,42.67359572873697,0.93,141.55,MQTT-DoS-Connect_Flood
59646.4,7.1,102.2,1.83249329416388,1.83249329416388,0.0,0.0,0.0,0.0,0.6,0.9,0.0,0.0,0.0,0.4,0.0,673.6,0.0,0.0,0.0,0.0,0.0,0.0,0.0,0.9,0.1,0.0,0.0,0.0,0.0,1.0,1.0,833.4,67.8,423.2,125.74130952380952,114.30411419556036,191.1,0.0586745023727417,5.5,15.430264848990763,161.65042853040444,30278.65731221655,0.9,38.5,Benign
2592211.0,6.0,248.0,107.89285738726066,107.89285738726066,0.0,0.0,0.0,0.0,0.0,1.0,0.0,0.0,0.0,0.0,0.0,2613.5,0.0,1.0,0.0,0.0,0.0,0.0,0.0,1.0,0.0,0.0,0.0,0.0,0.0,1.0,1.0,15303.0,66.0,1494.0,1021.0055637345112,639.3339025404807,66.0,169323375.57929853,13.5,45.10214192667089,904.0147245106388,417516.8546401157,1.0,244.6,MQTT-Malformed_Data
344.23,6.0,64.0,18.30285597248528,18.30285597248528,0.0,0.13,0.18,0.42,0.12,0.4,0.0,0.0,1.09,0.76,0.67,3.81,0.0,0.0,0.0,0.0,0.0,0.0,0.0,1.0,0.0,0.0,0.0,0.0,0.0,1.0,1.0,684.21,55.77,79.85,65.99840681957362,8.680173675162903,64.4,84667030.02522494,9.5,11.482736182411358,12.274313105130318,82.57674779188007,0.93,141.55,MQTT-DDoS-Connect_Flood
572.88,6.0,64.0,10.226205428134016,10.226205428134016,0.0,0.2,0.06,0.54,0.11,0.4,0.0,0.0,1.65,2.01,0.98,6.42,0.0,0.0,0.0,0.0,0.0,0.0,0.0,1.0,0.0,0.0,0.0,0.0,0.0,1.0,1.0,652.69,56.01,78.18,63.02657028618098,7.568029354521253,61.72,84667040.80080685,9.5,11.217129802319317,10.71308190125172,70.81322517859341,0.87,141.55,MQTT-DDoS-Connect_Flood
9025670.0,6.0,64.0,121.70759923982928,121.70759923982928,0.0,0.0,0.0,0.0,0.0,1.0,0.0,0.0,0.0,2.0,0.0,9279.5,0.0,1.0,0.0,0.0,0.0,0.0,0.0,1.0,0.0,0.0,0.0,0.0,0.0,1.0,1.0,8217.0,1494.0,1494.0,1494.0,0.0,1494.0,3.3807754516601565e-05,5.5,54.6626014748658,0.0,0.0,0.0,38.5,MQTT-Malformed_Data
4432.35,5.63,60.79,13.815576963126595,13.815576963126595,0.0,0.0,0.08,0.05,0.37,0.87,0.0,0.0,0.42,2.02,0.73,46.21,0.0,0.0,0.0,0.0,0.0,0.0,0.0,0.91,0.01,0.0,0.08,0.0,0.0,0.92,0.92,792.4,64.92,133.33,77.61219703572142,19.81665677190612,76.59,84662370.45277086,9.5,12.359355030978016,28.06707456569485,883.5750464499557,0.86,141.55,MQTT-DoS-Connect_Flood
525.93,6.0,64.0,9.378962076990632,9.378962076990632,0.0,0.39,0.1,0.08,0.25,0.92,0.0,0.0,1.42,2.28,0.63,5.82,0.0,0.0,0.0,0.0,0.0,0.0,0.0,1.0,0.0,0.0,0.0,0.0,0.0,1.0,1.0,705.08,64.24,71.04,67.31373175345466,2.7382782693610914,66.84,84667025.17400011,9.5,11.601518952570272,3.873565725880166,9.598709413251775,0.89,141.55,MQTT-DDoS-Connect_Flood
541.76,6.0,64.0,10.322238953482325,10.322238953482325,0.0,0.2,0.19,0.18,0.24,0.63,0.0,0.0,1.52,2.08,0.58,6.19,0.0,0.0,0.0,0.0,0.0,0.0,0.0,1.0,0.0,0.0,0.0,0.0,0.0,1.0,1.0,714.8,59.12,79.27,67.04106817176631,7.250421221178269,68.74,84667018.49016857,9.5,11.57324612296833,10.257401932781882,61.78855291479914,0.91,141.55,MQTT-DDoS-Connect_Flood
3628453.0,6.0,137.6,110.36282547993736,110.36282547993736,0.0,0.0,0.0,0.0,0.0,1.0,0.0,0.0,0.0,0.0,0.0,3680.5,0.0,1.0,0.0,0.0,0.0,0.0,0.0,1.0,0.0,0.0,0.0,0.0,0.0,1.0,1.0,11733.0,66.0,1494.0,750.1220702981229,708.7837723518423,922.8,169323397.98942608,13.5,38.76401498032551,1002.7378150809336,502804.4067806864,1.0,244.6,MQTT-Malformed_Data
3636685.0,6.0,64.0,100.84685975949408,100.84685975949408,0.0,0.0,0.0,0.0,0.0,1.0,0.0,0.0,0.0,0.0,0.0,3668.5,0.0,1.0,0.0,0.0,0.0,0.0,0.0,1.0,0.0,0.0,0.0,0.0,0.0,1.0,1.0,8217.0,1494.0,1494.0,1494.0,0.0,1494.0,0.0001519918441772,5.5,54.6626014748658,0.0,0.0,0.0,38.5,MQTT-Malformed_Data
478.4,6.0,64.0,6.682617622943418,6.682617622943418,0.0,0.19,0.39,0.11,0.1,0.5,0.0,0.0,1.25,2.28,0.55,5.11,0.0,0.0,0.0,0.0,0.0,0.0,0.0,1.0,0.0,0.0,0.0,0.0,0.0,1.0,1.0,729.16,63.84,79.63,69.55895356655728,5.429329250379533,69.48,84667017.84866999,9.5,11.788947672190698,7.687385342902652,39.599809662165285,0.85,141.55,MQTT-DDoS-Connect_Flood
12472.5,6.0,64.0,0.4193599176171196,0.4193599176171196,0.0,0.0,0.0,0.0,0.6,1.0,0.0,0.0,0.0,0.0,0.0,166.4,0.0,0.0,0.0,0.0,0.0,0.0,0.0,1.0,0.0,0.0,0.0,0.0,0.0,1.0,1.0,368.6,66.0,67.6,66.8320634920635,0.7885952144419299,67.2,1.468658447265625e-05,5.5,11.561257224582972,1.1152420474862967,0.7776135046611238,0.8,38.5,Benign
404.92,6.0,64.0,10.95884329446504,10.95884329446504,0.0,0.26,0.08,0.15,0.23,0.8,0.0,0.0,1.13,1.49,0.29,4.86,0.0,0.0,0.0,0.0,0.0,0.0,0.0,1.0,0.0,0.0,0.0,0.0,0.0,1.0,1.0,709.02,58.18,78.84,67.49528736682993,6.975085182336304,67.78,84667023.84979363,9.5,11.605470884220903,9.865620825285964,58.524745191315006,0.87,141.55,MQTT-DDoS-Connect_Flood
628.03,6.0,64.0,9.635045675584289,9.635045675584289,0.0,0.12,0.09,0.54,0.15,0.42,0.0,0.0,1.81,2.15,1.16,7.05,0.0,0.0,0.0,0.0,0.0,0.0,0.0,1.0,0.0,0.0,0.0,0.0,0.0,1.0,1.0,648.59,55.44,74.77,62.31317990390244,6.80602028247334,61.61,84667037.68794416,9.5,11.15127521979204,9.619817239948771,63.16251196443113,0.78,141.55,MQTT-DDoS-Connect_Flood
940.59,6.0,64.0,31.890542806601896,31.890542806601896,0.0,0.05,0.28,0.11,0.22,0.86,0.0,0.0,0.8,3.7,1.58,10.67,0.0,0.0,0.0,0.0,0.0,0.0,0.0,1.0,0.0,0.0,0.0,0.0,0.0,1.0,1.0,730.46,64.09,76.64,69.24946270602463,4.372854808995499,70.03,84662386.78418064,9.5,11.76218040736086,6.181462550047782,23.17950932705212,0.89,141.55,MQTT-DoS-Connect_Flood
305057.0,7.1,57.7,1.962903807874572,1.962903807874572,0.0,0.0,0.0,0.0,0.4,0.9,0.0,0.0,0.0,0.0,0.0,3913.3,0.0,0.0,0.0,0.0,0.0,0.0,0.0,0.9,0.1,0.0,0.0,0.0,0.0,1.0,1.0,1498.3,66.0,246.0,96.64523058769576,50.658670372302296,91.1,169465527.91914397,13.5,13.91268587203913,71.75358771209382,2580.4892912482487,1.0,244.6,Benign
455.11,6.0,64.0,9.695959647222043,9.695959647222043,0.0,0.1,0.23,0.33,0.15,0.62,0.0,0.0,1.18,1.8,0.74,5.23,0.0,0.0,0.0,0.0,0.0,0.0,0.0,1.0,0.0,0.0,0.0,0.0,0.0,1.0,1.0,688.18,62.04,75.83,65.81475800910476,4.9069613334109325,65.12,84667049.22080638,9.5,11.456426219220676,6.924578499653566,31.1152713247992,0.92,141.55,MQTT-DDoS-Connect_Flood
10747.19,6.0,64.0,12.808376560253418,12.808376560253418,0.0,0.0,0.11,0.21,0.36,0.79,0.0,0.0,0.62,2.23,6.92,19.17,0.0,0.0,0.0,0.0,0.0,0.0,0.0,1.0,0.0,0.0,0.0,0.0,0.0,1.0,1.0,4646.99,83.68,1014.91,431.26619029603006,333.67162296913403,411.28,84666966.40032317,9.5,26.35725980379034,470.659342801611,174454.12309762274,0.93,141.55,MQTT-DDoS-Publish_Flood
666919.0,6.0,64.0,77.48905672405881,77.48905672405881,0.0,0.0,0.0,0.0,0.0,1.0,0.0,0.0,0.0,0.0,0.0,669.5,0.0,1.0,0.0,0.0,0.0,0.0,0.0,1.0,0.0,0.0,0.0,0.0,0.0,1.0,1.0,23157.0,1494.0,1494.0,1494.0,0.0,1494.0,169323364.68858653,13.5,54.6626014748658,0.0,0.0,0.0,244.6,MQTT-Malformed_Data
315.01,6.0,64.0,9.110067816595684,9.110067816595684,0.0,0.11,0.16,0.09,0.21,0.89,0.0,0.0,0.55,1.72,0.17,3.59,0.0,0.0,0.0,0.0,0.0,0.0,0.0,1.0,0.0,0.0,0.0,0.0,0.0,1.0,1.0,707.8,63.68,72.52,67.61041947045042,3.144242065371108,67.17,84667037.1038167,9.5,11.627915741860198,4.452450738207908,13.786622885953504,0.94,141.55,MQTT-DDoS-Connect_Flood
591.32,6.0,64.0,10.12138047365887,10.12138047365887,0.0,0.14,0.19,0.38,0.12,0.45,0.0,0.0,1.84,2.14,0.81,6.72,0.0,0.0,0.0,0.0,0.0,0.0,0.0,1.0,0.0,0.0,0.0,0.0,0.0,1.0,1.0,682.07,56.8,79.43,64.83957897563391,7.882134388165562,64.97,84667027.00387037,9.5,11.380425793251764,11.124317092353868,69.76288062904014,0.95,141.55,MQTT-DDoS-Connect_Flood
511.97,6.0,64.0,9.055383565655427,9.055383565655427,0.0,0.2,0.12,0.18,0.13,0.8,0.0,0.0,1.27,2.05,0.75,5.81,0.0,0.0,0.0,0.0,0.0,0.0,0.0,1.0,0.0,0.0,0.0,0.0,0.0,1.0,1.0,692.0,59.16,71.42,65.4854474469459,4.8812756391733085,65.7,84667030.73153791,9.5,11.438518543647206,6.905167354289502,32.21224127037588,0.88,141.55,MQTT-DDoS-Connect_Flood
450079.0,8.2,99.8,1.3098172190798585,1.3098172190798585,0.0,0.0,0.0,0.0,0.5,0.8,0.0,0.0,0.0,0.0,0.0,5413.9,0.0,0.0,0.0,0.0,0.0,0.0,0.0,0.8,0.2,0.0,0.0,0.0,0.0,1.0,1.0,2061.6,66.0,766.2,130.41540490598155,167.6265826692941,186.3,169466151.3176107,13.5,16.072101918020262,237.7047061004172,34142.89403147747,1.0,244.6,Benign
142044.6,6.0,64.0,1.186801280326827,1.186801280326827,0.0,0.0,0.0,0.0,0.5,1.0,0.0,0.0,0.0,0.0,0.0,1879.9,0.0,0.0,0.0,0.0,0.0,0.0,0.0,1.0,0.0,0.0,0.0,0.0,0.0,1.0,1.0,1324.4,54.0,214.0,85.77627954346994,36.8936938508256,76.4,169463338.8061573,13.5,13.104032119522213,52.26162961753742,1374.1923176512737,1.0,244.6,Benign
775.27,6.0,64.0,5.709269296127794,5.709269296127794,0.0,0.02,0.28,0.17,0.16,0.75,0.0,0.0,0.69,3.23,1.36,8.46,0.0,0.0,0.0,0.0,0.0,0.0,0.0,1.0,0.0,0.0,0.0,0.0,0.0,1.0,1.0,741.94,64.45,76.44,70.39303625859006,4.748446587996978,70.58,84662374.73132858,9.5,11.860829099395978,6.709047883651802,27.62323341379588,0.86,141.55,MQTT-DoS-Connect_Flood
441.32,6.0,64.0,11.549590827202405,11.549590827202405,0.0,0.09,0.3,0.12,0.11,0.85,0.0,0.0,1.1,1.89,0.62,5.08,0.0,0.0,0.0,0.0,0.0,0.0,0.0,1.0,0.0,0.0,0.0,0.0,0.0,1.0,1.0,720.08,59.2,74.35,68.06123140945742,5.353868403775963,68.81,84667037.5335213,9.5,11.662072747856111,7.5617837788433055,42.65809535699574,0.77,141.55,MQTT-DDoS-Connect_Flood
408.74,6.0,64.0,3779.294306997329,3779.294306997329,0.0,0.03,0.05,0.05,0.5,0.95,0.0,0.0,0.04,0.42,0.05,5.28,0.0,0.0,0.0,0.0,0.0,0.0,0.0,1.0,0.0,0.0,0.0,0.0,0.0,1.0,1.0,720.17,66.06,71.13,68.4506136739937,2.1923085365561463,68.89,84662379.17733125,9.5,11.697901865372351,3.0978073330246003,11.324013220494246,0.93,141.55,MQTT-DoS-Connect_Flood
538.61,6.0,64.0,11.302360577342224,11.302360577342224,0.0,0.2,0.11,0.19,0.22,0.74,0.0,0.0,1.42,2.24,0.63,6.09,0.0,0.0,0.0,0.0,0.0,0.0,0.0,1.0,0.0,0.0,0.0,0.0,0.0,1.0,1.0,699.93,58.45,78.84,66.7356082565955,7.04871173873631,67.24,84667026.52867588,9.5,11.547675972544038,9.976471309014574,63.036953904533455,0.9,141.55,MQTT-DDoS-Connect_Flood
591.21,6.0,64.0,9.229467796417405,9.229467796417405,0.0,0.11,0.1,0.39,0.16,0.57,0.0,0.0,1.6,2.08,1.14,6.58,0.0,0.0,0.0,0.0,0.0,0.0,0.0,1.0,0.0,0.0,0.0,0.0,0.0,1.0,1.0,672.41,56.88,77.01,64.05052922636361,6.791523507316615,63.91,84667029.47291046,9.5,11.309854982919276,9.578398204603868,55.47062846037505,0.94,141.55,MQTT-DDoS-Connect_Flood
1779318.2,8.2,211.0,110.64744658763546,110.64744658763546,0.0,0.0,0.0,0.0,0.0,0.8,0.0,0.0,0.0,1.6,0.0,1810.0,0.0,0.8,0.0,0.0,0.0,0.0,0.0,0.8,0.2,0.0,0.0,0.0,0.0,1.0,1.0,358.8,63.2,66.0,65.56444444444445,0.999977552738296,63.2,0.0003962039947509,5.5,11.450870204660356,1.414181817151155,5.071802469135802,0.2,38.5,Benign
626628.4,6.0,64.0,2.0337479601517616,2.0337479601517616,0.0,0.0,0.0,0.0,0.5,1.0,0.0,0.0,0.0,0.0,0.0,7932.5,0.0,0.0,0.0,0.0,0.0,0.0,0.0,1.0,0.0,0.0,0.0,0.0,0.0,1.0,1.0,420.1,66.0,90.9,74.81638888888888,10.206206310533116,80.5,0.0001174926757812,5.5,12.2285267672957,14.433755384733804,124.12688414902998,0.9,38.5,Benign
259617.3,8.2,51.7,1.867482693024335,1.867482693024335,0.0,0.0,0.0,0.0,0.4,0.8,0.0,0.0,0.0,0.0,0.0,3370.4,0.0,0.0,0.0,0.0,0.0,0.0,0.0,0.8,0.2,0.0,0.0,0.0,0.0,1.0,1.0,524.0,66.0,149.1,87.96317460317461,30.68603473047368,102.5,0.0998562097549438,5.5,13.2094364995471,43.396606491287685,1491.1974441924915,0.9,38.5,Benign
352.22,6.0,64.0,10.111624695245556,10.111624695245556,0.0,0.27,0.4,0.0,0.15,1.0,0.0,0.0,0.83,1.62,0.5,4.27,0.0,0.0,0.0,0.0,0.0,0.0,0.0,1.0,0.0,0.0,0.0,0.0,0.0,1.0,1.0,732.6,66.32,73.76,69.7651102454477,3.308639544041897,69.8,84667021.151748,9.5,11.811409882606233,4.677462675212874,11.757694733277203,0.94,141.55,MQTT-DDoS-Connect_Flood
24194.73,6.0,64.0,88.59199589196852,88.59199589196852,0.0,0.0,0.0,0.0,0.61,1.0,0.0,0.0,0.0,0.0,0.0,138.08,0.0,0.0,0.0,0.0,0.0,0.0,0.0,1.0,0.0,0.0,0.0,0.0,0.0,1.0,1.0,1739.4,108.51,251.3,162.93480313211043,52.39308133489985,170.64,84666498.27910657,9.5,17.570498619149593,74.1520400839695,3801.529104967504,0.81,141.55,MQTT-DoS-Publish_Flood
398.58,6.0,64.0,9.827772249283246,9.827772249283246,0.0,0.23,0.15,0.09,0.27,0.8,0.0,0.0,0.97,1.57,0.41,4.82,0.0,0.0,0.0,0.0,0.0,0.0,0.0,1.0,0.0,0.0,0.0,0.0,0.0,1.0,1.0,716.56,64.53,77.82,68.6849129016838,4.778983260245374,68.24,84667019.57517089,9.5,11.717882181302848,6.76215296221253,33.85714838637933,0.9,141.55,MQTT-DDoS-Connect_Flood
21090.3,6.0,60.7,1.6904987782043726,1.6904987782043726,0.0,0.0,0.0,0.0,0.5,1.0,0.0,0.0,0.0,0.0,0.0,267.8,0.0,0.0,0.0,0.0,0.0,0.0,0.0,1.0,0.0,0.0,0.0,0.0,0.0,1.0,1.0,1316.4,66.0,185.5,84.18766567711614,30.274064336382544,95.4,169470621.74980336,13.5,12.979242336037368,42.92548394956742,1120.4958133016314,1.0,244.6,Benign
235120.4,6.0,69.9,1.319517068420696,1.319517068420696,0.0,0.0,0.0,0.0,0.6,1.0,0.0,0.0,0.0,0.0,0.0,2966.9,0.0,0.1,0.0,0.0,0.0,0.0,0.0,1.0,0.0,0.0,0.0,0.0,0.0,1.0,1.0,441.1,68.2,95.2,80.44801587301588,10.767245411759188,80.9,0.0999627828598022,5.5,12.68233033356047,15.227184490709323,131.51550031494077,0.9,38.5,Benign
287781.0,6.0,248.0,30.489138625962585,30.489138625962585,0.0,0.0,0.0,0.0,0.0,1.0,0.0,0.0,0.0,1.0,0.0,3373.5,0.0,1.0,0.0,0.0,0.0,0.0,0.0,1.0,0.0,0.0,0.0,0.0,0.0,1.0,1.0,1023.0,66.0,66.0,66.0,0.0,66.0,169469291.67993382,13.5,11.489125293076055,0.0,0.0,0.0,244.6,Benign
488.83,6.0,64.0,59.15924017682784,59.15924017682784,0.0,0.05,0.26,0.2,0.2,0.77,0.0,0.0,0.29,2.25,0.66,5.37,0.0,0.0,0.0,0.0,0.0,0.0,0.0,1.0,0.0,0.0,0.0,0.0,0.0,1.0,1.0,726.12,59.25,77.24,68.71136483442596,5.801465653012269,69.6,84662376.64481011,9.5,11.713052100650154,8.18577494390308,36.62301640204247,0.94,141.55,MQTT-DoS-Connect_Flood
12957.4,6.0,64.0,1.073320127833285,1.073320127833285,0.0,0.0,0.0,0.0,0.4,1.0,0.0,0.0,0.0,0.0,0.0,173.1,0.0,0.0,0.0,0.0,0.0,0.0,0.0,1.0,0.0,0.0,0.0,0.0,0.0,1.0,1.0,1036.2,66.0,68.0,66.84674836429481,0.986011679076464,66.8,169323414.3392679,13.5,11.562953268435423,1.3955143841966042,0.9738442628883718,1.0,244.6,MQTT-Malformed_Data
219222.8,7.1,98.5,0.6804306887631594,0.6804306887631594,0.0,0.0,0.0,0.0,0.4,0.9,0.0,0.0,0.0,0.0,0.0,2595.3,0.0,0.2,0.0,0.0,0.0,0.0,0.0,0.9,0.1,0.0,0.0,0.0,0.0,1.0,1.0,682.4,84.0,246.0,139.78928571428568,70.38688956678374,106.8,0.0999658823013305,5.5,16.58838101373105,99.54209383860288,5559.5273599773245,0.9,38.5,Benign
450.1,6.0,64.0,10.992916641085918,10.992916641085918,0.0,0.18,0.16,0.27,0.24,0.67,0.0,0.0,1.14,1.65,0.64,5.3,0.0,0.0,0.0,0.0,0.0,0.0,0.0,1.0,0.0,0.0,0.0,0.0,0.0,1.0,1.0,688.11,61.64,74.67,65.44389671942265,4.6437470361439575,66.37,84667037.80488881,9.5,11.428378751358352,6.544105257412254,31.200248552147286,0.91,141.55,MQTT-DDoS-Connect_Flood
570.0,6.0,64.0,7.024767500082047,7.024767500082047,0.0,0.28,0.14,0.14,0.2,0.74,0.0,0.0,1.41,2.64,0.47,6.41,0.0,0.0,0.0,0.0,0.0,0.0,0.0,1.0,0.0,0.0,0.0,0.0,0.0,1.0,1.0,726.62,60.53,78.09,68.85542807201399,5.7589436989496114,69.49,84667021.3208603,9.5,11.73170023868864,8.141168672978395,44.59230567458167,0.82,141.55,MQTT-DDoS-Connect_Flood
147125.4,7.1,136.2,0.6140130579910857,0.6140130579910857,0.0,0.0,0.0,0.0,0.4,0.9,0.0,0.0,0.0,0.0,0.0,1751.9,0.0,0.4,0.0,0.0,0.0,0.0,0.0,0.9,0.1,0.0,0.0,0.0,0.0,1.0,1.0,506.1,61.2,164.6,85.69789682539682,35.132898326033114,108.0,0.0566390991210937,5.5,13.049394359792217,49.68542129815104,1993.2872904226504,0.9,38.5,Benign
222783.8,7.1,64.0,1.3220407300856678,1.3220407300856678,0.0,0.0,0.0,0.0,0.5,0.9,0.0,0.0,0.0,0.0,0.0,2865.9,0.0,0.0,0.0,0.0,0.0,0.0,0.0,0.9,0.1,0.0,0.0,0.0,0.0,1.0,1.0,939.0,68.2,592.0,150.73194444444445,179.1934251040715,164.8,0.099771499633789,5.5,16.971150521687044,253.41777207026536,52143.73276113316,0.9,38.5,Benign
3395708.0,6.0,248.0,110.0736910560996,110.0736910560996,0.0,0.0,0.0,0.0,0.0,1.0,0.0,0.0,0.0,0.0,0.0,3443.5,0.0,1.0,0.0,0.0,0.0,0.0,0.0,1.0,0.0,0.0,0.0,0.0,0.0,1.0,1.0,363.0,66.0,66.0,66.0,0.0,66.0,0.0002562046051025,5.5,11.489125293076055,0.0,0.0,0.0,38.5,MQTT-Malformed_Data
67853.4,6.0,60.8,20.86523235924408,20.86523235924408,0.0,0.0,0.1,0.0,0.5,1.0,0.0,0.0,0.2,1.6,0.0,569.9,0.0,0.6,0.0,0.0,0.0,0.0,0.0,1.0,0.0,0.0,0.0,0.0,0.0,1.0,1.0,2764.8,66.0,747.4,164.67176275092297,199.6753691448984,481.1,169461769.9748971,13.5,17.667899065248132,283.6231866542835,74096.81512332616,1.0,244.6,Benign
391.1,6.0,64.0,10.870690018178411,10.870690018178411,0.0,0.13,0.12,0.2,0.19,0.76,0.0,0.0,0.94,1.59,0.49,4.61,0.0,0.0,0.0,0.0,0.0,0.0,0.0,1.0,0.0,0.0,0.0,0.0,0.0,1.0,1.0,697.39,58.2,76.99,66.12648854555317,6.4015296546642,66.46,84667046.48419076,9.5,11.497561264275848,9.05698509794782,49.54493743149228,0.95,141.55,MQTT-DDoS-Connect_Flood
961341.0,6.0,64.0,103.59456378725342,103.59456378725342,0.0,0.0,0.0,0.0,0.0,1.0,0.0,0.0,0.0,0.0,0.0,952.5,0.0,1.0,0.0,0.0,0.0,0.0,0.0,1.0,0.0,0.0,0.0,0.0,0.0,1.0,1.0,23157.0,1494.0,1494.0,1494.0,0.0,1494.0,169323374.0755815,13.5,54.6626014748658,0.0,0.0,0.0,244.6,MQTT-Malformed_Data
492.89,6.0,64.0,4.756754058880752,4.756754058880752,0.0,0.23,0.06,0.03,0.3,0.97,0.0,0.0,1.0,2.59,0.72,5.1,0.0,0.0,0.0,0.0,0.0,0.0,0.0,1.0,0.0,0.0,0.0,0.0,0.0,1.0,1.0,704.28,62.88,70.28,66.84476554938009,2.404210114831649,67.32,84667018.36285828,9.5,11.560760238437773,3.397238070196683,7.887647628089923,0.89,141.55,MQTT-DDoS-Connect_Flood
6574545.0,6.0,56.0,7666.051574478406,7666.051574478406,0.0,0.0,0.0,0.0,0.0,1.0,0.0,0.0,0.0,0.0,0.0,4342.5,1.0,0.0,0.0,0.0,0.0,0.0,0.0,1.0,0.0,0.0,0.0,0.0,0.0,1.0,1.0,23467.0,1514.0,1514.0,1514.0,0.0,1514.0,169469425.76072618,13.5,55.02726596879042,0.0,0.0,0.0,244.6,Benign
490.0,6.0,65.73,41.18860059847988,41.18860059847988,0.0,0.02,0.21,0.13,0.29,0.93,0.0,0.0,0.09,2.32,0.42,5.52,0.0,0.01,0.0,0.0,0.0,0.0,0.0,1.0,0.0,0.0,0.0,0.0,0.0,1.0,1.0,744.49,64.96,83.3,70.44961099340976,5.832551403800911,70.54,84662384.01457648,9.5,11.866658684378333,8.253930483044304,55.23462643650393,0.89,141.55,MQTT-DoS-Connect_Flood
9428.02,6.0,64.0,117.45897402529792,117.45897402529792,0.0,0.0,0.0,0.0,0.39,1.0,0.0,0.0,0.0,0.0,0.0,35.17,0.0,0.0,0.0,0.0,0.0,0.0,0.0,1.0,0.0,0.0,0.0,0.0,0.0,1.0,1.0,3228.34,135.76,611.0,315.44647181735525,182.88729876034628,284.0,84666984.0044706,9.5,23.231889879249305,258.7477256490025,52471.32539229295,0.67,141.55,MQTT-DDoS-Publish_Flood
58068.6,6.0,64.0,2.036783796685946,2.036783796685946,0.0,0.0,0.0,0.0,0.5,1.0,0.0,0.0,0.0,0.0,0.0,747.5,0.0,0.0,0.0,0.0,0.0,0.0,0.0,1.0,0.0,0.0,0.0,0.0,0.0,1.0,1.0,981.4,42.0,89.8,62.80894367715187,15.647399197542402,77.8,169463949.9972851,13.5,11.205561889191006,22.192602345794057,247.5365309625115,1.0,244.6,Benign
22337.8,6.0,64.0,104.02831499377837,104.02831499377837,0.0,0.06,0.14,0.06,0.37,0.84,0.0,0.0,0.12,0.31,5.92,20.08,0.0,0.0,0.0,0.0,0.0,0.0,0.0,1.0,0.0,0.0,0.0,0.0,0.0,1.0,1.0,6910.75,218.41,1195.73,641.0577465876487,396.7900722782297,631.07,84666955.89295222,9.5,33.25778877468304,561.3664629195478,212071.0382898381,0.95,141.55,MQTT-DDoS-Publish_Flood
54403.58,6.0,64.0,68.97361181827785,68.97361181827785,0.0,0.0,0.0,0.0,0.47,1.0,0.0,0.0,0.0,0.0,0.0,166.57,0.0,0.0,0.0,0.0,0.0,0.0,0.0,1.0,0.0,0.0,0.0,0.0,0.0,1.0,1.0,6174.71,205.56,1183.3,623.8773636764852,393.49508676969856,563.81,84666493.53819615,9.5,32.86700293023131,556.2685997105417,216088.97466445545,0.75,141.55,MQTT-DoS-Publish_Flood
257174.2,6.0,64.0,0.9067472268289476,0.9067472268289476,0.0,0.0,0.0,0.0,0.7,1.0,0.0,0.0,0.0,0.0,0.0,3417.5,0.0,0.0,0.0,0.0,0.0,0.0,0.0,1.0,0.0,0.0,0.0,0.0,0.0,1.0,1.0,385.0,66.2,83.2,69.98099206349205,6.086923202889732,69.3,5.2094459533691406e-05,5.5,11.829606256184093,8.608209346650138,45.98044121630134,0.9,38.5,Benign
71799.2,17.0,60.8,15.591493935385817,15.591493935385817,0.0,0.0,0.0,0.0,0.0,0.0,0.0,0.0,0.0,0.0,0.0,0.0,0.0,0.0,0.0,0.0,0.0,0.0,0.0,0.0,1.0,0.0,0.0,0.0,0.0,1.0,1.0,7372.2,60.0,1292.0,490.55690277258,562.8433902234475,67.5,169461866.5754365,13.5,31.276294886733893,797.1659248375388,318206.3374134451,1.0,244.6,Benign
94744.97,6.0,64.0,82.56008087286558,82.56008087286558,0.0,0.0,0.0,0.0,0.17,1.0,0.0,0.0,0.0,0.0,0.0,336.56,0.0,0.0,0.0,0.0,0.0,0.0,0.0,1.0,0.0,0.0,0.0,0.0,0.0,1.0,1.0,888.11,71.45,140.12,89.103196312932,25.09116849583641,89.98,84666488.66708991,9.5,13.080549864299815,35.5046898374894,1736.8411115010492,0.44,141.55,MQTT-DoS-Publish_Flood
487.65,6.0,64.0,9.593280886544568,9.593280886544568,0.0,0.31,0.19,0.17,0.22,0.72,0.0,0.0,1.51,1.97,0.44,5.65,0.0,0.0,0.0,0.0,0.0,0.0,0.0,1.0,0.0,0.0,0.0,0.0,0.0,1.0,1.0,706.6,59.2,74.23,66.58934426267747,5.491465567842485,67.39,84667035.69661383,9.5,11.53350747006342,7.759998965129198,36.54765439656906,0.93,141.55,MQTT-DDoS-Connect_Flood
29979.49,6.0,64.0,61.696073408965816,61.696073408965816,0.0,0.0,0.0,0.71,0.23,0.29,0.0,0.0,0.93,0.65,23.21,56.13,0.0,0.0,0.0,0.0,0.0,0.0,0.0,1.0,0.0,0.0,0.0,0.0,0.0,1.0,1.0,846.21,72.74,95.23,79.79648126697003,5.648060727304159,85.04,84666962.68973196,9.5,12.175199341481466,7.920493457622081,163.92557687758398,0.5,141.55,MQTT-DDoS-Publish_Flood
95982.12,6.0,64.0,122.01604588568874,122.01604588568874,0.0,0.0,0.0,0.0,0.52,1.0,0.0,0.0,0.0,2.35,0.0,299.11,0.0,0.0,0.0,0.0,0.0,0.0,0.0,1.0,0.0,0.0,0.0,0.0,0.0,1.0,1.0,4015.92,134.67,864.93,387.9632479435769,271.79379797687,413.24,84666478.05323368,9.5,25.295805718471325,384.16813240769295,128186.4800624908,0.74,141.55,MQTT-DoS-Publish_Flood
432.73,6.0,64.0,7.253404251761961,7.253404251761961,0.0,0.16,0.08,0.32,0.18,0.64,0.0,0.0,1.16,1.64,0.54,4.78,0.0,0.0,0.0,0.0,0.0,0.0,0.0,1.0,0.0,0.0,0.0,0.0,0.0,1.0,1.0,676.87,59.81,76.17,64.80522927682912,6.081489958249397,64.8,84667030.23956308,9.5,11.374111416674904,8.585392872297867,49.58325965167989,0.88,141.55,MQTT-DDoS-Connect_Flood
152.81,6.0,64.0,379955.851279244,379955.851279244,0.0,0.24,0.23,0.0,0.24,0.87,0.0,0.0,0.37,0.32,0.0,1.98,0.0,0.0,0.0,0.0,0.0,0.0,0.0,1.0,0.0,0.0,0.0,0.0,0.0,1.0,1.0,736.61,66.62,77.57,70.34699364146346,3.9304315160435856,70.17,84667048.17375274,9.5,11.859100118260958,5.559576725276809,19.531339810291243,0.93,141.55,MQTT-DDoS-Connect_Flood
209088.9,6.0,64.0,1.054182186242302,1.054182186242302,0.0,0.0,0.0,0.0,0.5,1.0,0.0,0.0,0.0,0.0,0.0,2784.7,0.0,0.0,0.0,0.0,0.0,0.0,0.0,1.0,0.0,0.0,0.0,0.0,0.0,1.0,1.0,1182.6,66.0,111.0,76.29401618591247,12.623145400581166,76.2,169464763.01715988,13.5,12.346572285637064,17.833853157339426,159.2343244585224,1.0,244.6,Benign
201929.7,6.0,64.0,2.8416443392623454,2.8416443392623454,0.0,0.0,0.0,0.0,0.5,1.0,0.0,0.0,0.0,0.0,0.0,2045.9,0.0,0.0,0.0,0.0,0.0,0.0,0.0,1.0,0.0,0.0,0.0,0.0,0.0,1.0,1.0,573.1,69.6,237.9,110.5418253968254,62.70608870688135,92.2,0.1000794887542724,5.5,14.79048418542862,88.67980109264198,4478.322426996724,0.9,38.5,Benign
452.61,6.0,64.0,9.871665867596308,9.871665867596308,0.0,0.13,0.23,0.33,0.17,0.59,0.0,0.0,1.2,1.79,0.63,5.25,0.0,0.0,0.0,0.0,0.0,0.0,0.0,1.0,0.0,0.0,0.0,0.0,0.0,1.0,1.0,680.34,57.76,75.06,64.56139798780511,5.761660023149595,65.31,84667032.49035272,9.5,11.349401946252128,8.142239130837517,42.792349654869305,0.86,141.55,MQTT-DDoS-Connect_Flood
5799264.1,6.0,156.0,88.257798910294,88.257798910294,0.0,0.0,0.0,0.0,0.1,1.0,0.0,0.0,0.0,0.0,0.0,5869.4,0.0,1.0,0.0,0.0,0.0,0.0,0.0,1.0,0.0,0.0,0.0,0.0,0.0,1.0,1.0,4699.0,92.0,1356.4,837.9573015873017,594.9992385561529,642.4,0.0002609014511108,5.5,39.89307682920691,841.4559927677761,395762.0425938523,0.9,38.5,MQTT-Malformed_Data
568.96,6.0,64.0,9.701628986684492,9.701628986684492,0.0,0.36,0.15,0.15,0.3,0.7,0.0,0.0,1.91,2.02,0.48,6.64,0.0,0.0,0.0,0.0,0.0,0.0,0.0,1.0,0.0,0.0,0.0,0.0,0.0,1.0,1.0,724.47,61.01,76.93,68.95015657016701,5.976628484425223,68.88,84667041.49299397,9.5,11.734757348134416,8.444861441316439,42.36353080024546,0.94,141.55,MQTT-DDoS-Connect_Flood
151853.2,6.0,64.0,1.5135775983106694,1.5135775983106694,0.0,0.0,0.0,0.0,0.5,1.0,0.0,0.0,0.0,0.0,0.0,1845.1,0.0,0.0,0.0,0.0,0.0,0.0,0.0,1.0,0.0,0.0,0.0,0.0,0.0,1.0,1.0,457.4,67.9,105.6,83.17603174603175,15.692196486925846,81.2,0.0001245975494384,5.5,12.89523699164744,22.192117095233968,281.41416792642985,0.9,38.5,Benign
76.01,6.0,64.0,20953.27087147102,20953.27087147102,0.0,0.23,0.33,0.11,0.1,0.59,0.0,0.0,0.23,0.33,0.11,0.69,0.0,0.0,0.0,0.0,0.0,0.0,0.0,1.0,0.0,0.0,0.0,0.0,0.0,1.0,1.0,723.72,64.17,75.92,69.49574467281086,4.029203656810183,68.49,101600445.24387015,9.5,11.785303122162624,5.691519272841961,21.23540846205045,0.84,141.55,MQTT-DDoS-Connect_Flood
3776739.1,7.1,61.2,1904.3221173548395,1904.3221173548395,0.0,0.0,0.0,0.0,0.2,0.9,0.0,0.0,0.0,0.0,0.0,3598.2,0.9,0.0,0.0,0.0,0.0,0.0,0.0,0.9,0.1,0.0,0.0,0.0,0.0,1.0,1.0,3226.2,76.8,800.0,187.2290470503009,251.536771506762,651.2,169461592.8865342,13.5,18.36872227201025,357.24108987530576,130581.7167821818,1.0,244.6,Benign
310.6,6.0,64.0,8.851729383845193,8.851729383845193,0.0,0.14,0.34,0.25,0.16,0.66,0.0,0.0,0.89,1.32,0.27,3.65,0.0,0.0,0.0,0.0,0.0,0.0,0.0,1.0,0.0,0.0,0.0,0.0,0.0,1.0,1.0,708.59,61.56,76.52,67.11245983802058,5.456119614488814,67.85,84667036.34850243,9.5,11.574249478544866,7.698237736788813,39.53316257257451,0.87,141.55,MQTT-DDoS-Connect_Flood
265.48,6.0,64.0,7.732989693359155,7.732989693359155,0.0,0.21,0.4,0.0,0.15,1.0,0.0,0.0,0.46,1.5,0.27,3.02,0.0,0.0,0.0,0.0,0.0,0.0,0.0,1.0,0.0,0.0,0.0,0.0,0.0,1.0,1.0,732.24,66.08,72.96,69.31309903426467,3.134959810275883,69.8,84667021.66209713,9.5,11.773464997887029,4.435188000994248,11.53501483646181,0.86,141.55,MQTT-DDoS-Connect_Flood
597.76,6.0,64.0,11.056350886364417,11.056350886364417,0.0,0.25,0.31,0.09,0.26,0.67,0.0,0.0,1.19,1.86,0.4,5.76,0.0,0.02,0.0,0.0,0.0,0.0,0.0,1.0,0.0,0.0,0.0,0.0,0.0,1.0,1.0,739.91,63.44,78.16,70.42144374957688,5.063925969261914,70.68,84667036.06696662,9.5,11.863063435981289,7.135828659075442,30.56650951974056,0.88,141.55,MQTT-DDoS-Connect_Flood
333.19,6.0,64.0,9.187380762030608,9.187380762030608,0.0,0.32,0.28,0.0,0.25,1.0,0.0,0.0,0.58,1.9,0.49,3.55,0.0,0.0,0.0,0.0,0.0,0.0,0.0,1.0,0.0,0.0,0.0,0.0,0.0,1.0,1.0,731.2,66.76,73.0,69.82132226992135,2.758432810339732,69.24,84667045.12865402,9.5,11.816843648697375,3.899596388963681,9.324779595191496,0.86,141.55,MQTT-DDoS-Connect_Flood
359.79,6.0,64.0,10.61188433813814,10.61188433813814,0.0,0.13,0.09,0.14,0.15,0.85,0.0,0.0,0.57,1.58,0.26,4.24,0.0,0.0,0.0,0.0,0.0,0.0,0.0,1.0,0.0,0.0,0.0,0.0,0.0,1.0,1.0,710.26,61.06,78.06,68.25596303799401,4.988283469022671,67.16,84667044.6849682,9.5,11.68211848185404,7.044907330092129,30.70601396366463,0.91,141.55,MQTT-DDoS-Connect_Flood
137235.2,6.0,64.0,0.7004916826890415,0.7004916826890415,0.0,0.0,0.0,0.0,0.5,1.0,0.0,0.0,0.0,0.0,0.0,1853.9,0.0,0.0,0.0,0.0,0.0,0.0,0.0,1.0,0.0,0.0,0.0,0.0,0.0,1.0,1.0,411.0,67.4,83.0,75.15039682539683,7.119904523403141,74.2,0.0001155138015747,5.5,12.258786606169432,10.06906553979827,56.47842699672462,0.9,38.5,Benign
87316.54,6.0,64.0,45.53764015352596,45.53764015352596,0.0,0.0,0.04,0.47,0.18,0.52,0.0,0.0,0.72,0.69,14.09,97.22,0.0,0.0,0.0,0.0,0.0,0.0,0.0,1.0,0.0,0.0,0.0,0.0,0.0,1.0,1.0,6232.64,191.24,994.09,607.0594072946317,338.2995222044935,492.76,84666973.48131888,9.5,30.63140178844926,478.5142351744457,208244.80702833843,0.89,141.55,MQTT-DDoS-Publish_Flood
100488.2,8.2,76.8,1.516872185780712,1.516872185780712,0.0,0.0,0.0,0.0,0.4,0.8,0.0,0.0,0.0,0.6,0.0,1203.9,0.0,0.0,0.0,0.0,0.0,0.0,0.0,0.8,0.2,0.0,0.0,0.0,0.0,1.0,1.0,1724.0,54.0,427.3,106.59776900516064,92.0128517451454,244.0,169462162.3374688,13.5,14.429062153020414,130.78498171877848,15477.82071859595,1.0,244.6,Benign
319836.3,6.0,64.0,1.903090594950664,1.903090594950664,0.0,0.0,0.0,0.0,0.5,1.0,0.0,0.0,0.0,0.0,0.0,3964.2,0.0,0.0,0.0,0.0,0.0,0.0,0.0,1.0,0.0,0.0,0.0,0.0,0.0,1.0,1.0,430.7,66.0,95.9,76.19170634920634,12.173028463618168,80.9,4.811286926269532e-05,5.5,12.338479199918504,17.21526194840253,180.2471785556815,0.9,38.5,Benign
165680.8,6.0,64.0,1.0539407921013837,1.0539407921013837,0.0,0.0,0.0,0.0,0.5,1.0,0.0,0.0,0.0,0.0,0.0,2219.1,0.0,0.0,0.0,0.0,0.0,0.0,0.0,1.0,0.0,0.0,0.0,0.0,0.0,1.0,1.0,413.8,67.7,84.0,75.99853174603174,7.604479945140059,74.6,0.0001204967498779,5.5,12.327056462494458,10.754358673211282,64.29192420949862,0.9,38.5,Benign
719.6,6.0,64.0,8.547210981942664,8.547210981942664,0.0,0.25,0.11,0.44,0.24,0.46,0.0,0.0,2.43,2.46,1.18,8.08,0.0,0.0,0.0,0.0,0.0,0.0,0.0,1.0,0.0,0.0,0.0,0.0,0.0,1.0,1.0,662.58,54.93,74.77,62.71289848640352,6.526471905135777,63.84,84667035.88674784,9.5,11.184762948307933,9.2266106748425,54.72634585585541,0.83,141.55,MQTT-DDoS-Connect_Flood
683.4,6.0,63.4,1.0632370580043262,1.0632370580043262,0.0,0.0,0.0,0.0,0.5,1.0,0.0,0.0,0.0,0.0,0.0,9.0,0.0,0.1,0.0,0.0,0.0,0.0,0.0,1.0,0.0,0.0,0.0,0.0,0.0,1.0,1.0,410.2,66.0,85.7,73.60912698412697,8.446966332150899,75.4,0.1003032922744751,5.5,12.131054359442654,11.94581434783672,79.9210823255228,0.9,38.5,Benign
876.9,6.0,64.0,21.279550754309504,21.279550754309504,0.0,0.06,0.17,0.23,0.14,0.78,0.0,0.0,0.69,3.48,1.58,9.92,0.0,0.0,0.0,0.0,0.0,0.0,0.0,1.0,0.0,0.0,0.0,0.0,0.0,1.0,1.0,716.73,62.57,79.99,69.27215092368073,5.6429525472706565,67.51,84662378.61837842,9.5,11.76608119839156,7.982837483857966,38.22109635366,0.92,141.55,MQTT-DoS-Connect_Flood
532.62,6.0,64.0,10.374453715923664,10.374453715923664,0.0,0.21,0.17,0.27,0.2,0.56,0.0,0.0,1.44,2.06,0.76,5.9,0.0,0.0,0.0,0.0,0.0,0.0,0.0,1.0,0.0,0.0,0.0,0.0,0.0,1.0,1.0,712.78,58.29,79.97,67.91466324129946,8.064265008433491,67.47,84667041.26468296,9.5,11.642831885706812,11.415218672774817,76.99878794803175,0.91,141.55,MQTT-DDoS-Connect_Flood
55369.5,7.1,83.1,1.2633546354458849,1.2633546354458849,0.0,0.0,0.0,0.0,0.5,0.9,0.0,0.0,0.0,1.8,0.0,642.9,0.0,0.0,0.0,0.0,0.0,0.0,0.0,0.9,0.1,0.0,0.0,0.0,0.0,1.0,1.0,513.7,68.5,156.8,90.0320634920635,29.207782807316043,97.1,0.0998728990554809,5.5,13.399844490279742,41.306042572954055,1332.6003489543964,0.9,38.5,Benign
27533.84,6.0,64.0,38.18642672941567,38.18642672941567,0.0,0.01,0.0,0.19,0.46,0.81,0.0,0.0,0.79,0.24,9.67,31.11,0.0,0.0,0.0,0.0,0.0,0.0,0.0,1.0,0.0,0.0,0.0,0.0,0.0,1.0,1.0,8563.38,260.49,1495.32,910.7514551910506,530.2083288243845,774.58,84666965.15719691,9.5,42.162169886649366,750.348130951054,324070.60598158266,0.89,141.55,MQTT-DDoS-Publish_Flood
187.14,6.0,64.0,25.288101085101857,25.288101085101857,0.0,0.14,0.11,0.11,0.26,0.86,0.0,0.0,0.28,0.89,0.15,1.83,0.0,0.0,0.0,0.0,0.0,0.0,0.0,1.0,0.0,0.0,0.0,0.0,0.0,1.0,1.0,707.26,60.4,76.17,67.1806716208628,5.18044342478735,67.63,84667025.89125243,9.5,11.589460627556535,7.326943851590268,38.22938996363619,0.9,141.55,MQTT-DDoS-Connect_Flood
564.56,6.0,64.0,10.408266300717528,10.408266300717528,0.0,0.1,0.15,0.37,0.12,0.55,0.0,0.0,1.46,2.08,0.86,6.38,0.0,0.0,0.0,0.0,0.0,0.0,0.0,1.0,0.0,0.0,0.0,0.0,0.0,1.0,1.0,675.49,54.0,78.17,63.00304176151505,8.360555468577372,64.9,84667033.16031101,9.5,11.217826637530818,11.815215533649573,81.7056612597771,0.88,141.55,MQTT-DDoS-Connect_Flood
517.74,6.0,64.0,9.838300229534855,9.838300229534855,0.0,0.14,0.14,0.23,0.19,0.63,0.0,0.0,1.3,1.99,0.72,5.88,0.0,0.0,0.0,0.0,0.0,0.0,0.0,1.0,0.0,0.0,0.0,0.0,0.0,1.0,1.0,688.99,57.72,73.16,65.15830712905947,5.321623691575816,65.76,84667040.8490747,9.5,11.409487478920076,7.516450886715283,39.18951024316303,0.84,141.55,MQTT-DDoS-Connect_Flood
427.13,6.0,64.0,14.255959646608336,14.255959646608336,0.0,0.32,0.24,0.09,0.06,0.87,0.0,0.0,1.15,1.76,0.51,5.07,0.0,0.0,0.0,0.0,0.0,0.0,0.0,1.0,0.0,0.0,0.0,0.0,0.0,1.0,1.0,705.96,59.68,74.4,66.89473224084136,5.067087482476762,67.83,84667049.1727395,9.5,11.562205315524086,7.1713581703047415,32.85069558581736,0.91,141.55,MQTT-DDoS-Connect_Flood
17763.62,6.0,64.0,35.01898362742356,35.01898362742356,0.0,0.04,0.01,0.49,0.38,0.5,0.0,0.0,0.85,0.64,10.6,35.82,0.0,0.0,0.0,0.0,0.0,0.0,0.0,1.0,0.0,0.0,0.0,0.0,0.0,1.0,1.0,3012.28,121.4,661.68,298.94257352339787,209.27582960068847,243.16,84666962.69295883,9.5,21.117213072618625,296.3198501934032,106895.76800016816,0.66,141.55,MQTT-DDoS-Publish_Flood
647.05,6.0,64.0,41.71075652963892,41.71075652963892,0.0,0.03,0.21,0.06,0.22,0.89,0.0,0.0,0.25,2.87,0.84,7.32,0.0,0.0,0.0,0.0,0.0,0.0,0.0,1.0,0.0,0.0,0.0,0.0,0.0,1.0,1.0,729.26,62.96,74.85,68.81155974009651,4.377167456626879,69.47,84662385.44147131,9.5,11.726865637221463,6.1948764665726666,34.73248316483389,0.74,141.55,MQTT-DoS-Connect_Flood
2971.95,6.0,64.0,30.43158599360007,30.43158599360007,0.0,0.01,0.03,0.14,0.61,0.83,0.0,0.0,0.13,0.12,4.84,8.25,0.0,0.0,0.0,0.0,0.0,0.0,0.0,1.0,0.0,0.0,0.0,0.0,0.0,1.0,1.0,2113.54,108.91,530.47,209.41437568769388,145.77252286233715,191.62,84666972.16031985,9.5,19.642905721324485,206.27334219126809,52555.771521628376,0.84,141.55,MQTT-DDoS-Publish_Flood
193.65,6.0,64.0,1045.885756190316,1045.885756190316,0.0,0.24,0.24,0.32,0.13,0.65,0.0,0.0,0.25,1.23,0.55,1.75,0.0,0.0,0.0,0.0,0.0,0.0,0.0,1.0,0.0,0.0,0.0,0.0,0.0,1.0,1.0,675.4,60.32,71.16,64.4504019197177,4.376254619811812,64.6,84667042.98040293,9.5,11.342193843937894,6.186959981292579,25.6867541598322,0.89,141.55,MQTT-DDoS-Connect_Flood
83488.46,6.0,64.0,118.96578372588594,118.96578372588594,0.0,0.0,0.0,0.0,0.6,1.0,0.0,0.0,0.0,0.0,0.0,391.02,0.0,0.0,0.0,0.0,0.0,0.0,0.0,1.0,0.0,0.0,0.0,0.0,0.0,1.0,1.0,2513.3,153.2,430.06,245.4939674465541,94.91334525587683,237.13,84666479.68071392,9.5,21.349894236386493,133.55626612754705,14977.052279868954,0.68,141.55,MQTT-DoS-Publish_Flood
521.75,6.0,64.0,56.68908803312884,56.68908803312884,0.0,0.02,0.24,0.09,0.27,0.84,0.0,0.0,0.13,2.41,0.54,5.87,0.0,0.0,0.0,0.0,0.0,0.0,0.0,1.0,0.0,0.0,0.0,0.0,0.0,1.0,1.0,743.62,65.6,77.4,70.33033157816556,4.267408215598635,70.81,84662363.64472663,9.5,11.85777206039049,6.039702704826128,25.1927723360882,0.79,141.55,MQTT-DoS-Connect_Flood
12174.0,8.2,98.7,16.260646277211904,16.260646277211904,0.0,0.0,0.1,0.2,0.1,0.7,0.0,0.0,0.6,1.8,0.3,117.0,0.0,0.8,0.2,0.0,0.0,0.0,0.0,0.8,0.2,0.0,0.0,0.0,0.0,1.0,1.0,515.3,54.0,177.2,89.74027777777778,45.019148879354894,87.3,0.0110447168350219,5.5,13.307447854999868,63.66669091167721,2587.821808752205,0.8,38.5,Benign
407.71,6.0,64.0,8.11928478440331,8.11928478440331,0.0,0.16,0.35,0.15,0.19,0.64,0.0,0.0,0.94,2.04,0.48,4.45,0.0,0.0,0.0,0.0,0.0,0.0,0.0,1.0,0.0,0.0,0.0,0.0,0.0,1.0,1.0,715.75,58.64,75.79,67.10777996388715,6.113169317728431,68.64,84667025.86081792,9.5,11.579873092852337,8.637150355286087,47.53570568022173,0.92,141.55,MQTT-DDoS-Connect_Flood
358770.8,6.0,64.0,1.1871738323060348,1.1871738323060348,0.0,0.0,0.0,0.0,0.5,1.0,0.0,0.0,0.0,0.0,0.0,4761.1,0.0,0.0,0.0,0.0,0.0,0.0,0.0,1.0,0.0,0.0,0.0,0.0,0.0,1.0,1.0,412.3,66.0,84.4,73.93369047619048,8.622242641776374,76.3,0.0001327991485595,5.5,12.157607647507174,12.193692482071771,82.9411614229025,0.9,38.5,Benign
236845.7,6.0,64.0,1.593252831966621,1.593252831966621,0.0,0.0,0.0,0.0,0.5,1.0,0.0,0.0,0.0,0.0,0.0,3016.9,0.0,0.0,0.0,0.0,0.0,0.0,0.0,1.0,0.0,0.0,0.0,0.0,0.0,1.0,1.0,434.1,66.0,105.6,78.82404761904763,15.388954062406912,78.1,0.0001419782638549,5.5,12.548715541916687,21.7632675457924,269.38234410430834,0.9,38.5,Benign
138.79,6.0,64.0,63363.98055075429,63363.98055075429,0.0,0.2,0.23,0.21,0.15,0.67,0.0,0.0,0.22,0.6,0.3,1.25,0.0,0.0,0.0,0.0,0.0,0.0,0.0,1.0,0.0,0.0,0.0,0.0,0.0,1.0,1.0,695.09,60.0,74.64,65.89784885023816,5.455749655464794,66.67,84667020.47024223,9.5,11.4742523234581,7.717578397045162,40.38718858098478,0.89,141.55,MQTT-DDoS-Connect_Flood
1286.83,6.0,64.0,24.81370165765886,24.81370165765886,0.0,0.03,0.2,0.15,0.21,0.89,0.0,0.0,0.4,3.73,1.4,13.85,0.0,0.0,0.0,0.0,0.0,0.0,0.0,1.0,0.0,0.0,0.0,0.0,0.0,1.0,1.0,722.96,64.04,76.81,68.99398434657878,4.383109820813022,68.74,84662387.05332571,9.5,11.744514103154984,6.205754365376534,24.077194167987603,0.89,141.55,MQTT-DoS-Connect_Flood
825.62,6.0,64.0,32.3349978983407,32.3349978983407,0.0,0.02,0.21,0.13,0.28,0.89,0.0,0.0,0.29,3.41,1.16,9.6,0.0,0.0,0.0,0.0,0.0,0.0,0.0,1.0,0.0,0.0,0.0,0.0,0.0,1.0,1.0,742.08,64.92,79.1,70.6964062453714,5.126809530349704,70.48,84662361.47799887,9.5,11.887665274093688,7.25086175211315,35.7647867667488,0.84,141.55,MQTT-DoS-Connect_Flood
796.61,6.0,64.0,23.888302186526285,23.888302186526285,0.0,0.15,0.12,0.21,0.3,0.81,0.0,0.0,1.17,3.18,1.44,8.79,0.0,0.0,0.0,0.0,0.0,0.0,0.0,1.0,0.0,0.0,0.0,0.0,0.0,1.0,1.0,724.82,61.91,79.13,69.71155504956859,6.477160729880531,68.41,84662359.57635887,9.5,11.804383678117569,9.14787125783883,55.577107671085145,0.92,141.55,MQTT-DoS-Connect_Flood
100192.2,7.1,64.0,1.5390769426128368,1.5390769426128368,0.0,0.0,0.0,0.0,0.4,0.9,0.0,0.0,0.0,0.0,0.0,1255.0,0.0,0.0,0.0,0.0,0.0,0.0,0.0,0.9,0.1,0.0,0.0,0.0,0.0,1.0,1.0,456.3,66.0,125.4,79.48527777777778,20.19165670319839,88.9,0.0999781847000122,5.5,12.59196163123239,28.555314756444773,678.1926526675485,0.9,38.5,Benign
3655.31,6.0,64.0,616.0092635334292,616.0092635334292,0.0,0.0,0.0,0.0,0.81,1.0,0.0,0.0,0.0,0.0,0.0,16.37,0.0,0.0,0.0,0.0,0.0,0.0,0.0,1.0,0.0,0.0,0.0,0.0,0.0,1.0,1.0,3535.25,155.38,894.06,333.587299875563,212.70986877554049,340.68,84666483.35521863,9.5,24.990542824568603,300.9221467673676,66225.06747346812,0.82,141.55,MQTT-DoS-Publish_Flood
534.1,6.0,64.0,10.23332649215366,10.23332649215366,0.0,0.27,0.26,0.04,0.27,0.75,0.0,0.0,1.42,2.13,0.43,6.27,0.0,0.0,0.0,0.0,0.0,0.0,0.0,1.0,0.0,0.0,0.0,0.0,0.0,1.0,1.0,750.8,62.05,80.59,71.24811352282909,6.064211419323879,71.48,84667028.74093343,9.5,11.934768875324954,8.581448162198319,42.71259803231485,0.94,141.55,MQTT-DDoS-Connect_Flood
101075.0,6.0,64.0,1.4826259598952507,1.4826259598952507,0.0,0.0,0.0,0.0,0.5,1.0,0.0,0.0,0.0,0.0,0.0,1282.9,0.0,0.0,0.0,0.0,0.0,0.0,0.0,1.0,0.0,0.0,0.0,0.0,0.0,1.0,1.0,1220.4,66.0,110.4,78.7276619802626,13.892449215491348,78.5,169469564.63610548,13.5,12.55327461217772,19.65747830999478,193.6180817048705,1.0,244.6,Benign
677.96,6.0,64.0,5.535518005377929,5.535518005377929,0.0,0.06,0.26,0.56,0.05,0.33,0.0,0.0,2.46,2.27,1.97,7.1,0.0,0.0,0.0,0.0,0.0,0.0,0.0,1.0,0.0,0.0,0.0,0.0,0.0,1.0,1.0,653.04,59.16,67.52,62.998491585813575,3.436415470179765,61.56,84667042.17765203,9.5,11.202058573109126,4.8523062994426445,24.94075549080957,0.56,141.55,MQTT-DDoS-Connect_Flood
104713.4,7.1,63.4,1.2610824922713924,1.2610824922713924,0.0,0.0,0.0,0.0,0.5,0.9,0.0,0.0,0.0,0.0,0.0,1288.5,0.0,0.1,0.0,0.0,0.0,0.0,0.0,0.9,0.1,0.0,0.0,0.0,0.0,1.0,1.0,1414.5,66.0,194.3,90.23182703046868,37.9785302330878,107.5,169463284.4057139,13.5,13.416466017432844,53.85550904792817,1652.689938309239,1.0,244.6,Benign
68588.6,6.0,64.0,1.4511213154962357,1.4511213154962357,0.0,0.0,0.0,0.0,0.5,1.0,0.0,0.0,0.0,0.0,0.0,832.7,0.0,0.0,0.0,0.0,0.0,0.0,0.0,1.0,0.0,0.0,0.0,0.0,0.0,1.0,1.0,465.0,70.5,111.0,87.56317460317462,17.210688502087503,81.2,0.0001127004623413,5.5,13.220264610324184,24.33958909743083,331.1331928697404,0.9,38.5,Benign
35392.72,6.0,64.0,70.65135974645631,70.65135974645631,0.0,0.0,0.0,0.0,0.38,1.0,0.0,0.0,0.0,0.0,0.0,103.99,0.0,0.0,0.0,0.0,0.0,0.0,0.0,1.0,0.0,0.0,0.0,0.0,0.0,1.0,1.0,2156.64,99.79,520.18,192.26109341801987,147.77217789141733,198.04,84666509.43850818,9.5,18.0603593628175,209.0763986100532,60862.85276069819,0.51,141.55,MQTT-DoS-Publish_Flood
2326.22,6.0,64.0,474.6701529718749,474.6701529718749,0.0,0.05,0.02,0.12,0.43,0.86,0.0,0.0,0.17,0.02,4.45,5.57,0.0,0.0,0.0,0.0,0.0,0.0,0.0,1.0,0.0,0.0,0.0,0.0,0.0,1.0,1.0,2752.06,67.82,560.57,226.93156523885472,178.00329363997082,282.68,84666954.13769418,9.5,19.686884162933826,251.59922068699348,74970.22886339825,0.86,141.55,MQTT-DDoS-Publish_Flood
407.29,6.0,64.0,9.95461259781831,9.95461259781831,0.0,0.33,0.19,0.21,0.16,0.78,0.0,0.0,1.06,1.67,0.63,4.68,0.0,0.0,0.0,0.0,0.0,0.0,0.0,1.0,0.0,0.0,0.0,0.0,0.0,1.0,1.0,697.05,63.04,74.36,67.17317213037221,4.07440528040762,66.03,84667021.62624854,9.5,11.584202003488697,5.763914234663593,22.22231178477371,0.93,141.55,MQTT-DDoS-Connect_Flood
5370.85,6.0,64.0,86.34130402338236,86.34130402338236,0.0,0.0,0.34,0.57,0.04,0.43,0.0,0.0,0.11,0.34,4.6,4.75,0.0,0.0,0.0,0.0,0.0,0.0,0.0,1.0,0.0,0.0,0.0,0.0,0.0,1.0,1.0,712.18,58.83,92.73,70.98801387514276,13.67852861335948,66.24,84666963.22066006,9.5,11.775634222668064,19.12960271343056,433.084309201622,0.84,141.55,MQTT-DDoS-Publish_Flood
159930.2,6.0,63.5,1.5415339859465425,1.5415339859465425,0.0,0.0,0.0,0.0,0.5,1.0,0.0,0.0,0.0,0.1,0.0,1980.8,0.0,0.1,0.0,0.0,0.0,0.0,0.0,1.0,0.0,0.0,0.0,0.0,0.0,1.0,1.0,1221.1,66.0,110.9,78.76315495563946,15.270387455346896,80.7,169464212.5976228,13.5,12.540052346540245,21.48348632099396,231.2799076592553,1.0,244.6,Benign
3731923.8,6.0,229.6,104.32075531438711,104.32075531438711,0.0,0.0,0.0,0.0,0.0,1.0,0.0,0.0,0.0,0.0,0.0,3791.5,0.0,1.0,0.0,0.0,0.0,0.0,0.0,1.0,0.0,0.0,0.0,0.0,0.0,1.0,1.0,8343.8,66.0,1514.0,553.1841131993222,671.2448861693524,208.8,169323376.79128343,13.5,32.994206455843255,945.7032408518544,448002.4313389038,1.0,244.6,MQTT-Malformed_Data
387.04,6.0,64.0,10.325785112839371,10.325785112839371,0.0,0.17,0.33,0.04,0.17,0.85,0.0,0.0,0.93,1.65,0.53,4.57,0.0,0.0,0.0,0.0,0.0,0.0,0.0,1.0,0.0,0.0,0.0,0.0,0.0,1.0,1.0,734.38,65.8,75.99,70.1531934447991,3.584592456919048,69.34,84667047.73382284,9.5,11.844165534624077,5.075612907493504,14.719067121575415,0.94,141.55,MQTT-DDoS-Connect_Flood
128.67,6.0,64.0,54352.03658816012,54352.03658816012,0.0,0.28,0.15,0.04,0.37,0.91,0.0,0.0,0.28,0.15,0.07,1.71,0.0,0.0,0.0,0.0,0.0,0.0,0.0,1.0,0.0,0.0,0.0,0.0,0.0,1.0,1.0,746.92,64.54,78.07,71.0901278935203,5.081785738314198,71.12,84667023.649553,9.5,11.919459874896734,7.180688796697405,33.95333898561453,0.92,141.55,MQTT-DDoS-Connect_Flood
378.18,6.0,64.0,19.381965536497543,19.381965536497543,0.0,0.22,0.18,0.13,0.25,0.85,0.0,0.0,0.88,1.6,0.5,4.49,0.0,0.0,0.0,0.0,0.0,0.0,0.0,1.0,0.0,0.0,0.0,0.0,0.0,1.0,1.0,701.94,63.92,73.42,66.69972823835093,3.180700759459609,67.14,84667039.74807629,9.5,11.541907533750136,4.498634380937276,16.718285724849167,0.85,141.55,MQTT-DDoS-Connect_Flood
56073.3,6.0,64.0,0.8625740781968293,0.8625740781968293,0.0,0.0,0.0,0.0,0.7,1.0,0.0,0.0,0.0,0.0,0.0,746.5,0.0,0.0,0.0,0.0,0.0,0.0,0.0,1.0,0.0,0.0,0.0,0.0,0.0,1.0,1.0,1123.3,66.0,113.0,72.60803984886802,12.515801134710166,69.3,169463999.91031668,13.5,12.05191385051572,17.736802340384912,158.05152204621936,1.0,244.6,Benign
44246.78,6.0,64.0,83.18853315067868,83.18853315067868,0.0,0.0,0.0,0.0,0.74,1.0,0.0,0.0,0.0,0.0,0.0,248.84,0.0,0.0,0.0,0.0,0.0,0.0,0.0,1.0,0.0,0.0,0.0,0.0,0.0,1.0,1.0,4724.91,245.85,760.33,461.1695704803024,184.44076850540927,419.16,84666497.38223043,9.5,28.71118493208421,260.7500849774119,51272.85075623861,0.73,141.55,MQTT-DoS-Publish_Flood
280193.0,6.0,64.0,1.4611362940224617,1.4611362940224617,0.0,0.0,0.0,0.0,0.5,1.0,0.0,0.0,0.0,0.0,0.0,3555.9,0.0,0.0,0.0,0.0,0.0,0.0,0.0,1.0,0.0,0.0,0.0,0.0,0.0,1.0,1.0,434.6,66.0,106.5,78.85194444444444,15.673465209678511,78.8,0.0001070976257324,5.5,12.550859171301378,22.16562706891021,279.32816854056443,0.9,38.5,Benign
574682.8,6.0,64.0,2.033939560202122,2.033939560202122,0.0,0.0,0.0,0.0,0.5,1.0,0.0,0.0,0.0,0.0,0.0,7155.4,0.0,0.0,0.0,0.0,0.0,0.0,0.0,1.0,0.0,0.0,0.0,0.0,0.0,1.0,1.0,440.4,66.0,100.6,78.14523809523808,14.546217685192389,80.4,0.0001162052154541,5.5,12.494521400525766,20.57145833163045,248.0905113378685,0.9,38.5,Benign
199122.2,6.0,64.0,1.4611255567318562,1.4611255567318562,0.0,0.0,0.0,0.0,0.5,1.0,0.0,0.0,0.0,0.0,0.0,2530.3,0.0,0.0,0.0,0.0,0.0,0.0,0.0,1.0,0.0,0.0,0.0,0.0,0.0,1.0,1.0,433.6,67.9,100.0,79.04166666666666,11.666476742625289,78.0,0.0001115083694458,5.5,12.571199786768355,16.498889634530965,158.6974007936508,0.9,38.5,Benign
14894.94,6.0,64.0,183.2718221879182,183.2718221879182,0.0,0.0,0.0,0.48,0.33,0.52,0.0,0.0,0.06,0.0,2.19,14.02,0.0,0.0,0.0,0.0,0.0,0.0,0.0,1.0,0.0,0.0,0.0,0.0,0.0,1.0,1.0,6457.46,195.06,1186.42,588.5357816010958,394.3558936629143,658.66,84666966.75678684,9.5,31.187038748592933,557.8920294028726,220928.3439305013,0.75,141.55,MQTT-DDoS-Publish_Flood
110470.6,7.1,66.6,1.1966414885600656,1.1966414885600656,0.0,0.0,0.0,0.0,0.6,0.9,0.0,0.0,0.0,0.0,0.0,1316.7,0.0,0.1,0.0,0.0,0.0,0.0,0.0,0.9,0.1,0.0,0.0,0.0,0.0,1.0,1.0,550.5,68.2,156.6,93.16551587301588,31.42413462794104,112.8,0.0999881029129028,5.5,13.599627190376768,44.44043737667222,1681.7598214128243,0.9,38.5,Benign
8080418.8,6.0,229.6,123.78087838104472,123.78087838104472,0.0,0.0,0.0,0.0,0.0,1.0,0.0,0.0,0.0,2.0,0.0,8318.5,0.0,1.0,0.0,0.0,0.0,0.0,0.0,1.0,0.0,0.0,0.0,0.0,0.0,1.0,1.0,1165.8,66.0,208.8,73.14,31.12253845688041,208.8,169323362.8846723,13.5,11.489125293076055,0.0,0.0,0.0,244.6,MQTT-Malformed_Data
286101.6,6.0,64.0,1.4073370547447592,1.4073370547447592,0.0,0.0,0.0,0.0,0.5,1.0,0.0,0.0,0.0,0.0,0.0,3619.3,0.0,0.0,0.0,0.0,0.0,0.0,0.0,1.0,0.0,0.0,0.0,0.0,0.0,1.0,1.0,430.0,67.8,92.2,78.22757936507938,9.956736837940024,79.1,0.0001039028167724,5.5,12.506581808910328,14.080952273194589,114.2010750031494,0.9,38.5,Benign
620.7,6.0,64.0,9.314349522592977,9.314349522592977,0.0,0.16,0.08,0.25,0.23,0.71,0.0,0.0,1.69,2.25,0.99,7.07,0.0,0.0,0.0,0.0,0.0,0.0,0.0,1.0,0.0,0.0,0.0,0.0,0.0,1.0,1.0,707.21,60.96,77.9,67.44167930856554,6.271547655449046,66.33,84667028.78113098,9.5,11.612767435153804,8.87105429639906,56.083631174343694,0.86,141.55,MQTT-DDoS-Connect_Flood
44687.26,6.0,64.0,92.58839592807186,92.58839592807186,0.0,0.0,0.0,0.0,0.59,1.0,0.0,0.0,0.0,0.0,0.0,126.37,0.0,0.0,0.0,0.0,0.0,0.0,0.0,1.0,0.0,0.0,0.0,0.0,0.0,1.0,1.0,3468.29,87.67,842.33,303.51533865562544,240.48047771302984,373.38,84666982.20541851,9.5,23.095493547031896,340.46424059936794,99467.13840237864,0.7,141.55,MQTT-DDoS-Publish_Flood
88805.0,6.0,64.0,1.483213036169221,1.483213036169221,0.0,0.0,0.0,0.0,0.5,1.0,0.0,0.0,0.0,0.0,0.0,1127.1,0.0,0.0,0.0,0.0,0.0,0.0,0.0,1.0,0.0,0.0,0.0,0.0,0.0,1.0,1.0,1252.4,66.0,111.0,80.98897220383675,17.0024430346866,78.5,169463989.2100836,13.5,12.732389765739152,24.05876384858566,290.2038016510437,1.0,244.6,Benign
308.37,6.0,64.0,11.79042466299802,11.79042466299802,0.0,0.12,0.08,0.34,0.13,0.59,0.0,0.0,0.79,0.96,0.58,3.28,0.0,0.0,0.0,0.0,0.0,0.0,0.0,1.0,0.0,0.0,0.0,0.0,0.0,1.0,1.0,670.46,56.44,75.41,64.13865621757843,6.479998078361893,63.97,84667043.16210535,9.5,11.31933633812721,9.166411871679877,46.763378387149054,0.95,141.55,MQTT-DDoS-Connect_Flood
14312.07,6.0,64.0,84.11121085837091,84.11121085837091,0.0,0.0,0.0,0.0,0.0,1.0,0.0,0.0,0.0,0.0,0.0,47.26,0.0,0.0,0.0,0.0,0.0,0.0,0.0,1.0,0.0,0.0,0.0,0.0,0.0,1.0,1.0,693.0,66.0,66.0,66.0,0.0,66.0,84666499.00468743,9.5,11.48912529307606,0.0,0.0,0.0,141.55,MQTT-DoS-Publish_Flood
421758.5,6.0,64.0,1.5943902383440074,1.5943902383440074,0.0,0.0,0.0,0.0,0.5,1.0,0.0,0.0,0.0,0.0,0.0,5372.9,0.0,0.0,0.0,0.0,0.0,0.0,0.0,1.0,0.0,0.0,0.0,0.0,0.0,1.0,1.0,1217.0,66.0,111.0,78.54884819257111,15.147593070827616,78.2,169467768.83087468,13.5,12.530846872117449,21.461856762033094,230.844597175916,1.0,244.6,Benign
319.47,6.0,64.0,7.505234142772799,7.505234142772799,0.0,0.23,0.35,0.0,0.25,1.0,0.0,0.0,0.66,1.73,0.23,3.58,0.0,0.0,0.0,0.0,0.0,0.0,0.0,1.0,0.0,0.0,0.0,0.0,0.0,1.0,1.0,760.26,66.36,99.86,73.51540478879566,10.949242623567944,71.22,84667019.89347307,9.5,12.10150244018275,15.492091740314171,416.7843745386732,0.93,141.55,MQTT-DDoS-Connect_Flood
218231.6,6.0,64.0,1.0807925830252905,1.0807925830252905,0.0,0.0,0.0,0.0,0.5,1.0,0.0,0.0,0.0,0.0,0.0,2720.3,0.0,0.0,0.0,0.0,0.0,0.0,0.0,1.0,0.0,0.0,0.0,0.0,0.0,1.0,1.0,1343.4,66.0,214.0,86.96935990351238,35.66487161091477,78.6,169462587.0010546,13.5,13.195423800911492,50.514444867157,1282.1313068764466,1.0,244.6,Benign
378.98,6.0,64.0,7.66890589879753,7.66890589879753,0.0,0.12,0.17,0.53,0.09,0.41,0.0,0.0,1.39,1.3,0.76,4.14,0.0,0.0,0.0,0.0,0.0,0.0,0.0,1.0,0.0,0.0,0.0,0.0,0.0,1.0,1.0,646.22,56.6,72.97,61.02026270538888,5.6071669207149295,62.14,84667043.90061964,9.5,11.034384823442831,7.921529817645888,49.380634284441015,0.72,141.55,MQTT-DDoS-Connect_Flood
409.82,6.0,64.0,9.831663258149034,9.831663258149034,0.0,0.2,0.27,0.12,0.23,0.85,0.0,0.0,0.97,1.83,0.48,4.78,0.0,0.0,0.0,0.0,0.0,0.0,0.0,1.0,0.0,0.0,0.0,0.0,0.0,1.0,1.0,720.5,62.88,76.47,68.80124977778497,4.949248374312628,68.51,84667025.02524348,9.5,11.725984249709468,6.985523427324258,34.50017804506794,0.92,141.55,MQTT-DDoS-Connect_Flood
68887.0,6.0,56.0,8274.692712097156,8274.692712097156,0.0,0.0,0.0,0.0,0.1,1.0,0.0,0.0,0.0,0.0,0.0,45.5,1.0,0.0,0.0,0.0,0.0,0.0,0.0,1.0,0.0,0.0,0.0,0.0,0.0,1.0,1.0,8327.0,1514.0,1514.0,1514.0,0.0,1514.0,0.0001095056533813,5.5,55.02726596879042,0.0,0.0,0.0,38.5,Benign
375.52,6.0,64.0,10.410568808950297,10.410568808950297,0.0,0.22,0.18,0.2,0.24,0.72,0.0,0.0,0.91,1.35,0.34,4.48,0.0,0.0,0.0,0.0,0.0,0.0,0.0,1.0,0.0,0.0,0.0,0.0,0.0,1.0,1.0,718.78,62.12,77.25,68.63717940758072,6.14719555079264,68.77,84667018.59141767,9.5,11.708649496193772,8.702610460788975,49.30287212272105,0.95,141.55,MQTT-DDoS-Connect_Flood
146543.7,6.0,64.0,1.0640293258391362,1.0640293258391362,0.0,0.0,0.0,0.0,0.7,1.0,0.0,0.0,0.0,0.0,0.0,1884.5,0.0,0.0,0.0,0.0,0.0,0.0,0.0,1.0,0.0,0.0,0.0,0.0,0.0,1.0,1.0,1119.4,66.0,113.0,72.29439968184552,12.306924335702831,69.3,169462049.89785787,13.5,12.025970795742,17.441405938363665,152.62215910983215,1.0,244.6,Benign
633.15,6.0,64.0,85.74919194573162,85.74919194573162,0.0,0.06,0.25,0.27,0.14,0.68,0.0,0.0,1.07,2.69,1.35,6.52,0.0,0.0,0.0,0.0,0.0,0.0,0.0,1.0,0.0,0.0,0.0,0.0,0.0,1.0,1.0,697.96,56.64,76.97,65.96716214160797,6.757088718011603,66.81,84662358.51244408,9.5,11.48149097166768,9.568975813243435,54.45142741419337,0.9,141.55,MQTT-DoS-Connect_Flood
294.97,6.0,63.84,9.126598738043246,9.126598738043246,0.0,0.21,0.23,0.13,0.26,0.85,0.0,0.0,0.52,1.35,0.16,3.63,0.0,0.0,0.0,0.0,0.0,0.0,0.0,1.0,0.0,0.0,0.0,0.0,0.0,1.0,1.0,727.35,63.45,77.84,69.62617441790236,4.921828747864458,69.22,84667022.76615714,9.5,11.79678750440222,6.961803698602584,32.83078582928871,0.92,141.55,MQTT-DDoS-Connect_Flood
453.78,6.0,64.0,11.774522839882843,11.774522839882843,0.0,0.11,0.11,0.24,0.17,0.69,0.0,0.0,1.17,1.73,0.59,5.24,0.0,0.0,0.0,0.0,0.0,0.0,0.0,1.0,0.0,0.0,0.0,0.0,0.0,1.0,1.0,696.28,57.84,77.84,66.10101771422592,6.428604809708912,66.31,84667048.76695119,9.5,11.494164083605709,9.10439980744742,51.3181085738449,0.86,141.55,MQTT-DDoS-Connect_Flood
319.76,6.0,64.0,14.318383256782203,14.318383256782203,0.0,0.08,0.22,0.31,0.13,0.58,0.0,0.0,0.99,0.85,0.76,3.5,0.0,0.0,0.0,0.0,0.0,0.0,0.0,1.0,0.0,0.0,0.0,0.0,0.0,1.0,1.0,674.85,57.6,75.81,64.17971284546208,5.848245854262803,65.3,84667045.18599123,9.5,11.318559509586732,8.273479431862608,46.62304013290069,0.84,141.55,MQTT-DDoS-Connect_Flood
654.77,6.0,64.0,10.454367799677964,10.454367799677964,0.0,0.11,0.12,0.44,0.15,0.49,0.0,0.0,1.79,2.36,1.01,7.38,0.0,0.0,0.0,0.0,0.0,0.0,0.0,1.0,0.0,0.0,0.0,0.0,0.0,1.0,1.0,690.4,55.67,79.73,66.30771923780553,8.88199340232361,64.79,84667029.27678443,9.5,11.510200156527462,12.555103419895543,87.13719204523788,0.94,141.55,MQTT-DDoS-Connect_Flood
8667902.8,6.0,100.8,101.04373751898416,101.04373751898416,0.0,0.0,0.0,0.0,0.0,1.0,0.0,0.0,0.0,0.0,0.0,8830.5,0.0,1.0,0.0,0.0,0.0,0.0,0.0,1.0,0.0,0.0,0.0,0.0,0.0,1.0,1.0,5503.8,66.0,1208.4,800.2866666666666,518.8228668262633,1208.4,0.0003496885299682,5.5,37.54450688657585,733.7263347349916,338273.21555555554,0.8,38.5,MQTT-Malformed_Data
316.26,6.0,64.0,8.705877415708741,8.705877415708741,0.0,0.05,0.16,0.59,0.09,0.31,0.0,0.0,1.04,0.86,0.72,3.52,0.0,0.0,0.0,0.0,0.0,0.0,0.0,1.0,0.0,0.0,0.0,0.0,0.0,1.0,1.0,658.56,57.2,76.31,63.269273577643546,6.658420378319612,61.82,84667018.58747156,9.5,11.232967217935627,9.400186460600176,62.92299225766848,0.78,141.55,MQTT-DDoS-Connect_Flood
445.01,6.0,64.0,52.82440058939304,52.82440058939304,0.0,0.06,0.13,0.15,0.36,0.87,0.0,0.0,0.27,1.91,0.32,4.77,0.0,0.0,0.0,0.0,0.0,0.0,0.0,1.0,0.0,0.0,0.0,0.0,0.0,1.0,1.0,738.78,63.2,79.46,70.44426729423827,5.801023388173447,70.59,84662375.34851919,9.5,11.861616261968386,8.198883773756169,41.903957791087294,0.87,141.55,MQTT-DoS-Connect_Flood
333.77,6.0,64.0,10.50609403001241,10.50609403001241,0.0,0.26,0.09,0.03,0.4,0.94,0.0,0.0,0.69,1.37,0.24,4.23,0.0,0.0,0.0,0.0,0.0,0.0,0.0,1.0,0.0,0.0,0.0,0.0,0.0,1.0,1.0,728.07,64.44,74.58,68.93816673432347,3.729823880916588,69.48,84667041.1559694,9.5,11.740776315114957,5.274003603601025,26.17307616398073,0.78,141.55,MQTT-DDoS-Connect_Flood
51822.8,6.0,64.0,0.8542093883021789,0.8542093883021789,0.0,0.0,0.0,0.0,0.9,1.0,0.0,0.0,0.0,0.0,0.0,667.1,0.0,0.0,0.0,0.0,0.0,0.0,0.0,1.0,0.0,0.0,0.0,0.0,0.0,1.0,1.0,1064.1,66.0,83.3,68.51952564892966,4.011670174132009,74.1,169467509.9325413,13.5,11.687267461581238,4.779085384488331,14.160781193984516,1.0,244.6,Benign
561329.7,6.0,64.0,2.0341873246827307,2.0341873246827307,0.0,0.0,0.0,0.0,0.5,1.0,0.0,0.0,0.0,0.0,0.0,6989.5,0.0,0.0,0.0,0.0,0.0,0.0,0.0,1.0,0.0,0.0,0.0,0.0,0.0,1.0,1.0,441.5,66.0,101.3,78.30936507936508,14.819113247098064,80.5,0.0001018047332763,5.5,12.50737742046839,20.95739093638888,258.1445197782817,0.9,38.5,Benign
489562.2,6.0,64.0,1.5140035685333904,1.5140035685333904,0.0,0.0,0.0,0.0,0.5,1.0,0.0,0.0,0.0,0.0,0.0,5948.5,0.0,0.0,0.0,0.0,0.0,0.0,0.0,1.0,0.0,0.0,0.0,0.0,0.0,1.0,1.0,1338.4,66.0,214.0,86.4874521054281,36.49946581907276,81.2,169467824.731026,13.5,13.159270575023667,51.69808059243934,1342.3828628792494,1.0,244.6,Benign
83063.3,6.0,64.0,1.2509429449168856,1.2509429449168856,0.0,0.0,0.0,0.0,0.5,1.0,0.0,0.0,0.0,0.0,0.0,994.5,0.0,0.0,0.0,0.0,0.0,0.0,0.0,1.0,0.0,0.0,0.0,0.0,0.0,1.0,1.0,2062.6,66.0,931.0,134.86969924983856,212.4459838863092,81.2,169468335.5344413,13.5,16.425244242196484,301.10068975666326,45669.69520020137,1.0,244.6,Benign
435.26,6.0,64.0,20.564177647284968,20.564177647284968,0.0,0.21,0.19,0.31,0.14,0.64,0.0,0.0,1.16,1.57,0.81,4.95,0.0,0.0,0.0,0.0,0.0,0.0,0.0,1.0,0.0,0.0,0.0,0.0,0.0,1.0,1.0,675.74,60.28,70.74,64.24284840116884,3.893737703459292,64.49,84667030.06411037,9.5,11.32246806004,5.5072989526840495,20.036416143854307,0.89,141.55,MQTT-DDoS-Connect_Flood
418.51,6.0,64.0,11.135847203246133,11.135847203246133,0.0,0.24,0.16,0.16,0.27,0.71,0.0,0.0,1.1,1.7,0.29,5.07,0.0,0.0,0.0,0.0,0.0,0.0,0.0,1.0,0.0,0.0,0.0,0.0,0.0,1.0,1.0,706.2,61.69,76.89,67.75036156713944,5.256126443564525,67.73,84667023.9362315,9.5,11.635603936709645,7.440945464541111,38.28969598733153,0.86,141.55,MQTT-DDoS-Connect_Flood
145081.9,7.1,78.2,0.6486635441244344,0.6486635441244344,0.0,0.1,0.0,0.0,0.4,0.9,0.0,0.0,0.1,0.3,0.0,1742.2,0.0,0.3,0.0,0.0,0.0,0.0,0.0,0.9,0.1,0.0,0.0,0.0,0.0,1.0,1.0,1303.5,66.0,183.1,83.57664749723959,28.720505814880266,90.7,169468141.7340255,13.5,12.932702878777611,40.69584233703184,923.257853877686,1.0,244.6,Benign
17556.91,6.0,64.0,45.85308634635639,45.85308634635639,0.0,0.0,0.0,0.32,0.51,0.68,0.0,0.0,0.41,0.06,8.98,19.56,0.0,0.0,0.0,0.0,0.0,0.0,0.0,1.0,0.0,0.0,0.0,0.0,0.0,1.0,1.0,7719.54,171.06,1343.47,778.475660209673,471.0980117288443,626.34,84666972.72347929,9.5,38.31263495791034,666.2986378802854,257183.5189847084,0.94,141.55,MQTT-DDoS-Publish_Flood
9658.2,6.0,64.0,0.7607207495818847,0.7607207495818847,0.0,0.0,0.0,0.0,0.0,1.0,0.0,0.0,0.0,0.0,0.0,122.4,0.0,0.0,0.0,0.0,0.0,0.0,0.0,1.0,0.0,0.0,0.0,0.0,0.0,1.0,1.0,363.0,66.0,66.0,66.0,0.0,66.0,2.7704238891601563e-05,5.5,11.489125293076055,0.0,0.0,0.0,38.5,Benign
509.97,6.0,64.0,9.85115331847567,9.85115331847567,0.0,0.23,0.12,0.08,0.27,0.87,0.0,0.0,1.36,1.98,0.52,6.07,0.0,0.0,0.0,0.0,0.0,0.0,0.0,1.0,0.0,0.0,0.0,0.0,0.0,1.0,1.0,718.49,64.12,75.85,68.24405249819839,4.557691553967079,69.25,84667024.5303258,9.5,11.677990951218264,6.4433113315218815,28.63456989971332,0.91,141.55,MQTT-DDoS-Connect_Flood
400.98,6.0,64.0,50.215488202992326,50.215488202992326,0.0,0.03,0.21,0.08,0.26,0.88,0.0,0.0,0.11,2.0,0.32,4.38,0.0,0.0,0.0,0.0,0.0,0.0,0.0,1.0,0.0,0.0,0.0,0.0,0.0,1.0,1.0,729.64,64.2,76.68,69.26261744017937,4.607856720454201,69.9,84662375.61480922,9.5,11.767018207813816,6.521925114969164,25.542605173799743,0.9,141.55,MQTT-DoS-Connect_Flood
115.36,6.0,64.0,294891.9223649658,294891.9223649658,0.0,0.19,0.16,0.27,0.18,0.68,0.0,0.0,0.21,0.18,0.42,1.28,0.0,0.0,0.0,0.0,0.0,0.0,0.0,1.0,0.0,0.0,0.0,0.0,0.0,1.0,1.0,682.48,56.09,76.11,64.14091762649115,7.215824488355231,65.75,84667046.77941923,9.5,11.317713955283134,10.197098631949764,63.62269747164536,0.9,141.55,MQTT-DDoS-Connect_Flood
123703.6,7.1,75.8,0.9348952596161012,0.9348952596161012,0.0,0.0,0.0,0.0,0.5,0.9,0.0,0.0,0.0,0.0,0.0,1492.7,0.0,0.1,0.0,0.0,0.0,0.0,0.0,0.9,0.1,0.0,0.0,0.0,0.0,1.0,1.0,1322.8,66.0,172.8,84.82296771984466,27.30371243360641,94.6,169467595.1297561,13.5,13.01232263435098,38.67144763485494,832.0788825417279,1.0,244.6,Benign
32552.2,7.1,68.2,1.254548727917316,1.254548727917316,0.0,0.0,0.1,0.0,0.3,0.9,0.0,0.0,0.0,0.4,0.0,418.8,0.1,0.1,0.0,0.0,0.0,0.0,0.0,0.9,0.1,0.0,0.0,0.0,0.0,1.0,1.0,1604.6,61.2,342.0,103.21330169744256,78.30329014993558,98.9,169469515.6347761,13.5,14.377573119341822,110.96793819169876,6207.409239028863,1.0,244.6,Benign
351497.0,6.0,64.0,1.5940674541462203,1.5940674541462203,0.0,0.0,0.0,0.0,0.5,1.0,0.0,0.0,0.0,0.0,0.0,4477.5,0.0,0.0,0.0,0.0,0.0,0.0,0.0,1.0,0.0,0.0,0.0,0.0,0.0,1.0,1.0,435.5,66.0,106.5,79.08150793650793,15.714200324179538,78.3,0.0001073122024536,5.5,12.568931640084958,22.22323522030239,280.9733053036029,0.9,38.5,Benign
15207.68,6.0,64.0,133.42738946383506,133.42738946383506,0.0,0.0,0.0,0.0,0.5,1.0,0.0,0.0,0.0,0.0,0.0,38.07,0.0,0.0,0.0,0.0,0.0,0.0,0.0,1.0,0.0,0.0,0.0,0.0,0.0,1.0,1.0,1263.07,96.52,186.99,123.40147546472276,35.86985500642314,123.77,84666980.88033158,9.5,15.505968024271851,50.780919401672456,1765.2518218812722,0.76,141.55,MQTT-DDoS-Publish_Flood
91156.13,6.0,64.0,124.8316042060603,124.8316042060603,0.0,0.0,0.0,0.0,1.0,1.0,0.0,0.0,0.0,0.0,0.0,516.14,0.0,0.0,0.0,0.0,0.0,0.0,0.0,1.0,0.0,0.0,0.0,0.0,0.0,1.0,1.0,1837.5,175.0,175.0,175.0,0.0,175.0,84666482.04990907,9.5,18.70828693386971,0.0,0.0,0.0,141.55,MQTT-DoS-Publish_Flood
529853.5,6.0,64.0,2.034351393124293,2.034351393124293,0.0,0.0,0.0,0.0,0.5,1.0,0.0,0.0,0.0,0.0,0.0,6597.5,0.0,0.0,0.0,0.0,0.0,0.0,0.0,1.0,0.0,0.0,0.0,0.0,0.0,1.0,1.0,1299.1,66.0,246.0,83.83924121200438,44.988855066366966,80.5,169466052.1225044,13.5,12.948609582566863,63.77038744025604,2044.9915536788665,1.0,244.6,Benign
529.46,6.0,64.0,10.417717210524602,10.417717210524602,0.0,0.12,0.14,0.22,0.22,0.65,0.0,0.0,1.41,2.1,0.57,6.09,0.0,0.0,0.0,0.0,0.0,0.0,0.0,1.0,0.0,0.0,0.0,0.0,0.0,1.0,1.0,698.14,58.49,80.59,66.77946526285032,7.350491970110519,67.02,84667024.6509127,9.5,11.55018376604191,10.398201875187157,62.98954573146384,0.93,141.55,MQTT-DDoS-Connect_Flood
57916.8,6.0,64.0,0.6702294290733422,0.6702294290733422,0.0,0.0,0.0,0.0,1.0,1.0,0.0,0.0,0.0,0.0,0.0,733.2,0.0,0.0,0.0,0.0,0.0,0.0,0.0,1.0,0.0,0.0,0.0,0.0,0.0,1.0,1.0,524.6,81.4,114.5,95.15753968253968,12.48385732774864,93.4,0.0001200914382934,5.5,13.791182269116998,17.654840343632873,175.8339130133535,0.9,38.5,Benign
1308027.2,6.0,115.2,141.09624878209232,141.09624878209232,0.0,0.0,0.0,0.0,0.0,1.0,0.0,0.0,0.0,2.0,0.0,1442.5,0.2,0.8,0.0,0.0,0.0,0.0,0.0,1.0,0.0,0.0,0.0,0.0,0.0,1.0,1.0,2487.0,55.2,780.0,315.6871428571428,332.6080387274886,777.6,0.0002038955688476,5.5,22.24372751315361,470.37879932273006,220560.46520408164,0.9,38.5,MQTT-Malformed_Data
8442.02,6.0,63.91,9.93323099842234,9.93323099842234,0.0,0.02,0.06,0.15,0.44,0.84,0.0,0.0,0.61,3.46,5.7,19.8,0.02,0.0,0.0,0.0,0.0,0.0,0.0,1.0,0.0,0.0,0.0,0.0,0.0,1.0,1.0,2796.71,83.88,468.49,235.1620679574124,152.6832536869068,281.41,84666971.05683517,9.5,20.1523510745164,215.89518353097728,70673.95556375064,0.86,141.55,MQTT-DDoS-Publish_Flood
73987.12,6.0,64.0,96.92098120052508,96.92098120052508,0.0,0.0,0.0,0.0,0.44,1.0,0.0,0.0,0.0,0.0,0.0,299.68,0.0,0.0,0.0,0.0,0.0,0.0,0.0,1.0,0.0,0.0,0.0,0.0,0.0,1.0,1.0,1818.97,89.98,375.56,164.32093546662313,94.28645712334072,184.81,84666496.44688927,9.5,17.268513286104007,133.3133078571958,17536.45233311157,0.58,141.55,MQTT-DoS-Publish_Flood
25944.43,6.0,64.0,21.01118338160069,21.01118338160069,0.0,0.03,0.01,0.17,0.48,0.83,0.0,0.0,0.88,1.56,7.69,37.57,0.0,0.0,0.0,0.0,0.0,0.0,0.0,1.0,0.0,0.0,0.0,0.0,0.0,1.0,1.0,8783.96,277.07,1290.58,897.2136582374883,394.9470462572969,826.24,84666969.86354554,9.5,39.72631354976667,557.723111965018,216894.209109697,0.78,141.55,MQTT-DDoS-Publish_Flood
530.9166666666666,6.0,64.0,10.311736200046196,10.311736200046196,0.0,0.1833333333333333,0.2666666666666666,0.2,0.1666666666666666,0.5333333333333333,0.0,0.0,1.4333333333333331,2.216666666666667,0.6,5.95,0.0,0.0,0.0,0.0,0.0,0.0,0.0,1.0,0.0,0.0,0.0,0.0,0.0,1.0,1.0,713.75,57.28333333333333,77.41666666666667,67.81468206615652,7.017529560072987,67.9,84667040.01367205,9.5,11.634657051566831,9.912481085519293,57.91236498544871,0.9,141.55,MQTT-DDoS-Connect_Flood
234002.6,8.2,63.5,2.341725079254644,2.341725079254644,0.0,0.0,0.0,0.0,0.3,0.8,0.0,0.0,0.0,1.0,0.0,2253.9,0.0,0.1,0.0,0.0,0.0,0.0,0.0,0.8,0.2,0.0,0.0,0.0,0.0,1.0,1.0,904.8,66.0,471.2,136.2223015873016,133.16474984700864,190.0,0.0998415946960449,5.5,16.074644856305902,188.32339526366013,31974.71571422273,0.8,38.5,Benign
506.91,6.0,64.0,9.202368668806953,9.202368668806953,0.0,0.1,0.23,0.25,0.13,0.68,0.0,0.0,1.37,1.99,0.67,5.79,0.0,0.0,0.0,0.0,0.0,0.0,0.0,1.0,0.0,0.0,0.0,0.0,0.0,1.0,1.0,704.62,58.45,79.52,67.01758977877127,7.307382766647038,67.13,84667047.73990987,9.5,11.56751392868731,10.343768209310886,68.20423710813935,0.88,141.55,MQTT-DDoS-Connect_Flood
420.16,6.0,64.0,12.693868379340174,12.693868379340174,0.0,0.21,0.26,0.14,0.25,0.74,0.0,0.0,1.08,1.75,0.41,4.92,0.0,0.0,0.0,0.0,0.0,0.0,0.0,1.0,0.0,0.0,0.0,0.0,0.0,1.0,1.0,727.49,61.2,78.68,68.42333905675508,6.537641098693383,69.44,84667040.6104106,9.5,11.69012479641346,9.250558878320524,56.32726418150576,0.92,141.55,MQTT-DDoS-Connect_Flood
478.28,6.0,64.0,10.529306714540509,10.529306714540509,0.0,0.13,0.18,0.21,0.2,0.63,0.0,0.0,1.15,1.97,0.67,5.4,0.0,0.0,0.0,0.0,0.0,0.0,0.0,1.0,0.0,0.0,0.0,0.0,0.0,1.0,1.0,703.02,56.21,78.3,67.02176116930025,6.958585462332533,66.98,84667025.63850068,9.5,11.572984554772958,9.833794994452566,56.23079232879166,0.94,141.55,MQTT-DDoS-Connect_Flood
16398.2,6.0,63.5,2.6833059943537023,2.6833059943537023,0.0,0.0,0.0,0.0,0.1,1.0,0.0,0.0,0.0,0.0,0.0,152.7,0.0,0.2,0.0,0.0,0.0,0.0,0.0,1.0,0.0,0.0,0.0,0.0,0.0,1.0,1.0,406.8,66.0,109.8,70.90722222222222,13.79683347839225,80.6,0.0335528135299682,5.5,11.892467761021024,19.51166902294549,635.5161450617285,0.3,38.5,MQTT-Malformed_Data
432.27,6.0,64.0,9.753627549898244,9.753627549898244,0.0,0.11,0.12,0.24,0.22,0.71,0.0,0.0,0.99,1.85,0.45,4.94,0.0,0.0,0.0,0.0,0.0,0.0,0.0,1.0,0.0,0.0,0.0,0.0,0.0,1.0,1.0,699.18,56.81,78.54,66.44049303091988,7.451124098474662,66.95,84667043.19729131,9.5,11.522952530477816,10.533158324208692,69.36822146275316,0.9,141.55,MQTT-DDoS-Connect_Flood
486.14,6.0,64.0,9.2964855610833,9.2964855610833,0.0,0.14,0.24,0.2,0.2,0.78,0.0,0.0,1.14,2.21,0.91,5.19,0.0,0.0,0.0,0.0,0.0,0.0,0.0,1.0,0.0,0.0,0.0,0.0,0.0,1.0,1.0,701.83,62.96,73.75,66.72315137000082,3.830258373056771,66.45,84667044.94885576,9.5,11.544275376724949,5.423497538749431,22.323128543676635,0.86,141.55,MQTT-DDoS-Connect_Flood
143992.5,9.3,100.6,0.8224514438119119,0.8224514438119119,0.0,0.0,0.0,0.0,0.2,0.7,0.0,0.0,0.0,0.0,0.0,1610.9,0.0,0.2,0.0,0.0,0.0,0.0,0.0,0.7,0.3,0.0,0.0,0.0,0.0,1.0,1.0,1422.3,57.6,185.9,90.10295108185588,38.12146082065561,116.7,169468504.1331969,13.5,13.415104546994616,54.04195204392188,1806.4362950834025,1.0,244.6,Benign
14355.05,6.0,64.0,110.32957468130049,110.32957468130049,0.0,0.0,0.0,0.0,0.53,1.0,0.0,0.0,0.0,0.0,0.0,86.18,0.0,0.0,0.0,0.0,0.0,0.0,0.0,1.0,0.0,0.0,0.0,0.0,0.0,1.0,1.0,2875.83,140.76,584.84,272.8134217389508,148.35179449829758,300.35,84666509.18480818,9.5,22.11716522977517,208.7085308361887,38380.15178159762,0.74,141.55,MQTT-DoS-Publish_Flood
48955.0,6.0,64.0,0.4492200747813303,0.4492200747813303,0.0,0.0,0.0,0.0,0.5,1.0,0.0,0.0,0.0,0.0,0.0,656.3,0.0,0.0,0.0,0.0,0.0,0.0,0.0,1.0,0.0,0.0,0.0,0.0,0.0,1.0,1.0,425.0,68.5,91.0,78.92884920634921,9.735057003594154,75.7,1.499652862548828e-05,5.5,12.559625967216268,13.767449644958036,105.8887288202318,0.9,38.5,Benign
1280087.0,6.0,56.0,8132.863728340786,8132.863728340786,0.0,0.0,0.0,0.0,0.1,1.0,0.0,0.0,0.0,0.0,0.0,845.5,1.0,0.0,0.0,0.0,0.0,0.0,0.0,1.0,0.0,0.0,0.0,0.0,0.0,1.0,1.0,8327.0,1514.0,1514.0,1514.0,0.0,1514.0,0.0001264095306396,5.5,55.02726596879042,0.0,0.0,0.0,38.5,Benign
273706.3,6.0,64.0,1.573623871868986,1.573623871868986,0.0,0.0,0.0,0.0,0.5,1.0,0.0,0.0,0.0,0.0,0.0,3337.7,0.0,0.0,0.0,0.0,0.0,0.0,0.0,1.0,0.0,0.0,0.0,0.0,0.0,1.0,1.0,1192.5,66.0,103.4,76.71165560359832,12.332639558778112,81.1,169465526.0189967,13.5,12.383088548823244,17.480794821431253,156.61917955442254,1.0,244.6,Benign
109329.0,6.0,64.0,1.9050198244893792,1.9050198244893792,0.0,0.0,0.0,0.0,0.5,1.0,0.0,0.0,0.0,0.0,0.0,1380.2,0.0,0.0,0.0,0.0,0.0,0.0,0.0,1.0,0.0,0.0,0.0,0.0,0.0,1.0,1.0,416.4,66.0,90.6,74.3886507936508,9.717368401159565,78.0,0.1004564046859741,5.5,12.194228652273058,13.742434183495613,110.49511407155455,0.9,38.5,Benign
503.61,6.0,64.0,8.445454111867107,8.445454111867107,0.0,0.11,0.12,0.23,0.06,0.73,0.0,0.0,1.32,2.14,0.71,5.6,0.0,0.0,0.0,0.0,0.0,0.0,0.0,1.0,0.0,0.0,0.0,0.0,0.0,1.0,1.0,693.72,59.33,75.59,66.4994574161219,5.317219687811169,65.22,84667021.52283536,9.5,11.529740655827936,7.517441512505462,38.1047969690343,0.84,141.55,MQTT-DDoS-Connect_Flood
470962.4,6.0,64.0,2.033960973203832,2.033960973203832,0.0,0.0,0.0,0.0,0.5,1.0,0.0,0.0,0.0,0.0,0.0,6063.3,0.0,0.0,0.0,0.0,0.0,0.0,0.0,1.0,0.0,0.0,0.0,0.0,0.0,1.0,1.0,423.6,67.9,90.0,77.49825396825396,9.188157045515233,77.8,0.1000399827957153,5.5,12.447738208573716,12.99401630698155,97.35373935500124,0.9,38.5,Benign
41523.78,6.0,64.0,27.17061028493991,27.17061028493991,0.0,0.0,0.09,0.14,0.4,0.78,0.0,0.0,0.81,1.33,12.32,55.08,0.0,0.0,0.0,0.0,0.0,0.0,0.0,1.0,0.0,0.0,0.0,0.0,0.0,1.0,1.0,8939.19,439.24,1278.91,874.5301031467243,368.29878063933296,903.83,84666976.24589847,9.5,39.19755208932637,520.1333593263855,197119.88463736483,0.93,141.55,MQTT-DDoS-Publish_Flood
479.81,6.0,64.0,11.399696148734636,11.399696148734636,0.0,0.1,0.05,0.33,0.13,0.64,0.0,0.0,1.2,1.83,0.48,5.54,0.0,0.0,0.0,0.0,0.0,0.0,0.0,1.0,0.0,0.0,0.0,0.0,0.0,1.0,1.0,684.94,60.2,74.68,65.53986070345202,5.204165776076665,64.85,84667038.78758842,9.5,11.435409150215875,7.353117578086728,35.52063424225073,0.83,141.55,MQTT-DDoS-Connect_Flood
7977.62,6.0,64.0,138.15503601542358,138.15503601542358,0.0,0.0,0.0,0.0,0.22,1.0,0.0,0.0,0.0,0.0,0.0,31.67,0.0,0.0,0.0,0.0,0.0,0.0,0.0,1.0,0.0,0.0,0.0,0.0,0.0,1.0,1.0,1339.68,72.54,376.64,122.63970706172913,79.8425468543867,128.13,84666491.24701887,9.5,15.09833563471286,113.09320096280815,21100.259691535444,0.48,141.55,MQTT-DoS-Publish_Flood
62780.47,6.0,64.0,84.3921031935395,84.3921031935395,0.0,0.0,0.0,0.0,0.69,1.0,0.0,0.0,0.0,0.0,0.0,269.69,0.0,0.0,0.0,0.0,0.0,0.0,0.0,1.0,0.0,0.0,0.0,0.0,0.0,1.0,1.0,2391.22,141.21,426.79,223.79918561095764,107.42485691083456,214.24,84666500.57809725,9.5,20.578078629174115,152.0323329790175,17099.77311084044,0.7,141.55,MQTT-DoS-Publish_Flood
45294.6,7.1,81.9,1.1331351834172478,1.1331351834172478,0.0,0.0,0.0,0.0,0.4,0.9,0.0,0.0,0.0,0.0,0.0,561.8,0.0,0.1,0.0,0.0,0.0,0.0,0.0,0.9,0.1,0.0,0.0,0.0,0.0,1.0,1.0,1561.6,62.4,437.8,97.45175926283898,86.59275071706523,161.7,169468306.4347173,13.5,13.894596039384478,123.08467226876188,15230.593161531056,1.0,244.6,Benign
337.46,6.0,64.0,9.135823649824331,9.135823649824331,0.0,0.33,0.4,0.0,0.18,0.67,0.0,0.0,0.8,1.86,0.16,3.72,0.0,0.0,0.0,0.0,0.0,0.0,0.0,1.0,0.0,0.0,0.0,0.0,0.0,1.0,1.0,758.0,67.06,80.1,72.6067248448576,4.626730186411082,71.71,84667025.09840958,9.5,12.046946002329882,6.539747310829487,25.617091157409664,0.89,141.55,MQTT-DDoS-Connect_Flood
12448.21,6.0,64.0,75.56467921507911,75.56467921507911,0.0,0.0,0.0,0.0,0.43,1.0,0.0,0.0,0.0,0.0,0.0,44.54,0.0,0.0,0.0,0.0,0.0,0.0,0.0,1.0,0.0,0.0,0.0,0.0,0.0,1.0,1.0,3278.32,152.75,816.35,336.1622897107192,214.74546817485097,280.73,84666501.20795873,9.5,24.311420525744666,303.147364932469,73217.13190793897,0.76,141.55,MQTT-DoS-Publish_Flood
407348.2,6.0,63.5,6.171812458436832,6.171812458436832,0.0,0.0,0.0,0.0,0.5,1.0,0.0,0.0,0.0,0.1,0.0,5032.5,0.0,0.1,0.0,0.0,0.0,0.0,0.0,1.0,0.0,0.0,0.0,0.0,0.0,1.0,1.0,430.4,66.0,95.9,76.16170634920636,12.163038530396832,80.6,0.0523888111114502,5.5,12.336118530474186,17.20113404935372,179.90217855568153,0.9,38.5,Benign
1286961.0,6.0,174.4,107.96596674906282,107.96596674906282,0.0,0.0,0.0,0.0,0.0,1.0,0.0,0.0,0.0,0.0,0.0,1313.5,0.0,1.0,0.0,0.0,0.0,0.0,0.0,1.0,0.0,0.0,0.0,0.0,0.0,1.0,1.0,2451.0,66.0,637.2,141.3740350877193,187.66862728895583,637.2,169323399.49705762,13.5,15.574135000571118,258.2630361600607,85657.29664512158,0.4,244.6,MQTT-Malformed_Data
555.52,6.0,64.0,10.009569235280075,10.009569235280075,0.0,0.18,0.16,0.29,0.16,0.57,0.0,0.0,1.48,2.22,0.86,6.11,0.0,0.0,0.0,0.0,0.0,0.0,0.0,1.0,0.0,0.0,0.0,0.0,0.0,1.0,1.0,684.92,54.96,77.27,64.32533266707492,7.32126879403761,65.77,84667019.55237703,9.5,11.336721543851027,10.3492417121777,62.965053369608185,0.9,141.55,MQTT-DDoS-Connect_Flood
179098.0,6.0,64.0,0.9603692904118936,0.9603692904118936,0.0,0.0,0.0,0.0,0.5,1.0,0.0,0.0,0.0,0.0,0.0,2382.3,0.0,0.0,0.0,0.0,0.0,0.0,0.0,1.0,0.0,0.0,0.0,0.0,0.0,1.0,1.0,1218.0,66.0,114.6,78.55639643079658,14.74769694493394,78.1,169464747.01714653,13.5,12.539435140797318,20.873265099995656,218.919250267643,1.0,244.6,Benign
453608.5,6.0,99.8,1.6521239355023032,1.6521239355023032,0.0,0.0,0.0,0.0,0.5,1.0,0.0,0.0,0.0,0.0,0.0,6043.1,0.0,0.2,0.0,0.0,0.0,0.0,0.0,1.0,0.0,0.0,0.0,0.0,0.0,1.0,1.0,422.5,62.9,96.0,77.0220634920635,11.245452813756527,77.8,0.100058913230896,5.5,12.409329949943862,15.903471884241169,160.059629377677,0.9,38.5,Benign
25179.66,6.0,64.0,30.54901092430243,30.54901092430243,0.0,0.0,0.03,0.22,0.37,0.75,0.0,0.0,0.62,0.9,13.77,28.82,0.0,0.0,0.0,0.0,0.0,0.0,0.0,1.0,0.0,0.0,0.0,0.0,0.0,1.0,1.0,6757.8,301.73,1229.08,700.9154114954533,388.57420888742575,622.44,84666968.33766125,9.5,34.41783884163895,548.7583107076173,220804.77964509427,0.9,141.55,MQTT-DDoS-Publish_Flood
156.0,6.0,64.0,45653.33608546914,45653.33608546914,0.0,0.3,0.24,0.13,0.2,0.78,0.0,0.0,0.3,0.65,0.18,1.58,0.0,0.0,0.0,0.0,0.0,0.0,0.0,1.0,0.0,0.0,0.0,0.0,0.0,1.0,1.0,720.67,62.92,75.5,68.95964536327965,4.284825845867257,67.94,84667037.71063776,9.5,11.741536293347396,6.0492508553204,24.652094095345657,0.95,141.55,MQTT-DDoS-Connect_Flood
11746.5,6.0,64.0,0.2160937051882539,0.2160937051882539,0.0,0.0,0.0,0.0,0.9,1.0,0.0,0.0,0.0,0.0,0.0,157.8,0.0,0.0,0.0,0.0,0.0,0.0,0.0,1.0,0.0,0.0,0.0,0.0,0.0,1.0,1.0,1126.2,66.0,135.0,72.8333359210449,17.162785853802475,67.8,169462151.89826012,13.5,12.0705631559935,24.32392848124708,297.93858117684465,1.0,244.6,Benign
14528.85,6.0,64.0,14.17744283588238,14.17744283588238,0.0,0.0,0.01,0.41,0.41,0.58,0.0,0.0,0.55,1.54,5.27,28.09,0.0,0.0,0.0,0.0,0.0,0.0,0.0,1.0,0.0,0.0,0.0,0.0,0.0,1.0,1.0,1169.53,73.11,168.89,107.40466771493902,32.49189481912676,153.01,84666971.65984894,9.5,14.089819811734763,45.186421912807,8802.394766915813,0.8,141.55,MQTT-DDoS-Publish_Flood
577.07,6.0,64.0,9.71134962713166,9.71134962713166,0.0,0.18,0.08,0.39,0.24,0.58,0.0,0.0,1.47,2.02,1.09,6.52,0.0,0.0,0.0,0.0,0.0,0.0,0.0,1.0,0.0,0.0,0.0,0.0,0.0,1.0,1.0,684.38,59.36,74.9,65.5218704403182,5.159706203240347,64.55,84667041.35598089,9.5,11.434199205978034,7.284966801989384,42.1734662632825,0.73,141.55,MQTT-DDoS-Connect_Flood
268.15,6.0,64.0,145.32692913552842,145.32692913552842,0.0,0.33,0.09,0.19,0.21,0.82,0.0,0.0,0.68,0.77,0.37,3.29,0.0,0.0,0.0,0.0,0.0,0.0,0.0,1.0,0.0,0.0,0.0,0.0,0.0,1.0,1.0,690.95,59.28,75.05,65.39398007436321,5.061963730839173,66.53,84667032.20093037,9.5,11.432718324661751,7.151991150146372,38.70571191070595,0.81,141.55,MQTT-DDoS-Connect_Flood
515.1,6.0,64.0,8.815189375533699,8.815189375533699,0.0,0.21,0.1,0.14,0.27,0.84,0.0,0.0,1.21,1.95,0.82,6.06,0.0,0.0,0.0,0.0,0.0,0.0,0.0,1.0,0.0,0.0,0.0,0.0,0.0,1.0,1.0,711.01,61.4,77.23,68.04568531872324,4.963279232393499,67.1,84667039.47565883,9.5,11.664954780636386,7.022548635205084,30.94778687873308,0.93,141.55,MQTT-DDoS-Connect_Flood
450.63,6.0,64.0,10.908584622870237,10.908584622870237,0.0,0.12,0.21,0.27,0.09,0.55,0.0,0.0,1.19,1.83,0.6,5.14,0.0,0.0,0.0,0.0,0.0,0.0,0.0,1.0,0.0,0.0,0.0,0.0,0.0,1.0,1.0,686.61,61.12,73.17,65.13300389187695,3.9449255691992864,65.06,84667042.42281654,9.5,11.402222759891936,5.57352245562445,25.291950976206227,0.72,141.55,MQTT-DDoS-Connect_Flood
110780.8,7.1,63.5,1.6867075816682355,1.6867075816682355,0.0,0.0,0.0,0.0,0.4,0.9,0.0,0.0,0.0,0.1,0.0,1420.0,0.0,0.1,0.0,0.0,0.0,0.0,0.0,0.9,0.1,0.0,0.0,0.0,0.0,1.0,1.0,1265.6,66.0,141.9,81.35860799417301,20.969122199516352,88.1,169468343.43405062,13.5,12.761828964392418,29.735084836954307,511.37464662405375,1.0,244.6,Benign
434.44,6.0,64.0,8.311731414435755,8.311731414435755,0.0,0.24,0.53,0.01,0.14,0.49,0.0,0.0,0.98,2.28,0.53,4.58,0.0,0.0,0.0,0.0,0.0,0.0,0.0,1.0,0.0,0.0,0.0,0.0,0.0,1.0,1.0,754.24,66.52,79.09,72.00908064669248,3.853334985420801,71.68,84667029.8038129,9.5,11.997520744867469,5.442927299873973,17.43059736263177,0.95,141.55,MQTT-DDoS-Connect_Flood
31052.58,6.0,64.0,25.816984334536464,25.816984334536464,0.0,0.01,0.22,0.39,0.19,0.61,0.0,0.0,0.45,0.66,9.07,38.86,0.0,0.0,0.0,0.0,0.0,0.0,0.0,1.0,0.0,0.0,0.0,0.0,0.0,1.0,1.0,4310.05,54.4,561.2,345.93301250834645,219.3082942835368,460.49,84666964.92236765,9.5,21.653475384497327,309.9489168212609,136178.5011142563,0.87,141.55,MQTT-DDoS-Publish_Flood
75315.7,6.0,64.0,0.9043893167863292,0.9043893167863292,0.0,0.0,0.0,0.0,0.5,1.0,0.0,0.0,0.0,0.0,0.0,931.1,0.0,0.0,0.0,0.0,0.0,0.0,0.0,1.0,0.0,0.0,0.0,0.0,0.0,1.0,1.0,446.7,66.0,105.4,79.3140873015873,15.9843752501421,81.1,6.23941421508789e-05,5.5,12.58675002721684,22.60532026481179,297.4882112465356,0.9,38.5,Benign
7723764.0,6.0,64.0,103.9662492065751,103.9662492065751,0.0,0.0,0.0,0.0,0.0,1.0,0.0,0.0,0.0,0.0,0.0,7827.5,0.0,1.0,0.0,0.0,0.0,0.0,0.0,1.0,0.0,0.0,0.0,0.0,0.0,1.0,1.0,23157.0,1494.0,1494.0,1494.0,0.0,1494.0,169323371.3534658,13.5,54.6626014748658,0.0,0.0,0.0,244.6,MQTT-Malformed_Data
4796413.0,17.0,60.0,1126.3433939865424,1126.3433939865424,0.0,0.0,0.0,0.0,0.0,0.0,0.0,0.0,0.0,0.0,0.0,0.0,0.0,0.0,0.0,0.0,0.0,0.0,0.0,0.0,1.0,0.0,0.0,0.0,0.0,1.0,1.0,7106.0,1292.0,1292.0,1292.0,0.0,1292.0,0.0009055137634277,5.5,50.83306010855534,0.0,0.0,0.0,38.5,Benign
393.1,6.0,64.0,684.8836760179972,684.8836760179972,0.0,0.2,0.2,0.2,0.3,0.7,0.0,0.0,0.8,1.6,0.9,3.6,0.0,0.0,0.0,0.0,0.0,0.0,0.0,1.0,0.0,0.0,0.0,0.0,0.0,1.0,1.0,373.0,60.8,77.6,68.60134920634921,5.623248889933782,69.3,0.0004650831222534,5.5,11.711351962719252,7.952474844743806,42.38485481229529,0.9,38.5,MQTT-Malformed_Data
241.9,6.0,64.0,5.6875634989125645,5.6875634989125645,0.0,0.17,0.52,0.02,0.12,0.97,0.0,0.0,0.38,1.54,0.1,2.8,0.0,0.0,0.0,0.0,0.0,0.0,0.0,1.0,0.0,0.0,0.0,0.0,0.0,1.0,1.0,749.48,67.52,75.48,70.90711344782667,2.9182556518724327,71.75,84667042.81260403,9.5,11.9066389061591,4.123213817548163,11.90726372123422,0.8,141.55,MQTT-DDoS-Connect_Flood
70057.07,6.0,64.0,109.17835547151088,109.17835547151088,0.0,0.0,0.0,0.0,0.46,1.0,0.0,0.0,0.0,0.0,0.0,298.52,0.0,0.0,0.0,0.0,0.0,0.0,0.0,1.0,0.0,0.0,0.0,0.0,0.0,1.0,1.0,1270.7,97.61,137.94,119.4197376913592,16.940955969257413,121.59,84666480.6188462,9.5,15.09399410866438,23.933548877614044,791.866080004563,0.37,141.55,MQTT-DoS-Publish_Flood
540.26,6.0,64.0,7.09098424395078,7.09098424395078,0.0,0.25,0.33,0.15,0.23,0.58,0.0,0.0,1.65,2.18,0.6,6.07,0.0,0.0,0.0,0.0,0.0,0.0,0.0,1.0,0.0,0.0,0.0,0.0,0.0,1.0,1.0,740.08,63.88,79.07,70.53502737626151,5.609439672851895,70.74,84667018.19213215,9.5,11.87163135898038,7.928633669092983,43.96800316046249,0.77,141.55,MQTT-DDoS-Connect_Flood
11266.79,6.0,64.0,30.611683452184707,30.611683452184707,0.0,0.02,0.0,0.79,0.14,0.21,0.0,0.0,0.9,0.67,8.56,19.42,0.0,0.0,0.0,0.0,0.0,0.0,0.0,1.0,0.0,0.0,0.0,0.0,0.0,1.0,1.0,1175.52,67.84,376.63,120.08827570885428,96.57481452042234,141.97,84666962.97901148,9.5,14.389413800416175,134.84061139628355,28679.778729245943,0.72,141.55,MQTT-DDoS-Publish_Flood
205778.4,3.6,38.4,2.0337473544561533,2.0337473544561533,0.0,0.0,0.0,0.0,0.3,0.6,0.0,0.0,0.0,0.0,0.0,2591.7,0.0,0.0,0.0,0.0,0.0,0.0,0.0,0.6,0.0,0.0,0.4,0.0,0.0,0.6,0.6,1319.4,56.4,211.0,85.89816414321831,37.04203079122563,68.2,169461824.9421892,13.5,13.111135576158208,52.47266383912913,1380.1478267734294,1.0,244.6,Benign
221.24,6.0,64.0,8.247725341895139,8.247725341895139,0.0,0.17,0.61,0.0,0.16,0.51,0.0,0.0,0.39,1.74,0.06,2.2,0.0,0.0,0.0,0.0,0.0,0.0,0.0,1.0,0.0,0.0,0.0,0.0,0.0,1.0,1.0,763.47,68.28,75.74,72.14600263131261,2.7516517374855254,72.89,84667017.60308032,9.5,12.01083619087315,3.888132099925837,11.130922143373276,0.76,141.55,MQTT-DDoS-Connect_Flood
318.12,6.0,64.0,10.454033255244918,10.454033255244918,0.0,0.15,0.11,0.17,0.14,0.79,0.0,0.0,0.67,1.3,0.29,3.88,0.0,0.0,0.0,0.0,0.0,0.0,0.0,1.0,0.0,0.0,0.0,0.0,0.0,1.0,1.0,684.76,61.48,71.08,65.17486805862696,3.631698563767008,65.53,84667029.02286687,9.5,11.410429451887085,5.120865427973417,19.66577237635079,0.81,141.55,MQTT-DDoS-Connect_Flood
45243.12,6.0,64.0,76.23550051432957,76.23550051432957,0.0,0.0,0.0,0.0,0.5,1.0,0.0,0.0,0.0,0.0,0.0,125.04,0.0,0.0,0.0,0.0,0.0,0.0,0.0,1.0,0.0,0.0,0.0,0.0,0.0,1.0,1.0,5039.46,160.85,996.79,450.9692006354928,294.0382244748342,468.37,84666484.05233921,9.5,28.460639265835965,416.0311629934597,130199.05227524176,0.82,141.55,MQTT-DoS-Publish_Flood
823.01,6.0,64.0,33.64322709848503,33.64322709848503,0.0,0.02,0.23,0.11,0.24,0.89,0.0,0.0,0.61,3.34,1.24,9.39,0.0,0.0,0.0,0.0,0.0,0.0,0.0,1.0,0.0,0.0,0.0,0.0,0.0,1.0,1.0,743.75,65.2,79.8,70.62297107386078,5.075876480449781,70.34,84662377.2828165,9.5,11.88278366575438,7.187105445124863,31.540813358750302,0.87,141.55,MQTT-DoS-Connect_Flood
566.31,6.0,64.0,11.0654147473262,11.0654147473262,0.0,0.15,0.03,0.21,0.16,0.76,0.0,0.0,1.54,2.1,0.7,6.46,0.0,0.0,0.0,0.0,0.0,0.0,0.0,1.0,0.0,0.0,0.0,0.0,0.0,1.0,1.0,704.16,58.73,77.18,66.57061845387155,6.522089117724555,67.55,84667028.02339965,9.5,11.531278163725954,9.214893468226729,56.19186024235447,0.84,141.55,MQTT-DDoS-Connect_Flood
195737.9,6.0,64.0,0.9976404235747492,0.9976404235747492,0.0,0.0,0.0,0.0,0.7,1.0,0.0,0.0,0.0,0.0,0.0,2515.2,0.0,0.0,0.0,0.0,0.0,0.0,0.0,1.0,0.0,0.0,0.0,0.0,0.0,1.0,1.0,382.6,66.6,79.4,69.21623015873016,4.18430561718076,69.3,4.508495330810547e-05,5.5,11.765267949595644,5.917501752930954,28.313984867094984,0.7,38.5,Benign
273.05,6.0,64.0,7.179872913926326,7.179872913926326,0.0,0.21,0.19,0.15,0.21,0.83,0.0,0.0,0.53,1.33,0.21,3.02,0.0,0.0,0.0,0.0,0.0,0.0,0.0,1.0,0.0,0.0,0.0,0.0,0.0,1.0,1.0,708.6,62.04,75.58,67.42774626512978,5.160910974200411,67.57,84667022.74121518,9.5,11.607380359126305,7.3041931012335395,41.18716586393241,0.9,141.55,MQTT-DDoS-Connect_Flood
119.73,6.0,64.0,35787.387704858884,35787.387704858884,0.0,0.18,0.22,0.18,0.17,0.8,0.0,0.0,0.2,0.29,0.29,1.4,0.0,0.0,0.0,0.0,0.0,0.0,0.0,1.0,0.0,0.0,0.0,0.0,0.0,1.0,1.0,698.97,59.52,74.09,66.35526542162687,5.328587631362011,67.16,84667036.64730223,9.5,11.51554805561272,7.531956279022484,37.8602263209245,0.91,141.55,MQTT-DDoS-Connect_Flood
237171.4,6.0,64.0,1.0538450180130898,1.0538450180130898,0.0,0.0,0.0,0.0,0.5,1.0,0.0,0.0,0.0,0.0,0.0,2973.5,0.0,0.0,0.0,0.0,0.0,0.0,0.0,1.0,0.0,0.0,0.0,0.0,0.0,1.0,1.0,443.0,70.5,111.0,84.40599206349206,15.0007395123423,77.5,7.920265197753906e-05,5.5,12.973970321968752,21.214249263980456,256.09519650730664,0.9,38.5,Benign
1731788.1,17.0,64.0,53.634042750565904,53.634042750565904,0.0,0.0,0.0,0.0,0.0,0.0,0.0,0.0,0.0,0.0,0.0,0.0,0.0,0.0,0.0,0.0,0.0,0.0,0.0,0.0,1.0,0.0,0.0,0.0,0.0,1.0,1.0,1578.1,100.0,106.6,101.77844746756512,1.6392407296387563,102.4,169470788.5610073,13.5,14.26662660599788,2.3219123470522214,3.2821792120919064,1.0,244.6,Benign
37728.75,6.0,67.68,156.16047782030037,156.16047782030037,0.0,0.0,0.0,0.0,0.3,1.0,0.0,0.0,0.0,0.0,0.0,152.81,0.0,0.02,0.0,0.0,0.0,0.0,0.0,1.0,0.0,0.0,0.0,0.0,0.0,1.0,1.0,1769.66,96.52,527.87,165.35162710736975,117.01689680808846,172.2,84666483.81239419,9.5,16.86414139231005,165.73435282796683,35556.197115935625,0.45,141.55,MQTT-DoS-Publish_Flood
435.49,6.0,64.0,9.973626521303354,9.973626521303354,0.0,0.16,0.11,0.2,0.16,0.74,0.0,0.0,0.98,1.9,0.5,4.9,0.0,0.0,0.0,0.0,0.0,0.0,0.0,1.0,0.0,0.0,0.0,0.0,0.0,1.0,1.0,690.27,58.56,75.17,65.01053529614519,5.456245155555678,66.5,84667024.468703,9.5,11.396313681657668,7.71836784981992,37.07626456744344,0.9,141.55,MQTT-DDoS-Connect_Flood
469728.8,6.0,64.0,1.4604943592518624,1.4604943592518624,0.0,0.0,0.0,0.0,0.5,1.0,0.0,0.0,0.0,0.0,0.0,5968.7,0.0,0.0,0.0,0.0,0.0,0.0,0.0,1.0,0.0,0.0,0.0,0.0,0.0,1.0,1.0,1215.3,66.0,110.7,78.36799734149581,14.675921111081845,78.1,169464907.51363343,13.5,12.5165601812376,20.796117035350136,216.6829976427564,1.0,244.6,Benign
123242.8,6.0,64.0,2.0348252068106043,2.0348252068106043,0.0,0.0,0.0,0.0,0.5,1.0,0.0,0.0,0.0,0.0,0.0,1536.7,0.0,0.0,0.0,0.0,0.0,0.0,0.0,1.0,0.0,0.0,0.0,0.0,0.0,1.0,1.0,1386.4,66.0,246.0,89.87342540972959,44.08780095936747,80.4,169469553.6350062,13.5,13.413889348968857,62.4537656532086,1961.636918265949,1.0,244.6,Benign
256.66,6.0,64.0,9.989663647457771,9.989663647457771,0.0,0.37,0.18,0.0,0.26,1.0,0.0,0.0,0.5,1.22,0.22,3.3,0.0,0.0,0.0,0.0,0.0,0.0,0.0,1.0,0.0,0.0,0.0,0.0,0.0,1.0,1.0,718.32,66.28,72.48,68.43547239602502,2.5520800060420785,68.48,84667028.52230377,9.5,11.698647589392532,3.606958210494342,7.782421195893559,0.9,141.55,MQTT-DDoS-Connect_Flood
65052.4,6.0,64.0,0.4601231422938985,0.4601231422938985,0.0,0.0,0.0,0.0,0.6,1.0,0.0,0.0,0.0,0.0,0.0,876.6,0.0,0.0,0.0,0.0,0.0,0.0,0.0,1.0,0.0,0.0,0.0,0.0,0.0,1.0,1.0,380.6,66.0,78.6,68.66920634920635,4.211965778289239,69.0,2.3603439331054688e-05,5.5,11.718390263743997,5.95661912790799,26.22422121441169,0.9,38.5,Benign
357.13,6.0,64.0,9.229254121922189,9.229254121922189,0.0,0.28,0.23,0.01,0.33,0.92,0.0,0.0,0.7,1.82,0.29,3.97,0.0,0.0,0.0,0.0,0.0,0.0,0.0,1.0,0.0,0.0,0.0,0.0,0.0,1.0,1.0,748.07,66.63,77.56,71.32951225752232,4.402813657302824,71.58,84667022.20450434,9.5,11.939660274212406,6.210072880337281,25.2008595954628,0.9,141.55,MQTT-DDoS-Connect_Flood
24157.99,6.0,64.0,21.393260498224805,21.393260498224805,0.0,0.0,0.12,0.29,0.16,0.71,0.0,0.0,0.54,1.88,8.96,36.85,0.0,0.0,0.0,0.0,0.0,0.0,0.0,1.0,0.0,0.0,0.0,0.0,0.0,1.0,1.0,4352.2,55.56,703.84,374.16179266558174,282.2362134253012,406.51,84666970.54231642,9.5,23.187511250175422,399.22576493220896,179318.04921995604,0.9,141.55,MQTT-DDoS-Publish_Flood
255586.5,4.1,32.0,2.03413175261519,2.03413175261519,0.0,0.0,0.0,0.0,0.2,0.4,0.0,0.0,0.0,0.0,0.0,3402.4,0.0,0.0,0.0,0.0,0.0,0.0,0.0,0.4,0.1,0.0,0.5,0.0,0.0,0.5,0.5,1438.9,42.0,520.0,89.14667753943682,109.07365603108435,149.4,169468246.0343954,13.5,13.241433980450012,154.9097631928302,20208.23712253104,1.0,244.6,Benign
2430.23,6.0,64.0,409.6792193442221,409.6792193442221,0.0,0.0,0.0,0.35,0.51,0.65,0.0,0.0,0.0,0.0,1.76,4.38,0.0,0.0,0.0,0.0,0.0,0.0,0.0,1.0,0.0,0.0,0.0,0.0,0.0,1.0,1.0,2901.86,109.78,684.71,310.3250639583155,228.4365001236417,239.43,84666960.78999586,9.5,22.7198715042076,323.4327493725508,111315.24284872996,0.82,141.55,MQTT-DDoS-Publish_Flood
376.33,6.0,64.0,9.148898629927078,9.148898629927078,0.0,0.31,0.32,0.0,0.23,0.98,0.0,0.0,0.92,1.84,0.47,4.29,0.0,0.0,0.0,0.0,0.0,0.0,0.0,1.0,0.0,0.0,0.0,0.0,0.0,1.0,1.0,727.67,66.16,74.19,68.97258356611569,3.082076385031148,69.61,84667027.39581455,9.5,11.744663129481037,4.361809220846542,11.489423562665388,0.9,141.55,MQTT-DDoS-Connect_Flood
174535.0,6.0,248.0,34.783627366025506,34.783627366025506,0.0,0.0,0.0,0.0,0.0,1.0,0.0,0.0,0.0,1.0,0.0,2049.5,0.0,1.0,0.0,0.0,0.0,0.0,0.0,1.0,0.0,0.0,0.0,0.0,0.0,1.0,1.0,1023.0,66.0,66.0,66.0,0.0,66.0,169469228.1282205,13.5,11.489125293076055,0.0,0.0,0.0,244.6,Benign
80218.0,6.0,64.0,1.1889824103151043,1.1889824103151043,0.0,0.0,0.0,0.0,0.5,1.0,0.0,0.0,0.0,0.0,0.0,1063.1,0.0,0.0,0.0,0.0,0.0,0.0,0.0,1.0,0.0,0.0,0.0,0.0,0.0,1.0,1.0,415.0,66.0,85.2,74.42527777777778,9.154109865623822,76.4,4.351139068603516e-05,5.5,12.197721717845864,12.94586632341856,93.3748153659612,0.9,38.5,Benign
11846.7,7.1,69.9,7.223880047396145,7.223880047396145,0.0,0.0,0.0,0.0,0.5,0.9,0.0,0.0,0.0,0.0,0.0,99.1,0.0,0.0,0.0,0.0,0.0,0.0,0.0,0.9,0.1,0.0,0.0,0.0,0.0,1.0,1.0,1666.0,66.0,459.8,103.54324016712562,91.29144057078943,177.4,169461878.277061,13.5,14.30281853038998,129.77238118240052,15649.1143863344,1.0,244.6,Benign
478.02,6.0,64.0,39.8164457945634,39.8164457945634,0.0,0.16,0.06,0.39,0.19,0.55,0.0,0.0,1.39,1.53,0.7,5.36,0.0,0.0,0.0,0.0,0.0,0.0,0.0,1.0,0.0,0.0,0.0,0.0,0.0,1.0,1.0,667.44,57.4,72.53,63.38845195623948,5.858161485648362,64.34,84667043.83079156,9.5,11.242846582561478,8.290673700773018,43.7064287787322,0.83,141.55,MQTT-DDoS-Connect_Flood
265.46,6.0,64.0,10.009368680895015,10.009368680895015,0.0,0.3,0.25,0.0,0.24,0.95,0.0,0.0,0.53,1.31,0.14,3.36,0.0,0.0,0.0,0.0,0.0,0.0,0.0,1.0,0.0,0.0,0.0,0.0,0.0,1.0,1.0,727.09,66.28,74.77,69.30495105354741,3.379756597442901,69.33,84667035.26165333,9.5,11.77255210598462,4.7819031005483374,13.16235691834132,0.93,141.55,MQTT-DDoS-Connect_Flood
158.82,6.0,64.0,63833.46084905048,63833.46084905048,0.0,0.22,0.04,0.1,0.3,0.91,0.0,0.0,0.23,0.43,0.22,2.12,0.0,0.0,0.0,0.0,0.0,0.0,0.0,1.0,0.0,0.0,0.0,0.0,0.0,1.0,1.0,702.67,61.48,73.27,66.57067939873164,3.777516307252198,67.19,84667022.93626535,9.5,11.533075521027722,5.32863511619292,27.041937097399,0.76,141.55,MQTT-DDoS-Connect_Flood
17830.97,6.0,64.0,91.1107863467346,91.1107863467346,0.0,0.0,0.0,0.0,0.52,1.0,0.0,0.0,0.0,0.0,0.0,63.21,0.0,0.0,0.0,0.0,0.0,0.0,0.0,1.0,0.0,0.0,0.0,0.0,0.0,1.0,1.0,2600.5,143.39,614.27,270.7362084911563,168.70979075049493,272.01,84666484.18132585,9.5,22.290913881287224,238.2902251529308,35688.10120124843,0.91,141.55,MQTT-DoS-Publish_Flood
380.17,6.0,64.0,6.5382379180502905,6.5382379180502905,0.0,0.15,0.19,0.27,0.22,0.66,0.0,0.0,0.85,1.92,0.44,4.15,0.0,0.0,0.0,0.0,0.0,0.0,0.0,1.0,0.0,0.0,0.0,0.0,0.0,1.0,1.0,688.92,61.08,72.08,65.76039402496367,4.143388494009447,65.28,84667020.57036312,9.5,11.457751811516223,5.854464335446564,28.72692631595692,0.82,141.55,MQTT-DDoS-Connect_Flood
334.35,6.0,64.0,11.942558513213555,11.942558513213555,0.0,0.2,0.13,0.26,0.17,0.68,0.0,0.0,0.98,0.93,0.41,3.85,0.0,0.0,0.0,0.0,0.0,0.0,0.0,1.0,0.0,0.0,0.0,0.0,0.0,1.0,1.0,685.95,58.8,76.8,64.78486129389188,6.63053457722862,66.0,84667043.60112968,9.5,11.372049057651411,9.378463578053266,50.32930259372648,0.91,141.55,MQTT-DDoS-Connect_Flood
642.07,6.0,64.0,9.61113643113573,9.61113643113573,0.0,0.16,0.07,0.46,0.23,0.47,0.0,0.0,1.83,2.23,1.04,7.17,0.0,0.01,0.0,0.0,0.0,0.0,0.0,1.0,0.0,0.0,0.0,0.0,0.0,1.0,1.0,674.15,56.64,75.87,63.51542730222993,7.203650299232371,64.88,84667036.05386618,9.5,11.250638628102235,10.18525668653922,60.20831265374884,0.91,141.55,MQTT-DDoS-Connect_Flood
381.37,6.0,64.0,39.45837312884815,39.45837312884815,0.0,0.07,0.26,0.14,0.23,0.74,0.0,0.0,0.29,1.92,0.51,3.97,0.0,0.0,0.0,0.0,0.0,0.0,0.0,1.0,0.0,0.0,0.0,0.0,0.0,1.0,1.0,726.91,60.97,78.65,68.73126051055928,5.840239344602452,69.85,84662383.86399001,9.5,11.721024405781916,8.268121156104433,43.1203574549493,0.91,141.55,MQTT-DoS-Connect_Flood
392.13,6.0,64.0,10.955028168719569,10.955028168719569,0.0,0.21,0.24,0.07,0.17,0.76,0.0,0.0,0.95,1.68,0.32,4.66,0.0,0.0,0.0,0.0,0.0,0.0,0.0,1.0,0.0,0.0,0.0,0.0,0.0,1.0,1.0,727.2,62.76,76.67,69.18502384998902,5.034720892868581,68.75,84667029.71257924,9.5,11.758903429768102,7.108904463193827,31.23680664683215,0.9,141.55,MQTT-DDoS-Connect_Flood
205.19,6.0,64.0,50.45597224142927,50.45597224142927,0.0,0.07,0.2,0.32,0.03,0.67,0.0,0.0,0.54,0.67,0.54,2.1,0.0,0.0,0.0,0.0,0.0,0.0,0.0,1.0,0.0,0.0,0.0,0.0,0.0,1.0,1.0,677.3,58.97,74.74,65.46415357758855,5.487122763437717,64.25,84667027.4520501,9.5,11.434003996513178,7.746120497385858,38.74487285890508,0.9,141.55,MQTT-DDoS-Connect_Flood
6082.89,6.0,64.0,95.86018239351569,95.86018239351569,0.0,0.0,0.0,0.0,0.35,1.0,0.0,0.0,0.0,0.0,0.0,22.28,0.0,0.0,0.0,0.0,0.0,0.0,0.0,1.0,0.0,0.0,0.0,0.0,0.0,1.0,1.0,2566.24,117.7,556.62,256.77336973114603,145.89073277971795,233.86,84666492.22958891,9.5,19.872079136632493,205.81968409668468,54119.62308514791,0.48,141.55,MQTT-DoS-Publish_Flood
548.71,6.0,64.0,9.303208386854015,9.303208386854015,0.0,0.19,0.14,0.39,0.19,0.58,0.0,0.0,1.66,1.8,1.28,6.1,0.0,0.0,0.0,0.0,0.0,0.0,0.0,1.0,0.0,0.0,0.0,0.0,0.0,1.0,1.0,667.32,56.44,74.99,62.97938788795484,6.668355793190751,64.19,84667044.42533593,9.5,11.212303243897413,9.432848303053888,63.80701606452112,0.84,141.55,MQTT-DDoS-Connect_Flood
82151.6,6.0,64.0,2.0335346251973183,2.0335346251973183,0.0,0.0,0.0,0.0,0.5,1.0,0.0,0.0,0.0,0.0,0.0,1022.9,0.0,0.0,0.0,0.0,0.0,0.0,0.0,1.0,0.0,0.0,0.0,0.0,0.0,1.0,1.0,454.8,67.9,105.0,82.86333333333333,15.51745864861726,80.4,9.620189666748048e-05,5.5,12.870917556474495,21.94500047443821,275.0574047619047,0.9,38.5,Benign
665.86,6.0,64.0,29.446673106895865,29.446673106895865,0.0,0.05,0.27,0.13,0.22,0.79,0.0,0.0,0.4,2.86,1.1,7.42,0.0,0.0,0.0,0.0,0.0,0.0,0.0,1.0,0.0,0.0,0.0,0.0,0.0,1.0,1.0,745.84,65.24,79.44,71.11844262028822,4.821228990757592,69.87,84662362.58577342,9.5,11.92626476563343,6.792460154412522,27.461598225676187,0.9,141.55,MQTT-DoS-Connect_Flood
45710.0,6.0,64.0,0.20698229012268,0.20698229012268,0.0,0.0,0.0,0.0,0.9,1.0,0.0,0.0,0.0,0.0,0.0,612.4,0.0,0.0,0.0,0.0,0.0,0.0,0.0,1.0,0.0,0.0,0.0,0.0,0.0,1.0,1.0,1105.4,54.0,123.0,71.44558264104316,14.963115483466904,67.8,169467299.928844,13.5,11.954689201742069,21.20726350111084,226.5628382130215,1.0,244.6,Benign
230667.4,7.1,64.0,1.5576624725139268,1.5576624725139268,0.0,0.0,0.0,0.0,0.4,0.9,0.0,0.0,0.0,0.0,0.0,2839.4,0.0,0.0,0.0,0.0,0.0,0.0,0.0,0.9,0.1,0.0,0.0,0.0,0.0,1.0,1.0,1320.6,66.0,183.1,84.72166044782531,29.71010853818145,91.0,169468012.532777,13.5,13.021700203468356,42.0938440102857,965.5792921614892,1.0,244.6,Benign
18036.6,1.8,19.2,2.0406125069320886,2.0406125069320886,0.0,0.0,0.0,0.0,0.1,0.3,0.0,0.0,0.0,0.0,0.0,239.3,0.0,0.0,0.0,0.0,0.0,0.0,0.0,0.3,0.0,0.0,0.7,0.0,0.0,0.3,0.3,323.7,49.2,83.1,61.91861111111111,12.58680755836438,56.5,0.0055813074111938,5.5,11.1109498304095,17.80043395601909,182.5328259479718,0.9,38.5,Benign
26180.5,6.0,64.0,0.9676461990178596,0.9676461990178596,0.0,0.0,0.0,0.0,0.5,1.0,0.0,0.0,0.0,0.0,0.0,336.3,0.0,0.0,0.0,0.0,0.0,0.0,0.0,1.0,0.0,0.0,0.0,0.0,0.0,1.0,1.0,1203.9,66.0,114.0,77.59091035254735,14.51872642987784,78.1,169464117.01111346,13.5,12.454117950342212,20.575048868937976,212.7781436639479,1.0,244.6,Benign
212506.7,6.0,81.9,1.550208933893814,1.550208933893814,0.0,0.0,0.0,0.0,0.4,1.0,0.0,0.0,0.0,0.0,0.0,2763.6,0.0,0.1,0.0,0.0,0.0,0.0,0.0,1.0,0.0,0.0,0.0,0.0,0.0,1.0,1.0,409.4,64.8,85.8,73.96119047619047,9.172901649036747,72.6,0.0523125886917114,5.5,12.159838985590264,12.972441918382296,93.71700170068029,0.9,38.5,Benign
119.24,6.0,64.0,14394.005940105675,14394.005940105675,0.0,0.08,0.29,0.37,0.11,0.34,0.0,0.0,0.25,0.32,0.43,1.04,0.0,0.0,0.0,0.0,0.0,0.0,0.0,1.0,0.0,0.0,0.0,0.0,0.0,1.0,1.0,685.02,57.6,76.91,65.26345133465605,7.15350851673469,65.73,84667040.8648249,9.5,11.412735980625564,10.116028376092556,59.82090387806729,0.92,141.55,MQTT-DDoS-Connect_Flood
108291.9,6.0,69.3,1.3688230923310225,1.3688230923310225,0.0,0.0,0.0,0.0,0.5,1.0,0.0,0.0,0.0,0.2,0.0,1362.7,0.0,0.3,0.0,0.0,0.0,0.0,0.0,1.0,0.0,0.0,0.0,0.0,0.0,1.0,1.0,423.9,66.0,95.2,75.02107142857142,10.871899103181413,77.9,0.0854131937026977,5.5,12.242475121174843,15.375187160471038,151.77767899659864,0.8,38.5,Benign
45859.2,0.6,6.4,2.034083311959193,2.034083311959193,0.0,0.0,0.0,0.0,0.0,0.1,0.0,0.0,0.0,0.0,0.0,608.4,0.0,0.0,0.0,0.0,0.0,0.0,0.0,0.1,0.0,0.0,0.9,0.0,0.0,0.1,0.1,1086.0,44.4,111.0,70.83786039167231,20.95912746822868,51.6,169468983.5614583,13.5,11.899995477407405,29.70829725672428,443.57010459043465,1.0,244.6,Benign
393.1,6.0,64.0,808.5147028564264,808.5147028564264,0.0,0.2,0.2,0.2,0.3,0.7,0.0,0.0,0.8,1.6,0.9,3.6,0.0,0.0,0.0,0.0,0.0,0.0,0.0,1.0,0.0,0.0,0.0,0.0,0.0,1.0,1.0,406.1,67.2,88.1,76.02845238095237,7.015229398347094,69.3,0.0005722999572753,5.5,12.325852226091852,9.921032558300908,56.94313874716553,0.9,38.5,MQTT-Malformed_Data
3038341.8,17.0,64.0,48.15859420244613,48.15859420244613,0.0,0.0,0.0,0.0,0.0,0.0,0.0,0.0,0.0,0.0,0.0,0.0,0.0,0.0,0.0,0.0,0.0,0.0,0.0,0.0,1.0,0.0,0.0,0.0,0.0,1.0,1.0,2271.8,117.6,838.0,413.5680952380952,284.1515653190137,422.4,0.0272300958633422,5.5,28.66255477173322,401.8509974436936,92390.85070975058,0.9,38.5,Benign
513.42,6.0,64.0,8.608106339952474,8.608106339952474,0.0,0.15,0.32,0.19,0.13,0.61,0.0,0.0,1.34,2.17,0.81,5.69,0.0,0.0,0.0,0.0,0.0,0.0,0.0,1.0,0.0,0.0,0.0,0.0,0.0,1.0,1.0,702.55,57.56,77.4,66.4899965412984,7.0402900430505,67.95,84667046.07409224,9.5,11.523336840893828,9.93642413419483,59.930765110498776,0.9,141.55,MQTT-DDoS-Connect_Flood
449.28,6.0,64.0,11.530000567208347,11.530000567208347,0.0,0.14,0.13,0.33,0.2,0.63,0.0,0.0,1.16,1.8,0.64,5.11,0.0,0.0,0.0,0.0,0.0,0.0,0.0,1.0,0.0,0.0,0.0,0.0,0.0,1.0,1.0,666.53,55.56,71.38,62.30949752397585,5.6740367976946775,64.77,84667028.00483817,9.5,11.155343817663915,8.02967094121432,44.36905987306423,0.81,141.55,MQTT-DDoS-Connect_Flood
445.21,6.0,64.0,442.4835910503464,442.4835910503464,0.0,0.0,0.0,0.0,0.68,1.0,0.0,0.0,0.0,0.0,0.0,3.36,0.0,0.0,0.0,0.0,0.0,0.0,0.0,1.0,0.0,0.0,0.0,0.0,0.0,1.0,1.0,1565.0,123.77,210.97,151.61127087845935,32.08405599049884,144.48,84666481.19658689,9.5,17.255237731075166,45.41996718276167,1756.5159595332868,0.63,141.55,MQTT-DoS-Publish_Flood
487.03,6.0,64.0,9.826352396319912,9.826352396319912,0.0,0.15,0.16,0.1,0.32,0.83,0.0,0.0,1.06,2.17,0.49,5.49,0.0,0.0,0.0,0.0,0.0,0.0,0.0,1.0,0.0,0.0,0.0,0.0,0.0,1.0,1.0,737.97,61.86,79.27,69.94149234309721,6.795683298126153,70.67,84667025.66672964,9.5,11.821220723818628,9.614927352523305,64.20196000999447,0.88,141.55,MQTT-DDoS-Connect_Flood
538061.0,6.0,64.0,2.033144937585664,2.033144937585664,0.0,0.0,0.0,0.0,0.5,1.0,0.0,0.0,0.0,0.0,0.0,6699.3,0.0,0.0,0.0,0.0,0.0,0.0,0.0,1.0,0.0,0.0,0.0,0.0,0.0,1.0,1.0,434.4,67.9,95.2,78.80134920634922,10.985895948215886,80.5,0.0001055002212524,5.5,12.551666669221367,15.53640304478654,144.87757438901488,0.9,38.5,Benign
86107.42,6.0,64.0,104.1435400990708,104.1435400990708,0.0,0.0,0.0,0.0,0.68,1.0,0.0,0.0,0.0,0.0,0.0,401.26,0.0,0.0,0.0,0.0,0.0,0.0,0.0,1.0,0.0,0.0,0.0,0.0,0.0,1.0,1.0,1760.11,109.6,288.36,166.52479141747483,63.72582776638076,172.82,84666482.97525574,9.5,17.89349538204149,90.27588994807296,6464.166719471652,0.74,141.55,MQTT-DoS-Publish_Flood
66147.3,6.0,64.0,87.48873449057238,87.48873449057238,0.0,0.0,0.0,0.0,0.23,1.0,0.0,0.0,0.0,0.0,0.0,216.04,0.0,0.0,0.0,0.0,0.0,0.0,0.0,1.0,0.0,0.0,0.0,0.0,0.0,1.0,1.0,1950.08,108.51,411.99,193.55120482106472,93.42164826873504,197.89,84666983.93303338,9.5,17.64452506157761,132.32188415822077,22444.870459541256,0.44,141.55,MQTT-DDoS-Publish_Flood
7906.67,6.0,64.0,11.599651333865353,11.599651333865353,0.0,0.09,0.0,0.16,0.39,0.84,0.0,0.0,0.82,2.6,5.33,16.4,0.0,0.0,0.0,0.0,0.0,0.0,0.0,1.0,0.0,0.0,0.0,0.0,0.0,1.0,1.0,2844.27,83.64,784.75,235.8414254949557,261.7893469666111,301.94,84666975.93687217,9.5,20.362564936613992,369.1888445682699,139724.2475610816,0.85,141.55,MQTT-DDoS-Publish_Flood
401.84,6.0,64.0,8.788843413756783,8.788843413756783,0.0,0.09,0.27,0.18,0.13,0.79,0.0,0.0,0.94,1.73,0.68,4.52,0.0,0.0,0.0,0.0,0.0,0.0,0.0,1.0,0.0,0.0,0.0,0.0,0.0,1.0,1.0,704.71,61.36,75.72,66.97310379506973,5.47945578490404,67.55,84667023.58986212,9.5,11.567988175910385,7.744484629460815,40.457703146911214,0.91,141.55,MQTT-DDoS-Connect_Flood
466.41,6.0,64.0,10.679914466303329,10.679914466303329,0.0,0.21,0.24,0.11,0.2,0.79,0.0,0.0,1.22,1.97,0.43,5.37,0.0,0.0,0.0,0.0,0.0,0.0,0.0,1.0,0.0,0.0,0.0,0.0,0.0,1.0,1.0,733.39,63.56,79.07,69.74661073803217,6.005676708733756,69.81,84667019.19405577,9.5,11.804217297371627,8.479565236168675,46.59967209103161,0.91,141.55,MQTT-DDoS-Connect_Flood
415331.4,6.0,55.0,2521.61731297714,2521.61731297714,0.0,0.0,0.0,0.0,0.2,1.0,0.0,0.0,0.0,0.0,0.0,275.5,0.0,1.0,0.0,0.0,0.0,0.0,0.0,1.0,0.0,0.0,0.0,0.0,0.0,1.0,1.0,23343.4,1390.4,1514.0,1507.8200000000002,26.937995471081365,1390.4,169466381.37125298,13.5,55.02726596879042,0.0,0.0,0.0,244.6,Benign
72204.0,9.3,57.7,1.6533511891774275,1.6533511891774275,0.0,0.0,0.0,0.0,0.4,0.7,0.0,0.0,0.0,0.0,0.0,899.4,0.0,0.0,0.0,0.0,0.0,0.0,0.0,0.7,0.3,0.0,0.0,0.0,0.0,1.0,1.0,829.9,67.8,422.8,125.35646825396827,114.14897036685812,189.7,0.0996268033981323,5.5,15.41088914495214,161.43102202373524,30194.01531309839,0.9,38.5,Benign
409.87,6.0,64.0,9.25630602393681,9.25630602393681,0.0,0.25,0.16,0.18,0.2,0.76,0.0,0.0,0.98,1.65,0.56,4.78,0.0,0.0,0.0,0.0,0.0,0.0,0.0,1.0,0.0,0.0,0.0,0.0,0.0,1.0,1.0,697.29,58.6,74.09,66.01584757833326,5.349200356225577,66.94,84667049.38630143,9.5,11.484110877854611,7.575050652498976,36.94738472170823,0.91,141.55,MQTT-DDoS-Connect_Flood
3481.8,6.0,64.0,1.0982536538123324,1.0982536538123324,0.0,0.0,0.0,0.0,0.5,1.0,0.0,0.0,0.0,0.0,0.0,43.5,0.0,0.0,0.0,0.0,0.0,0.0,0.0,1.0,0.0,0.0,0.0,0.0,0.0,1.0,1.0,471.6,71.1,117.0,90.05269841269842,19.102599930605862,81.5,0.0001112222671508,5.5,13.40078983148239,27.01515589845016,410.2137499370119,0.9,38.5,Benign
697.87,6.0,64.0,47.47368098573039,47.47368098573039,0.0,0.18,0.21,0.11,0.28,0.8,0.0,0.0,1.13,2.82,1.34,7.51,0.0,0.0,0.0,0.0,0.0,0.0,0.0,1.0,0.0,0.0,0.0,0.0,0.0,1.0,1.0,750.73,64.34,80.3,71.92067588212443,5.963426777490038,70.49,84662358.96097292,9.5,11.99079668719671,8.439776506322335,42.6795792240181,0.92,141.55,MQTT-DoS-Connect_Flood
30077.58,6.0,64.0,56.322147823724215,56.322147823724215,0.0,0.01,0.0,0.43,0.23,0.57,0.0,0.0,0.6,0.05,6.8,33.54,0.0,0.0,0.0,0.0,0.0,0.0,0.0,1.0,0.0,0.0,0.0,0.0,0.0,1.0,1.0,4356.22,109.06,991.08,405.370740302697,346.57482908183124,372.96,84666963.50699323,9.5,25.72386553998532,490.485912719855,192638.0621933827,0.89,141.55,MQTT-DDoS-Publish_Flood
2324.46,6.0,64.0,834.1065867448135,834.1065867448135,0.0,0.04,0.26,0.0,0.29,0.88,0.0,0.0,0.04,0.56,0.9,3.62,0.0,0.0,0.0,0.0,0.0,0.0,0.0,1.0,0.0,0.0,0.0,0.0,0.0,1.0,1.0,6217.85,194.46,1167.84,580.0027918064478,388.5728851806727,647.91,84666976.8061802,9.5,30.893235804893763,550.1691794668862,224141.51066083528,0.82,141.55,MQTT-DDoS-Publish_Flood
126736.6,6.0,64.0,1.4630051028029771,1.4630051028029771,0.0,0.0,0.0,0.0,0.5,1.0,0.0,0.0,0.0,0.0,0.0,1610.7,0.0,0.0,0.0,0.0,0.0,0.0,0.0,1.0,0.0,0.0,0.0,0.0,0.0,1.0,1.0,438.6,67.7,104.6,80.2436904761905,13.451951526631774,78.0,9.970664978027343e-05,5.5,12.666132586277609,19.02393228934812,207.5361693594104,0.9,38.5,Benign
268.27,6.0,64.0,112.18527499872243,112.18527499872243,0.0,0.04,0.33,0.12,0.15,0.8,0.0,0.0,0.14,1.53,0.23,2.68,0.0,0.0,0.0,0.0,0.0,0.0,0.0,1.0,0.0,0.0,0.0,0.0,0.0,1.0,1.0,726.77,62.16,75.73,69.09773914484208,5.037363955356493,69.67,84662372.21343216,9.5,11.749043521037784,7.112408710504865,30.12467298406172,0.93,141.55,MQTT-DoS-Connect_Flood
34209.9,6.0,64.0,0.3608731946531892,0.3608731946531892,0.0,0.0,0.0,0.0,0.6,1.0,0.0,0.0,0.0,0.0,0.0,456.1,0.0,0.0,0.0,0.0,0.0,0.0,0.0,1.0,0.0,0.0,0.0,0.0,0.0,1.0,1.0,1042.0,66.0,68.0,67.23291316698437,0.971081932257266,67.2,169466507.9245082,13.5,11.595576001743812,1.374400533762098,0.944673555226222,1.0,244.6,Benign
15706.8,6.0,64.0,107.96296079674732,107.96296079674732,0.0,0.0,0.0,0.0,0.71,1.0,0.0,0.0,0.0,0.0,0.0,34.97,0.0,0.0,0.0,0.0,0.0,0.0,0.0,1.0,0.0,0.0,0.0,0.0,0.0,1.0,1.0,3894.72,172.82,1040.72,376.94210183126125,274.2998752246516,377.73,84666502.24986763,9.5,26.169165304269345,388.3290963634372,114052.96516554714,0.76,141.55,MQTT-DoS-Publish_Flood
343990.0,6.0,64.0,1.2305986792852048,1.2305986792852048,0.0,0.0,0.0,0.0,0.5,1.0,0.0,0.0,0.0,0.0,0.0,4443.8,0.0,0.0,0.0,0.0,0.0,0.0,0.0,1.0,0.0,0.0,0.0,0.0,0.0,1.0,1.0,1160.5,66.0,89.8,74.74257659222442,9.316280497897145,79.1,169469839.04413918,13.5,12.211578336762049,12.80857872128874,82.2804849759224,1.0,244.6,Benign
445.65,6.0,64.0,8.183639669457646,8.183639669457646,0.0,0.16,0.22,0.25,0.05,0.62,0.0,0.0,1.12,1.93,0.6,5.0,0.0,0.0,0.0,0.0,0.0,0.0,0.0,1.0,0.0,0.0,0.0,0.0,0.0,1.0,1.0,699.65,62.56,76.29,67.18606714845184,4.2307676932300105,65.81,84667044.41046233,9.5,11.584747982626066,5.957869727461115,29.22657603528614,0.75,141.55,MQTT-DDoS-Connect_Flood
88333.39,6.0,64.0,81.80228294354472,81.80228294354472,0.0,0.0,0.0,0.0,0.14,1.0,0.0,0.0,0.0,0.0,0.0,408.1,0.0,0.0,0.0,0.0,0.0,0.0,0.0,1.0,0.0,0.0,0.0,0.0,0.0,1.0,1.0,2329.55,117.86,508.5,231.9303383521793,158.20683358778695,237.45,84666497.95363809,9.5,18.489341497057364,223.7500736994758,76301.56399964428,0.38,141.55,MQTT-DoS-Publish_Flood
539.01,6.0,64.0,9.26261350327411,9.26261350327411,0.0,0.27,0.11,0.19,0.3,0.75,0.0,0.0,1.43,2.03,0.69,6.32,0.0,0.0,0.0,0.0,0.0,0.0,0.0,1.0,0.0,0.0,0.0,0.0,0.0,1.0,1.0,707.45,59.28,77.29,66.85938919572858,6.495345876076525,67.72,84667038.21329835,9.5,11.559547737798663,9.178220266426663,60.65403576187736,0.9,141.55,MQTT-DDoS-Connect_Flood
26188.0,7.1,83.1,1.5925117303989214,1.5925117303989214,0.0,0.0,0.0,0.0,0.5,0.9,0.0,0.0,0.0,0.0,0.0,314.1,0.0,0.0,0.0,0.0,0.0,0.0,0.0,0.9,0.1,0.0,0.0,0.0,0.0,1.0,1.0,1377.0,66.0,219.0,88.48523846509526,37.48987125322511,98.8,169464946.41217348,13.5,13.29148631270606,53.12459652752126,1527.0518926590653,1.0,244.6,Benign
27342.17,6.0,64.0,84.80801875269515,84.80801875269515,0.0,0.0,0.0,0.0,0.45,1.0,0.0,0.0,0.0,0.0,0.0,102.92,0.0,0.0,0.0,0.0,0.0,0.0,0.0,1.0,0.0,0.0,0.0,0.0,0.0,1.0,1.0,5164.65,134.69,1081.05,505.5044731875451,341.58773354802804,396.27,84666483.227008,9.5,30.41668341059475,483.3957079271468,152726.52134236123,0.88,141.55,MQTT-DoS-Publish_Flood
391844.5,6.0,64.0,2.033917066956473,2.033917066956473,0.0,0.0,0.0,0.0,0.5,1.0,0.0,0.0,0.0,0.0,0.0,4878.8,0.0,0.0,0.0,0.0,0.0,0.0,0.0,1.0,0.0,0.0,0.0,0.0,0.0,1.0,1.0,440.9,66.0,101.1,78.20980158730158,14.646537635451716,80.5,8.089542388916016e-05,5.5,12.499571490739998,20.71333216586378,251.8040062200806,0.9,38.5,Benign
23803.2,6.0,64.0,1.7864700933412192,1.7864700933412192,0.0,0.0,0.0,0.0,0.5,1.0,0.0,0.0,0.0,0.0,0.0,293.5,0.0,0.0,0.0,0.0,0.0,0.0,0.0,1.0,0.0,0.0,0.0,0.0,0.0,1.0,1.0,445.6,67.8,100.4,80.41234126984128,13.166148994919018,80.9,9.560585021972656e-05,5.5,12.679220788783628,18.61974647283937,207.36557613693623,0.9,38.5,Benign
11500.36,6.0,64.0,27.46653940084929,27.46653940084929,0.0,0.0,0.1,0.34,0.41,0.66,0.0,0.0,0.66,0.33,8.51,16.34,0.0,0.0,0.0,0.0,0.0,0.0,0.0,1.0,0.0,0.0,0.0,0.0,0.0,1.0,1.0,4494.53,177.76,825.38,491.1236659156976,259.5555865307169,351.75,84666968.31873704,9.5,27.631669714167742,367.13915896649536,129921.39038428606,0.88,141.55,MQTT-DDoS-Publish_Flood
383.13,6.0,64.0,16.888474963460244,16.888474963460244,0.0,0.4,0.04,0.16,0.07,0.8,0.0,0.0,1.04,1.26,0.32,4.69,0.0,0.0,0.0,0.0,0.0,0.0,0.0,1.0,0.0,0.0,0.0,0.0,0.0,1.0,1.0,689.39,59.64,73.91,65.85268172268907,4.363194197804031,65.91,84667036.87756199,9.5,11.473335087536435,6.122017786915608,27.91147353790482,0.71,141.55,MQTT-DDoS-Connect_Flood
497.71,6.0,64.0,10.341668295679924,10.341668295679924,0.0,0.16,0.1,0.19,0.27,0.81,0.0,0.0,1.17,1.88,0.77,5.82,0.0,0.0,0.0,0.0,0.0,0.0,0.0,1.0,0.0,0.0,0.0,0.0,0.0,1.0,1.0,717.47,60.8,76.56,68.34718526683154,5.539661692651226,67.12,84667018.72353305,9.5,11.686169265687258,7.834598041950391,42.124310032304585,0.9,141.55,MQTT-DDoS-Connect_Flood
50784.06,6.0,64.0,90.1645873328634,90.1645873328634,0.0,0.0,0.0,0.0,0.57,1.0,0.0,0.0,0.0,0.0,0.0,153.83,0.0,0.0,0.0,0.0,0.0,0.0,0.0,1.0,0.0,0.0,0.0,0.0,0.0,1.0,1.0,2478.42,124.86,418.07,233.73492304436192,105.47683836033428,231.68,84666982.22252402,9.5,20.277992580719445,149.1994980559539,22275.81222375704,0.63,141.55,MQTT-DDoS-Publish_Flood
46606.81,6.0,64.0,64.76738483627202,64.76738483627202,0.0,0.0,0.0,0.0,0.39,1.0,0.0,0.0,0.0,0.0,0.0,145.42,0.0,0.0,0.0,0.0,0.0,0.0,0.0,1.0,0.0,0.0,0.0,0.0,0.0,1.0,1.0,2083.84,108.51,349.4,184.67555897087087,78.36369110259747,224.05,84666506.63543451,9.5,17.504799943594854,110.7607565808051,18528.46956371432,0.41,141.55,MQTT-DoS-Publish_Flood
618.05,6.0,64.0,9.271431355055634,9.271431355055634,0.0,0.13,0.19,0.49,0.13,0.35,0.0,0.0,1.75,2.13,1.13,6.86,0.0,0.0,0.0,0.0,0.0,0.0,0.0,1.0,0.0,0.0,0.0,0.0,0.0,1.0,1.0,663.0,58.84,72.3,63.180623158274486,4.997388982957278,63.94,84667049.40362996,9.5,11.220808024899796,7.038580828731601,36.57583748684045,0.73,141.55,MQTT-DDoS-Connect_Flood
61095.7,6.0,64.0,70.32036796081233,70.32036796081233,0.0,0.0,0.0,0.0,0.69,1.0,0.0,0.0,0.0,0.0,0.0,202.31,0.0,0.0,0.0,0.0,0.0,0.0,0.0,1.0,0.0,0.0,0.0,0.0,0.0,1.0,1.0,5637.16,169.57,1140.65,513.822343128191,314.7020164354307,567.55,84666503.10500388,9.5,30.33529338152513,444.9423706270088,128935.73115976992,0.85,141.55,MQTT-DoS-Publish_Flood
47538.1,9.3,63.9,79.5989537686299,79.5989537686299,0.0,0.0,0.1,0.0,0.3,0.6,0.0,0.0,0.0,0.9,0.0,212.2,0.0,0.6,0.2,0.0,0.0,0.0,0.0,0.7,0.3,0.0,0.0,0.0,0.0,1.0,1.0,508.7,58.4,188.4,86.47682539682539,39.807359613304506,102.9,0.0169888973236084,5.5,13.099364520724937,56.29610784739823,3475.997105568153,0.8,38.5,Benign
512.67,6.0,64.0,8.724185504740399,8.724185504740399,0.0,0.24,0.09,0.16,0.12,0.82,0.0,0.0,1.51,1.92,0.74,5.96,0.0,0.0,0.0,0.0,0.0,0.0,0.0,1.0,0.0,0.0,0.0,0.0,0.0,1.0,1.0,689.19,61.24,75.03,66.06170484975979,4.699795324107296,66.04,84667026.68395562,9.5,11.489402615394468,6.636086752158488,27.94411459079281,0.91,141.55,MQTT-DDoS-Connect_Flood
301.82,6.0,64.0,11.74950834382488,11.74950834382488,0.0,0.28,0.25,0.0,0.28,1.0,0.0,0.0,0.76,1.37,0.22,3.88,0.0,0.0,0.0,0.0,0.0,0.0,0.0,1.0,0.0,0.0,0.0,0.0,0.0,1.0,1.0,719.84,66.0,71.36,68.12850693767876,1.987947184348528,69.12,84667028.41365103,9.5,11.671618450694398,2.8069278342874258,5.672300291864681,0.76,141.55,MQTT-DDoS-Connect_Flood
423.61,6.0,64.0,8.000743699564397,8.000743699564397,0.0,0.18,0.28,0.03,0.2,0.77,0.0,0.0,1.01,1.96,0.38,4.83,0.0,0.0,0.0,0.0,0.0,0.0,0.0,1.0,0.0,0.0,0.0,0.0,0.0,1.0,1.0,738.39,65.54,77.18,70.400198762323,4.275593950595433,70.21,84667037.35534596,9.5,11.863330224060787,6.047630478647672,24.33156186090254,0.88,141.55,MQTT-DDoS-Connect_Flood
45669.3,7.1,83.1,1.5535864893468978,1.5535864893468978,0.0,0.0,0.0,0.0,0.5,0.9,0.0,0.0,0.0,0.0,0.0,546.6,0.0,0.0,0.0,0.0,0.0,0.0,0.0,0.9,0.1,0.0,0.0,0.0,0.0,1.0,1.0,1382.2,66.0,219.0,88.7862586415992,37.5716355642723,98.9,169465349.7169578,13.5,13.313513445883046,53.23697746865711,1533.4990473802372,1.0,244.6,Benign
70770.4,2.4,25.6,1.7218099125961104,1.7218099125961104,0.0,0.0,0.0,0.0,0.2,0.4,0.0,0.0,0.0,0.0,0.0,941.4,0.0,0.0,0.0,0.0,0.0,0.0,0.0,0.4,0.0,0.0,0.6,0.0,0.0,0.4,0.4,299.6,42.0,65.6,50.74920634920635,8.641085384604832,61.3,0.0991543054580688,5.5,10.04890508276934,12.220340144532084,114.98683497102544,0.7,38.5,Benign
121659.8,6.0,63.4,1.3162613469094806,1.3162613469094806,0.0,0.0,0.0,0.0,0.6,1.0,0.0,0.0,0.0,0.0,0.0,1527.4,0.0,0.1,0.0,0.0,0.0,0.0,0.0,1.0,0.0,0.0,0.0,0.0,0.0,1.0,1.0,1290.7,66.0,158.6,82.75611662331477,24.296358962314702,95.0,169465844.0165462,13.5,12.862667775280354,34.49146991611778,706.5551840831299,1.0,244.6,Benign
85978.57,6.0,64.0,68.77613278070365,68.77613278070365,0.0,0.0,0.0,0.0,0.5,1.0,0.0,0.0,0.0,0.0,0.0,265.71,0.0,0.0,0.0,0.0,0.0,0.0,0.0,1.0,0.0,0.0,0.0,0.0,0.0,1.0,1.0,3410.84,136.08,746.9,323.65109509041014,222.6539113835936,346.13,84666507.72342402,9.5,22.47928683726517,314.8345343926023,100408.76533840245,0.53,141.55,MQTT-DoS-Publish_Flood
104911.3023255814,6.0,64.0,111.71420187854076,111.71420187854076,0.0,0.0,0.0,0.0,0.4418604651162791,1.0,0.0,0.0,0.0,0.0930232558139534,0.0,427.7325581395349,0.0,0.0,0.0,0.0,0.0,0.0,0.0,1.0,0.0,0.0,0.0,0.0,0.0,1.0,1.0,1918.244186046512,95.15116279069768,372.5348837209302,188.45517914208327,105.826683823048,235.8372093023256,78759982.72304839,9.081395348837209,18.77435467278127,149.0644224884128,22422.02809525349,0.7790697674418605,132.7325581395349,MQTT-DDoS-Publish_Flood
575.09,6.0,64.0,10.54054679497147,10.54054679497147,0.0,0.33,0.23,0.12,0.24,0.65,0.0,0.0,1.69,2.2,0.67,6.53,0.0,0.0,0.0,0.0,0.0,0.0,0.0,1.0,0.0,0.0,0.0,0.0,0.0,1.0,1.0,744.65,61.04,81.46,71.1413264670486,7.086455479719348,70.4,84667026.4918326,9.5,11.920584065236348,10.026021766853267,58.170118369475695,0.92,141.55,MQTT-DDoS-Connect_Flood
33718.88,6.0,64.0,694.7964903542368,694.7964903542368,0.0,0.0,0.0,0.0,0.41,1.0,0.0,0.0,0.0,0.0,0.0,123.9,0.0,0.0,0.0,0.0,0.0,0.0,0.0,1.0,0.0,0.0,0.0,0.0,0.0,1.0,1.0,1544.35,115.12,201.71,150.2760428133528,24.00540435397119,138.92,84666481.05941042,9.5,16.406765973452977,33.88335958576228,1633.5417280122022,0.65,141.55,MQTT-DoS-Publish_Flood
251337.9,8.2,74.5,1.4549281408912222,1.4549281408912222,0.0,0.0,0.0,0.0,0.3,0.8,0.0,0.0,0.0,0.0,0.0,3073.1,0.0,0.0,0.0,0.0,0.0,0.0,0.0,0.8,0.2,0.0,0.0,0.0,0.0,1.0,1.0,1557.0,66.0,404.0,97.4285256036533,79.90882144376536,149.4,169465942.8200976,13.5,13.909579873578878,113.44829367700228,10610.502207193,1.0,244.6,Benign
425.31,6.0,64.0,9.640756167036862,9.640756167036862,0.0,0.2,0.23,0.23,0.19,0.67,0.0,0.0,0.99,1.91,0.57,4.67,0.0,0.0,0.0,0.0,0.0,0.0,0.0,1.0,0.0,0.0,0.0,0.0,0.0,1.0,1.0,701.91,59.32,75.0,66.56001831540492,5.693559272117147,66.86,84667029.39172874,9.5,11.529544648479703,8.058602992803062,44.9342281372781,0.91,141.55,MQTT-DDoS-Connect_Flood
255275.3,6.0,63.4,5.56911836669304,5.56911836669304,0.0,0.0,0.0,0.0,0.4,1.0,0.0,0.0,0.0,0.1,0.0,3273.2,0.0,0.1,0.0,0.0,0.0,0.0,0.0,1.0,0.0,0.0,0.0,0.0,0.0,1.0,1.0,408.6,66.0,88.3,73.38765873015873,9.171146419758928,76.0,0.0001009941101074,5.5,12.11260372893493,12.969959649332528,98.17453513164526,0.9,38.5,Benign
139401.2,6.0,64.0,1.4470905205953597,1.4470905205953597,0.0,0.0,0.0,0.0,0.5,1.0,0.0,0.0,0.0,0.0,0.0,1767.9,0.0,0.0,0.0,0.0,0.0,0.0,0.0,1.0,0.0,0.0,0.0,0.0,0.0,1.0,1.0,444.4,68.2,105.6,81.85484126984127,13.897318801994595,78.5,7.710456848144531e-05,5.5,12.791930128598986,19.65377673040337,218.46463334593096,0.9,38.5,Benign
19121.6,6.0,64.0,0.8742452541508182,0.8742452541508182,0.0,0.0,0.0,0.0,0.6,1.0,0.0,0.0,0.0,0.0,0.0,244.6,0.0,0.0,0.0,0.0,0.0,0.0,0.0,1.0,0.0,0.0,0.0,0.0,0.0,1.0,1.0,1106.0,66.0,113.0,71.51593476269173,12.123653112776582,69.1,169469933.94538072,13.5,11.96042975142287,17.18280575593419,148.52923589081658,1.0,244.6,Benign
48070.9,6.0,64.0,0.841617959524972,0.841617959524972,0.0,0.0,0.0,0.0,0.5,1.0,0.0,0.0,0.0,0.0,0.0,615.4,0.0,0.0,0.0,0.0,0.0,0.0,0.0,1.0,0.0,0.0,0.0,0.0,0.0,1.0,1.0,1028.4,66.0,68.0,66.32105562222435,0.7027371260118986,67.0,169466225.9166167,13.5,11.516389062281714,0.988754608486216,0.5080980522242717,1.0,244.6,Benign
14615.69,6.0,64.0,78.36227161384777,78.36227161384777,0.0,0.0,0.0,0.0,0.54,1.0,0.0,0.0,0.0,0.0,0.0,45.99,0.0,0.0,0.0,0.0,0.0,0.0,0.0,1.0,0.0,0.0,0.0,0.0,0.0,1.0,1.0,2796.22,103.06,628.42,257.32642869565933,177.47020594417015,293.34,84666509.3941973,9.5,21.547536254766737,251.0765012129829,50054.34820729361,0.74,141.55,MQTT-DoS-Publish_Flood
723239.0,6.0,64.0,83.9285624670103,83.9285624670103,0.0,0.0,0.0,0.0,0.0,1.0,0.0,0.0,0.0,0.0,0.0,754.5,0.0,1.0,0.0,0.0,0.0,0.0,0.0,1.0,0.0,0.0,0.0,0.0,0.0,1.0,1.0,8217.0,1494.0,1494.0,1494.0,0.0,1494.0,0.0001374959945678,5.5,54.6626014748658,0.0,0.0,0.0,38.5,Benign
511.0,6.0,64.0,8.829973622589005,8.829973622589005,0.0,0.21,0.29,0.1,0.23,0.71,0.0,0.0,1.37,2.04,0.53,5.93,0.0,0.0,0.0,0.0,0.0,0.0,0.0,1.0,0.0,0.0,0.0,0.0,0.0,1.0,1.0,735.26,62.81,80.04,69.49325951774404,6.163819830924728,70.99,84667046.40593609,9.5,11.780553620881584,8.705227813528454,47.39581132355606,0.88,141.55,MQTT-DDoS-Connect_Flood
173485.9,17.0,70.4,48.2058120799506,48.2058120799506,0.0,0.0,0.0,0.0,0.0,0.0,0.0,0.0,0.0,0.0,0.0,0.0,0.0,0.0,0.0,0.0,0.0,0.0,0.0,0.0,1.0,0.0,0.0,0.0,0.0,1.0,1.0,1633.1,54.0,250.0,104.18026580918222,42.80119472530602,125.4,169470760.52133042,13.5,14.427412068572217,60.72869244935513,2260.3807330965483,1.0,244.6,Benign
38887.11,6.0,64.0,69.51152498262323,69.51152498262323,0.0,0.0,0.0,0.0,0.72,1.0,0.0,0.0,0.0,0.0,0.0,122.57,0.0,0.0,0.0,0.0,0.0,0.0,0.0,1.0,0.0,0.0,0.0,0.0,0.0,1.0,1.0,2830.05,135.77,493.28,260.3164267586988,102.32522168233729,280.73,84666504.30785336,9.5,21.848777312580705,140.64576343258952,14568.467666254428,0.75,141.55,MQTT-DoS-Publish_Flood
231720.7,7.1,57.7,1.8314717370730644,1.8314717370730644,0.0,0.0,0.0,0.0,0.5,0.9,0.0,0.0,0.0,0.0,0.0,2864.3,0.0,0.0,0.0,0.0,0.0,0.0,0.0,0.9,0.1,0.0,0.0,0.0,0.0,1.0,1.0,448.9,69.7,97.8,81.66218253968253,10.701567995964345,82.4,0.0940099000930786,5.5,12.778331875388666,15.134302598550642,152.88376188901486,0.9,38.5,Benign
247387.2,3.6,38.4,1.7735723327193622,1.7735723327193622,0.0,0.0,0.0,0.0,0.3,0.6,0.0,0.0,0.0,0.0,0.0,3069.5,0.0,0.0,0.0,0.0,0.0,0.0,0.0,0.6,0.0,0.0,0.4,0.0,0.0,0.6,0.6,885.8,42.0,85.2,56.49862445088452,12.49815652682427,72.1,169463853.70401108,13.5,10.62260408285486,17.73225642315319,170.8708314900485,1.0,244.6,Benign
357.76,6.0,64.0,10.87405486809509,10.87405486809509,0.0,0.21,0.05,0.03,0.43,0.96,0.0,0.0,0.69,1.84,0.23,4.09,0.0,0.0,0.0,0.0,0.0,0.0,0.0,1.0,0.0,0.0,0.0,0.0,0.0,1.0,1.0,713.56,64.41,73.28,68.14589376559114,3.159948728182176,68.02,84667028.00736853,9.5,11.672816555366865,4.4690690190812825,18.37323938339391,0.88,141.55,MQTT-DDoS-Connect_Flood
464.36,6.0,64.0,10.374227795572445,10.374227795572445,0.0,0.29,0.45,0.0,0.17,0.81,0.0,0.0,1.27,1.92,0.68,5.47,0.0,0.0,0.0,0.0,0.0,0.0,0.0,1.0,0.0,0.0,0.0,0.0,0.0,1.0,1.0,739.44,66.28,74.28,70.22800309395626,3.117832649366325,70.54,84667034.1768191,9.5,11.85040701239516,4.40710440742685,11.632627115479904,0.93,141.55,MQTT-DDoS-Connect_Flood
38749.97,6.0,64.0,114.20777563232538,114.20777563232538,0.0,0.0,0.0,0.0,0.4,1.0,0.0,0.0,0.0,0.0,0.0,205.34,0.0,0.0,0.0,0.0,0.0,0.0,0.0,1.0,0.0,0.0,0.0,0.0,0.0,1.0,1.0,1164.97,88.89,144.48,110.5013848060694,16.0258909430799,111.78,84666486.82112814,9.5,14.495347783112097,22.693195727866577,570.5325708404289,0.48,141.55,MQTT-DoS-Publish_Flood
550.83,6.0,64.0,15.033234679700891,15.033234679700891,0.0,0.09,0.07,0.31,0.22,0.62,0.0,0.0,1.6,1.99,0.68,6.35,0.0,0.0,0.0,0.0,0.0,0.0,0.0,1.0,0.0,0.0,0.0,0.0,0.0,1.0,1.0,701.77,56.28,80.5,66.6291314210815,8.903141366706281,66.41,84667017.41095513,9.5,11.535320658736712,12.591309846478753,88.73425117637764,0.92,141.55,MQTT-DDoS-Connect_Flood
106908.0,5.4,57.6,3.081200729496431,3.081200729496431,0.0,0.0,0.0,0.0,0.5,0.9,0.0,0.0,0.0,0.8,0.0,1293.5,0.0,0.0,0.0,0.0,0.0,0.0,0.0,0.9,0.0,0.0,0.1,0.0,0.0,0.9,0.9,1292.1,64.8,161.0,83.01316378839599,24.81171645659072,87.3,169461716.9894958,13.5,12.883174365175853,35.20827665931297,701.5581381525697,1.0,244.6,Benign
411.47,6.0,64.0,12.183234104750206,12.183234104750206,0.0,0.21,0.19,0.2,0.26,0.77,0.0,0.0,1.13,1.53,0.3,4.9,0.0,0.0,0.0,0.0,0.0,0.0,0.0,1.0,0.0,0.0,0.0,0.0,0.0,1.0,1.0,724.11,61.36,79.92,69.29445729592904,6.764039404770135,68.45,84667038.26404314,9.5,11.76494783687197,9.533960649632483,56.1576753433337,0.92,141.55,MQTT-DDoS-Connect_Flood
478.21,6.0,64.0,7.839301873105917,7.839301873105917,0.0,0.22,0.25,0.15,0.26,0.65,0.0,0.0,1.35,1.79,0.38,5.56,0.0,0.0,0.0,0.0,0.0,0.0,0.0,1.0,0.0,0.0,0.0,0.0,0.0,1.0,1.0,742.14,62.21,81.23,70.42072535634298,7.221694796153987,71.18,84667026.98088348,9.5,11.856016109188513,10.227309521327086,59.07766426606135,0.95,141.55,MQTT-DDoS-Connect_Flood
688853.0,6.0,64.0,90.38643909380328,90.38643909380328,0.0,0.0,0.0,0.0,0.0,1.0,0.0,0.0,0.0,2.0,0.0,664.5,0.0,1.0,0.0,0.0,0.0,0.0,0.0,1.0,0.0,0.0,0.0,0.0,0.0,1.0,1.0,23157.0,1494.0,1494.0,1494.0,0.0,1494.0,169462778.57421342,13.5,54.6626014748658,0.0,0.0,0.0,244.6,Benign
432416.4,6.0,64.0,2.034292136594226,2.034292136594226,0.0,0.0,0.0,0.0,0.5,1.0,0.0,0.0,0.0,0.0,0.0,5567.1,0.0,0.0,0.0,0.0,0.0,0.0,0.0,1.0,0.0,0.0,0.0,0.0,0.0,1.0,1.0,2052.6,66.0,930.0,134.444624115135,212.26894034505293,77.9,169468958.15062258,13.5,16.40239691248383,300.8172108841716,45575.389591323255,1.0,244.6,Benign
410.05,6.0,64.0,11.07659094164964,11.07659094164964,0.0,0.36,0.16,0.14,0.17,0.84,0.0,0.0,1.04,1.85,0.48,4.71,0.0,0.0,0.0,0.0,0.0,0.0,0.0,1.0,0.0,0.0,0.0,0.0,0.0,1.0,1.0,698.08,62.36,72.22,66.12942508012284,3.353576591593578,66.67,84667035.35690552,9.5,11.495001742187702,4.746854482356487,18.576905640588446,0.82,141.55,MQTT-DDoS-Connect_Flood
72753.55,6.0,64.0,187.9386664560872,187.9386664560872,0.0,0.0,0.0,0.0,0.75,1.0,0.0,0.0,0.0,1.2,0.0,535.45,0.0,0.0,0.0,0.0,0.0,0.0,0.0,1.0,0.0,0.0,0.0,0.0,0.0,1.0,1.0,1674.0,105.24,353.76,171.2205945725241,79.29419125195287,161.92,84666980.55313885,9.5,17.82691555396301,112.2345789451586,18120.388719781506,0.63,141.55,MQTT-DDoS-Publish_Flood
11881.8,7.1,83.1,1.0900145600780138,1.0900145600780138,0.0,0.0,0.0,0.0,0.5,0.9,0.0,0.0,0.0,0.0,0.0,149.7,0.0,0.0,0.0,0.0,0.0,0.0,0.0,0.9,0.1,0.0,0.0,0.0,0.0,1.0,1.0,592.0,85.7,246.0,126.68690476190474,58.97126183687796,93.6,0.0144618988037109,5.5,15.717711639125568,83.39795827996772,3962.6219200680266,0.9,38.5,Benign
198851.5,6.0,64.0,1.0542222865138091,1.0542222865138091,0.0,0.0,0.0,0.0,0.5,1.0,0.0,0.0,0.0,0.0,0.0,2658.3,0.0,0.0,0.0,0.0,0.0,0.0,0.0,1.0,0.0,0.0,0.0,0.0,0.0,1.0,1.0,1454.9,66.0,342.0,94.5476571179938,67.00432404945357,75.3,169464751.0171908,13.5,13.748526794900592,94.97504243111068,4540.982288749425,1.0,244.6,Benign
603.78,6.0,64.0,5.294834872783988,5.294834872783988,0.0,0.09,0.15,0.27,0.18,0.69,0.0,0.0,1.79,2.73,0.85,6.53,0.0,0.0,0.0,0.0,0.0,0.0,0.0,1.0,0.0,0.0,0.0,0.0,0.0,1.0,1.0,699.64,58.44,78.13,66.68419127247881,7.290319815593696,66.61,84667042.19026305,9.5,11.540856502174968,10.313366889918072,69.83359725223583,0.85,141.55,MQTT-DDoS-Connect_Flood
108297.8,8.2,81.9,0.9469733260720294,0.9469733260720294,0.0,0.0,0.0,0.0,0.3,0.8,0.0,0.0,0.0,0.0,0.0,1280.9,0.0,0.1,0.0,0.0,0.0,0.0,0.0,0.8,0.2,0.0,0.0,0.0,0.0,1.0,1.0,1694.4,62.4,519.5,105.25458189385436,106.2345383211109,172.0,169463320.4052877,13.5,14.415521431641258,150.85065831724833,19581.485317098537,1.0,244.6,Benign
22411.3,6.0,64.0,1.4660397308851305,1.4660397308851305,0.0,0.0,0.0,0.0,0.5,1.0,0.0,0.0,0.0,0.0,0.0,278.3,0.0,0.0,0.0,0.0,0.0,0.0,0.0,1.0,0.0,0.0,0.0,0.0,0.0,1.0,1.0,1235.9,66.0,111.0,79.73373156427337,16.50345200695375,78.5,169465746.8171101,13.5,12.625622718763916,23.389655841896523,273.76336330463505,1.0,244.6,Benign
92626.9,6.0,64.0,1.6435971845587254,1.6435971845587254,0.0,0.0,0.0,0.0,0.5,1.0,0.0,0.0,0.0,0.0,0.0,1134.1,0.0,0.0,0.0,0.0,0.0,0.0,0.0,1.0,0.0,0.0,0.0,0.0,0.0,1.0,1.0,442.2,66.0,101.1,78.35063492063492,14.689056956498025,81.2,0.0001111030578613,5.5,12.510634136718254,20.773463566350365,253.30263353489545,0.9,38.5,Benign
207369.0,6.0,64.0,1.7214554689664223,1.7214554689664223,0.0,0.0,0.0,0.0,0.5,1.0,0.0,0.0,0.0,0.0,0.0,2551.1,0.0,0.0,0.0,0.0,0.0,0.0,0.0,1.0,0.0,0.0,0.0,0.0,0.0,1.0,1.0,465.0,70.4,110.6,87.53416666666666,17.034923595816814,81.0,3.95059585571289e-05,5.5,13.21886059284775,24.091019983193583,324.2346160714286,0.9,38.5,Benign
10607.6,6.0,64.0,1.4590776887042003,1.4590776887042003,0.0,0.0,0.0,0.0,0.5,1.0,0.0,0.0,0.0,0.0,0.0,128.5,0.0,0.0,0.0,0.0,0.0,0.0,0.0,1.0,0.0,0.0,0.0,0.0,0.0,1.0,1.0,1204.0,66.0,103.0,77.51676549284909,12.227589772902547,81.5,169462694.00074962,13.5,12.456243786857698,17.303211987897033,152.73435540358946,1.0,244.6,Benign
390771.7,6.0,64.0,2.0340471308043546,2.0340471308043546,0.0,0.0,0.0,0.0,0.5,1.0,0.0,0.0,0.0,0.0,0.0,4865.5,0.0,0.0,0.0,0.0,0.0,0.0,0.0,1.0,0.0,0.0,0.0,0.0,0.0,1.0,1.0,1231.9,66.0,111.0,79.34466328691947,15.744123735117592,80.5,169463773.10916263,13.5,12.595174552069905,22.32014180444931,250.228480682046,1.0,244.6,Benign
630.99,6.11,64.0,17.64976766078192,17.64976766078192,0.0,0.06,0.45,0.12,0.16,0.75,0.0,0.0,0.26,3.0,0.79,6.66,0.0,0.0,0.0,0.0,0.0,0.0,0.0,0.99,0.01,0.0,0.0,0.0,0.0,1.0,1.0,762.23,63.2,90.13,72.3170709110291,7.354927009490383,72.67,84662377.28957053,9.5,12.02256770945434,10.417926535347195,140.62617675162065,0.85,141.55,MQTT-DoS-Connect_Flood
207482.8,6.0,64.0,1.186730276127211,1.186730276127211,0.0,0.0,0.0,0.0,0.5,1.0,0.0,0.0,0.0,0.0,0.0,2753.1,0.0,0.0,0.0,0.0,0.0,0.0,0.0,1.0,0.0,0.0,0.0,0.0,0.0,1.0,1.0,1227.0,66.0,111.0,79.28583017687507,15.124658074145607,76.3,169464730.81689832,13.5,12.597534296450627,21.400731213094463,229.5008494105716,1.0,244.6,Benign
47021.8,7.1,64.0,1.3379816867274403,1.3379816867274403,0.0,0.0,0.0,0.0,0.5,0.9,0.0,0.0,0.0,0.0,0.0,569.9,0.0,0.0,0.0,0.0,0.0,0.0,0.0,0.9,0.1,0.0,0.0,0.0,0.0,1.0,1.0,1284.3,66.0,152.2,82.40889956105126,22.971670315459168,93.4,169466424.8232374,13.5,12.835985281610895,32.6065653299398,611.4853649485285,1.0,244.6,Benign
383.08,6.0,64.0,8.470387634047304,8.470387634047304,0.0,0.32,0.13,0.15,0.23,0.82,0.0,0.0,0.87,1.92,0.27,4.33,0.0,0.0,0.0,0.0,0.0,0.0,0.0,1.0,0.0,0.0,0.0,0.0,0.0,1.0,1.0,703.81,60.72,76.07,67.21310344982675,5.018154827205151,66.78,84667031.46423005,9.5,11.593655560413836,7.095264644681681,35.902236526374566,0.9,141.55,MQTT-DDoS-Connect_Flood
394011.4,7.1,70.4,1.8372895839839736,1.8372895839839736,0.0,0.0,0.0,0.0,0.4,0.9,0.0,0.0,0.0,0.0,0.0,4893.8,0.0,0.0,0.0,0.0,0.0,0.0,0.0,0.9,0.1,0.0,0.0,0.0,0.0,1.0,1.0,512.2,66.0,175.8,87.58087301587301,36.52643042166311,103.6,0.101029896736145,5.5,13.193027456707917,51.656173287393166,2354.6073151297555,0.9,38.5,Benign
1625.4,6.0,64.0,1.8292597967746007,1.8292597967746007,0.0,0.0,0.0,0.0,0.5,1.0,0.0,0.0,0.0,0.0,0.0,20.1,0.0,0.0,0.0,0.0,0.0,0.0,0.0,1.0,0.0,0.0,0.0,0.0,0.0,1.0,1.0,457.6,67.9,105.8,83.23436507936508,15.774055005937052,81.2,8.778572082519531e-05,5.5,12.899715231492207,22.30788252301539,284.40097348198543,0.9,38.5,Benign
612.34,6.0,64.0,10.93603020010536,10.93603020010536,0.0,0.2,0.18,0.39,0.2,0.44,0.0,0.0,1.75,2.08,0.91,6.89,0.0,0.0,0.0,0.0,0.0,0.0,0.0,1.0,0.0,0.0,0.0,0.0,0.0,1.0,1.0,692.57,57.68,76.83,65.34358743995084,6.951757458706144,65.58,84667044.11295635,9.5,11.419428925031736,9.81906152399198,62.5508778586047,0.92,141.55,MQTT-DDoS-Connect_Flood
288.83,6.0,64.0,8.337175214736629,8.337175214736629,0.0,0.01,0.33,0.1,0.03,0.89,0.0,0.0,0.39,1.42,0.28,3.32,0.0,0.0,0.0,0.0,0.0,0.0,0.0,1.0,0.0,0.0,0.0,0.0,0.0,1.0,1.0,713.58,61.88,73.18,68.0442254602123,3.7148774490479086,68.31,84667027.10860114,9.5,11.663552362261376,5.240924928539726,20.03764768999684,0.75,141.55,MQTT-DDoS-Connect_Flood
493.13,6.0,64.0,9.206956283841787,9.206956283841787,0.0,0.22,0.27,0.24,0.19,0.68,0.0,0.0,1.36,1.94,0.64,5.62,0.0,0.0,0.0,0.0,0.0,0.0,0.0,1.0,0.0,0.0,0.0,0.0,0.0,1.0,1.0,711.29,60.85,79.81,68.34254576851599,7.146911069556532,68.08,84667021.12639937,9.5,11.678110593467991,10.080848562422345,58.87066088750154,0.94,141.55,MQTT-DDoS-Connect_Flood
342.53,6.0,64.0,10.320274117947813,10.320274117947813,0.0,0.1,0.19,0.17,0.18,0.79,0.0,0.0,0.79,1.49,0.39,4.1,0.0,0.0,0.0,0.0,0.0,0.0,0.0,1.0,0.0,0.0,0.0,0.0,0.0,1.0,1.0,703.18,59.84,75.58,67.0379952328803,5.5815843527173135,66.82,84667040.60023807,9.5,11.57641149761003,7.893115830322795,40.95785108251301,0.95,141.55,MQTT-DDoS-Connect_Flood
102128.5,6.0,64.0,0.8849154603390517,0.8849154603390517,0.0,0.0,0.0,0.0,1.0,1.0,0.0,0.0,0.0,0.0,0.0,1310.5,0.0,0.0,0.0,0.0,0.0,0.0,0.0,1.0,0.0,0.0,0.0,0.0,0.0,1.0,1.0,492.4,82.2,112.2,91.92801587301588,10.944627557670184,89.9,0.0001626968383789,5.5,13.550714858211432,15.478040727179495,136.14711407155454,0.9,38.5,Benign
465.91,6.0,64.0,12.183552957294776,12.183552957294776,0.0,0.33,0.26,0.0,0.3,0.78,0.0,0.0,1.26,1.83,0.44,5.56,0.0,0.0,0.0,0.0,0.0,0.0,0.0,1.0,0.0,0.0,0.0,0.0,0.0,1.0,1.0,752.64,66.68,80.4,72.00482276147484,4.975714082021843,71.42,84667028.57215753,9.5,11.997942799736345,7.024521760525873,27.768649932383667,0.95,141.55,MQTT-DDoS-Connect_Flood
389.15,6.0,64.0,8.914025200549984,8.914025200549984,0.0,0.07,0.18,0.11,0.38,0.86,0.0,0.0,0.72,1.92,0.53,4.34,0.0,0.0,0.0,0.0,0.0,0.0,0.0,1.0,0.0,0.0,0.0,0.0,0.0,1.0,1.0,708.97,62.16,74.62,67.49851436248649,4.65070900884946,67.9,84667035.38134047,9.5,11.614052551719316,6.580178728033093,33.846117621548885,0.91,141.55,MQTT-DDoS-Connect_Flood
533.75,6.0,64.0,10.942784527223091,10.942784527223091,0.0,0.24,0.18,0.01,0.16,0.85,0.0,0.0,1.42,2.27,0.41,6.18,0.0,0.0,0.0,0.0,0.0,0.0,0.0,1.0,0.0,0.0,0.0,0.0,0.0,1.0,1.0,747.12,66.33,80.39,71.22096519669701,5.6862846599648265,70.94,84667021.5349471,9.5,11.93373896542622,8.032882712898191,36.37692123296762,0.94,141.55,MQTT-DDoS-Connect_Flood
269.65,6.0,64.0,11.536204783067676,11.536204783067676,0.0,0.21,0.16,0.08,0.23,0.89,0.0,0.0,0.54,1.11,0.2,3.38,0.0,0.0,0.0,0.0,0.0,0.0,0.0,1.0,0.0,0.0,0.0,0.0,0.0,1.0,1.0,709.98,64.36,74.02,67.83499934516809,3.5217798747759765,67.61,84667041.40440305,9.5,11.646145059143544,4.974936811442196,18.388177390786904,0.92,141.55,MQTT-DDoS-Connect_Flood
115.8,6.0,64.0,120208.3726096538,120208.3726096538,0.0,0.16,0.25,0.16,0.1,0.77,0.0,0.0,0.23,0.25,0.25,1.41,0.0,0.0,0.0,0.0,0.0,0.0,0.0,1.0,0.0,0.0,0.0,0.0,0.0,1.0,1.0,704.38,61.8,76.23,67.95383669929143,5.155737501205161,67.0,84667048.72884496,9.5,11.652195515460756,7.293238834035844,33.40711439523591,0.91,141.55,MQTT-DDoS-Connect_Flood
23592.21,6.0,64.0,2269.153896033202,2269.153896033202,0.0,0.01,0.01,0.14,0.53,0.86,0.0,0.0,0.64,1.02,10.89,34.8,0.0,0.0,0.0,0.0,0.0,0.0,0.0,1.0,0.0,0.0,0.0,0.0,0.0,1.0,1.0,7894.05,354.8,956.09,777.1964069163121,218.9121165863003,689.55,84666961.2093066,9.5,34.8986133201052,309.8180176156101,96691.48372350232,0.87,141.55,MQTT-DDoS-Publish_Flood
355655.0,6.0,64.0,1.4803429109702102,1.4803429109702102,0.0,0.0,0.0,0.0,0.5,1.0,0.0,0.0,0.0,0.0,0.0,4513.7,0.0,0.0,0.0,0.0,0.0,0.0,0.0,1.0,0.0,0.0,0.0,0.0,0.0,1.0,1.0,448.4,70.5,111.0,85.2207142857143,15.219295111660731,78.6,0.0001353979110717,5.5,13.038001081538104,21.52333355666916,262.7072964852608,0.9,38.5,Benign
429.6,6.0,64.0,10.499691183887112,10.499691183887112,0.0,0.15,0.14,0.23,0.16,0.79,0.0,0.0,1.11,1.59,0.45,4.98,0.0,0.0,0.0,0.0,0.0,0.0,0.0,1.0,0.0,0.0,0.0,0.0,0.0,1.0,1.0,699.99,58.69,77.86,66.91770219795686,6.601288915940496,66.88,84667020.34137365,9.5,11.561990944961556,9.339569986734324,51.61704121509622,0.95,141.55,MQTT-DDoS-Connect_Flood
23166.8,6.0,64.0,1.466529524772712,1.466529524772712,0.0,0.0,0.0,0.0,0.7,1.0,0.0,0.0,0.0,0.0,0.0,294.5,0.0,0.0,0.0,0.0,0.0,0.0,0.0,1.0,0.0,0.0,0.0,0.0,0.0,1.0,1.0,3883.9,66.0,1494.0,256.5223658436506,384.3444153112258,84.8,169323393.19363528,13.5,22.642921297727924,544.5687226623868,149100.7859862772,1.0,244.6,MQTT-Malformed_Data
328709.3,8.2,83.1,1.667235532022439,1.667235532022439,0.0,0.0,0.0,0.0,0.4,0.8,0.0,0.0,0.0,0.0,0.0,4074.7,0.0,0.0,0.0,0.0,0.0,0.0,0.0,0.8,0.2,0.0,0.0,0.0,0.0,1.0,1.0,607.3,66.0,192.4,102.88972222222222,50.022245579344165,106.1,0.0999568939208984,5.5,14.25152013466619,70.74213811866612,3366.1930891754846,0.9,38.5,Benign
456.15,6.0,64.0,10.92500297794171,10.92500297794171,0.0,0.14,0.35,0.24,0.13,0.44,0.0,0.0,1.25,1.94,0.45,5.19,0.0,0.0,0.0,0.0,0.0,0.0,0.0,1.0,0.0,0.0,0.0,0.0,0.0,1.0,1.0,709.81,60.69,78.89,68.33385568112658,6.8902486842814,67.83,84667024.58951187,9.5,11.67949402053704,9.749012048664902,54.177063543739486,0.93,141.55,MQTT-DDoS-Connect_Flood
479.25,6.0,64.0,8.457111353556702,8.457111353556702,0.0,0.19,0.42,0.02,0.25,0.7,0.0,0.0,1.11,2.3,0.5,5.26,0.0,0.0,0.0,0.0,0.0,0.0,0.0,1.0,0.0,0.0,0.0,0.0,0.0,1.0,1.0,768.38,66.76,79.97,73.19890271686518,5.250901514514574,73.29,84667029.2988762,9.5,12.09743582940705,7.424427220797043,32.48015053609063,0.92,141.55,MQTT-DDoS-Connect_Flood
221.03,6.0,64.0,111.45471445477968,111.45471445477968,0.0,0.18,0.24,0.04,0.34,0.96,0.0,0.0,0.31,1.02,0.12,2.91,0.0,0.0,0.0,0.0,0.0,0.0,0.0,1.0,0.0,0.0,0.0,0.0,0.0,1.0,1.0,740.84,66.45,74.84,70.58301483780238,3.6209257126087007,70.31,84667025.08493549,9.5,11.87906584186306,5.121853751852889,17.079786508800126,0.92,141.55,MQTT-DDoS-Connect_Flood
461.31,6.0,64.0,9.461494590908304,9.461494590908304,0.0,0.12,0.16,0.35,0.2,0.61,0.0,0.0,1.14,1.83,0.77,5.16,0.0,0.0,0.0,0.0,0.0,0.0,0.0,1.0,0.0,0.0,0.0,0.0,0.0,1.0,1.0,676.61,59.88,73.37,64.49386387116496,4.973636579050229,64.27,84667027.69378375,9.5,11.350863379729244,7.015733178917012,32.8910920321294,0.91,141.55,MQTT-DDoS-Connect_Flood
110861.7,6.0,64.0,1.5911412831288017,1.5911412831288017,0.0,0.0,0.0,0.0,0.5,1.0,0.0,0.0,0.0,0.0,0.0,1356.9,0.0,0.0,0.0,0.0,0.0,0.0,0.0,1.0,0.0,0.0,0.0,0.0,0.0,1.0,1.0,441.1,66.0,106.5,79.61670634920634,16.566458804469644,80.5,0.0001452922821044,5.5,12.61140978947721,23.42851072177614,308.7414285556815,0.9,38.5,Benign
369.42,6.0,64.0,8.996379214517962,8.996379214517962,0.0,0.2,0.16,0.09,0.19,0.91,0.0,0.0,0.65,1.83,0.27,4.2,0.0,0.0,0.0,0.0,0.0,0.0,0.0,1.0,0.0,0.0,0.0,0.0,0.0,1.0,1.0,717.35,64.08,73.63,68.01648108079571,3.535154926083678,68.45,84667033.17209513,9.5,11.6612365196047,4.999924743371968,16.173202386153324,0.86,141.55,MQTT-DDoS-Connect_Flood
61947.3,6.0,64.0,0.6230157835329974,0.6230157835329974,0.0,0.0,0.0,0.0,0.6,1.0,0.0,0.0,0.0,0.0,0.0,785.4,0.0,0.0,0.0,0.0,0.0,0.0,0.0,1.0,0.0,0.0,0.0,0.0,0.0,1.0,1.0,1100.4,66.0,113.0,71.12423705723242,12.266993803402515,67.2,169465853.9169445,13.5,11.927620243249326,17.386083009945178,152.18520707550914,1.0,244.6,Benign
219628.8,6.0,64.0,1.4600322967566008,1.4600322967566008,0.0,0.0,0.0,0.0,0.5,1.0,0.0,0.0,0.0,0.0,0.0,2666.1,0.0,0.0,0.0,0.0,0.0,0.0,0.0,1.0,0.0,0.0,0.0,0.0,0.0,1.0,1.0,1339.2,66.0,217.0,86.63379406755953,37.018642326408624,80.8,169463716.5081615,13.5,13.170285119942797,52.43416403410547,1381.4619181716555,1.0,244.6,Benign
7869.7,6.0,64.0,1.4608523959641628,1.4608523959641628,0.0,0.0,0.0,0.0,0.8,1.0,0.0,0.0,0.0,0.0,0.0,102.2,0.0,0.0,0.0,0.0,0.0,0.0,0.0,1.0,0.0,0.0,0.0,0.0,0.0,1.0,1.0,475.2,80.0,97.9,86.29293650793652,5.48226177725176,84.2,0.0053513050079345,5.5,13.136629719304269,7.753088957869069,44.9168502771479,0.9,38.5,MQTT-Malformed_Data
13980.9,6.0,64.0,1.5865779958934765,1.5865779958934765,0.0,0.0,0.0,0.0,0.5,1.0,0.0,0.0,0.0,0.0,0.0,177.7,0.0,0.0,0.0,0.0,0.0,0.0,0.0,1.0,0.0,0.0,0.0,0.0,0.0,1.0,1.0,435.5,66.0,106.5,79.08150793650793,15.714200324179538,78.3,0.0001592874526977,5.5,12.568931640084958,22.22323522030239,280.9733053036029,0.9,38.5,Benign
332.46,6.0,64.0,7.911905918947644,7.911905918947644,0.0,0.27,0.2,0.0,0.28,1.0,0.0,0.0,0.68,1.62,0.43,3.88,0.0,0.0,0.0,0.0,0.0,0.0,0.0,1.0,0.0,0.0,0.0,0.0,0.0,1.0,1.0,722.96,66.4,72.56,68.8953181447036,2.504496794271471,68.72,84667017.84657782,9.5,11.73774800239675,3.542360700104384,7.03240151392006,0.95,141.55,MQTT-DDoS-Connect_Flood
50462.06,6.0,64.0,82.33853118937296,82.33853118937296,0.0,0.0,0.0,0.0,0.29,1.0,0.0,0.0,0.0,0.0,0.0,127.07,0.0,0.0,0.0,0.0,0.0,0.0,0.0,1.0,0.0,0.0,0.0,0.0,0.0,1.0,1.0,2276.28,89.98,399.53,202.14000836912484,116.30643396849882,211.59,84666479.92301796,9.5,17.629155536914887,164.56730195421852,52502.19216476141,0.34,141.55,MQTT-DoS-Publish_Flood
6254.99,6.0,64.0,52.87938333119765,52.87938333119765,0.0,0.0,0.0,0.06,0.18,0.94,0.0,0.0,0.34,0.0,4.69,17.25,0.0,0.01,0.0,0.0,0.0,0.0,0.0,1.0,0.0,0.0,0.0,0.0,0.0,1.0,1.0,4737.68,143.58,601.52,436.64437868564187,181.7506085273043,440.54,84666977.90607485,9.5,24.09548637373269,256.35575706026674,103046.91625390972,0.52,141.55,MQTT-DDoS-Publish_Flood
28879.9,6.0,64.0,0.4580532611740044,0.4580532611740044,0.0,0.0,0.0,0.0,0.5,1.0,0.0,0.0,0.0,0.0,0.0,387.3,0.0,0.0,0.0,0.0,0.0,0.0,0.0,1.0,0.0,0.0,0.0,0.0,0.0,1.0,1.0,1321.7,66.0,217.0,85.6457668208984,36.342701357934295,75.3,169462419.99984157,13.5,13.084960610900684,51.51201277200752,1334.943361783782,1.0,244.6,Benign
27755.74,6.0,64.0,88.77920019028728,88.77920019028728,0.0,0.0,0.0,0.0,0.79,1.0,0.0,0.0,0.0,0.0,0.0,167.79,0.0,0.0,0.0,0.0,0.0,0.0,0.0,1.0,0.0,0.0,0.0,0.0,0.0,1.0,1.0,1844.04,122.68,252.39,171.03043131374133,51.707523112602736,180.45,84666503.28194381,9.5,18.312573430294684,73.05664233105338,3399.074599542831,0.83,141.55,MQTT-DoS-Publish_Flood
522.63,6.0,64.0,11.032965172438413,11.032965172438413,0.0,0.32,0.1,0.0,0.54,0.92,0.0,0.0,1.3,2.19,0.26,6.1,0.0,0.0,0.0,0.0,0.0,0.0,0.0,1.0,0.0,0.0,0.0,0.0,0.0,1.0,1.0,775.18,66.49,80.11,73.76719732576504,5.949565840444501,74.01,84667048.33663023,9.5,12.14246152326204,8.411715470870806,42.23783266761416,0.94,141.55,MQTT-DDoS-Connect_Flood
486723.5,6.0,64.0,1.593435824687306,1.593435824687306,0.0,0.0,0.0,0.0,0.5,1.0,0.0,0.0,0.0,0.0,0.0,5960.7,0.0,0.0,0.0,0.0,0.0,0.0,0.0,1.0,0.0,0.0,0.0,0.0,0.0,1.0,1.0,1242.1,66.0,111.0,80.03751091959296,16.93264186016361,81.1,169465300.51494202,13.5,12.64893330300928,23.99778981422393,288.2842919781957,1.0,244.6,Benign
130238.4,6.0,64.0,1.7757833541820396,1.7757833541820396,0.0,0.0,0.0,0.0,0.5,1.0,0.0,0.0,0.0,0.0,0.0,1668.3,0.0,0.0,0.0,0.0,0.0,0.0,0.0,1.0,0.0,0.0,0.0,0.0,0.0,1.0,1.0,439.4,67.7,104.6,80.39035714285714,13.49778475541624,78.0,0.1000555038452148,5.5,12.677658973086684,19.08875026310245,209.0108360260771,0.9,38.5,Benign
595581.5,6.0,64.0,2.033783943289486,2.033783943289486,0.0,0.0,0.0,0.0,0.5,1.0,0.0,0.0,0.0,0.0,0.0,7421.1,0.0,0.0,0.0,0.0,0.0,0.0,0.0,1.0,0.0,0.0,0.0,0.0,0.0,1.0,1.0,1224.4,54.0,110.9,78.9267122102184,17.27578896115663,80.4,169470270.8461276,13.5,12.561515466870285,24.48618732060953,300.5343481114213,1.0,244.6,Benign
195820.9,6.0,64.0,1.4621463374732548,1.4621463374732548,0.0,0.0,0.0,0.0,0.5,1.0,0.0,0.0,0.0,0.0,0.0,2485.3,0.0,0.0,0.0,0.0,0.0,0.0,0.0,1.0,0.0,0.0,0.0,0.0,0.0,1.0,1.0,1222.4,66.0,111.0,78.8950377744031,15.283161530295638,78.8,169469281.5359087,13.5,12.556197239864376,21.627716645768647,234.32623029565508,1.0,244.6,Benign
109.05,6.0,64.0,419846.3006349976,419846.3006349976,0.0,0.18,0.34,0.24,0.13,0.42,0.0,0.0,0.18,0.35,0.33,0.92,0.0,0.0,0.0,0.0,0.0,0.0,0.0,1.0,0.0,0.0,0.0,0.0,0.0,1.0,1.0,705.4,56.6,78.71,66.24565511745736,7.754494941544576,68.05,84667020.81871207,9.5,11.500009432946804,10.963858434340274,70.11284686788211,0.93,141.55,MQTT-DDoS-Connect_Flood
519113.0,6.0,248.0,23.925646679867004,23.925646679867004,0.0,0.0,0.0,0.0,0.0,1.0,0.0,0.0,0.0,1.0,0.0,6185.5,0.0,1.0,0.0,0.0,0.0,0.0,0.0,1.0,0.0,0.0,0.0,0.0,0.0,1.0,1.0,1023.0,66.0,66.0,66.0,0.0,66.0,169469248.0897941,13.5,11.489125293076055,0.0,0.0,0.0,244.6,Benign
633.32,6.0,64.0,31.515696765447554,31.515696765447554,0.0,0.04,0.21,0.14,0.25,0.89,0.0,0.0,0.4,2.6,0.96,7.16,0.0,0.0,0.0,0.0,0.0,0.0,0.0,1.0,0.0,0.0,0.0,0.0,0.0,1.0,1.0,730.91,64.92,76.56,69.87382298832918,4.078276322834014,69.49,84662390.74898016,9.5,11.820562993825366,5.762132746265982,22.07377111673528,0.86,141.55,MQTT-DoS-Connect_Flood
39523.7,6.0,64.0,35.07488388600153,35.07488388600153,0.0,0.0,0.13,0.53,0.18,0.46,0.0,0.0,0.78,1.09,12.03,43.86,0.0,0.0,0.0,0.0,0.0,0.0,0.0,1.0,0.0,0.0,0.0,0.0,0.0,1.0,1.0,3363.05,85.23,703.02,349.9021776220855,246.9430428495526,286.54,84666961.65807335,9.5,22.773992885460483,349.33980544453715,138101.62074469298,0.77,141.55,MQTT-DDoS-Publish_Flood
7290.5,5.3,80.7,3.335654042268169,3.335654042268169,0.0,0.0,0.0,0.0,0.3,0.6,0.0,0.0,0.0,0.0,0.0,59.2,0.0,0.0,0.0,0.0,0.0,0.0,0.0,0.6,0.1,0.0,0.3,0.0,0.0,0.7,0.7,579.6,42.0,217.8,91.03908730158729,63.40671500746801,109.9,0.0829267978668212,5.5,13.234764032575368,89.67063630908692,6205.937735056059,0.9,38.5,MQTT-Malformed_Data
840.0,6.0,64.0,29.409707527059663,29.409707527059663,0.0,0.01,0.19,0.24,0.22,0.84,0.0,0.0,0.23,3.48,1.23,9.74,0.0,0.0,0.0,0.0,0.0,0.0,0.0,1.0,0.0,0.0,0.0,0.0,0.0,1.0,1.0,736.3,63.96,80.17,70.03177653379474,5.521068145185989,69.94,84662364.58661208,9.5,11.831326464115286,7.809084501225667,34.939666014400345,0.93,141.55,MQTT-DoS-Connect_Flood
48103.8,6.0,64.0,0.6168733899856664,0.6168733899856664,0.0,0.0,0.0,0.0,0.2,1.0,0.0,0.0,0.0,0.0,0.0,607.2,0.0,0.0,0.0,0.0,0.0,0.0,0.0,1.0,0.0,0.0,0.0,0.0,0.0,1.0,1.0,1036.8,66.0,68.0,66.91809814626379,0.9846835503875888,66.4,169462433.9007019,13.5,11.569070856081376,1.3940821022537695,0.97189424155184,1.0,244.6,Benign
82886.29,6.0,64.0,81.4857580791043,81.4857580791043,0.0,0.0,0.0,0.0,0.2,1.0,0.0,0.0,0.0,0.0,0.0,250.25,0.0,0.0,0.0,0.0,0.0,0.0,0.0,1.0,0.0,0.0,0.0,0.0,0.0,1.0,1.0,1932.65,79.08,359.04,171.9509464033129,107.55471911080323,195.71,84666982.11328503,9.5,16.66172695244482,151.91575368164172,43430.7743368971,0.36,141.55,MQTT-DDoS-Publish_Flood
410.37,6.0,64.0,9.123845962442626,9.123845962442626,0.0,0.23,0.28,0.13,0.26,0.85,0.0,0.0,0.75,1.75,0.45,4.96,0.0,0.0,0.0,0.0,0.0,0.0,0.0,1.0,0.0,0.0,0.0,0.0,0.0,1.0,1.0,750.38,65.6,80.97,71.70176649099095,5.359608923289436,70.59,84667044.4447241,9.5,11.974205284131868,7.575389493562953,32.69431108586532,0.92,141.55,MQTT-DDoS-Connect_Flood
392806.4,6.0,64.0,2.03383700933921,2.03383700933921,0.0,0.0,0.0,0.0,0.5,1.0,0.0,0.0,0.0,0.0,0.0,4897.9,0.0,0.0,0.0,0.0,0.0,0.0,0.0,1.0,0.0,0.0,0.0,0.0,0.0,1.0,1.0,466.2,70.5,111.0,88.4595634920635,17.817309154254183,80.5,0.1000751972198486,5.5,13.286257060665088,25.19748025094056,355.9916779887881,0.9,38.5,Benign
92.63,6.0,64.0,105202.22468893632,105202.22468893632,0.0,0.22,0.32,0.0,0.19,0.77,0.0,0.0,0.22,0.32,0.0,1.09,0.0,0.0,0.0,0.0,0.0,0.0,0.0,1.0,0.0,0.0,0.0,0.0,0.0,1.0,1.0,737.11,66.32,76.51,70.20313614382694,3.7692147781084686,69.97,84667040.1923052,9.5,11.84820374182974,5.334705892761206,17.7801402627484,0.9,141.55,MQTT-DDoS-Connect_Flood
3590479.0,6.0,64.0,108.61380989238044,108.61380989238044,0.0,0.0,0.0,0.0,0.0,1.0,0.0,0.0,0.0,0.0,0.0,3621.5,0.0,1.0,0.0,0.0,0.0,0.0,0.0,1.0,0.0,0.0,0.0,0.0,0.0,1.0,1.0,23157.0,1494.0,1494.0,1494.0,0.0,1494.0,169323376.49060458,13.5,54.6626014748658,0.0,0.0,0.0,244.6,MQTT-Malformed_Data
457.41,6.0,64.0,9.65651864865422,9.65651864865422,0.0,0.2,0.1,0.16,0.19,0.82,0.0,0.0,1.19,1.79,0.41,5.45,0.0,0.0,0.0,0.0,0.0,0.0,0.0,1.0,0.0,0.0,0.0,0.0,0.0,1.0,1.0,704.64,61.08,76.75,67.09136747411516,5.277858793442274,67.0,84667042.59136601,9.5,11.57786702768538,7.437040901067012,34.73581342530586,0.9,141.55,MQTT-DDoS-Connect_Flood
652.85,6.0,64.0,10.057482623587752,10.057482623587752,0.0,0.08,0.09,0.41,0.12,0.5,0.0,0.0,1.86,2.3,1.11,7.3,0.0,0.0,0.0,0.0,0.0,0.0,0.0,1.0,0.0,0.0,0.0,0.0,0.0,1.0,1.0,659.01,55.69,74.2,62.4666705032154,6.135844552216588,63.42,84667046.7500286,9.5,11.160235709505152,8.641129775013962,46.64235222346348,0.86,141.55,MQTT-DDoS-Connect_Flood
50760.79,6.0,64.0,87.11791462749835,87.11791462749835,0.0,0.0,0.0,0.0,0.85,1.0,0.0,0.0,0.0,0.0,0.0,242.68,0.0,0.0,0.0,0.0,0.0,0.0,0.0,1.0,0.0,0.0,0.0,0.0,0.0,1.0,1.0,3781.77,205.4,767.46,343.7329987722976,182.8467598123716,401.72,84666493.27775078,9.5,25.321346214815016,258.2114522746461,69727.26899933882,0.72,141.55,MQTT-DoS-Publish_Flood
246545.1,6.0,64.0,1.2511138239137394,1.2511138239137394,0.0,0.0,0.0,0.0,0.5,1.0,0.0,0.0,0.0,0.0,0.0,3203.3,0.0,0.0,0.0,0.0,0.0,0.0,0.0,1.0,0.0,0.0,0.0,0.0,0.0,1.0,1.0,412.6,66.0,87.1,74.12476190476191,8.975371639065676,75.6,0.1003083944320678,5.5,12.173234432003929,12.693092299305516,90.03233673469387,0.9,38.5,Benign
486.5,6.0,64.0,10.204340759779802,10.204340759779802,0.0,0.17,0.36,0.26,0.13,0.43,0.0,0.0,1.28,2.03,0.58,5.52,0.0,0.0,0.0,0.0,0.0,0.0,0.0,1.0,0.0,0.0,0.0,0.0,0.0,1.0,1.0,712.58,63.4,75.78,68.4465143903654,4.624861893434311,66.78,84667026.03199181,9.5,11.687928270897046,6.5319581463681935,29.724420066733853,0.82,141.55,MQTT-DDoS-Connect_Flood
468.83,6.0,64.0,10.961389666960958,10.961389666960958,0.0,0.22,0.37,0.16,0.13,0.82,0.0,0.0,1.27,2.02,0.64,5.3,0.0,0.0,0.0,0.0,0.0,0.0,0.0,1.0,0.0,0.0,0.0,0.0,0.0,1.0,1.0,712.38,59.17,76.55,67.31984636167067,6.282354955051983,68.68,84667041.4871851,9.5,11.59664628706913,8.876727999757923,51.01027600121779,0.91,141.55,MQTT-DDoS-Connect_Flood
115041.2,8.2,73.8,0.8114902691807171,0.8114902691807171,0.0,0.1,0.1,0.2,0.2,0.7,0.0,0.0,0.4,0.5,0.3,1512.2,0.0,0.5,0.2,0.0,0.0,0.0,0.0,0.8,0.2,0.0,0.0,0.0,0.0,1.0,1.0,1752.3,60.0,342.0,113.95213497544768,75.62096694738128,90.3,169463114.6174975,13.5,15.099121765721838,107.17485899657468,5756.402875545736,1.0,244.6,Benign
74900.8,7.1,175.1,563.7498797254858,563.7498797254858,0.0,0.0,0.0,0.0,0.1,0.9,0.0,0.0,0.0,0.0,0.0,139.5,0.0,0.9,0.0,0.0,0.0,0.0,0.0,0.9,0.1,0.0,0.0,0.0,0.0,1.0,1.0,1859.4,66.0,637.2,110.92198830409356,139.4679147693947,303.2,169462853.09288323,13.5,14.470799567490747,198.34703439662752,49211.37837967238,0.4,244.6,Benign
88959.32,6.0,64.0,79.56484560381374,79.56484560381374,0.0,0.0,0.0,0.0,0.33,1.0,0.0,0.0,0.0,0.0,0.0,336.65,0.0,0.0,0.0,0.0,0.0,0.0,0.0,1.0,0.0,0.0,0.0,0.0,0.0,1.0,1.0,3613.05,130.48,701.88,355.60260709435903,213.5255941800584,340.52,84666490.07038014,9.5,22.859755184218063,301.35110437972486,106913.74538518138,0.44,141.55,MQTT-DoS-Publish_Flood
938722.8,6.0,192.8,166.421675271491,166.421675271491,0.0,0.0,0.0,0.0,0.0,1.0,0.0,0.0,0.0,2.0,0.0,1077.5,0.0,1.0,0.0,0.0,0.0,0.0,0.0,1.0,0.0,0.0,0.0,0.0,0.0,1.0,1.0,1219.8,66.0,494.4,158.42333333333332,172.03347236328554,494.4,0.0002086877822875,5.5,16.167115806000897,243.29206979829544,100371.59455555557,0.3,38.5,MQTT-Malformed_Data
65517.22,6.0,64.0,106.32025637756033,106.32025637756033,0.0,0.0,0.0,0.0,0.75,1.0,0.0,0.0,0.0,0.0,0.0,320.63,0.0,0.0,0.0,0.0,0.0,0.0,0.0,1.0,0.0,0.0,0.0,0.0,0.0,1.0,1.0,6150.78,179.05,1194.25,576.3708637307395,341.9051170928717,577.21,84666496.94110513,9.5,33.18267996921299,483.1004675392017,135975.77298524685,0.93,141.55,MQTT-DoS-Publish_Flood
132100.8,6.0,64.0,0.7278318312458962,0.7278318312458962,0.0,0.0,0.0,0.0,0.5,1.0,0.0,0.0,0.0,0.0,0.0,1606.3,0.0,0.0,0.0,0.0,0.0,0.0,0.0,1.0,0.0,0.0,0.0,0.0,0.0,1.0,1.0,1229.6,66.0,118.0,79.16665803494752,16.209720344614215,81.0,169464303.0119962,13.5,12.588357969055211,22.94532932874752,265.1591582601864,1.0,244.6,Benign
303275.2,6.0,64.0,1.0536499007745466,1.0536499007745466,0.0,0.0,0.0,0.0,0.5,1.0,0.0,0.0,0.0,0.0,0.0,4054.3,0.0,0.0,0.0,0.0,0.0,0.0,0.0,1.0,0.0,0.0,0.0,0.0,0.0,1.0,1.0,406.2,66.0,83.1,73.05678571428571,7.745435018894516,75.4,7.46011734008789e-05,5.5,12.085809464782432,10.953699250200136,66.87987287414965,0.9,38.5,Benign
558.85,6.0,64.0,88.23992402044132,88.23992402044132,0.0,0.09,0.23,0.05,0.3,0.92,0.0,0.0,0.75,2.3,1.11,5.9,0.0,0.0,0.0,0.0,0.0,0.0,0.0,1.0,0.0,0.0,0.0,0.0,0.0,1.0,1.0,731.39,64.12,75.68,69.4174419544164,4.082714499536739,69.57,84662358.92312934,9.5,11.782549504496536,5.779798618841546,24.1198612659377,0.9,141.55,MQTT-DoS-Connect_Flood
481.6,6.0,64.0,10.567372504287032,10.567372504287032,0.0,0.13,0.08,0.15,0.38,0.83,0.0,0.0,1.14,1.9,0.61,5.63,0.0,0.0,0.0,0.0,0.0,0.0,0.0,1.0,0.0,0.0,0.0,0.0,0.0,1.0,1.0,711.28,58.69,77.86,68.16594585810645,6.005745950983507,67.63,84667040.82282773,9.5,11.673584054187238,8.491177664000757,47.98713530827852,0.94,141.55,MQTT-DDoS-Connect_Flood
766.73,6.0,64.0,23.07788977471486,23.07788977471486,0.0,0.02,0.25,0.12,0.24,0.83,0.0,0.0,0.71,3.4,1.24,8.23,0.0,0.0,0.0,0.0,0.0,0.0,0.0,1.0,0.0,0.0,0.0,0.0,0.0,1.0,1.0,740.32,64.77,76.45,70.8479325420881,4.379360315423259,70.66,84662374.37808771,9.5,11.897825905208649,6.196008372611089,25.452844584805025,0.9,141.55,MQTT-DoS-Connect_Flood
172533.0,6.0,248.0,22.291398005404663,22.291398005404663,0.0,0.0,0.0,0.0,0.0,1.0,0.0,0.0,0.0,1.0,0.0,1834.5,0.0,1.0,0.0,0.0,0.0,0.0,0.0,1.0,0.0,0.0,0.0,0.0,0.0,1.0,1.0,1023.0,66.0,66.0,66.0,0.0,66.0,169463073.3678548,13.5,11.489125293076055,0.0,0.0,0.0,244.6,Benign
400.4,6.0,64.0,401.6479212952803,401.6479212952803,0.0,0.2,0.2,0.2,0.3,0.7,0.0,0.0,0.9,1.9,0.3,4.2,0.0,0.0,0.0,0.0,0.0,0.0,0.0,1.0,0.0,0.0,0.0,0.0,0.0,1.0,1.0,1075.0,54.0,90.0,69.43598642585485,9.705134035231564,69.4,169323362.8244058,13.5,11.775278396818573,13.61181811453094,92.75752425889804,1.0,244.6,MQTT-Malformed_Data
559.29,6.0,64.0,5.496509639456874,5.496509639456874,0.0,0.51,0.09,0.05,0.19,0.93,0.0,0.0,1.31,3.14,0.16,6.23,0.0,0.0,0.0,0.0,0.0,0.0,0.0,1.0,0.0,0.0,0.0,0.0,0.0,1.0,1.0,715.68,64.76,76.23,68.0466148573219,3.9835417240560536,68.17,84667036.99775237,9.5,11.665261073765024,5.641671354052908,23.1247844234542,0.77,141.55,MQTT-DDoS-Connect_Flood
72048.78,6.0,64.0,72.94940513902284,72.94940513902284,0.0,0.0,0.0,0.0,0.7,1.0,0.0,0.0,0.0,0.0,0.0,224.99,0.0,0.0,0.0,0.0,0.0,0.0,0.0,1.0,0.0,0.0,0.0,0.0,0.0,1.0,1.0,5234.23,184.81,845.83,491.9132062025951,201.1923512153712,448.31,84666502.39139329,9.5,29.708699057560867,284.3962904480793,57111.94863571845,0.76,141.55,MQTT-DoS-Publish_Flood
151917.4,6.0,64.0,0.768153445279603,0.768153445279603,0.0,0.0,0.0,0.0,1.0,1.0,0.0,0.0,0.0,0.0,0.0,1937.3,0.0,0.0,0.0,0.0,0.0,0.0,0.0,1.0,0.0,0.0,0.0,0.0,0.0,1.0,1.0,504.2,80.2,109.2,90.79103174603172,10.223743613914706,91.5,0.0001430034637451,5.5,13.473291902980211,14.4585568770235,125.5619734819854,0.9,38.5,Benign
7108.0,6.0,64.0,10.4773334248782,10.4773334248782,0.0,0.05,0.01,0.3,0.25,0.69,0.0,0.0,0.72,2.27,5.96,17.01,0.0,0.0,0.0,0.0,0.0,0.0,0.0,1.0,0.0,0.0,0.0,0.0,0.0,1.0,1.0,5417.88,79.27,591.96,461.6557494696137,194.9860642278631,511.26,84666969.58473037,9.5,24.52275481257617,274.1093562350841,104190.52965099976,0.9,141.55,MQTT-DDoS-Publish_Flood
500737.4,6.0,64.0,1.7737530574822509,1.7737530574822509,0.0,0.0,0.0,0.0,0.5,1.0,0.0,0.0,0.0,0.0,0.0,6174.3,0.0,0.0,0.0,0.0,0.0,0.0,0.0,1.0,0.0,0.0,0.0,0.0,0.0,1.0,1.0,445.6,67.8,100.4,80.41234126984128,13.166148994919018,80.9,6.909370422363282e-05,5.5,12.679220788783628,18.61974647283937,207.36557613693623,0.9,38.5,Benign
63755.1,6.0,64.0,67.41391976970384,67.41391976970384,0.0,0.0,0.0,0.0,0.65,1.0,0.0,0.0,0.0,0.0,0.0,194.36,0.0,0.0,0.0,0.0,0.0,0.0,0.0,1.0,0.0,0.0,0.0,0.0,0.0,1.0,1.0,4030.35,155.24,1098.5,388.7788594303874,284.84200077756987,378.68,84666495.1937305,9.5,26.95730522936917,403.15545087167743,99809.0589242761,0.89,141.55,MQTT-DoS-Publish_Flood
336.48,6.0,64.0,8.921055096587581,8.921055096587581,0.0,0.36,0.25,0.0,0.25,1.0,0.0,0.0,0.82,1.39,0.47,4.22,0.0,0.0,0.0,0.0,0.0,0.0,0.0,1.0,0.0,0.0,0.0,0.0,0.0,1.0,1.0,721.36,66.12,72.44,68.38984490036967,2.5610266220155897,69.0,84667019.0367753,9.5,11.694990378983023,3.620821735151569,7.969385811514922,0.87,141.55,MQTT-DDoS-Connect_Flood
486.75,6.0,64.0,9.287848902689952,9.287848902689952,0.0,0.11,0.17,0.46,0.12,0.48,0.0,0.0,1.31,1.9,0.75,5.42,0.0,0.0,0.0,0.0,0.0,0.0,0.0,1.0,0.0,0.0,0.0,0.0,0.0,1.0,1.0,676.7,55.4,78.62,64.22128752147405,7.629822042258274,63.95,84667029.03744219,9.5,11.322566587666865,10.76842436727157,67.7875988569959,0.91,141.55,MQTT-DDoS-Connect_Flood
29495.7,6.0,64.0,35.44940991097376,35.44940991097376,0.0,0.0,0.0,0.02,0.63,0.98,0.0,0.0,0.58,0.04,1.47,39.91,0.0,0.0,0.0,0.0,0.0,0.0,0.0,1.0,0.0,0.0,0.0,0.0,0.0,1.0,1.0,11081.53,376.61,1485.67,1063.0648104909797,431.6646134659915,1033.08,84666964.6990853,9.5,45.690123652941736,608.9952930651685,209681.19268200063,0.94,141.55,MQTT-DDoS-Publish_Flood
414.36,6.0,64.0,10.25539318829303,10.25539318829303,0.0,0.08,0.08,0.19,0.18,0.8,0.0,0.0,0.88,1.75,0.5,4.76,0.0,0.0,0.0,0.0,0.0,0.0,0.0,1.0,0.0,0.0,0.0,0.0,0.0,1.0,1.0,695.33,57.96,77.08,66.2332721192636,5.783017348082218,65.72,84667027.85860881,9.5,11.5088254119608,8.175980092906691,43.27339746446662,0.86,141.55,MQTT-DDoS-Connect_Flood
99195.63,6.0,64.0,81.46637610379557,81.46637610379557,0.0,0.0,0.0,0.0,0.26,1.0,0.0,0.0,0.0,0.0,0.0,481.28,0.0,0.0,0.0,0.0,0.0,0.0,0.0,1.0,0.0,0.0,0.0,0.0,0.0,1.0,1.0,2655.59,80.17,603.94,252.5750899649886,199.7865696478654,234.66,84666501.69241212,9.5,19.65114100827382,282.69386030269817,109681.68797202184,0.37,141.55,MQTT-DoS-Publish_Flood
55477.24,6.0,64.0,100.80621356988144,100.80621356988144,0.0,0.0,0.0,0.0,0.09,1.0,0.0,0.0,0.0,0.0,0.0,361.79,0.0,0.0,0.0,0.0,0.0,0.0,0.0,1.0,0.0,0.0,0.0,0.0,0.0,1.0,1.0,770.39,67.09,112.87,73.31421074608227,14.223321413718152,76.9,84666490.94835196,9.5,12.064542707937331,20.147652110481847,580.8561710788697,0.38,141.55,MQTT-DoS-Publish_Flood
362.09,6.0,64.0,10.825759842362984,10.825759842362984,0.0,0.1,0.11,0.19,0.17,0.75,0.0,0.0,0.9,1.45,0.33,4.29,0.0,0.0,0.0,0.0,0.0,0.0,0.0,1.0,0.0,0.0,0.0,0.0,0.0,1.0,1.0,691.28,61.2,76.45,65.18860231486781,5.157058399593172,66.17,84667037.73749684,9.5,11.411415000727123,7.298077218999037,37.574225200342894,0.88,141.55,MQTT-DDoS-Connect_Flood
293.35,6.0,64.0,9.581880038307927,9.581880038307927,0.0,0.11,0.23,0.25,0.15,0.73,0.0,0.0,0.88,1.06,0.45,3.61,0.0,0.0,0.0,0.0,0.0,0.0,0.0,1.0,0.0,0.0,0.0,0.0,0.0,1.0,1.0,689.0,60.0,72.33,65.03872398559473,4.052771465794394,65.83,84667045.62374307,9.5,11.393966513179755,5.73484891160145,25.93734179684607,0.82,141.55,MQTT-DDoS-Connect_Flood
441.48,6.0,64.0,10.034082589458702,10.034082589458702,0.0,0.3,0.26,0.0,0.31,0.79,0.0,0.0,1.12,1.84,0.2,5.32,0.0,0.0,0.0,0.0,0.0,0.0,0.0,1.0,0.0,0.0,0.0,0.0,0.0,1.0,1.0,749.89,66.45,79.62,71.40942075197763,4.953728950223518,71.36,84667028.57000421,9.5,11.948942676842996,7.008371391048089,28.18399448591018,0.93,141.55,MQTT-DDoS-Connect_Flood
188620.0,6.0,63.5,1.3766049150051616,1.3766049150051616,0.0,0.0,0.0,0.0,0.5,1.0,0.0,0.0,0.0,0.1,0.0,2260.0,0.0,0.1,0.0,0.0,0.0,0.0,0.0,1.0,0.0,0.0,0.0,0.0,0.0,1.0,1.0,1220.8,66.0,111.0,78.78343935691072,14.687310432586791,81.2,169465098.72025922,13.5,12.550002166395284,20.81454755435478,217.12513304308973,1.0,244.6,Benign
5432.45,6.0,64.0,414.9907152070836,414.9907152070836,0.0,0.0,0.0,0.29,0.42,0.71,0.0,0.0,0.05,0.03,4.71,4.99,0.0,0.0,0.0,0.0,0.0,0.0,0.0,1.0,0.0,0.0,0.0,0.0,0.0,1.0,1.0,5660.55,69.04,1193.37,478.0655615053591,419.05058016119074,530.3,84666964.82434782,9.5,28.754444906105704,591.1413349878417,231395.7561845976,0.88,141.55,MQTT-DDoS-Publish_Flood
69440.9,6.0,64.0,134.16295034380528,134.16295034380528,0.0,0.0,0.0,0.0,0.54,1.0,0.0,0.0,0.0,0.0,0.0,227.47,0.0,0.0,0.0,0.0,0.0,0.0,0.0,1.0,0.0,0.0,0.0,0.0,0.0,1.0,1.0,7089.04,186.84,1331.24,692.1440666718903,418.06665692644594,599.94,84666478.70648114,9.5,36.12744222639195,591.2052745978351,195516.29242432897,0.93,141.55,MQTT-DoS-Publish_Flood
261668.7,6.0,64.0,1.4478420715313451,1.4478420715313451,0.0,0.0,0.0,0.0,0.5,1.0,0.0,0.0,0.0,0.0,0.0,3176.3,0.0,0.0,0.0,0.0,0.0,0.0,0.0,1.0,0.0,0.0,0.0,0.0,0.0,1.0,1.0,448.8,66.0,106.1,80.71265873015872,17.193819774890734,81.0,7.410049438476563e-05,5.5,12.697669031356446,24.315733114649188,330.4684901581003,0.9,38.5,Benign
3530.18,6.0,64.0,12.823315489868762,12.823315489868762,0.0,0.06,0.08,0.37,0.21,0.62,0.0,0.0,0.71,1.27,5.04,9.92,0.0,0.0,0.0,0.0,0.0,0.0,0.0,1.0,0.0,0.0,0.0,0.0,0.0,1.0,1.0,5479.44,174.4,803.92,503.3924830642354,289.1609395964666,467.92,84666966.3708809,9.5,26.916443372503284,409.1282818154076,193709.4502543381,0.76,141.55,MQTT-DDoS-Publish_Flood
1970.98,6.0,64.0,19.16333147142663,19.16333147142663,0.0,0.0,0.16,0.13,0.31,0.89,0.0,0.0,0.27,3.61,1.22,19.63,0.0,0.0,0.0,0.0,0.0,0.0,0.0,1.0,0.0,0.0,0.0,0.0,0.0,1.0,1.0,755.09,66.08,99.57,70.8664541883555,9.571917332228844,72.48,84662387.00329763,9.5,11.89830793480902,13.538937148708564,353.0193641012188,0.92,141.55,MQTT-DoS-Connect_Flood
611.96,6.0,64.0,47.648172568446434,47.648172568446434,0.0,0.17,0.21,0.09,0.22,0.89,0.0,0.0,1.06,2.64,0.76,6.79,0.0,0.0,0.0,0.0,0.0,0.0,0.0,1.0,0.0,0.0,0.0,0.0,0.0,1.0,1.0,710.46,62.0,73.32,67.47269525649789,4.113572059984166,67.98,84662359.00817697,9.5,11.615253303333615,5.814246071665288,22.07929677743173,0.92,141.55,MQTT-DoS-Connect_Flood
449.24,6.0,64.0,57.080139561460975,57.080139561460975,0.0,0.02,0.21,0.2,0.23,0.84,0.0,0.0,0.11,2.13,0.53,4.99,0.0,0.0,0.0,0.0,0.0,0.0,0.0,1.0,0.0,0.0,0.0,0.0,0.0,1.0,1.0,732.99,64.17,80.11,70.33686648649767,5.259662031043631,69.91,84662365.37173206,9.5,11.857228087595248,7.430573600023721,34.21778469123988,0.9,141.55,MQTT-DoS-Connect_Flood
496.29,6.0,64.0,7.709376179758505,7.709376179758505,0.0,0.23,0.18,0.14,0.2,0.83,0.0,0.0,1.27,1.91,0.72,5.83,0.0,0.0,0.0,0.0,0.0,0.0,0.0,1.0,0.0,0.0,0.0,0.0,0.0,1.0,1.0,699.98,60.48,73.84,66.13135724513705,4.696616162037346,67.34,84667043.1294027,9.5,11.492718729088017,6.634709295975008,31.063035767960688,0.88,141.55,MQTT-DDoS-Connect_Flood
26024.0,6.0,64.0,1.7269816615627005,1.7269816615627005,0.0,0.0,0.0,0.0,0.5,1.0,0.0,0.0,0.0,0.0,0.0,319.5,0.0,0.0,0.0,0.0,0.0,0.0,0.0,1.0,0.0,0.0,0.0,0.0,0.0,1.0,1.0,469.6,70.5,111.0,88.89305555555556,17.760229137748944,81.2,0.0001049995422363,5.5,13.319899121152249,25.116756917458385,353.4354926146385,0.9,38.5,Benign
319.41,6.0,64.0,5.420333852507523,5.420333852507523,0.0,0.0,0.19,0.0,0.0,1.0,0.0,0.0,0.37,2.38,0.29,3.14,0.0,0.0,0.0,0.0,0.0,0.0,0.0,1.0,0.0,0.0,0.0,0.0,0.0,1.0,1.0,706.68,66.0,71.84,67.09244844044844,2.150112101408949,67.52,84667018.35726233,9.5,11.583863748871083,3.0446208292171555,6.626024436157285,0.73,141.55,MQTT-DDoS-Connect_Flood
2052113.0,6.0,55.0,1634.4263408449772,1634.4263408449772,0.0,0.0,0.0,0.0,0.0,1.0,0.0,0.0,0.0,1.0,0.0,1360.5,0.0,1.0,0.0,0.0,0.0,0.0,0.0,1.0,0.0,0.0,0.0,0.0,0.0,1.0,1.0,23467.0,1514.0,1514.0,1514.0,0.0,1514.0,169466380.18571752,13.5,55.02726596879042,0.0,0.0,0.0,244.6,Benign
416.01,6.0,64.0,10.760718678549985,10.760718678549985,0.0,0.14,0.08,0.25,0.22,0.74,0.0,0.0,1.03,1.64,0.54,4.89,0.0,0.0,0.0,0.0,0.0,0.0,0.0,1.0,0.0,0.0,0.0,0.0,0.0,1.0,1.0,696.55,59.96,75.74,66.25415576073394,5.3467746191400485,66.39,84667040.4470647,9.5,11.502723298299747,7.531906930769869,40.06197965905182,0.85,141.55,MQTT-DDoS-Connect_Flood
348120.6,6.0,63.1,2.5814969194731816,2.5814969194731816,0.0,0.1,0.0,0.0,0.5,1.0,0.0,0.0,0.1,0.2,0.0,4102.7,0.2,0.0,0.0,0.0,0.0,0.0,0.0,1.0,0.0,0.0,0.0,0.0,0.0,1.0,1.0,495.6,70.5,131.6,91.64928571428572,23.223946628831133,94.2,0.0011430025100708,5.5,13.526599540976822,32.84362029432191,687.8373441043084,0.9,38.5,Benign
292.98,6.0,64.0,13.193888011425184,13.193888011425184,0.0,0.19,0.2,0.08,0.21,0.88,0.0,0.0,0.68,1.18,0.09,3.51,0.0,0.0,0.0,0.0,0.0,0.0,0.0,1.0,0.0,0.0,0.0,0.0,0.0,1.0,1.0,732.21,65.41,80.61,70.54385578671415,5.371208676086033,69.49,84667024.9115738,9.5,11.875565606118348,7.602419904453419,33.09178786404435,0.95,141.55,MQTT-DDoS-Connect_Flood
417.35,6.0,64.0,12.166721982803772,12.166721982803772,0.0,0.24,0.1,0.11,0.21,0.84,0.0,0.0,0.99,1.68,0.27,5.03,0.0,0.0,0.0,0.0,0.0,0.0,0.0,1.0,0.0,0.0,0.0,0.0,0.0,1.0,1.0,705.68,57.64,75.37,66.68919370829549,5.199881812863607,67.71,84667024.78403786,9.5,11.546872991224207,7.3525131724825235,35.07595184556934,0.92,141.55,MQTT-DDoS-Connect_Flood
34320.6,6.0,64.0,94.21880636490856,94.21880636490856,0.0,0.0,0.0,0.0,0.13,1.0,0.0,0.0,0.0,0.0,0.0,173.29,0.0,0.0,0.0,0.0,0.0,0.0,0.0,1.0,0.0,0.0,0.0,0.0,0.0,1.0,1.0,792.19,66.0,80.17,72.50274641599371,6.661262543760249,80.17,84666501.48881754,9.5,11.96869975087122,9.428782356955876,345.19309092243776,0.13,141.55,MQTT-DoS-Publish_Flood
9284.98,6.0,64.0,14.982298763723698,14.982298763723698,0.0,0.02,0.0,0.07,0.72,0.93,0.0,0.0,0.87,2.0,7.78,21.39,0.0,0.0,0.0,0.0,0.0,0.0,0.0,1.0,0.0,0.0,0.0,0.0,0.0,1.0,1.0,4218.55,131.14,1190.62,435.476509026749,398.4907730825124,373.78,84666962.74963868,9.5,28.42960962344681,564.0693807511186,208538.4164080347,0.95,141.55,MQTT-DDoS-Publish_Flood
394.69,6.0,64.0,9.06292478971542,9.06292478971542,0.0,0.21,0.22,0.06,0.24,0.94,0.0,0.0,0.78,2.06,0.55,4.24,0.0,0.0,0.0,0.0,0.0,0.0,0.0,1.0,0.0,0.0,0.0,0.0,0.0,1.0,1.0,718.57,64.18,75.95,68.47578287875695,4.530231122905706,68.52,84667046.2377799,9.5,11.694555104939646,6.40865456681302,28.516811277093737,0.9,141.55,MQTT-DDoS-Connect_Flood
52532.4,6.0,64.0,106.358083741765,106.358083741765,0.0,0.0,0.0,0.0,0.73,1.0,0.0,0.0,0.0,0.0,0.0,327.49,0.0,0.0,0.0,0.0,0.0,0.0,0.0,1.0,0.0,0.0,0.0,0.0,0.0,1.0,1.0,2132.89,149.93,266.56,208.8826214727395,48.01654095666108,196.8,84666488.84076513,9.5,19.966254302669576,67.74597220570159,3160.152165790189,0.78,141.55,MQTT-DoS-Publish_Flood
84888.6,7.1,64.0,1.6860463558634933,1.6860463558634933,0.0,0.0,0.0,0.0,0.4,0.9,0.0,0.0,0.0,0.0,0.0,1098.0,0.0,0.0,0.0,0.0,0.0,0.0,0.0,0.9,0.1,0.0,0.0,0.0,0.0,1.0,1.0,1643.4,66.0,520.5,102.45766979107924,106.04481655816144,159.9,169467068.72827742,13.5,14.237625799787518,150.59390930178262,19537.72259821792,1.0,244.6,Benign
69030.62,6.0,64.0,67.18376578258534,67.18376578258534,0.0,0.0,0.0,0.0,0.66,1.0,0.0,0.0,0.0,0.0,0.0,206.81,0.0,0.0,0.0,0.0,0.0,0.0,0.0,1.0,0.0,0.0,0.0,0.0,0.0,1.0,1.0,3944.9,136.07,1004.43,371.6390360025252,299.3071639771543,374.62,84666490.70804629,9.5,25.81135096828916,423.5938816859808,133895.98661259364,0.84,141.55,MQTT-DoS-Publish_Flood
270.44,6.0,64.0,9.145756743734886,9.145756743734886,0.0,0.11,0.17,0.31,0.15,0.67,0.0,0.0,0.61,0.96,0.61,2.93,0.0,0.0,0.0,0.0,0.0,0.0,0.0,1.0,0.0,0.0,0.0,0.0,0.0,1.0,1.0,682.25,59.77,77.42,65.28122572078765,6.798922300774518,65.02,84667037.2409975,9.5,11.42011053560106,9.6236060162947,61.93365847621537,0.94,141.55,MQTT-DDoS-Connect_Flood
20768.2,6.0,64.0,1.509368708838219,1.509368708838219,0.0,0.0,0.0,0.0,0.5,1.0,0.0,0.0,0.0,0.0,0.0,252.3,0.0,0.0,0.0,0.0,0.0,0.0,0.0,1.0,0.0,0.0,0.0,0.0,0.0,1.0,1.0,454.6,70.5,111.0,85.94873015873017,15.872520120245824,81.1,0.0998538970947265,5.5,13.095237852767562,22.44713322309148,283.6159971025447,0.9,38.5,Benign
7874.52,6.0,64.0,70.1637969835241,70.1637969835241,0.0,0.0,0.03,0.34,0.4,0.63,0.0,0.0,0.35,0.03,4.57,9.47,0.0,0.0,0.0,0.0,0.0,0.0,0.0,1.0,0.0,0.0,0.0,0.0,0.0,1.0,1.0,8636.51,306.13,1281.53,874.6750128552217,407.48668262600927,775.75,84666958.16229348,9.5,39.16592400815541,575.270653658191,234870.367697408,0.86,141.55,MQTT-DDoS-Publish_Flood
304.88,6.0,64.0,10.3223290073434,10.3223290073434,0.0,0.14,0.2,0.15,0.17,0.84,0.0,0.0,0.77,1.19,0.22,3.85,0.0,0.0,0.0,0.0,0.0,0.0,0.0,1.0,0.0,0.0,0.0,0.0,0.0,1.0,1.0,702.02,58.68,75.05,66.28199045656785,5.553343962113766,67.38,84667028.14580351,9.5,11.509373003279752,7.813134185258892,44.03466680504616,0.83,141.55,MQTT-DDoS-Connect_Flood
279.47,6.0,64.0,11.017433167288774,11.017433167288774,0.0,0.21,0.26,0.05,0.23,0.89,0.0,0.0,0.51,1.24,0.14,3.47,0.0,0.0,0.0,0.0,0.0,0.0,0.0,1.0,0.0,0.0,0.0,0.0,0.0,1.0,1.0,730.68,64.73,75.52,69.71388922021391,3.8117754743736056,69.94,84667021.20025112,9.5,11.803452603024075,5.384035755159342,18.198086565586085,0.89,141.55,MQTT-DDoS-Connect_Flood
236727.1,6.0,64.0,2.034177531954545,2.034177531954545,0.0,0.0,0.0,0.0,0.5,1.0,0.0,0.0,0.0,0.0,0.0,2947.3,0.0,0.0,0.0,0.0,0.0,0.0,0.0,1.0,0.0,0.0,0.0,0.0,0.0,1.0,1.0,441.5,66.0,101.3,78.30936507936508,14.819113247098064,80.5,0.0001328945159912,5.5,12.50737742046839,20.95739093638888,258.1445197782817,0.9,38.5,Benign
3155933.0,6.0,56.0,7221.636093276154,7221.636093276154,0.0,0.0,0.0,0.0,0.0,1.0,0.0,0.0,0.0,0.0,0.0,2084.5,1.0,0.0,0.0,0.0,0.0,0.0,0.0,1.0,0.0,0.0,0.0,0.0,0.0,1.0,1.0,8327.0,1514.0,1514.0,1514.0,0.0,1514.0,8.45193862915039e-05,5.5,55.02726596879042,0.0,0.0,0.0,38.5,Benign
535.31,6.0,64.0,11.00039117111898,11.00039117111898,0.0,0.15,0.21,0.31,0.18,0.48,0.0,0.0,1.52,2.04,0.61,6.11,0.0,0.0,0.0,0.0,0.0,0.0,0.0,1.0,0.0,0.0,0.0,0.0,0.0,1.0,1.0,692.45,57.01,78.21,65.22300995276652,7.402754465327095,66.98,84667035.29625216,9.5,11.407496701813976,10.466714090955051,65.65157454442222,0.86,141.55,MQTT-DDoS-Connect_Flood
58271.53,6.0,64.0,116.35717158904144,116.35717158904144,0.0,0.0,0.0,0.0,0.69,1.0,0.0,0.0,0.0,0.0,0.0,227.97,0.0,0.0,0.0,0.0,0.0,0.0,0.0,1.0,0.0,0.0,0.0,0.0,0.0,1.0,1.0,2825.83,116.78,662.68,264.625374232106,176.9062698706429,270.92,84666480.08045565,9.5,22.72418617144991,249.4413422102836,44092.39547219869,0.92,141.55,MQTT-DoS-Publish_Flood
264.28,6.0,64.0,11994.41219329262,11994.41219329262,0.0,0.19,0.22,0.18,0.27,0.73,0.0,0.0,0.54,0.99,0.36,3.19,0.0,0.0,0.0,0.0,0.0,0.0,0.0,1.0,0.0,0.0,0.0,0.0,0.0,1.0,1.0,724.44,61.8,79.49,68.94811222901625,5.756556102252152,68.82,84667018.94890657,9.5,11.738114003430091,8.143531047745014,39.16048927086817,0.93,141.55,MQTT-DDoS-Connect_Flood
451.95,6.0,64.0,10.906522877730248,10.906522877730248,0.0,0.1,0.25,0.06,0.42,0.91,0.0,0.0,1.02,1.85,0.6,5.34,0.0,0.0,0.0,0.0,0.0,0.0,0.0,1.0,0.0,0.0,0.0,0.0,0.0,1.0,1.0,731.3,63.08,76.42,69.21967139134514,4.4609961259562105,69.97,84667036.81073444,9.5,11.761880443996647,6.315949094668724,28.758541619770348,0.89,141.55,MQTT-DDoS-Connect_Flood
385.57,6.0,64.0,10.021789958137298,10.021789958137298,0.0,0.25,0.37,0.0,0.22,0.75,0.0,0.0,0.83,2.15,0.42,4.07,0.0,0.0,0.0,0.0,0.0,0.0,0.0,1.0,0.0,0.0,0.0,0.0,0.0,1.0,1.0,748.61,67.17,77.28,71.56778217761772,3.636264402309586,70.73,84667038.66488387,9.5,11.960816719786497,5.135733739575355,17.799731813934557,0.9,141.55,MQTT-DDoS-Connect_Flood
1038.0,6.0,64.0,7386.603412780704,7386.603412780704,0.0,0.0,0.0,0.0,0.8,1.0,0.0,0.0,0.0,0.0,0.0,12.6,0.0,0.0,0.0,0.0,0.0,0.0,0.0,1.0,0.0,0.0,0.0,0.0,0.0,1.0,1.0,1102.2,66.0,107.6,71.06235610407823,10.262344338977416,72.1,169464083.9108445,13.5,11.922483179337393,14.549051780543326,112.5599206763874,1.0,244.6,Benign
453.57,6.0,64.0,10.656810480448994,10.656810480448994,0.0,0.25,0.18,0.23,0.15,0.7,0.0,0.0,1.36,1.81,0.35,5.37,0.0,0.0,0.0,0.0,0.0,0.0,0.0,1.0,0.0,0.0,0.0,0.0,0.0,1.0,1.0,702.88,58.08,76.77,66.2294116978223,6.7493112849338175,66.69,84667034.4212027,9.5,11.500710245514076,9.541280886783436,59.03551323804507,0.88,141.55,MQTT-DDoS-Connect_Flood
382073.0,7.1,64.0,1.33001567443292,1.33001567443292,0.0,0.0,0.0,0.0,0.4,0.9,0.0,0.0,0.0,0.0,0.0,4521.0,0.0,0.0,0.0,0.0,0.0,0.0,0.0,0.9,0.1,0.0,0.0,0.0,0.0,1.0,1.0,1249.0,60.0,141.9,80.09239676731937,21.07205377188903,91.4,169464844.117158,13.5,12.66119357452681,29.882900656776144,517.0836002659373,1.0,244.6,Benign
58253.3,7.1,83.1,1.3426709761387057,1.3426709761387057,0.0,0.0,0.0,0.0,0.5,0.9,0.0,0.0,0.0,0.0,0.0,705.1,0.0,0.0,0.0,0.0,0.0,0.0,0.0,0.9,0.1,0.0,0.0,0.0,0.0,1.0,1.0,606.1,85.8,246.0,128.99119047619047,58.66514403875773,95.3,0.0606503009796142,5.5,15.873620215368245,82.96504233818231,3916.368715986395,0.9,38.5,Benign
33534.53,6.0,64.0,40.874150501221,40.874150501221,0.0,0.0,0.03,0.02,0.63,0.96,0.0,0.0,0.0,0.13,0.2,49.97,0.0,0.0,0.0,0.0,0.0,0.0,0.0,1.0,0.0,0.0,0.0,0.0,0.0,1.0,1.0,13075.0,766.8,1486.84,1241.4158716084396,285.93748400654664,1207.58,84666959.8537636,9.5,49.545141537593466,404.0920741132452,113640.2543174365,0.79,141.55,MQTT-DDoS-Publish_Flood
5018.7,6.0,64.0,2.110582195632019,2.110582195632019,0.0,0.0,0.0,0.0,0.5,1.0,0.0,0.0,0.0,0.0,0.0,66.9,0.0,0.0,0.0,0.0,0.0,0.0,0.0,1.0,0.0,0.0,0.0,0.0,0.0,1.0,1.0,408.6,66.0,82.7,73.46599206349207,8.096381030350226,75.2,0.0998745918273925,5.5,12.119450888952464,11.450011859261542,72.87474148085161,0.9,38.5,Benign
1363179.0,17.0,60.0,1167.5594209499936,1167.5594209499936,0.0,0.0,0.0,0.0,0.0,0.0,0.0,0.0,0.0,0.0,0.0,0.0,0.0,0.0,0.0,0.0,0.0,0.0,0.0,0.0,1.0,0.0,0.0,0.0,0.0,1.0,1.0,7106.0,1292.0,1292.0,1292.0,0.0,1292.0,0.0004497051239013,5.5,50.83306010855534,0.0,0.0,0.0,38.5,Benign
406.01,6.0,64.0,18.46297531193549,18.46297531193549,0.0,0.25,0.16,0.08,0.25,0.91,0.0,0.0,0.91,1.71,0.57,4.77,0.0,0.0,0.0,0.0,0.0,0.0,0.0,1.0,0.0,0.0,0.0,0.0,0.0,1.0,1.0,717.35,60.12,76.04,68.04983814117601,5.027723844970982,67.83,84667027.33515784,9.5,11.665264265792668,7.108121066146823,33.76600648157846,0.95,141.55,MQTT-DDoS-Connect_Flood
2579693.8,6.0,137.6,96.51699518374036,96.51699518374036,0.0,0.0,0.0,0.0,0.0,1.0,0.0,0.0,0.0,0.0,0.0,2632.5,0.0,1.0,0.0,0.0,0.0,0.0,0.0,1.0,0.0,0.0,0.0,0.0,0.0,1.0,1.0,9733.8,66.0,1494.0,612.7245061955589,686.8157375602799,922.8,169323397.3829121,13.5,34.79960094302663,971.1641795620004,472084.7297440328,1.0,244.6,MQTT-Malformed_Data
556.11,6.0,64.0,8.598375935500243,8.598375935500243,0.0,0.23,0.26,0.22,0.19,0.52,0.0,0.0,1.52,2.16,0.74,6.17,0.0,0.0,0.0,0.0,0.0,0.0,0.0,1.0,0.0,0.0,0.0,0.0,0.0,1.0,1.0,727.5,61.13,81.94,69.76558715854148,7.247591108220145,68.6,84667020.59109956,9.5,11.80427270987478,10.248333315106166,60.51921310726257,0.95,141.55,MQTT-DDoS-Connect_Flood
1029.86,6.0,64.0,41135.33207942594,41135.33207942594,0.0,0.0,0.0,0.0,0.44,1.0,0.0,0.0,0.0,0.0,0.0,2.17,0.0,0.0,0.0,0.0,0.0,0.0,0.0,1.0,0.0,0.0,0.0,0.0,0.0,1.0,1.0,3816.61,187.61,809.02,383.68687900588407,219.4382082747464,331.18,84666485.64411369,9.5,24.905460231687684,310.68279337396945,96175.80079771772,0.55,141.55,MQTT-DoS-Publish_Flood
534.2,6.0,64.0,8.86042719350714,8.86042719350714,0.0,0.17,0.2,0.28,0.16,0.66,0.0,0.0,1.44,2.04,0.8,6.08,0.0,0.0,0.0,0.0,0.0,0.0,0.0,1.0,0.0,0.0,0.0,0.0,0.0,1.0,1.0,695.76,58.4,79.42,66.66279542963056,7.4304950992701455,66.4,84667032.87226635,9.5,11.538857098404224,10.516158374819758,65.11863186050513,0.95,141.55,MQTT-DDoS-Connect_Flood
449193.4,8.2,75.6,2.0340930491512945,2.0340930491512945,0.0,0.0,0.0,0.0,0.4,0.8,0.0,0.0,0.0,0.0,0.0,5992.8,0.0,0.0,0.2,0.0,0.0,0.0,0.0,0.8,0.2,0.0,0.0,0.0,0.0,1.0,1.0,1483.7,66.0,227.8,94.94193507344048,47.15614948415248,109.1,169466096.2205576,13.5,13.779106431065918,66.81734272236011,2477.413201441836,1.0,244.6,Benign
412502.6,11.5,60.8,25.091216947907224,25.091216947907224,0.0,0.0,0.0,0.0,0.3,0.5,0.0,0.0,0.0,0.0,0.0,34.2,0.0,0.0,0.0,0.0,0.0,0.0,0.0,0.5,0.5,0.0,0.0,0.0,0.0,1.0,1.0,1043.6,67.9,403.2,151.54313492063494,124.07948800782788,265.9,0.0074320077896118,5.5,16.80133920308136,175.47489475298,30274.967889817963,0.9,38.5,Benign
820.41,6.0,64.0,32.93998558759361,32.93998558759361,0.0,0.22,0.35,0.15,0.11,0.8,0.0,0.0,2.28,3.2,1.43,9.0,0.0,0.0,0.0,0.0,0.0,0.0,0.0,1.0,0.0,0.0,0.0,0.0,0.0,1.0,1.0,709.25,58.12,74.13,66.94925774470627,5.418771814365821,68.06,84662358.55483133,9.5,11.561922050359728,7.6505227883223075,34.49463526396256,0.93,141.55,MQTT-DoS-Connect_Flood
137253.4,8.2,70.4,1.223758056054381,1.223758056054381,0.0,0.0,0.0,0.0,0.4,0.8,0.0,0.0,0.0,0.0,0.0,1637.6,0.0,0.0,0.0,0.0,0.0,0.0,0.0,0.8,0.2,0.0,0.0,0.0,0.0,1.0,1.0,1406.7,66.0,842.7,277.9764285714286,289.1470331776873,192.9,0.100013518333435,5.5,22.948556983862453,408.9156558398287,95233.80168197278,0.9,38.5,Benign
503.27,6.0,64.0,8.238039689439153,8.238039689439153,0.0,0.42,0.08,0.07,0.41,0.85,0.0,0.0,1.38,2.0,0.17,5.95,0.0,0.0,0.0,0.0,0.0,0.0,0.0,1.0,0.0,0.0,0.0,0.0,0.0,1.0,1.0,756.7,64.28,82.26,72.13607837930903,8.251917553772836,71.96,84667018.11158314,9.5,12.006873780138552,11.67713360892398,77.60641839346859,0.93,141.55,MQTT-DDoS-Connect_Flood
145172.6,6.0,64.0,2.035539172195807,2.035539172195807,0.0,0.0,0.0,0.0,0.5,1.0,0.0,0.0,0.0,0.0,0.0,1807.5,0.0,0.0,0.0,0.0,0.0,0.0,0.0,1.0,0.0,0.0,0.0,0.0,0.0,1.0,1.0,1258.6,54.0,217.0,81.17971449474159,39.74743071393757,80.5,169469200.3367509,13.5,12.747814326143745,56.31894034386405,1594.151882160323,1.0,244.6,Benign
14783.35,6.0,64.0,26.68755911550422,26.68755911550422,0.0,0.0,0.05,0.13,0.54,0.85,0.0,0.0,0.83,0.52,12.04,16.83,0.0,0.0,0.0,0.0,0.0,0.0,0.0,1.0,0.0,0.0,0.0,0.0,0.0,1.0,1.0,3175.47,78.9,407.53,256.7030574928597,138.61290921955063,358.83,84666968.32530165,9.5,19.904688212571628,194.5184147696943,72085.65507289974,0.9,141.55,MQTT-DDoS-Publish_Flood
523.52,6.0,64.0,10.933539688219607,10.933539688219607,0.0,0.21,0.03,0.31,0.2,0.69,0.0,0.0,1.51,1.96,0.68,6.05,0.0,0.0,0.0,0.0,0.0,0.0,0.0,1.0,0.0,0.0,0.0,0.0,0.0,1.0,1.0,683.3,59.28,73.24,65.34927782881033,5.567031122150918,64.57,84667028.55096099,9.5,11.416638992123952,7.87997437838339,44.390282749450286,0.9,141.55,MQTT-DDoS-Connect_Flood
38036.2,6.0,64.0,0.6739606508796677,0.6739606508796677,0.0,0.0,0.0,0.0,0.0,1.0,0.0,0.0,0.0,0.0,0.0,481.2,0.0,0.0,0.0,0.0,0.0,0.0,0.0,1.0,0.0,0.0,0.0,0.0,0.0,1.0,1.0,1080.0,66.0,123.0,69.81199699809994,14.164366448861022,66.0,169470378.0512403,13.5,11.817373251995583,20.07458114355553,202.9771768003643,1.0,244.6,Benign
248968.1,6.0,174.4,19.615140752920027,19.615140752920027,0.0,0.0,0.0,0.0,0.3,1.0,0.0,0.0,0.0,0.6,0.0,3083.5,0.0,0.6,0.0,0.0,0.0,0.0,0.0,1.0,0.0,0.0,0.0,0.0,0.0,1.0,1.0,754.5,66.0,446.5,116.39607142857145,126.4831042586998,145.8,0.0241559028625488,5.5,14.865449282803135,178.87412145370345,32194.92246471088,0.5,38.5,Benign
390.37,6.0,64.0,9.50739151684737,9.50739151684737,0.0,0.15,0.05,0.13,0.32,0.87,0.0,0.0,0.86,1.5,0.61,4.63,0.0,0.0,0.0,0.0,0.0,0.0,0.0,1.0,0.0,0.0,0.0,0.0,0.0,1.0,1.0,709.17,62.36,74.77,67.57614843915115,4.413329278448601,67.0,84667040.77563721,9.5,11.62369436354647,6.236906456754817,33.26408215317588,0.94,141.55,MQTT-DDoS-Connect_Flood
3109086.0,17.0,70.4,43.31367037073285,43.31367037073285,0.0,0.0,0.0,0.0,0.0,0.0,0.0,0.0,0.0,0.0,0.0,0.0,0.0,0.0,0.0,0.0,0.0,0.0,0.0,0.0,1.0,0.0,0.0,0.0,0.0,1.0,1.0,1553.4,85.2,651.6,260.36,199.26572037228203,292.8,0.0239588975906372,5.5,22.62743818286888,281.804284266526,47788.64914285714,0.9,38.5,Benign
156620.6,6.0,64.0,1.643641763700114,1.643641763700114,0.0,0.0,0.0,0.0,0.5,1.0,0.0,0.0,0.0,0.0,0.0,1917.7,0.0,0.0,0.0,0.0,0.0,0.0,0.0,1.0,0.0,0.0,0.0,0.0,0.0,1.0,1.0,442.4,66.0,101.3,78.39563492063493,14.764555383040165,81.2,0.0001399040222167,5.5,12.5141819435758,20.880234465104085,256.0058835348954,0.9,38.5,Benign
10941.9,7.1,69.9,1.492721777837247,1.492721777837247,0.0,0.0,0.0,0.0,0.3,0.9,0.0,0.0,0.0,0.0,0.0,130.8,0.0,0.2,0.0,0.0,0.0,0.0,0.0,0.9,0.1,0.0,0.0,0.0,0.0,1.0,1.0,2110.2,42.0,931.0,137.77771791589902,213.15117957381727,89.0,169461621.45126942,13.5,16.610339183463168,302.05756381509264,45940.35180046407,1.0,244.6,Benign
425.7,6.0,64.0,6.132337298799944,6.132337298799944,0.0,0.1,0.12,0.18,0.22,0.81,0.0,0.0,1.04,1.74,0.48,4.85,0.0,0.0,0.0,0.0,0.0,0.0,0.0,1.0,0.0,0.0,0.0,0.0,0.0,1.0,1.0,702.2,56.17,78.15,66.34615662085592,6.981416919654828,67.84,84667033.37122402,9.5,11.511243906817446,9.874425730921548,57.4801302361035,0.93,141.55,MQTT-DDoS-Connect_Flood
24687.0,6.0,64.0,1.7294828968720335,1.7294828968720335,0.0,0.0,0.0,0.0,0.5,1.0,0.0,0.0,0.0,0.0,0.0,304.3,0.0,0.0,0.0,0.0,0.0,0.0,0.0,1.0,0.0,0.0,0.0,0.0,0.0,1.0,1.0,454.4,70.5,111.0,85.78376984126983,16.37197603077947,80.3,0.0001420021057128,5.5,13.08265056789836,23.15347054557556,300.57076529037545,0.9,38.5,Benign
336628.9,6.0,64.0,2.034256254629592,2.034256254629592,0.0,0.0,0.0,0.0,0.5,1.0,0.0,0.0,0.0,0.0,0.0,4126.3,0.0,0.0,0.0,0.0,0.0,0.0,0.0,1.0,0.0,0.0,0.0,0.0,0.0,1.0,1.0,442.3,66.0,105.6,79.60519841269841,16.43128210831093,82.9,0.0999474048614501,5.5,12.610520286129686,23.237342004751703,303.49326415658857,0.9,38.5,Benign
534302.6,7.1,83.1,1.8506908169616896,1.8506908169616896,0.0,0.0,0.0,0.0,0.5,0.9,0.0,0.0,0.0,0.0,0.0,6734.3,0.0,0.0,0.0,0.0,0.0,0.0,0.0,0.9,0.1,0.0,0.0,0.0,0.0,1.0,1.0,524.4,67.9,181.6,91.75226190476192,38.32898049316117,96.0,0.1000942945480346,5.5,13.518283155046667,54.20536404536233,2149.934631377552,0.9,38.5,Benign
42844.45,6.0,64.0,69.82039831325079,69.82039831325079,0.0,0.0,0.0,0.0,0.48,1.0,0.0,0.0,0.0,0.0,0.0,138.58,0.0,0.0,0.0,0.0,0.0,0.0,0.0,1.0,0.0,0.0,0.0,0.0,0.0,1.0,1.0,5124.0,172.21,975.15,486.1956064844169,285.88332407170793,470.39,84666498.06862006,9.5,29.12950671539276,404.4150983406959,117999.82979641072,0.75,141.55,MQTT-DoS-Publish_Flood
191049.28,6.0,64.0,126.2681805777644,126.2681805777644,0.0,0.0,0.0,0.0,0.63,1.0,0.0,0.0,0.0,0.0,0.0,513.2,0.0,0.0,0.0,0.0,0.0,0.0,0.0,1.0,0.0,0.0,0.0,0.0,0.0,1.0,1.0,5951.06,159.44,1085.23,525.7914183544353,356.9157507661036,561.33,84666983.03592819,9.5,30.255423872550203,505.1159375197983,175153.56477939925,0.79,141.55,MQTT-DDoS-Publish_Flood
182.75,6.0,64.0,35979.74931824,35979.74931824,0.0,0.29,0.26,0.08,0.25,0.68,0.0,0.0,0.53,0.27,0.13,2.25,0.0,0.0,0.0,0.0,0.0,0.0,0.0,1.0,0.0,0.0,0.0,0.0,0.0,1.0,1.0,743.33,64.28,80.04,70.77620222471886,6.579071539681637,70.93,84667046.08526878,9.5,11.89466115880548,9.302050118347283,53.0948548325946,0.94,141.55,MQTT-DDoS-Connect_Flood
308.62,6.0,64.0,10.88947246251066,10.88947246251066,0.0,0.05,0.21,0.29,0.06,0.58,0.0,0.0,0.75,1.19,0.49,3.37,0.0,0.0,0.0,0.0,0.0,0.0,0.0,1.0,0.0,0.0,0.0,0.0,0.0,1.0,1.0,677.26,58.8,72.32,63.50738542619231,5.006728895972092,65.34,84667048.57538551,9.5,11.255781811450762,7.04445763826076,31.77430724277396,0.85,141.55,MQTT-DDoS-Connect_Flood
288.85,6.0,64.0,9.338016127986032,9.338016127986032,0.0,0.11,0.26,0.02,0.19,0.92,0.0,0.0,0.28,1.66,0.09,3.32,0.0,0.0,0.0,0.0,0.0,0.0,0.0,1.0,0.0,0.0,0.0,0.0,0.0,1.0,1.0,738.97,66.81,78.6,70.77801731786447,4.258193903836131,69.87,84667021.43062535,9.5,11.895004263110076,6.026433097918645,21.24366450284531,0.93,141.55,MQTT-DDoS-Connect_Flood
461569.1,7.1,63.5,1.6662525008037357,1.6662525008037357,0.0,0.0,0.0,0.0,0.4,0.9,0.0,0.0,0.0,0.1,0.0,6125.1,0.0,0.1,0.0,0.0,0.0,0.0,0.0,0.9,0.1,0.0,0.0,0.0,0.0,1.0,1.0,1001.2,66.0,675.1,166.22531746031746,216.48847502907083,159.8,0.0995826959609985,5.5,17.74843409921779,306.1609374835811,66914.40056909801,0.9,38.5,Benign
11186.39,6.0,64.0,42.13968390058193,42.13968390058193,0.0,0.01,0.0,0.02,0.22,0.98,0.0,0.0,0.06,0.02,0.03,34.69,0.0,0.0,0.0,0.0,0.0,0.0,0.0,1.0,0.0,0.0,0.0,0.0,0.0,1.0,1.0,7134.37,214.18,1356.59,712.5617873313905,519.8674320656205,621.63,84666977.92755616,9.5,35.96052844964365,735.2700567009539,336793.0543465257,0.81,141.55,MQTT-DDoS-Publish_Flood
315305.4,8.2,83.1,1.66680689929183,1.66680689929183,0.0,0.0,0.0,0.0,0.4,0.8,0.0,0.0,0.0,0.0,0.0,4034.0,0.0,0.0,0.0,0.0,0.0,0.0,0.0,0.8,0.2,0.0,0.0,0.0,0.0,1.0,1.0,946.0,67.9,522.6,146.22769841269843,150.33093799608054,177.5,0.0998021125793457,5.5,16.665373996473832,212.60005135832589,40289.18711633913,0.9,38.5,Benign
13794.47,6.0,64.0,67.85988638898989,67.85988638898989,0.0,0.0,0.0,0.0,0.59,1.0,0.0,0.0,0.0,0.0,0.0,41.31,0.0,0.0,0.0,0.0,0.0,0.0,0.0,1.0,0.0,0.0,0.0,0.0,0.0,1.0,1.0,3579.93,184.81,644.62,351.02977651686984,174.5288966275868,323.24,84666499.23349178,9.5,25.38108235948451,246.8307631075108,60172.36538619333,0.94,141.55,MQTT-DoS-Publish_Flood
16108.66,6.0,64.0,102.85077035555244,102.85077035555244,0.0,0.0,0.0,0.0,0.4,1.0,0.0,0.0,0.0,0.0,0.0,111.52,0.0,0.0,0.0,0.0,0.0,0.0,0.0,1.0,0.0,0.0,0.0,0.0,0.0,1.0,1.0,1525.76,85.62,226.23,148.132772077209,44.249176317974594,137.94,84666502.76279308,9.5,16.601776292335472,62.12847195230728,3655.66411725893,0.55,141.55,MQTT-DoS-Publish_Flood
60632.7,6.0,64.0,0.9840980260583704,0.9840980260583704,0.0,0.0,0.0,0.0,0.5,1.0,0.0,0.0,0.0,0.0,0.0,807.3,0.0,0.0,0.0,0.0,0.0,0.0,0.0,1.0,0.0,0.0,0.0,0.0,0.0,1.0,1.0,369.0,66.0,67.8,66.97039682539682,0.8817211125439947,67.0,0.0001073837280273,5.5,11.573235585089812,1.246941955590411,0.8642523935500126,0.9,38.5,Benign
12346.76,6.0,64.0,65.16893170582055,65.16893170582055,0.0,0.0,0.0,0.0,0.53,1.0,0.0,0.0,0.0,0.0,0.0,34.05,0.0,0.0,0.0,0.0,0.0,0.0,0.0,1.0,0.0,0.0,0.0,0.0,0.0,1.0,1.0,3087.91,159.14,718.57,314.4982324051078,168.26432149929772,284.0,84666488.9540281,9.5,23.729924867770364,234.69688885386785,41323.05397831401,0.83,141.55,MQTT-DoS-Publish_Flood
189305.9,6.0,64.0,1.5136968374466822,1.5136968374466822,0.0,0.0,0.0,0.0,0.5,1.0,0.0,0.0,0.0,0.0,0.0,2301.9,0.0,0.0,0.0,0.0,0.0,0.0,0.0,1.0,0.0,0.0,0.0,0.0,0.0,1.0,1.0,454.4,66.0,106.5,81.95055555555557,18.258810367752005,81.2,0.0999027013778686,5.5,12.793335635486464,25.82185725487337,373.31605511463846,0.9,38.5,Benign
1358.4,6.0,43.0,52.98006455449983,52.98006455449983,0.0,0.0,0.0,0.0,0.1,1.0,0.0,0.0,0.0,1.0,0.0,21.5,1.0,0.0,0.0,0.0,0.0,0.0,0.0,1.0,0.0,0.0,0.0,0.0,0.0,1.0,1.0,482.4,54.0,239.4,80.13011904761905,63.88864523026333,84.9,0.0251682043075561,5.5,12.52566605479134,90.35218856628154,6869.650761763039,0.6,38.5,Benign
48684.08,6.0,64.0,78.78474729571472,78.78474729571472,0.0,0.0,0.0,0.0,1.0,1.0,0.0,0.0,0.0,0.0,0.0,234.62,0.0,0.0,0.0,0.0,0.0,0.0,0.0,1.0,0.0,0.0,0.0,0.0,0.0,1.0,1.0,2544.91,189.17,307.98,237.68367371341247,41.72680747946223,251.3,84666493.28722641,9.5,21.731838628289616,58.98856298877172,2291.078384758328,0.78,141.55,MQTT-DoS-Publish_Flood
94528.51,6.0,64.0,86.27871585458871,86.27871585458871,0.0,0.0,0.0,0.0,0.41,1.0,0.0,0.0,0.0,0.0,0.0,317.03,0.0,0.0,0.0,0.0,0.0,0.0,0.0,1.0,0.0,0.0,0.0,0.0,0.0,1.0,1.0,3658.11,107.42,1026.12,360.14454681455464,316.2659412139375,318.88,84666983.60544844,9.5,25.672500682155665,446.7046439683248,124879.0504807942,0.87,141.55,MQTT-DDoS-Publish_Flood
45965.3,6.0,64.0,68.06916434067239,68.06916434067239,0.0,0.0,0.0,0.0,0.0,1.0,0.0,0.0,0.0,0.0,0.0,153.08,0.0,0.0,0.0,0.0,0.0,0.0,0.0,1.0,0.0,0.0,0.0,0.0,0.0,1.0,1.0,693.0,66.0,66.0,66.0,0.0,66.0,84666506.9262484,9.5,11.48912529307606,0.0,0.0,0.0,141.55,MQTT-DoS-Publish_Flood
361.07,6.0,64.0,8.850104364011212,8.850104364011212,0.0,0.28,0.12,0.0,0.31,0.96,0.0,0.0,0.84,1.57,0.13,4.49,0.0,0.0,0.0,0.0,0.0,0.0,0.0,1.0,0.0,0.0,0.0,0.0,0.0,1.0,1.0,728.13,66.12,74.78,69.12425664570208,3.5981560245270323,69.33,84667037.61377095,9.5,11.75669080047025,5.093187493887994,20.683853963392547,0.84,141.55,MQTT-DDoS-Connect_Flood
820.32,6.0,64.0,37.287802277647216,37.287802277647216,0.0,0.03,0.37,0.12,0.2,0.76,0.0,0.0,0.45,3.52,1.28,9.27,0.0,0.0,0.0,0.0,0.0,0.0,0.0,1.0,0.0,0.0,0.0,0.0,0.0,1.0,1.0,747.39,65.36,77.89,70.81155151109641,4.101119248345607,71.47,84662361.21545133,9.5,11.897590468066188,5.791910471948807,23.079549590786154,0.83,141.55,MQTT-DoS-Connect_Flood
466.69,6.0,64.0,10.793970463217743,10.793970463217743,0.0,0.35,0.25,0.0,0.3,0.75,0.0,0.0,1.27,1.95,0.12,5.59,0.0,0.0,0.0,0.0,0.0,0.0,0.0,1.0,0.0,0.0,0.0,0.0,0.0,1.0,1.0,766.94,66.56,81.31,73.14745196955606,6.063441807733575,72.39,84667038.64182448,9.5,12.094621143957074,8.57831892330005,41.4904024738442,0.92,141.55,MQTT-DDoS-Connect_Flood
175127.6,6.0,156.0,18.167984546875896,18.167984546875896,0.0,0.0,0.0,0.0,0.3,1.0,0.0,0.0,0.0,0.5,0.0,2109.2,0.0,0.5,0.0,0.0,0.0,0.0,0.0,1.0,0.0,0.0,0.0,0.0,0.0,1.0,1.0,1047.7,66.0,83.1,67.32496130030958,4.119673707350201,74.5,169469228.43732458,13.5,11.595138262636862,5.7548322633987485,38.04463294901227,0.5,244.6,Benign
289198.5,6.0,134.6,9.768357005735664,9.768357005735664,0.0,0.0,0.0,0.9,0.0,0.1,0.0,0.0,1.2,5.6,4.4,312.1,0.0,1.0,0.0,0.0,0.0,0.0,0.0,1.0,0.0,0.0,0.0,0.0,0.0,1.0,1.0,5593.2,54.0,1466.0,372.0149521647084,557.3682158197738,55.2,169462817.65811968,13.5,27.23819626663207,789.6629826452934,312970.5176016685,1.0,244.6,Benign
310.95,6.0,64.0,9.717947749201835,9.717947749201835,0.0,0.25,0.29,0.06,0.09,0.94,0.0,0.0,0.62,1.63,0.37,3.56,0.0,0.0,0.0,0.0,0.0,0.0,0.0,1.0,0.0,0.0,0.0,0.0,0.0,1.0,1.0,719.34,63.36,74.46,68.57061646605028,4.103028424512442,68.35,84667033.41203159,9.5,11.711187545873909,5.8002521146137305,20.31966648966065,0.94,141.55,MQTT-DDoS-Connect_Flood
38848.1,6.0,64.0,1.4473932854377007,1.4473932854377007,0.0,0.0,0.0,0.0,0.5,1.0,0.0,0.0,0.0,0.0,0.0,471.2,0.0,0.0,0.0,0.0,0.0,0.0,0.0,1.0,0.0,0.0,0.0,0.0,0.0,1.0,1.0,449.8,66.0,106.5,80.91555555555556,17.46132867116904,81.2,9.21010971069336e-05,5.5,12.713400779428614,24.69404782382143,340.9838051146384,0.9,38.5,Benign
566.14,6.0,64.0,1632.3026579229063,1632.3026579229063,0.0,0.13,0.06,0.29,0.21,0.65,0.0,0.0,1.4,1.68,0.64,6.44,0.0,0.0,0.0,0.0,0.0,0.0,0.0,1.0,0.0,0.0,0.0,0.0,0.0,1.0,1.0,713.44,57.71,86.95,68.52289987330352,9.336357740154904,67.45,84667033.76025936,9.5,11.692108922972356,13.198669017650618,105.43278761679464,0.91,141.55,MQTT-DDoS-Connect_Flood
495.33,6.0,64.0,10.280414406031142,10.280414406031142,0.0,0.21,0.04,0.25,0.26,0.75,0.0,0.0,1.28,1.78,0.82,5.72,0.0,0.0,0.0,0.0,0.0,0.0,0.0,1.0,0.0,0.0,0.0,0.0,0.0,1.0,1.0,693.53,57.2,76.72,66.04734665884511,6.819637037485251,65.62,84667049.88476306,9.5,11.487512240411052,9.649733057547916,59.02546226167876,0.95,141.55,MQTT-DDoS-Connect_Flood
562.48,6.0,64.0,9.102094900163149,9.102094900163149,0.0,0.12,0.18,0.5,0.13,0.35,0.0,0.0,1.59,2.1,0.95,6.21,0.0,0.0,0.0,0.0,0.0,0.0,0.0,1.0,0.0,0.0,0.0,0.0,0.0,1.0,1.0,669.97,55.52,77.84,64.29984143711465,8.50536227867574,63.5,84667038.33267301,9.5,11.32685985192223,12.02292512111597,82.32408554222307,0.93,141.55,MQTT-DDoS-Connect_Flood
89797.62,6.0,64.0,112.7241934522136,112.7241934522136,0.0,0.0,0.0,0.0,0.96,1.0,0.0,0.0,0.0,0.0,0.0,400.69,0.0,0.0,0.0,0.0,0.0,0.0,0.0,1.0,0.0,0.0,0.0,0.0,0.0,1.0,1.0,2797.79,179.36,397.36,268.47331311176777,67.98044321013016,255.66,84666480.16025063,9.5,23.1342829844876,96.10860403647648,6066.695001142288,0.85,141.55,MQTT-DoS-Publish_Flood
564.91,6.0,64.0,9.792267337358846,9.792267337358846,0.0,0.14,0.11,0.46,0.17,0.47,0.0,0.0,1.64,1.95,0.89,6.41,0.0,0.0,0.0,0.0,0.0,0.0,0.0,1.0,0.0,0.0,0.0,0.0,0.0,1.0,1.0,672.13,58.04,77.49,64.69644254086127,6.928655532083556,63.81,84667032.45337328,9.5,11.35178939661812,9.797479942810735,59.79297954510294,0.88,141.55,MQTT-DDoS-Connect_Flood
15034.96,6.0,64.0,105.0844734079828,105.0844734079828,0.0,0.0,0.0,0.0,0.65,1.0,0.0,0.0,0.0,0.0,0.0,46.86,0.0,0.0,0.0,0.0,0.0,0.0,0.0,1.0,0.0,0.0,0.0,0.0,0.0,1.0,1.0,2567.35,131.4,407.49,224.959503444397,98.52709260411744,279.64,84666479.42003767,9.5,19.823186362524083,138.74877285639042,21836.290509542097,0.56,141.55,MQTT-DoS-Publish_Flood
383.08,6.0,64.0,10.688600243085588,10.688600243085588,0.0,0.15,0.35,0.14,0.13,0.84,0.0,0.0,1.01,1.63,0.48,4.56,0.0,0.0,0.0,0.0,0.0,0.0,0.0,1.0,0.0,0.0,0.0,0.0,0.0,1.0,1.0,725.16,62.36,76.72,69.14617989707232,5.406136561836779,68.54,84667049.52233478,9.5,11.757885445668244,7.645762462672521,39.24439787298271,0.95,141.55,MQTT-DDoS-Connect_Flood
62719.6,6.0,64.0,0.998559884654302,0.998559884654302,0.0,0.0,0.0,0.0,0.4,1.0,0.0,0.0,0.0,0.0,0.0,807.1,0.0,0.0,0.0,0.0,0.0,0.0,0.0,1.0,0.0,0.0,0.0,0.0,0.0,1.0,1.0,386.2,68.1,87.0,72.4179761904762,7.217620799900691,68.7,7.069110870361328e-05,5.5,12.027069486690603,10.207257223285705,59.80601856575964,0.9,38.5,Benign
481.02,6.0,64.0,10.256267349012337,10.256267349012337,0.0,0.11,0.11,0.17,0.17,0.75,0.0,0.0,1.28,1.95,0.38,5.65,0.0,0.0,0.0,0.0,0.0,0.0,0.0,1.0,0.0,0.0,0.0,0.0,0.0,1.0,1.0,697.13,61.36,77.1,65.75557724164382,5.9369532444094,67.32,84667032.82951851,9.5,11.4596355583326,8.406915525699398,46.466412749575184,0.89,141.55,MQTT-DDoS-Connect_Flood
120945.7,7.1,83.1,1.3327581461307365,1.3327581461307365,0.0,0.0,0.0,0.0,0.4,0.9,0.0,0.0,0.0,0.0,0.0,1423.4,0.0,0.0,0.0,0.0,0.0,0.0,0.0,0.9,0.1,0.0,0.0,0.0,0.0,1.0,1.0,486.6,66.0,146.4,84.74825396825398,27.50660548803724,94.6,0.0997463941574096,5.5,12.997149151261572,38.900214536028464,1106.6866943814562,0.9,38.5,Benign
2126997.0,6.0,55.0,1670.426042521167,1670.426042521167,0.0,0.0,0.0,0.0,0.0,1.0,0.0,0.0,0.0,1.0,0.0,1410.5,0.0,1.0,0.0,0.0,0.0,0.0,0.0,1.0,0.0,0.0,0.0,0.0,0.0,1.0,1.0,8327.0,1514.0,1514.0,1514.0,0.0,1514.0,8.111000061035156e-05,5.5,55.02726596879042,0.0,0.0,0.0,38.5,Benign
151791.4,9.3,76.1,0.738646852042319,0.738646852042319,0.0,0.0,0.0,0.0,0.4,0.7,0.0,0.0,0.0,0.0,0.0,1666.2,0.0,0.1,0.0,0.0,0.0,0.0,0.0,0.7,0.3,0.0,0.0,0.0,0.0,1.0,1.0,1009.2,66.0,438.0,145.8677777777778,128.7441762989854,256.6,0.0997631072998046,5.5,16.46521994043286,182.07176019857792,31814.85768077601,0.9,38.5,Benign
535.54,6.0,64.0,13.304328358915615,13.304328358915615,0.0,0.28,0.14,0.16,0.24,0.73,0.0,0.0,1.58,1.97,0.59,6.29,0.0,0.0,0.0,0.0,0.0,0.0,0.0,1.0,0.0,0.0,0.0,0.0,0.0,1.0,1.0,708.79,59.33,78.01,67.34800839807767,6.223714686037331,67.81,84667039.76998016,9.5,11.59903252763432,8.81319060722843,51.60907304136903,0.87,141.55,MQTT-DDoS-Connect_Flood
371.99,6.0,64.0,10.498315589322916,10.498315589322916,0.0,0.26,0.28,0.1,0.13,0.91,0.0,0.0,0.83,1.79,0.33,4.4,0.0,0.0,0.0,0.0,0.0,0.0,0.0,1.0,0.0,0.0,0.0,0.0,0.0,1.0,1.0,708.23,63.84,72.58,67.14701783132587,3.452143792944065,68.06,84667034.14117199,9.5,11.581506006703371,4.868877859391613,17.502784569251553,0.86,141.55,MQTT-DDoS-Connect_Flood
266182.9,7.1,64.0,1.2679016413663655,1.2679016413663655,0.0,0.0,0.0,0.0,0.5,0.9,0.0,0.0,0.0,0.0,0.0,3337.8,0.0,0.0,0.0,0.0,0.0,0.0,0.0,0.9,0.1,0.0,0.0,0.0,0.0,1.0,1.0,2091.1,66.0,928.0,136.91808992306284,211.25132622996344,165.1,169465579.6201889,13.5,16.547403781425555,299.4060358644641,45147.11947513977,1.0,244.6,Benign
68328.9,6.0,64.0,0.8045064305506259,0.8045064305506259,0.0,0.0,0.0,0.0,0.1,1.0,0.0,0.0,0.0,0.0,0.0,878.5,0.0,0.0,0.0,0.0,0.0,0.0,0.0,1.0,0.0,0.0,0.0,0.0,0.0,1.0,1.0,1296.0,67.4,117.0,84.25745930668919,14.372483492202289,67.4,169466262.02391958,13.5,12.984187801160692,20.33349389502012,207.9262290002076,1.0,244.6,Benign
446.01,6.0,64.0,9.71045984220062,9.71045984220062,0.0,0.17,0.17,0.28,0.17,0.64,0.0,0.0,1.16,1.79,0.58,5.12,0.0,0.0,0.0,0.0,0.0,0.0,0.0,1.0,0.0,0.0,0.0,0.0,0.0,1.0,1.0,689.98,57.4,77.41,65.08875709880935,7.349054724617397,65.96,84667019.67947112,9.5,11.405167687953254,10.394975553569706,65.57844135064269,0.93,141.55,MQTT-DDoS-Connect_Flood
6646620.2,6.0,211.2,116.66704587500008,116.66704587500008,0.0,0.0,0.0,0.0,0.0,1.0,0.0,0.0,0.0,2.0,0.0,6785.5,0.0,1.0,0.0,0.0,0.0,0.0,0.0,1.0,0.0,0.0,0.0,0.0,0.0,1.0,1.0,18016.2,351.6,1494.0,1199.024858299595,478.1990896586509,351.6,169323361.9804343,13.5,48.90448421614969,674.7566614269386,292860.1705911587,0.8,244.6,MQTT-Malformed_Data
436.51,6.0,64.0,11.943164599458012,11.943164599458012,0.0,0.16,0.18,0.19,0.25,0.78,0.0,0.0,1.08,1.74,0.64,5.15,0.0,0.0,0.0,0.0,0.0,0.0,0.0,1.0,0.0,0.0,0.0,0.0,0.0,1.0,1.0,701.74,62.0,74.34,66.83050822135381,4.584036916499776,66.93,84667047.97835243,9.5,11.555273568825726,6.476870511435186,29.251614991352056,0.94,141.55,MQTT-DDoS-Connect_Flood
115.92,6.0,64.0,140845.5710692641,140845.5710692641,0.0,0.15,0.26,0.26,0.14,0.7,0.0,0.0,0.16,0.39,0.42,1.18,0.0,0.0,0.0,0.0,0.0,0.0,0.0,1.0,0.0,0.0,0.0,0.0,0.0,1.0,1.0,686.33,61.28,75.25,65.21808052319197,5.381471395662115,65.78,84667027.60860866,9.5,11.412045444733588,7.61153873223543,38.70796355555854,0.93,141.55,MQTT-DDoS-Connect_Flood
57415.29,6.0,64.0,85.00482669631293,85.00482669631293,0.0,0.0,0.0,0.0,0.0,1.0,0.0,0.0,0.0,0.0,0.0,217.57,0.0,0.0,0.0,0.0,0.0,0.0,0.0,1.0,0.0,0.0,0.0,0.0,0.0,1.0,1.0,693.0,66.0,66.0,66.0,0.0,66.0,84666486.01306589,9.5,11.48912529307606,0.0,0.0,0.0,141.55,MQTT-DoS-Publish_Flood
601.1,6.0,64.0,542.3885011785663,542.3885011785663,0.0,0.2,0.2,0.3,0.3,0.6,0.0,0.0,0.8,1.6,0.8,3.7,0.0,0.0,0.0,0.0,0.0,0.0,0.0,1.0,0.0,0.0,0.0,0.0,0.0,1.0,1.0,1069.0,54.0,92.0,69.07694716360352,10.051211319273282,68.4,169323389.56719282,13.5,11.75146188135278,14.247537099463177,101.95081402242856,1.0,244.6,MQTT-Malformed_Data
327.68,6.0,64.0,17.108395771898792,17.108395771898792,0.0,0.19,0.06,0.39,0.18,0.55,0.0,0.0,1.01,0.7,0.49,3.82,0.0,0.0,0.0,0.0,0.0,0.0,0.0,1.0,0.0,0.0,0.0,0.0,0.0,1.0,1.0,664.57,57.92,74.19,63.59175663311576,5.606097364166283,63.78,84667028.47825311,9.5,11.26669590868463,7.913421654498385,44.27615420382445,0.86,141.55,MQTT-DDoS-Connect_Flood
50292.9,8.2,76.8,0.9398063858786676,0.9398063858786676,0.0,0.0,0.0,0.0,0.3,0.8,0.0,0.0,0.0,0.0,0.0,632.8,0.0,0.2,0.0,0.0,0.0,0.0,0.0,0.8,0.2,0.0,0.0,0.0,0.0,1.0,1.0,1638.9,57.6,520.5,102.09445457449328,106.61627276951764,162.2,169461681.4951523,13.5,14.201793838042567,151.43692219098588,19681.737901683613,1.0,244.6,Benign
610.69,6.0,64.0,10.04000024211824,10.04000024211824,0.0,0.1,0.04,0.35,0.15,0.61,0.0,0.0,1.69,2.25,0.94,6.84,0.0,0.0,0.0,0.0,0.0,0.0,0.0,1.0,0.0,0.0,0.0,0.0,0.0,1.0,1.0,674.14,54.64,76.04,63.874760212310896,7.651997038001987,64.63,84667045.31368315,9.5,11.296032733274526,10.818366078808962,68.60588388433966,0.91,141.55,MQTT-DDoS-Connect_Flood
127283.9,6.0,64.0,0.7418504124212029,0.7418504124212029,0.0,0.0,0.0,0.0,1.0,1.0,0.0,0.0,0.0,0.0,0.0,1611.2,0.0,0.0,0.0,0.0,0.0,0.0,0.0,1.0,0.0,0.0,0.0,0.0,0.0,1.0,1.0,511.6,84.8,107.5,92.27630952380952,8.08928938490683,91.9,0.0001821041107177,5.5,13.58362909508322,11.439982758095953,88.83008205782312,0.9,38.5,Benign
231212.0,6.0,64.0,2.034474353501506,2.034474353501506,0.0,0.0,0.0,0.0,0.5,1.0,0.0,0.0,0.0,0.0,0.0,2878.9,0.0,0.0,0.0,0.0,0.0,0.0,0.0,1.0,0.0,0.0,0.0,0.0,0.0,1.0,1.0,456.2,67.9,105.8,83.09079365079364,15.84150570202622,80.6,0.0001370906829833,5.5,12.888455947104756,22.4032722122162,287.04197782816834,0.9,38.5,Benign
401.9,6.0,64.0,8.986614526898812,8.986614526898812,0.0,0.15,0.22,0.2,0.11,0.73,0.0,0.0,1.03,1.93,0.46,4.46,0.0,0.0,0.0,0.0,0.0,0.0,0.0,1.0,0.0,0.0,0.0,0.0,0.0,1.0,1.0,698.08,61.09,74.6,66.49037732391449,5.048477078522242,66.06,84667034.47653131,9.5,11.52438800252001,7.146241886639524,30.947976506122654,0.93,141.55,MQTT-DDoS-Connect_Flood
492807.0,6.0,56.0,6848.743205824008,6848.743205824008,0.0,0.0,0.0,0.0,0.0,1.0,0.0,0.0,0.0,0.0,0.0,325.5,1.0,0.0,0.0,0.0,0.0,0.0,0.0,1.0,0.0,0.0,0.0,0.0,0.0,1.0,1.0,8327.0,1514.0,1514.0,1514.0,0.0,1514.0,0.0001263856887817,5.5,55.02726596879042,0.0,0.0,0.0,38.5,Benign
105669.4,7.1,83.1,2.7094080850682403,2.7094080850682403,0.0,0.0,0.0,0.0,0.4,0.9,0.0,0.0,0.0,0.8,0.0,1221.0,0.0,0.0,0.0,0.0,0.0,0.0,0.0,0.9,0.1,0.0,0.0,0.0,0.0,1.0,1.0,597.9,66.0,183.9,99.24821428571428,48.21071488129133,108.3,0.099981689453125,5.5,13.986461906020068,68.18024683682458,3498.0548252551025,0.9,38.5,Benign
6009397.0,6.0,64.0,106.7618273313661,106.7618273313661,0.0,0.0,0.0,0.0,0.0,1.0,0.0,0.0,0.0,0.0,0.0,6094.5,0.0,1.0,0.0,0.0,0.0,0.0,0.0,1.0,0.0,0.0,0.0,0.0,0.0,1.0,1.0,23157.0,1494.0,1494.0,1494.0,0.0,1494.0,169323369.53312477,13.5,54.6626014748658,0.0,0.0,0.0,244.6,MQTT-Malformed_Data
76092.78,6.0,64.0,111.407621988518,111.407621988518,0.0,0.0,0.0,0.0,0.47,1.0,0.0,0.0,0.0,0.0,0.0,296.27,0.0,0.0,0.0,0.0,0.0,0.0,0.0,1.0,0.0,0.0,0.0,0.0,0.0,1.0,1.0,1445.1,120.5,195.71,144.34293567187026,30.58920089084221,134.67,84666480.6149852,9.5,16.43576348229918,43.23634905315341,1751.0121149939246,0.56,141.55,MQTT-DoS-Publish_Flood
286.44,6.0,64.0,4.520734113890416,4.520734113890416,0.0,0.21,0.48,0.0,0.22,1.0,0.0,0.0,0.56,1.69,0.35,3.13,0.0,0.0,0.0,0.0,0.0,0.0,0.0,1.0,0.0,0.0,0.0,0.0,0.0,1.0,1.0,742.32,67.24,73.88,70.77278984998489,2.9305163626093345,70.72,84667031.90552393,9.5,11.896701824255924,4.146799877078284,9.84628268980608,0.93,141.55,MQTT-DDoS-Connect_Flood
119.76,6.0,64.0,74602.5411063217,74602.5411063217,0.0,0.18,0.19,0.13,0.21,0.83,0.0,0.0,0.22,0.19,0.2,1.52,0.0,0.0,0.0,0.0,0.0,0.0,0.0,1.0,0.0,0.0,0.0,0.0,0.0,1.0,1.0,713.33,61.05,76.16,67.99823328352933,5.577705235697147,68.31,84667040.53161393,9.5,11.6545948639455,7.894049837098481,40.98085716067826,0.93,141.55,MQTT-DDoS-Connect_Flood
531.75,6.0,64.0,11.50494516465906,11.50494516465906,0.0,0.11,0.18,0.31,0.18,0.59,0.0,0.0,1.34,2.2,0.78,5.88,0.0,0.0,0.0,0.0,0.0,0.0,0.0,1.0,0.0,0.0,0.0,0.0,0.0,1.0,1.0,692.71,57.85,78.51,66.27605269588513,7.254256326905509,65.45,84667036.76242371,9.5,11.509269941536015,10.262712541510096,66.2540939737723,0.92,141.55,MQTT-DDoS-Connect_Flood
480.92,6.0,64.0,11.489531055349287,11.489531055349287,0.0,0.37,0.08,0.23,0.18,0.77,0.0,0.0,1.39,1.75,0.63,5.77,0.0,0.0,0.0,0.0,0.0,0.0,0.0,1.0,0.0,0.0,0.0,0.0,0.0,1.0,1.0,681.8,59.96,74.65,64.945786456062,4.950641055859594,65.24,84667033.45078735,9.5,11.391184151109568,7.009571658850555,39.33399313045143,0.85,141.55,MQTT-DDoS-Connect_Flood
466.69,6.0,64.0,9.267671333037184,9.267671333037184,0.0,0.17,0.19,0.24,0.19,0.72,0.0,0.0,1.26,1.76,0.67,5.43,0.0,0.0,0.0,0.0,0.0,0.0,0.0,1.0,0.0,0.0,0.0,0.0,0.0,1.0,1.0,705.05,56.38,79.45,67.18939002767098,8.034503828698114,66.82,84667024.50225596,9.5,11.586156387885676,11.362523336385728,74.59010892445855,0.94,141.55,MQTT-DDoS-Connect_Flood
13236.22,6.0,64.0,47.12011375367871,47.12011375367871,0.0,0.08,0.0,0.3,0.42,0.7,0.0,0.0,0.77,0.31,8.44,16.65,0.0,0.0,0.0,0.0,0.0,0.0,0.0,1.0,0.0,0.0,0.0,0.0,0.0,1.0,1.0,3241.5,60.65,1002.94,242.4452221833034,327.332500209246,390.48,84666973.8635899,9.5,20.60254602536236,463.25153568624455,171067.73579975616,0.82,141.55,MQTT-DDoS-Publish_Flood
349.63,6.0,64.0,7.902724901844935,7.902724901844935,0.0,0.16,0.31,0.0,0.22,1.0,0.0,0.0,0.59,1.73,0.59,4.0,0.0,0.0,0.0,0.0,0.0,0.0,0.0,1.0,0.0,0.0,0.0,0.0,0.0,1.0,1.0,728.48,66.16,73.08,69.23727118770462,2.90825785496821,69.36,84667025.671009,9.5,11.767005041371126,4.110765204626483,9.908771461796915,0.87,141.55,MQTT-DDoS-Connect_Flood
329.03,6.0,64.0,19.51169632574752,19.51169632574752,0.0,0.29,0.12,0.14,0.2,0.8,0.0,0.0,0.96,1.19,0.23,3.91,0.0,0.0,0.0,0.0,0.0,0.0,0.0,1.0,0.0,0.0,0.0,0.0,0.0,1.0,1.0,704.98,61.72,76.45,66.77308625692332,5.010090623126589,67.59,84667044.15694757,9.5,11.55290673297171,7.0905745013122985,37.65399597849304,0.85,141.55,MQTT-DDoS-Connect_Flood
8846.07,6.0,64.0,15.185706338586256,15.185706338586256,0.0,0.0,0.02,0.31,0.44,0.67,0.0,0.0,0.67,2.49,5.27,22.16,0.0,0.0,0.0,0.0,0.0,0.0,0.0,1.0,0.0,0.0,0.0,0.0,0.0,1.0,1.0,1715.43,84.23,264.05,140.29291209607385,72.57620308834717,226.56,84666974.97772175,9.5,15.7053711272523,102.497086788303,32410.082328889832,0.61,141.55,MQTT-DDoS-Publish_Flood
306930.4,17.0,64.0,78.15758186331166,78.15758186331166,0.0,0.0,0.0,0.0,0.0,0.0,0.0,0.0,0.0,0.0,0.0,0.0,0.0,0.0,0.0,0.0,0.0,0.0,0.0,0.0,1.0,0.0,0.0,0.0,0.0,1.0,1.0,1248.4,106.7,448.1,206.0750793650793,130.94227865351556,259.5,0.0060305118560791,5.5,20.09400264728034,185.18034635983872,21953.62886898463,0.9,38.5,Benign
412.1,6.0,64.0,66.35349597763087,66.35349597763087,0.0,0.05,0.24,0.17,0.18,0.82,0.0,0.0,0.15,1.76,0.3,4.17,0.0,0.0,0.0,0.0,0.0,0.0,0.0,1.0,0.0,0.0,0.0,0.0,0.0,1.0,1.0,725.43,61.65,77.53,69.20958042834359,4.665109538259394,69.18,84662368.69794188,9.5,11.761356610164649,6.5957398501094415,27.096822045719684,0.89,141.55,MQTT-DoS-Connect_Flood
543.68,6.0,64.0,9.15828657418378,9.15828657418378,0.0,0.24,0.2,0.12,0.12,0.82,0.0,0.0,1.7,2.04,0.21,6.62,0.0,0.0,0.0,0.0,0.0,0.0,0.0,1.0,0.0,0.0,0.0,0.0,0.0,1.0,1.0,763.81,66.02,80.34,73.22640229073471,5.310077274394121,72.25,84667042.80394055,9.5,12.098729542043662,7.510646449642696,33.187260478083445,0.93,141.55,MQTT-DDoS-Connect_Flood
482.08,6.0,64.0,6.723598649256174,6.723598649256174,0.0,0.33,0.46,0.04,0.11,0.53,0.0,0.0,1.33,2.28,0.43,5.32,0.0,0.0,0.0,0.0,0.0,0.0,0.0,1.0,0.0,0.0,0.0,0.0,0.0,1.0,1.0,732.37,62.4,77.54,69.31939914888173,4.91261193291478,70.28,84667043.30693696,9.5,11.769153125922214,6.95373328336458,27.51069746469972,0.9,141.55,MQTT-DDoS-Connect_Flood
4535.46,6.0,64.0,18.9685576559639,18.9685576559639,0.0,0.0,0.05,0.01,0.83,0.94,0.0,0.0,0.22,0.16,3.46,14.65,0.0,0.0,0.0,0.0,0.0,0.0,0.0,1.0,0.0,0.0,0.0,0.0,0.0,1.0,1.0,3905.0,115.69,778.12,366.7299779385562,238.40777918431263,391.89,84666972.58816028,9.5,25.471188599669865,337.37551100548376,110845.51183757216,0.88,141.55,MQTT-DDoS-Publish_Flood
437.15,6.0,64.0,8.9112053267114,8.9112053267114,0.0,0.1,0.16,0.17,0.2,0.79,0.0,0.0,0.92,1.84,0.51,5.07,0.0,0.0,0.0,0.0,0.0,0.0,0.0,1.0,0.0,0.0,0.0,0.0,0.0,1.0,1.0,711.42,59.56,77.34,67.60773932332718,5.876388619757556,67.93,84667018.64994319,9.5,11.626090939169485,8.303044892933313,43.1340776273078,0.93,141.55,MQTT-DDoS-Connect_Flood
53366.4,7.1,83.1,1.5540115047622505,1.5540115047622505,0.0,0.0,0.0,0.0,0.5,0.9,0.0,0.0,0.0,0.0,0.0,638.8,0.0,0.0,0.0,0.0,0.0,0.0,0.0,0.9,0.1,0.0,0.0,0.0,0.0,1.0,1.0,1382.6,66.0,219.0,88.82018471552527,37.54966486493272,98.7,169465355.71727958,13.5,13.31646996356059,53.20942087277115,1531.7070337661496,1.0,244.6,Benign
317.81,6.0,64.0,8.689674696434714,8.689674696434714,0.0,0.17,0.26,0.09,0.27,0.86,0.0,0.0,0.63,1.62,0.27,3.58,0.0,0.0,0.0,0.0,0.0,0.0,0.0,1.0,0.0,0.0,0.0,0.0,0.0,1.0,1.0,729.94,64.8,77.34,69.94893978905512,4.785431982904057,69.23,84667020.88234892,9.5,11.824910973813823,6.771461251297267,34.67099959720488,0.89,141.55,MQTT-DDoS-Connect_Flood
505.03,6.0,64.0,10.424152607462558,10.424152607462558,0.0,0.1,0.08,0.45,0.18,0.57,0.0,0.0,1.27,1.7,0.71,5.83,0.0,0.0,0.0,0.0,0.0,0.0,0.0,1.0,0.0,0.0,0.0,0.0,0.0,1.0,1.0,680.77,55.61,79.21,64.65602382417202,7.992800794313087,64.56,84667048.05706452,9.5,11.363645428277824,11.31177557494778,75.56011016013568,0.87,141.55,MQTT-DDoS-Connect_Flood
36504.23,6.0,64.0,44.49679725965351,44.49679725965351,0.0,0.01,0.02,0.17,0.29,0.81,0.0,0.0,0.56,0.33,11.92,45.66,0.0,0.0,0.0,0.0,0.0,0.0,0.0,1.0,0.0,0.0,0.0,0.0,0.0,1.0,1.0,7807.39,291.7,1234.28,755.7688424052727,398.3249774588219,778.84,84666963.40696554,9.5,35.78955112744327,563.1560891647044,241034.71251693464,0.84,141.55,MQTT-DDoS-Publish_Flood
405.0,6.0,64.0,10.33925445039969,10.33925445039969,0.0,0.18,0.2,0.26,0.26,0.69,0.0,0.0,1.14,1.4,0.4,4.78,0.0,0.0,0.0,0.0,0.0,0.0,0.0,1.0,0.0,0.0,0.0,0.0,0.0,1.0,1.0,701.25,57.24,77.96,65.6237623142681,7.421722128728654,67.94,84667039.52480736,9.5,11.447404756878107,10.493634069358906,70.62702899277768,0.91,141.55,MQTT-DDoS-Connect_Flood
504.71,6.0,64.0,9.132508530247064,9.132508530247064,0.0,0.14,0.0,0.2,0.33,0.8,0.0,0.0,1.31,1.9,0.53,5.92,0.0,0.0,0.0,0.0,0.0,0.0,0.0,1.0,0.0,0.0,0.0,0.0,0.0,1.0,1.0,700.22,58.49,79.88,66.3466321155195,7.646396799531162,66.96,84667021.65174282,9.5,11.513405903091009,10.81484636038743,70.9238484516787,0.92,141.55,MQTT-DDoS-Connect_Flood
470.91,6.0,64.0,10.809089910226234,10.809089910226234,0.0,0.29,0.18,0.05,0.26,0.89,0.0,0.0,1.11,1.94,0.51,5.55,0.0,0.0,0.0,0.0,0.0,0.0,0.0,1.0,0.0,0.0,0.0,0.0,0.0,1.0,1.0,734.6,64.44,76.61,70.08959752515285,4.52365631577723,70.28,84667046.07352391,9.5,11.835469832505176,6.39136357850158,25.47350914649403,0.92,141.55,MQTT-DDoS-Connect_Flood
6984132.0,6.0,100.8,101.26820721165366,101.26820721165366,0.0,0.0,0.0,0.0,0.2,1.0,0.0,0.0,0.0,0.0,0.0,7093.5,0.0,1.0,0.0,0.0,0.0,0.0,0.0,1.0,0.0,0.0,0.0,0.0,0.0,1.0,1.0,7802.0,66.0,1494.0,480.3324936183527,585.9922632423404,1000.6,169323380.1632917,13.5,30.71737428721196,829.5225981420239,351257.3382729887,1.0,244.6,MQTT-Malformed_Data
433.0,6.0,64.0,734.918589442915,734.918589442915,0.0,0.1,0.2,0.4,0.1,0.5,0.0,0.0,0.9,1.8,1.2,3.9,0.0,0.0,0.0,0.0,0.0,0.0,0.0,1.0,0.0,0.0,0.0,0.0,0.0,1.0,1.0,1102.6,54.0,89.0,71.31503548309274,10.112643818125534,63.2,169323414.6966353,13.5,11.949278694717949,14.249014108736224,101.75807554663383,1.0,244.6,MQTT-Malformed_Data
58102.64,6.0,64.0,94.45169477419935,94.45169477419935,0.0,0.0,0.0,0.0,0.69,1.0,0.0,0.0,0.0,0.0,0.0,276.57,0.0,0.0,0.0,0.0,0.0,0.0,0.0,1.0,0.0,0.0,0.0,0.0,0.0,1.0,1.0,1493.06,105.24,168.46,140.7824849332384,23.88072957335596,142.3,84666498.8387498,9.5,16.590523618595675,33.65371539112954,1047.5658053164825,0.57,141.55,MQTT-DoS-Publish_Flood
653.08,6.0,64.0,5.448290022082835,5.448290022082835,0.0,0.13,0.09,0.55,0.17,0.41,0.0,0.0,1.96,2.13,1.69,6.87,0.0,0.0,0.0,0.0,0.0,0.0,0.0,1.0,0.0,0.0,0.0,0.0,0.0,1.0,1.0,649.81,58.28,74.81,62.53022902428668,5.911846938678707,61.43,84667031.97287087,9.5,11.16924877670325,8.358055931651556,50.00879696284252,0.78,141.55,MQTT-DDoS-Connect_Flood
13934.1,6.0,64.0,1.2552698213857094,1.2552698213857094,0.0,0.0,0.0,0.0,0.5,1.0,0.0,0.0,0.0,0.0,0.0,171.5,0.0,0.0,0.0,0.0,0.0,0.0,0.0,1.0,0.0,0.0,0.0,0.0,0.0,1.0,1.0,1350.0,66.0,214.0,87.37562566217754,36.30491296948355,80.2,169469439.5352628,13.5,13.209317540635324,51.40100006912808,1327.80128780505,1.0,244.6,Benign
100010.0,6.0,83.1,1.712665190213612,1.712665190213612,0.0,0.0,0.0,0.0,0.4,1.0,0.0,0.0,0.0,0.2,0.0,1228.0,0.0,0.1,0.0,0.0,0.0,0.0,0.0,1.0,0.0,0.0,0.0,0.0,0.0,1.0,1.0,1171.2,55.6,110.8,75.57078410409679,16.437470449544513,77.4,169461686.91571277,13.5,12.297282501470676,23.28820162363947,271.63669676040246,1.0,244.6,Benign
187313.6,6.0,64.0,1.0566988368189023,1.0566988368189023,0.0,0.0,0.0,0.0,0.6,1.0,0.0,0.0,0.0,0.0,0.0,2349.9,0.0,0.0,0.0,0.0,0.0,0.0,0.0,1.0,0.0,0.0,0.0,0.0,0.0,1.0,1.0,1065.3,66.0,85.5,68.56073060797132,4.592250852142968,73.4,169469333.9358987,13.5,11.711480523343246,6.526167778448894,33.08447208431993,1.0,244.6,Benign
3366.6,6.0,69.9,2.99470408926324,2.99470408926324,0.0,0.0,0.0,0.0,0.6,1.0,0.0,0.0,0.0,0.0,0.0,43.8,0.0,0.0,0.0,0.0,0.0,0.0,0.0,1.0,0.0,0.0,0.0,0.0,0.0,1.0,1.0,1685.7,66.0,342.0,109.92484228147154,77.29673229568299,81.0,169462870.2466591,13.5,14.81794105456114,109.5633948698476,6033.391554838036,1.0,244.6,Benign
56454.8,2.4,25.6,2.035067585442193,2.035067585442193,0.0,0.0,0.0,0.0,0.2,0.4,0.0,0.0,0.0,0.0,0.0,691.0,0.0,0.0,0.0,0.0,0.0,0.0,0.0,0.4,0.0,0.0,0.6,0.0,0.0,0.4,0.4,1141.4,51.6,106.4,74.17542351568281,15.19813600469297,63.4,169461957.6104678,13.5,12.181515077146909,21.536006293409194,240.97087012978363,1.0,244.6,Benign
381.52,6.0,64.0,11.302110840888112,11.302110840888112,0.0,0.18,0.2,0.17,0.22,0.77,0.0,0.0,0.86,1.64,0.35,4.58,0.0,0.0,0.0,0.0,0.0,0.0,0.0,1.0,0.0,0.0,0.0,0.0,0.0,1.0,1.0,718.37,59.81,79.19,68.69571247229722,6.281257473534208,67.94,84667021.80595553,9.5,11.717702610866596,8.893898858179238,50.28636709504113,0.93,141.55,MQTT-DDoS-Connect_Flood
82114.69,6.0,64.0,132.91108193155466,132.91108193155466,0.0,0.0,0.0,0.0,0.88,1.0,0.0,0.0,0.0,0.0,0.0,219.98,0.0,0.0,0.0,0.0,0.0,0.0,0.0,1.0,0.0,0.0,0.0,0.0,0.0,1.0,1.0,4135.02,210.97,961.15,403.0598839197438,249.59455342060213,370.73,84666482.1659153,9.5,27.7550507799002,353.2831110003476,96368.88070018627,0.8,141.55,MQTT-DoS-Publish_Flood
107751.1,10.4,76.8,1.1416574873035228,1.1416574873035228,0.0,0.0,0.0,0.0,0.3,0.6,0.0,0.0,0.0,0.0,0.0,1348.5,0.0,0.0,0.1,0.0,0.0,0.0,0.0,0.6,0.4,0.0,0.0,0.0,0.0,1.0,1.0,1899.6,66.0,521.2,115.73975977969398,121.161521814568,274.2,169470830.7458545,13.5,15.02018209951574,172.16413671481274,26431.988316539355,1.0,244.6,Benign
138047.3,6.0,64.0,0.6908837603580011,0.6908837603580011,0.0,0.0,0.0,0.0,0.5,1.0,0.0,0.0,0.0,0.0,0.0,1668.9,0.0,0.0,0.0,0.0,0.0,0.0,0.0,1.0,0.0,0.0,0.0,0.0,0.0,1.0,1.0,382.5,66.2,81.5,68.71265873015872,4.94192885916988,71.5,3.941059112548829e-05,5.5,11.721320238717407,6.988942816921042,64.14393989355001,0.9,38.5,Benign
405.57,6.0,64.0,10.690708546700614,10.690708546700614,0.0,0.23,0.3,0.07,0.24,0.77,0.0,0.0,1.1,1.69,0.28,4.88,0.0,0.0,0.0,0.0,0.0,0.0,0.0,1.0,0.0,0.0,0.0,0.0,0.0,1.0,1.0,742.32,65.24,78.68,71.3897900504638,5.383346334196399,70.16,84667037.95398027,9.5,11.943414698832443,7.618011963837355,40.71981671991347,0.89,141.55,MQTT-DDoS-Connect_Flood
278.47,6.0,64.0,15.055072715866697,15.055072715866697,0.0,0.14,0.19,0.2,0.14,0.74,0.0,0.0,0.74,0.94,0.39,3.15,0.0,0.0,0.0,0.0,0.0,0.0,0.0,1.0,0.0,0.0,0.0,0.0,0.0,1.0,1.0,706.53,59.08,77.45,67.16661371106534,6.838891475523434,66.82,84667020.13205782,9.5,11.585523202126772,9.679553847805929,58.6367022701353,0.91,141.55,MQTT-DDoS-Connect_Flood
65360.15,6.0,64.0,96.3589325788262,96.3589325788262,0.0,0.0,0.0,0.0,0.64,1.0,0.0,0.0,0.0,0.0,0.0,196.24,0.0,0.0,0.0,0.0,0.0,0.0,0.0,1.0,0.0,0.0,0.0,0.0,0.0,1.0,1.0,5308.57,219.86,1161.22,513.7829352873218,322.9974398061729,495.15,84666480.44154082,9.5,30.68231540926382,456.30012972314665,133911.53211421642,0.82,141.55,MQTT-DoS-Publish_Flood
243546.3,6.0,64.0,0.904088140876402,0.904088140876402,0.0,0.0,0.0,0.0,0.5,1.0,0.0,0.0,0.0,0.0,0.0,3011.6,0.0,0.0,0.0,0.0,0.0,0.0,0.0,1.0,0.0,0.0,0.0,0.0,0.0,1.0,1.0,447.8,66.0,106.1,79.47821428571429,16.256720957127435,81.2,0.0001461029052734,5.5,12.599499467927163,22.990475257284544,308.40669430272106,0.9,38.5,Benign
194.75,6.0,64.0,23.47808058412602,23.47808058412602,0.0,0.22,0.18,0.02,0.29,0.93,0.0,0.0,0.39,0.81,0.08,2.26,0.0,0.0,0.0,0.0,0.0,0.0,0.0,1.0,0.0,0.0,0.0,0.0,0.0,1.0,1.0,733.95,66.24,75.39,70.00960438048364,3.5225702867709376,69.77,84667023.31618506,9.5,11.829152483824831,4.974024806305777,15.827013447991778,0.95,141.55,MQTT-DDoS-Connect_Flood
63566.92,6.0,64.0,78.0951656286559,78.0951656286559,0.0,0.0,0.0,0.0,0.5,1.0,0.0,0.0,0.0,0.0,0.0,172.72,0.0,0.0,0.0,0.0,0.0,0.0,0.0,1.0,0.0,0.0,0.0,0.0,0.0,1.0,1.0,3078.69,106.33,727.57,286.5288767327873,201.59719738465307,277.46,84666489.50027531,9.5,21.820702069938875,285.4532921345449,87435.3858544211,0.54,141.55,MQTT-DoS-Publish_Flood
50930.75,6.0,64.0,60.843827188742864,60.843827188742864,0.0,0.0,0.0,0.0,0.2,1.0,0.0,0.0,0.0,0.0,0.0,60.68,0.0,0.0,0.0,0.0,0.0,0.0,0.0,1.0,0.0,0.0,0.0,0.0,0.0,1.0,1.0,4675.12,244.2,762.76,443.9934254042311,205.1517364907353,436.6,84666978.68535335,9.5,25.083796148490777,289.94399872148085,99306.75338106808,0.47,141.55,MQTT-DDoS-Publish_Flood
50507.87,6.0,64.0,69.27439057455658,69.27439057455658,0.0,0.0,0.0,0.0,0.33,1.0,0.0,0.0,0.0,0.0,0.0,153.33,0.0,0.0,0.0,0.0,0.0,0.0,0.0,1.0,0.0,0.0,0.0,0.0,0.0,1.0,1.0,2226.94,79.86,574.86,193.5462602785501,166.17334265035603,201.16,84666502.54831633,9.5,18.143369965679472,235.31814410546792,65439.144892612014,0.55,141.55,MQTT-DoS-Publish_Flood
475.48,6.0,64.0,22.964588666699925,22.964588666699925,0.0,0.13,0.29,0.12,0.17,0.59,0.0,0.0,1.23,2.03,0.36,5.46,0.0,0.0,0.0,0.0,0.0,0.0,0.0,1.0,0.0,0.0,0.0,0.0,0.0,1.0,1.0,726.25,62.24,78.56,69.371707516211,5.584899815637645,69.48,84667029.5463731,9.5,11.77504731137828,7.89488432750401,42.81476197632475,0.84,141.55,MQTT-DDoS-Connect_Flood
567.91,6.0,64.0,11.99057612999914,11.99057612999914,0.0,0.14,0.21,0.3,0.14,0.64,0.0,0.0,1.5,2.19,0.96,6.38,0.0,0.0,0.0,0.0,0.0,0.0,0.0,1.0,0.0,0.0,0.0,0.0,0.0,1.0,1.0,688.68,59.16,76.85,65.68563315623145,6.171414417541103,65.9,84667045.51286742,9.5,11.4516240958493,8.712038362642856,49.530233721559824,0.9,141.55,MQTT-DDoS-Connect_Flood
63093.14,6.0,64.0,72.80772678063013,72.80772678063013,0.0,0.0,0.0,0.0,0.51,1.0,0.0,0.0,0.0,0.0,0.0,204.97,0.0,0.0,0.0,0.0,0.0,0.0,0.0,1.0,0.0,0.0,0.0,0.0,0.0,1.0,1.0,3717.14,132.49,781.63,359.2067236275077,196.31467209304424,342.86,84666509.50558597,9.5,25.510435752392,277.60135684910784,58738.96406654967,0.76,141.55,MQTT-DoS-Publish_Flood
18734.9,6.0,64.0,0.6022301286860909,0.6022301286860909,0.0,0.0,0.0,0.0,0.7,1.0,0.0,0.0,0.0,0.0,0.0,248.1,0.0,0.0,0.0,0.0,0.0,0.0,0.0,1.0,0.0,0.0,0.0,0.0,0.0,1.0,1.0,370.6,66.4,68.0,67.47785714285715,0.7462517304092173,67.4,5.888938903808594e-05,5.5,11.617020392851751,1.055359318089106,0.6970493197278911,0.8,38.5,Benign
504.89,6.0,64.0,10.58055485020371,10.58055485020371,0.0,0.31,0.13,0.23,0.21,0.67,0.0,0.0,1.38,1.82,0.9,5.84,0.0,0.0,0.0,0.0,0.0,0.0,0.0,1.0,0.0,0.0,0.0,0.0,0.0,1.0,1.0,693.47,59.32,77.31,65.85081807124763,5.85607530389423,65.74,84667049.2436127,9.5,11.472985467531382,8.278496441746416,52.10469816082013,0.83,141.55,MQTT-DDoS-Connect_Flood
131.6,6.0,64.0,119724.73690151026,119724.73690151026,0.0,0.2,0.23,0.21,0.17,0.58,0.0,0.0,0.29,0.23,0.32,1.42,0.0,0.0,0.0,0.0,0.0,0.0,0.0,1.0,0.0,0.0,0.0,0.0,0.0,1.0,1.0,707.44,61.16,76.35,67.5051129900801,5.142640071851754,67.28,84667045.55126703,9.5,11.609537037701006,7.27413199217344,34.64929052825227,0.9,141.55,MQTT-DDoS-Connect_Flood
526.9,6.0,64.0,9.039423674039904,9.039423674039904,0.0,0.16,0.26,0.22,0.12,0.74,0.0,0.0,1.41,2.03,0.82,6.0,0.0,0.0,0.0,0.0,0.0,0.0,0.0,1.0,0.0,0.0,0.0,0.0,0.0,1.0,1.0,716.32,61.36,78.64,68.29961764280613,5.977937915884298,67.41,84667022.49307919,9.5,11.681070886952226,8.45260190514343,44.0751204220526,0.9,141.55,MQTT-DDoS-Connect_Flood
27974.62,6.0,64.0,21.660135323088006,21.660135323088006,0.0,0.0,0.08,0.02,0.44,0.93,0.0,0.0,0.61,2.35,6.53,43.71,0.0,0.0,0.0,0.0,0.0,0.0,0.0,1.0,0.0,0.0,0.0,0.0,0.0,1.0,1.0,6846.28,384.54,831.97,632.1458526350241,174.69579197478032,690.92,84666972.10681246,9.5,30.45875742431148,247.12668710940625,71888.76014291165,0.85,141.55,MQTT-DDoS-Publish_Flood
68762.48,6.0,64.0,97.86453610816991,97.86453610816991,0.0,0.0,0.0,0.0,0.25,1.0,0.0,0.0,0.0,0.0,0.0,263.55,0.0,0.0,0.0,0.0,0.0,0.0,0.0,1.0,0.0,0.0,0.0,0.0,0.0,1.0,1.0,970.95,81.26,99.79,90.99101859952054,7.975575641317132,93.25,84666485.7784744,9.5,13.200707202202125,11.254353974194322,383.7908330538609,0.17,141.55,MQTT-DoS-Publish_Flood
756.59,6.0,64.0,93.90561791108648,93.90561791108648,0.0,0.2,0.22,0.09,0.22,0.9,0.0,0.0,1.24,2.89,1.77,7.99,0.0,0.0,0.0,0.0,0.0,0.0,0.0,1.0,0.0,0.0,0.0,0.0,0.0,1.0,1.0,721.28,64.29,77.58,69.05757169017772,5.031007633553665,68.6,84662373.75078428,9.5,11.748376866198416,7.094423910982478,31.786028730947105,0.91,141.55,MQTT-DoS-Connect_Flood
331.73,6.0,64.0,16.326821596233586,16.326821596233586,0.0,0.11,0.1,0.53,0.15,0.41,0.0,0.0,1.01,0.55,0.88,3.61,0.0,0.0,0.0,0.0,0.0,0.0,0.0,1.0,0.0,0.0,0.0,0.0,0.0,1.0,1.0,653.34,54.84,75.47,61.59304625899557,7.540427470478326,62.85,84667019.10344891,9.5,11.089553742159223,10.665704412912572,74.99430242527833,0.81,141.55,MQTT-DDoS-Connect_Flood
7492331.6,6.0,192.8,120.64536909664882,120.64536909664882,0.0,0.0,0.0,0.0,0.0,1.0,0.0,0.0,0.0,2.0,0.0,7735.5,0.0,1.0,0.0,0.0,0.0,0.0,0.0,1.0,0.0,0.0,0.0,0.0,0.0,1.0,1.0,4218.6,494.4,1494.0,963.77,475.7478130556377,494.4,0.0010992050170898,5.5,43.00091040848309,672.8090094926227,324025.35500000004,0.7,38.5,MQTT-Malformed_Data
669575.0,6.0,64.0,238.45914799016333,238.45914799016333,0.0,0.0,0.0,0.0,0.0,1.0,0.0,0.0,0.0,2.0,0.0,820.5,0.0,1.0,0.0,0.0,0.0,0.0,0.0,1.0,0.0,0.0,0.0,0.0,0.0,1.0,1.0,23157.0,1494.0,1494.0,1494.0,0.0,1494.0,169323420.0445848,13.5,54.6626014748658,0.0,0.0,0.0,244.6,MQTT-Malformed_Data
65703.36,6.0,64.0,80.1408121166475,80.1408121166475,0.0,0.0,0.0,0.0,0.68,1.0,0.0,0.0,0.0,0.0,0.0,253.47,0.0,0.0,0.0,0.0,0.0,0.0,0.0,1.0,0.0,0.0,0.0,0.0,0.0,1.0,1.0,1521.4,115.05,182.63,143.25248385992234,26.57656536181487,144.48,84666488.16632746,9.5,16.76111058521603,37.57201951663617,1376.4573277269535,0.55,141.55,MQTT-DoS-Publish_Flood
327.3,6.0,64.0,11.515690274210735,11.515690274210735,0.0,0.14,0.18,0.11,0.29,0.88,0.0,0.0,0.74,1.41,0.3,4.02,0.0,0.0,0.0,0.0,0.0,0.0,0.0,1.0,0.0,0.0,0.0,0.0,0.0,1.0,1.0,720.67,60.68,75.87,68.68874474008103,5.311271024144123,68.3,84667028.3434424,9.5,11.717768741268149,7.509391710410203,42.83156560081118,0.89,141.55,MQTT-DDoS-Connect_Flood
12150.8,6.0,64.0,20.159101425019323,20.159101425019323,0.0,0.03,0.06,0.28,0.39,0.7,0.0,0.0,0.74,1.68,9.17,22.37,0.0,0.0,0.0,0.0,0.0,0.0,0.0,1.0,0.0,0.0,0.0,0.0,0.0,1.0,1.0,7727.37,206.14,1379.78,743.5432468039356,473.1027236779421,732.18,84666957.07751821,9.5,36.68454049765104,667.4572685318943,267182.4616351784,0.88,141.55,MQTT-DDoS-Publish_Flood
474264.7,6.0,64.0,2.033514486427958,2.033514486427958,0.0,0.0,0.0,0.0,0.5,1.0,0.0,0.0,0.0,0.0,0.0,6008.1,0.0,0.0,0.0,0.0,0.0,0.0,0.0,1.0,0.0,0.0,0.0,0.0,0.0,1.0,1.0,1388.9,66.0,230.0,89.9708499373863,40.41739388511203,80.3,169465609.5198542,13.5,13.404765396039878,57.24491196549707,1647.171457389803,1.0,244.6,Benign
330.1,6.0,64.0,11.540981983823054,11.540981983823054,0.0,0.2,0.21,0.14,0.23,0.81,0.0,0.0,0.75,1.49,0.29,3.77,0.0,0.0,0.0,0.0,0.0,0.0,0.0,1.0,0.0,0.0,0.0,0.0,0.0,1.0,1.0,717.16,63.56,76.38,68.49589701603865,5.160158593180295,68.57,84667048.57568817,9.5,11.696969370206254,7.303524225584685,31.69381920764616,0.95,141.55,MQTT-DDoS-Connect_Flood
419.36,6.0,64.0,10.473736806995,10.473736806995,0.0,0.12,0.06,0.33,0.19,0.63,0.0,0.0,1.11,1.31,0.71,4.77,0.0,0.0,0.0,0.0,0.0,0.0,0.0,1.0,0.0,0.0,0.0,0.0,0.0,1.0,1.0,678.74,59.86,77.09,65.0127295851723,5.9016931521497575,64.46,84667048.58851968,9.5,11.39115320874058,8.342730209112691,47.34460163936472,0.91,141.55,MQTT-DDoS-Connect_Flood
206524.6,5.4,57.0,9.298138372408314,9.298138372408314,0.0,0.0,0.0,0.0,0.4,0.9,0.0,0.0,0.0,0.1,0.0,2527.8,0.0,0.1,0.0,0.0,0.0,0.0,0.0,0.9,0.0,0.0,0.1,0.0,0.0,0.9,0.9,431.2,66.3,111.0,81.90515873015873,16.971648565886742,78.1,0.0997524976730346,5.5,12.775980106050152,24.00153557770691,323.8183687956664,0.9,38.5,Benign
12207.08,6.0,64.0,15.807970087761245,15.807970087761245,0.0,0.0,0.21,0.47,0.14,0.32,0.0,0.0,0.6,1.85,9.92,21.57,0.0,0.0,0.0,0.0,0.0,0.0,0.0,1.0,0.0,0.0,0.0,0.0,0.0,1.0,1.0,2072.69,72.44,390.31,174.22558778313189,115.87676912255112,191.12,84666965.66322328,9.5,16.66979570136567,164.02471598101224,60217.07379561692,0.57,141.55,MQTT-DDoS-Publish_Flood
525.64,6.0,64.0,11.346686346445102,11.346686346445102,0.0,0.18,0.28,0.27,0.18,0.45,0.0,0.0,1.48,2.1,0.58,5.95,0.0,0.0,0.0,0.0,0.0,0.0,0.0,1.0,0.0,0.0,0.0,0.0,0.0,1.0,1.0,717.91,59.47,81.43,69.02615622578315,8.017836167405555,68.0,84667030.6498296,9.5,11.739067043233796,11.348114337145764,74.44028441416197,0.92,141.55,MQTT-DDoS-Connect_Flood
451530.0,6.0,248.0,27.01250661569186,27.01250661569186,0.0,0.0,0.0,0.0,0.0,1.0,0.0,0.0,0.0,1.0,0.0,5404.5,0.0,1.0,0.0,0.0,0.0,0.0,0.0,1.0,0.0,0.0,0.0,0.0,0.0,1.0,1.0,1023.0,66.0,66.0,66.0,0.0,66.0,169469358.93730623,13.5,11.489125293076055,0.0,0.0,0.0,244.6,Benign
463.55,6.0,64.0,10.80832045697337,10.80832045697337,0.0,0.19,0.34,0.24,0.09,0.46,0.0,0.0,1.42,1.78,0.49,5.43,0.0,0.0,0.0,0.0,0.0,0.0,0.0,1.0,0.0,0.0,0.0,0.0,0.0,1.0,1.0,695.7,60.88,75.18,66.35683173220829,4.526532865422444,66.57,84667026.13654256,9.5,11.505235334912632,6.3894786176981855,28.30635808216985,0.84,141.55,MQTT-DDoS-Connect_Flood
96064.4,6.0,64.0,1.9048875372431824,1.9048875372431824,0.0,0.0,0.0,0.0,0.5,1.0,0.0,0.0,0.0,0.0,0.0,1190.5,0.0,0.0,0.0,0.0,0.0,0.0,0.0,1.0,0.0,0.0,0.0,0.0,0.0,1.0,1.0,430.4,66.0,95.9,76.15809523809523,12.117461594254092,80.8,4.611015319824219e-05,5.5,12.33583748756985,17.136678528129245,178.260447845805,0.9,38.5,Benign
14480.1,6.0,64.0,92.54980780861226,92.54980780861226,0.0,0.0,0.0,0.0,0.57,1.0,0.0,0.0,0.0,0.0,0.0,36.41,0.0,0.0,0.0,0.0,0.0,0.0,0.0,1.0,0.0,0.0,0.0,0.0,0.0,1.0,1.0,4096.18,101.37,1107.84,387.61129797292494,319.320723634189,350.96,84666983.25165488,9.5,26.581902317635464,451.8331900892208,128783.35106004684,0.85,141.55,MQTT-DDoS-Publish_Flood
5755.71,6.0,64.0,608.5397311778677,608.5397311778677,0.0,0.03,0.0,0.1,0.44,0.9,0.0,0.0,0.03,0.0,3.64,6.47,0.0,0.0,0.0,0.0,0.0,0.0,0.0,1.0,0.0,0.0,0.0,0.0,0.0,1.0,1.0,3412.94,90.41,1090.99,331.5177170324516,364.89568880495096,295.2,84666975.80628538,9.5,24.16466662442013,515.6340581658898,199538.9526471405,0.94,141.55,MQTT-DDoS-Publish_Flood
10399.88,6.0,64.0,49.686747336126864,49.686747336126864,0.0,0.01,0.04,0.43,0.28,0.57,0.0,0.0,0.56,0.09,10.76,11.64,0.0,0.0,0.0,0.0,0.0,0.0,0.0,1.0,0.0,0.0,0.0,0.0,0.0,1.0,1.0,6588.26,317.24,1189.22,675.9162853433116,335.5073573783732,635.3,84666954.27431881,9.5,32.88972478617463,471.83472334943167,173965.2537361336,0.86,141.55,MQTT-DDoS-Publish_Flood
110483.8,6.0,64.0,1.461526392401232,1.461526392401232,0.0,0.0,0.0,0.0,0.5,1.0,0.0,0.0,0.0,0.0,0.0,1403.9,0.0,0.0,0.0,0.0,0.0,0.0,0.0,1.0,0.0,0.0,0.0,0.0,0.0,1.0,1.0,427.7,66.0,101.1,76.42952380952381,12.94918086670082,78.1,0.0001021862030029,5.5,12.358609066286474,18.31290720331049,195.9383231292517,0.9,38.5,Benign
861165.8,17.0,64.0,140.65122368901513,140.65122368901513,0.0,0.0,0.0,0.0,0.0,0.0,0.0,0.0,0.0,0.0,0.0,0.0,0.0,0.0,0.0,0.0,0.0,0.0,0.0,0.0,1.0,0.0,0.0,0.0,0.0,1.0,1.0,1447.8,105.0,672.4,234.27107142857145,189.35119543339133,288.8,0.0077621936798095,5.5,21.388755986231924,267.7830286334605,52688.62111550455,0.9,38.5,Benign
48809.9,6.0,64.0,0.4606399836382587,0.4606399836382587,0.0,0.0,0.0,0.0,1.0,1.0,0.0,0.0,0.0,0.0,0.0,651.4,0.0,0.0,0.0,0.0,0.0,0.0,0.0,1.0,0.0,0.0,0.0,0.0,0.0,1.0,1.0,1376.5,79.0,117.0,88.87657327579542,10.643667606881356,91.9,169465068.01098,13.5,13.3214071923471,14.811433107426026,110.30750813299804,1.0,244.6,Benign
485.88,6.0,64.0,9.233658752032063,9.233658752032063,0.0,0.2,0.02,0.42,0.32,0.56,0.0,0.0,1.29,1.63,0.82,5.46,0.0,0.0,0.0,0.0,0.0,0.0,0.0,1.0,0.0,0.0,0.0,0.0,0.0,1.0,1.0,670.47,59.2,69.16,63.86775004480384,3.60081033643646,63.14,84667024.82120539,9.5,11.28998505743866,5.091358615786814,29.22047350348729,0.69,141.55,MQTT-DDoS-Connect_Flood
473.27,6.0,64.0,9.895239656944293,9.895239656944293,0.0,0.12,0.18,0.22,0.13,0.65,0.0,0.0,1.05,1.99,0.64,5.31,0.0,0.0,0.0,0.0,0.0,0.0,0.0,1.0,0.0,0.0,0.0,0.0,0.0,1.0,1.0,703.67,57.71,78.9,67.10347466194796,7.350685421667248,66.94,84667033.54661955,9.5,11.578125716417436,10.40151942398109,67.49818142833308,0.93,141.55,MQTT-DDoS-Connect_Flood
180016.1,7.1,82.1,2.2923950887768223,2.2923950887768223,0.0,0.0,0.0,0.0,0.3,0.9,0.0,0.0,0.0,0.0,0.0,1721.6,0.0,0.2,0.0,0.0,0.0,0.0,0.0,0.9,0.1,0.0,0.0,0.0,0.0,1.0,1.0,1272.9,61.2,161.5,81.78452625204173,25.194243951352583,83.7,169462153.46966642,13.5,12.79385952843884,35.72345076004061,727.3100441667324,1.0,244.6,Benign
347.83,6.0,64.0,14.463473253593945,14.463473253593945,0.0,0.14,0.09,0.32,0.19,0.62,0.0,0.0,1.07,0.77,0.49,3.97,0.0,0.0,0.0,0.0,0.0,0.0,0.0,1.0,0.0,0.0,0.0,0.0,0.0,1.0,1.0,677.21,54.84,76.31,63.65708424092249,7.4615213186466205,65.83,84667023.50461239,9.5,11.275741109523306,10.530363943038129,65.88628097140553,0.92,141.55,MQTT-DDoS-Connect_Flood
206.81,6.0,64.0,11.136590785849677,11.136590785849677,0.0,0.2,0.2,0.0,0.32,1.0,0.0,0.0,0.28,1.06,0.17,2.77,0.0,0.0,0.0,0.0,0.0,0.0,0.0,1.0,0.0,0.0,0.0,0.0,0.0,1.0,1.0,720.64,66.48,72.8,68.47499594471574,2.3925438919797624,68.88,84667036.53885543,9.5,11.702248245687462,3.3864363934698885,6.807509556748322,0.89,141.55,MQTT-DDoS-Connect_Flood
5858.9,8.2,64.0,1.7037598291038745,1.7037598291038745,0.0,0.0,0.0,0.0,0.4,0.8,0.0,0.0,0.0,0.0,0.0,67.8,0.0,0.0,0.0,0.0,0.0,0.0,0.0,0.8,0.2,0.0,0.0,0.0,0.0,1.0,1.0,1021.6,66.0,604.6,161.18027777777775,182.9461290316139,177.3,0.0999547004699707,5.5,17.45239733943678,258.7248968601666,51878.04643573633,0.9,38.5,Benign
474.27,6.0,64.0,10.84004395827414,10.84004395827414,0.0,0.22,0.32,0.22,0.18,0.72,0.0,0.0,1.22,1.99,0.78,5.25,0.0,0.0,0.0,0.0,0.0,0.0,0.0,1.0,0.0,0.0,0.0,0.0,0.0,1.0,1.0,707.69,59.49,77.76,67.20512963708977,7.113258385958367,67.66,84667025.1856082,9.5,11.587911113616556,10.069100674576127,69.59345148125985,0.89,141.55,MQTT-DDoS-Connect_Flood
458.45,6.0,64.0,5.606767008934084,5.606767008934084,0.0,0.15,0.19,0.19,0.25,0.79,0.0,0.0,0.4,2.17,0.53,5.05,0.0,0.0,0.0,0.0,0.0,0.0,0.0,1.0,0.0,0.0,0.0,0.0,0.0,1.0,1.0,757.51,65.62,79.02,72.75956451950182,5.197996018235471,71.13,84662376.2758796,9.5,12.056217942509454,7.35231189576074,34.32816941887911,0.86,141.55,MQTT-DoS-Connect_Flood
369.28,6.0,64.0,10.629440879193146,10.629440879193146,0.0,0.07,0.16,0.12,0.15,0.84,0.0,0.0,0.3,1.94,0.28,3.92,0.0,0.0,0.0,0.0,0.0,0.0,0.0,1.0,0.0,0.0,0.0,0.0,0.0,1.0,1.0,732.0,64.28,75.29,70.00851858976938,3.760238119448137,69.11,84662388.03315766,9.5,11.823985105555312,5.314472595474209,19.360171460330047,0.78,141.55,MQTT-DoS-Connect_Flood
501.86,6.0,64.0,9.79574537288432,9.79574537288432,0.0,0.19,0.13,0.15,0.22,0.79,0.0,0.0,1.31,1.92,0.69,5.84,0.0,0.0,0.0,0.0,0.0,0.0,0.0,1.0,0.0,0.0,0.0,0.0,0.0,1.0,1.0,707.15,61.89,78.46,67.76384411572259,6.103379128381428,67.38,84667018.70555367,9.5,11.637218721304718,8.639563401702,50.138361206893386,0.93,141.55,MQTT-DDoS-Connect_Flood
328.4,6.0,64.0,17.613241195338734,17.613241195338734,0.0,0.25,0.22,0.07,0.24,0.72,0.0,0.0,0.88,1.22,0.11,3.66,0.0,0.0,0.0,0.0,0.0,0.0,0.0,1.0,0.0,0.0,0.0,0.0,0.0,1.0,1.0,738.21,64.33,80.06,70.81649046017623,5.755779570079373,70.15,84667023.83189358,9.5,11.897969277413454,8.134274082750087,38.38490513804851,0.94,141.55,MQTT-DDoS-Connect_Flood
72935.22,6.0,64.0,68.17170468348104,68.17170468348104,0.0,0.0,0.0,0.0,0.29,1.0,0.0,0.0,0.0,0.0,0.0,214.7,0.0,0.0,0.0,0.0,0.0,0.0,0.0,1.0,0.0,0.0,0.0,0.0,0.0,1.0,1.0,1567.18,87.8,252.39,137.81715798099387,61.99416117620096,172.82,84666490.71163507,9.5,15.08299788295583,87.64917833768627,19103.957448156,0.27,141.55,MQTT-DoS-Publish_Flood
376.06,6.0,64.0,11.525722787022517,11.525722787022517,0.0,0.19,0.22,0.08,0.2,0.9,0.0,0.0,0.93,1.65,0.26,4.53,0.0,0.0,0.0,0.0,0.0,0.0,0.0,1.0,0.0,0.0,0.0,0.0,0.0,1.0,1.0,728.7,64.52,77.5,69.49537371580948,5.036283272204288,69.29,84667029.71806003,9.5,11.7871389879194,7.127618362024154,34.40950142179033,0.91,141.55,MQTT-DDoS-Connect_Flood
49321.9,10.4,45.1,0.8567906701304837,0.8567906701304837,0.0,0.0,0.0,0.0,0.3,0.6,0.0,0.0,0.0,0.0,0.0,564.2,0.0,0.0,0.0,0.0,0.0,0.0,0.0,0.6,0.4,0.0,0.0,0.0,0.0,1.0,1.0,1895.2,66.0,627.8,279.6178968253968,233.4568931960811,347.6,0.0999876022338867,5.5,22.50624837233688,330.1579045873851,77043.88471238033,0.9,38.5,Benign
45077.5,1.2,18.7,1.839444750205408,1.839444750205408,0.0,0.0,0.0,0.0,0.0,0.2,0.0,0.0,0.0,0.0,0.0,598.3,0.0,0.1,0.0,0.0,0.0,0.0,0.0,0.2,0.0,0.0,0.8,0.0,0.0,0.2,0.2,1065.6,44.4,111.0,69.36466537719247,17.869660016575946,54.0,169466010.5104081,13.5,11.774455929953712,25.335157819067952,323.2489419757373,1.0,244.6,Benign
258.32,6.0,64.0,17.90697467070809,17.90697467070809,0.0,0.19,0.28,0.13,0.2,0.68,0.0,0.0,0.59,1.0,0.24,2.96,0.0,0.0,0.0,0.0,0.0,0.0,0.0,1.0,0.0,0.0,0.0,0.0,0.0,1.0,1.0,722.79,61.92,78.35,68.51069534065006,5.838138889794069,69.35,84667020.30869499,9.5,11.700091497872895,8.262161254517592,42.26381843847377,0.93,141.55,MQTT-DDoS-Connect_Flood
6619.8,6.0,64.0,0.4916625243015208,0.4916625243015208,0.0,0.0,0.0,0.0,0.2,1.0,0.0,0.0,0.0,0.0,0.0,88.7,0.0,0.0,0.0,0.0,0.0,0.0,0.0,1.0,0.0,0.0,0.0,0.0,0.0,1.0,1.0,363.8,66.0,66.6,66.08722222222221,0.2089977188820856,66.4,7.801055908203125e-05,5.5,11.496708071855211,0.295567408548085,0.1472561728395061,0.3,38.5,Benign
26016.29,6.0,64.0,51.55385640314866,51.55385640314866,0.0,0.0,0.08,0.13,0.26,0.87,0.0,0.0,0.17,0.16,2.58,34.31,0.0,0.0,0.0,0.0,0.0,0.0,0.0,1.0,0.0,0.0,0.0,0.0,0.0,1.0,1.0,7399.53,223.39,1099.51,715.5609770890445,339.93016810263526,633.88,84666971.88327199,9.5,34.0462289687668,479.14188405062856,189409.3721195741,0.88,141.55,MQTT-DDoS-Publish_Flood
385.18,6.0,64.0,11.894269347889676,11.894269347889676,0.0,0.21,0.16,0.19,0.19,0.74,0.0,0.0,0.97,1.59,0.42,4.63,0.0,0.0,0.0,0.0,0.0,0.0,0.0,1.0,0.0,0.0,0.0,0.0,0.0,1.0,1.0,698.0,62.76,74.24,67.03558791810185,4.008525099995726,66.02,84667025.64436533,9.5,11.57398941702262,5.67563586309164,22.371262490455337,0.85,141.55,MQTT-DDoS-Connect_Flood
377046.0,6.0,248.0,25.95000998971477,25.95000998971477,0.0,0.0,0.0,0.0,0.0,1.0,0.0,0.0,0.0,1.0,0.0,4483.5,0.0,1.0,0.0,0.0,0.0,0.0,0.0,1.0,0.0,0.0,0.0,0.0,0.0,1.0,1.0,1023.0,66.0,66.0,66.0,0.0,66.0,169469356.2069681,13.5,11.489125293076055,0.0,0.0,0.0,244.6,Benign
339621.8,6.0,66.6,1.0653213915225026,1.0653213915225026,0.0,0.0,0.0,0.0,0.5,1.0,0.0,0.0,0.0,0.0,0.0,4204.5,0.0,0.1,0.0,0.0,0.0,0.0,0.0,1.0,0.0,0.0,0.0,0.0,0.0,1.0,1.0,603.4,85.4,260.0,129.36904761904762,65.2371084437205,96.3,0.0589064121246337,5.5,15.870076504515378,92.2592035311139,4883.612617913832,0.9,38.5,Benign
408.91,6.0,64.0,46.30774921521625,46.30774921521625,0.0,0.07,0.31,0.2,0.22,0.82,0.0,0.0,0.28,2.04,0.59,4.4,0.0,0.0,0.0,0.0,0.0,0.0,0.0,1.0,0.0,0.0,0.0,0.0,0.0,1.0,1.0,739.12,65.57,78.58,70.42015421764337,4.64225953067866,70.06,84662375.52967758,9.5,11.866320835950438,6.565586652683684,25.316876038822056,0.93,141.55,MQTT-DoS-Connect_Flood
522.17,6.0,64.0,13.649865196198084,13.649865196198084,0.0,0.25,0.2,0.21,0.2,0.62,0.0,0.0,1.5,2.03,0.41,6.11,0.0,0.0,0.0,0.0,0.0,0.0,0.0,1.0,0.0,0.0,0.0,0.0,0.0,1.0,1.0,726.8,58.57,80.28,69.13901459737373,7.533662563808478,68.4,84667017.4346926,9.5,11.74998203954376,10.66466450142865,69.98531358260549,0.89,141.55,MQTT-DDoS-Connect_Flood
590.6,6.0,64.0,10.832711576100523,10.832711576100523,0.0,0.11,0.14,0.48,0.1,0.42,0.0,0.0,1.64,2.22,1.1,6.41,0.0,0.0,0.0,0.0,0.0,0.0,0.0,1.0,0.0,0.0,0.0,0.0,0.0,1.0,1.0,656.67,56.64,77.11,62.32251415869992,7.126324078075944,62.66,84667046.84584999,9.5,11.159006220584835,10.081577269310262,67.00764071506636,0.89,141.55,MQTT-DDoS-Connect_Flood
458241.2,8.2,83.1,1.3733937498012083,1.3733937498012083,0.0,0.0,0.0,0.0,0.4,0.8,0.0,0.0,0.0,0.0,0.0,5339.4,0.0,0.0,0.0,0.0,0.0,0.0,0.0,0.8,0.2,0.0,0.0,0.0,0.0,1.0,1.0,660.8,67.7,213.4,117.05801587301588,58.058470495175456,109.0,0.1001600980758667,5.5,15.223640378381765,82.10707638491532,4131.653061161501,0.9,38.5,Benign
469.94,6.0,64.0,10.465078105394634,10.465078105394634,0.0,0.24,0.14,0.19,0.22,0.77,0.0,0.0,1.22,1.93,0.57,5.4,0.0,0.0,0.0,0.0,0.0,0.0,0.0,1.0,0.0,0.0,0.0,0.0,0.0,1.0,1.0,708.29,58.09,77.72,67.64309247125423,6.907467264056696,67.26,84667048.48599088,9.5,11.62666509818544,9.765752820793423,58.79275168882252,0.93,141.55,MQTT-DDoS-Connect_Flood
526.55,6.0,64.0,9.228257167117432,9.228257167117432,0.0,0.04,0.13,0.49,0.11,0.47,0.0,0.0,1.54,2.01,0.65,6.04,0.0,0.0,0.0,0.0,0.0,0.0,0.0,1.0,0.0,0.0,0.0,0.0,0.0,1.0,1.0,652.19,55.78,72.96,63.01035082762097,6.89310219898938,62.1,84667039.0325476,9.5,11.215449171937063,9.74688966192658,58.55750193663656,0.9,141.55,MQTT-DDoS-Connect_Flood
446.87,6.0,64.0,11.207682361023828,11.207682361023828,0.0,0.13,0.0,0.17,0.24,0.83,0.0,0.0,0.72,2.0,0.44,5.13,0.0,0.0,0.0,0.0,0.0,0.0,0.0,1.0,0.0,0.0,0.0,0.0,0.0,1.0,1.0,687.58,60.48,70.5,65.09774509138092,3.6320119618540274,65.05,84667045.34660307,9.5,11.407581486955392,5.1379032183802495,26.51115534298228,0.66,141.55,MQTT-DDoS-Connect_Flood
384.83,6.0,64.0,37.94573836894423,37.94573836894423,0.0,0.24,0.12,0.18,0.2,0.82,0.0,0.0,1.05,1.59,0.36,4.55,0.0,0.0,0.0,0.0,0.0,0.0,0.0,1.0,0.0,0.0,0.0,0.0,0.0,1.0,1.0,696.13,62.0,72.77,66.25009399325306,3.859399913534874,65.85,84667048.80114059,9.5,11.507545908729098,5.460988457399568,24.09902214411219,0.86,141.55,MQTT-DDoS-Connect_Flood
3329355.0,6.0,64.0,102.6365809091837,102.6365809091837,0.0,0.0,0.0,0.0,0.0,1.0,0.0,0.0,0.0,0.0,0.0,3372.5,0.0,1.0,0.0,0.0,0.0,0.0,0.0,1.0,0.0,0.0,0.0,0.0,0.0,1.0,1.0,14589.0,66.0,1494.0,920.9966617592934,690.8259677131732,1494.0,169323367.1104374,13.5,42.78893869338411,978.3026560453064,478893.4801577438,1.0,244.6,MQTT-Malformed_Data
405903.7,6.0,64.0,1.6434717624168047,1.6434717624168047,0.0,0.0,0.0,0.0,0.5,1.0,0.0,0.0,0.0,0.0,0.0,4970.9,0.0,0.0,0.0,0.0,0.0,0.0,0.0,1.0,0.0,0.0,0.0,0.0,0.0,1.0,1.0,442.2,66.0,101.1,78.35063492063492,14.689056956498025,81.2,7.719993591308594e-05,5.5,12.510634136718254,20.773463566350365,253.30263353489545,0.9,38.5,Benign
22262.6,6.0,64.0,2.051953479389709,2.051953479389709,0.0,0.0,0.0,0.0,0.5,1.0,0.0,0.0,0.0,0.0,0.0,296.3,0.0,0.0,0.0,0.0,0.0,0.0,0.0,1.0,0.0,0.0,0.0,0.0,0.0,1.0,1.0,1230.2,66.0,111.0,79.5288952125446,15.203555611734435,75.3,169468699.03591472,13.5,12.616716828824844,21.51252784343776,231.9953438241677,1.0,244.6,Benign
27858.37,6.0,75.04,57.645029123844985,57.645029123844985,0.0,0.18,0.51,0.08,0.08,0.83,0.0,0.0,0.63,1.47,0.3,22.81,0.0,0.06,0.0,0.0,0.0,0.0,0.0,1.0,0.0,0.0,0.0,0.0,0.0,1.0,1.0,732.54,63.64,74.94,69.47162700109489,4.240318927967076,69.82,84667022.56191057,9.5,11.7811804525034,6.002766718499069,22.9401634029674,0.91,141.55,MQTT-DDoS-Connect_Flood
662.7,6.0,64.0,52.78691805613797,52.78691805613797,0.0,0.18,0.23,0.09,0.19,0.89,0.0,0.0,1.48,2.86,1.01,7.13,0.0,0.0,0.0,0.0,0.0,0.0,0.0,1.0,0.0,0.0,0.0,0.0,0.0,1.0,1.0,716.56,62.68,76.74,68.27516481587728,4.767384013569496,68.04,84662358.56434387,9.5,11.682448146839011,6.750423850908265,32.85549665191834,0.87,141.55,MQTT-DoS-Connect_Flood
300.98,6.0,64.0,6.356729279045967,6.356729279045967,0.0,0.34,0.42,0.0,0.13,0.71,0.0,0.0,0.74,1.81,0.05,3.33,0.0,0.0,0.0,0.0,0.0,0.0,0.0,1.0,0.0,0.0,0.0,0.0,0.0,1.0,1.0,744.31,66.73,78.39,71.25895903438668,3.8527185670158506,70.53,84667020.52505647,9.5,11.936797457430105,5.449401515720025,17.431116233969966,0.92,141.55,MQTT-DDoS-Connect_Flood
337.81,6.0,64.0,23.37619921267085,23.37619921267085,0.0,0.1,0.28,0.11,0.22,0.73,0.0,0.0,0.74,1.48,0.23,3.96,0.0,0.0,0.0,0.0,0.0,0.0,0.0,1.0,0.0,0.0,0.0,0.0,0.0,1.0,1.0,727.77,62.13,78.29,69.58306931480112,5.203358086522496,69.09,84667021.98018506,9.5,11.7932285077839,7.348259110920617,32.40905642876342,0.91,141.55,MQTT-DDoS-Connect_Flood
551.1,6.0,64.0,10.325368377656948,10.325368377656948,0.0,0.27,0.09,0.29,0.24,0.62,0.0,0.0,1.59,2.01,0.46,6.45,0.0,0.0,0.0,0.0,0.0,0.0,0.0,1.0,0.0,0.0,0.0,0.0,0.0,1.0,1.0,712.59,60.35,81.78,68.54596281809866,8.011324947014591,67.24,84667035.4673768,9.5,11.693415453099009,11.330218308403476,73.46174099333177,0.93,141.55,MQTT-DDoS-Connect_Flood
259256.6,6.0,64.0,0.8597233567193943,0.8597233567193943,0.0,0.0,0.0,0.0,0.7,1.0,0.0,0.0,0.0,0.0,0.0,3210.4,0.0,0.0,0.0,0.0,0.0,0.0,0.0,1.0,0.0,0.0,0.0,0.0,0.0,1.0,1.0,1087.3,66.0,99.5,69.9963952228542,8.047344664073057,71.9,169469057.93918872,13.5,11.832669962391437,11.416903009303113,74.5754936963282,1.0,244.6,Benign
22386.24,6.0,64.0,105.54170165815678,105.54170165815678,0.0,0.0,0.0,0.0,1.0,1.0,0.0,0.0,0.0,0.0,0.0,132.93,0.0,0.0,0.0,0.0,0.0,0.0,0.0,1.0,0.0,0.0,0.0,0.0,0.0,1.0,1.0,1972.66,175.0,248.03,186.61049616843425,25.29043818452765,186.99,84666496.85325764,9.5,19.311884810524937,35.818045947617776,1005.8390763475178,0.67,141.55,MQTT-DoS-Publish_Flood
557.5,6.0,64.0,2816.799125152659,2816.799125152659,0.0,0.0,0.0,0.0,0.7,1.0,0.0,0.0,0.0,0.0,0.0,7.5,0.0,0.0,0.0,0.0,0.0,0.0,0.0,1.0,0.0,0.0,0.0,0.0,0.0,1.0,1.0,1058.6,66.0,87.0,68.32583205365326,5.068405664815614,67.4,169470311.94657418,13.5,11.689869313761438,7.184065066179666,26.00190943470457,1.0,244.6,Benign
307307.3,6.0,64.0,2.034690214846828,2.034690214846828,0.0,0.0,0.0,0.0,0.5,1.0,0.0,0.0,0.0,0.0,0.0,3956.5,0.0,0.0,0.0,0.0,0.0,0.0,0.0,1.0,0.0,0.0,0.0,0.0,0.0,1.0,1.0,1219.9,66.0,111.0,78.77612053452224,15.42935543412975,77.9,169465922.4196453,13.5,12.538572655844884,21.620904689987604,234.43146337932595,1.0,244.6,Benign
425.94,6.0,64.0,6.77664188115852,6.77664188115852,0.0,0.2,0.26,0.14,0.19,0.72,0.0,0.0,1.03,1.97,0.49,4.72,0.0,0.0,0.0,0.0,0.0,0.0,0.0,1.0,0.0,0.0,0.0,0.0,0.0,1.0,1.0,718.1,58.88,78.36,68.179423869646,6.463768525590557,68.83,84667032.12277181,9.5,11.67168390614162,9.139954829427587,46.46526712066872,0.95,141.55,MQTT-DDoS-Connect_Flood
308.12,6.0,64.0,7.862305447795544,7.862305447795544,0.0,0.17,0.18,0.03,0.28,0.91,0.0,0.0,0.45,1.75,0.16,3.48,0.0,0.0,0.0,0.0,0.0,0.0,0.0,1.0,0.0,0.0,0.0,0.0,0.0,1.0,1.0,721.51,65.04,75.67,68.95465137343736,3.4449458229526897,68.8,84667034.43059653,9.5,11.742506536600269,4.876968713082537,14.594518958115462,0.88,141.55,MQTT-DDoS-Connect_Flood
194380.5,7.1,61.4,24.0464227761059,24.0464227761059,0.0,0.0,0.1,0.0,0.4,0.9,0.0,0.0,0.0,0.5,0.0,2409.3,0.0,0.5,0.0,0.0,0.0,0.0,0.0,0.9,0.1,0.0,0.0,0.0,0.0,1.0,1.0,3184.2,66.8,1194.0,521.4726587301587,506.1795742673341,469.6,0.0184715986251831,5.5,30.746826490010665,715.8460189251032,320724.42144518456,0.9,38.5,Benign
4225.42,6.0,64.0,71.84308043321211,71.84308043321211,0.0,0.0,0.0,0.0,0.14,1.0,0.0,0.0,0.0,0.0,0.0,13.19,0.0,0.0,0.0,0.0,0.0,0.0,0.0,1.0,0.0,0.0,0.0,0.0,0.0,1.0,1.0,1231.29,96.52,235.87,115.47472038840073,32.582706932212744,112.09,84666509.37405717,9.5,14.18676874666252,45.12239616588404,10204.873819455202,0.1,141.55,MQTT-DoS-Publish_Flood
174902.2,7.1,76.3,1.643560349581349,1.643560349581349,0.0,0.0,0.0,0.0,0.5,0.9,0.0,0.0,0.0,0.0,0.0,2183.1,0.0,0.1,0.0,0.0,0.0,0.0,0.0,0.9,0.1,0.0,0.0,0.0,0.0,1.0,1.0,1537.0,54.0,263.6,98.85009060727714,50.73373793637377,105.9,169470837.34899437,13.5,14.069987486034162,71.91148158739838,2716.340161877449,1.0,244.6,Benign
152.63,6.0,64.0,9955.845777736286,9955.845777736286,0.0,0.25,0.28,0.16,0.24,0.62,0.0,0.0,0.32,0.4,0.21,1.65,0.0,0.0,0.0,0.0,0.0,0.0,0.0,1.0,0.0,0.0,0.0,0.0,0.0,1.0,1.0,739.2,62.81,81.03,70.67339299129664,6.628832171884354,69.82,84667018.57066439,9.5,11.887673293275036,9.375607943214211,51.69463405875976,0.94,141.55,MQTT-DDoS-Connect_Flood
131794.2,6.0,64.0,1.5157856133692886,1.5157856133692886,0.0,0.0,0.0,0.0,0.5,1.0,0.0,0.0,0.0,0.0,0.0,1601.5,0.0,0.0,0.0,0.0,0.0,0.0,0.0,1.0,0.0,0.0,0.0,0.0,0.0,1.0,1.0,457.6,67.9,105.8,83.23436507936508,15.774055005937052,81.2,1.018047332763672e-05,5.5,12.899715231492207,22.30788252301539,284.40097348198543,0.9,38.5,Benign
689.13,6.0,64.0,38.39160753160861,38.39160753160861,0.0,0.02,0.26,0.07,0.2,0.88,0.0,0.0,0.22,3.0,0.93,7.85,0.0,0.0,0.0,0.0,0.0,0.0,0.0,1.0,0.0,0.0,0.0,0.0,0.0,1.0,1.0,720.33,64.28,73.05,68.60189844168559,3.197975320661264,68.42,84662364.2677279,9.5,11.710028655881048,4.520164835701562,13.24135600222754,0.83,141.55,MQTT-DoS-Connect_Flood
457.42,6.0,64.0,9.509352541859972,9.509352541859972,0.0,0.13,0.11,0.23,0.13,0.69,0.0,0.0,1.03,1.98,0.44,5.24,0.0,0.0,0.0,0.0,0.0,0.0,0.0,1.0,0.0,0.0,0.0,0.0,0.0,1.0,1.0,684.33,57.72,73.25,64.86046792775507,5.235532398811276,65.8,84667049.70457391,9.5,11.383180764143995,7.402136401951424,34.816050648193325,0.88,141.55,MQTT-DDoS-Connect_Flood
510.31,6.0,64.0,10.137910883891388,10.137910883891388,0.0,0.07,0.14,0.37,0.08,0.49,0.0,0.0,1.27,1.95,0.64,5.72,0.0,0.0,0.0,0.0,0.0,0.0,0.0,1.0,0.0,0.0,0.0,0.0,0.0,1.0,1.0,667.72,56.05,75.02,64.1113507686414,6.532421593026649,64.02,84667021.0439298,9.5,11.31472770272849,9.246152154831908,54.373564533852175,0.87,141.55,MQTT-DDoS-Connect_Flood
1150.23,6.0,64.0,148.8800120136257,148.8800120136257,0.0,0.0,0.0,0.0,0.47,1.0,0.0,0.0,0.0,0.0,0.0,4.23,0.0,0.0,0.0,0.0,0.0,0.0,0.0,1.0,0.0,0.0,0.0,0.0,0.0,1.0,1.0,3587.65,107.42,902.92,350.49754006725993,265.8599197152609,347.37,84666482.22914408,9.5,24.93008870186229,376.4612921210091,108758.95329089156,0.73,141.55,MQTT-DoS-Publish_Flood
532.1,6.0,64.0,9.330104807427045,9.330104807427045,0.0,0.2,0.28,0.12,0.2,0.8,0.0,0.0,1.41,2.09,0.84,6.04,0.0,0.0,0.0,0.0,0.0,0.0,0.0,1.0,0.0,0.0,0.0,0.0,0.0,1.0,1.0,733.26,61.64,77.6,69.83409642211073,5.62312409663904,69.12,84667049.23117237,9.5,11.816064084909533,7.9449338481841085,39.445032248125294,0.93,141.55,MQTT-DDoS-Connect_Flood
906.45,6.0,64.0,20.918029510956817,20.918029510956817,0.0,0.06,0.15,0.22,0.21,0.8,0.0,0.0,0.93,3.7,1.73,9.92,0.0,0.0,0.0,0.0,0.0,0.0,0.0,1.0,0.0,0.0,0.0,0.0,0.0,1.0,1.0,712.82,56.52,79.61,67.27836890504577,7.699524407286557,68.56,84662371.38469037,9.5,11.592704085678715,10.88804686464568,68.55806061795211,0.94,141.55,MQTT-DoS-Connect_Flood
511.65,6.0,64.0,9.021106551473872,9.021106551473872,0.0,0.26,0.25,0.18,0.17,0.58,0.0,0.0,1.38,2.13,0.48,5.79,0.0,0.0,0.0,0.0,0.0,0.0,0.0,1.0,0.0,0.0,0.0,0.0,0.0,1.0,1.0,726.02,61.17,80.3,69.11525673324782,6.573652258131415,68.53,84667029.60122351,9.5,11.750982109529062,9.29827271682342,52.68918782648627,0.9,141.55,MQTT-DDoS-Connect_Flood
119558.3,6.0,64.0,0.4108544316666563,0.4108544316666563,0.0,0.0,0.0,0.0,0.9,1.0,0.0,0.0,0.0,0.0,0.0,1600.3,0.0,0.0,0.0,0.0,0.0,0.0,0.0,1.0,0.0,0.0,0.0,0.0,0.0,1.0,1.0,372.8,66.8,68.0,67.83087301587302,0.4135187393544551,67.8,3.1614303588867186e-05,5.5,11.647385324897416,0.5848038094904955,0.2877913202317964,0.6,38.5,Benign
2135.41,6.0,64.0,18.13170478163412,18.13170478163412,0.0,0.02,0.16,0.14,0.3,0.91,0.0,0.0,0.28,2.47,0.77,23.6,0.0,0.0,0.0,0.0,0.0,0.0,0.0,1.0,0.0,0.0,0.0,0.0,0.0,1.0,1.0,780.9,67.18,111.59,76.9301489114171,14.157928152509124,72.21,84662370.10234447,9.5,12.353398682864489,20.043005949229272,461.0471714113625,0.95,141.55,MQTT-DoS-Connect_Flood
531.98,6.0,64.0,9.526681353170911,9.526681353170911,0.0,0.31,0.32,0.1,0.26,0.61,0.0,0.0,1.44,2.16,0.48,6.12,0.0,0.0,0.0,0.0,0.0,0.0,0.0,1.0,0.0,0.0,0.0,0.0,0.0,1.0,1.0,749.28,65.05,79.73,71.35564583902509,5.249536376929521,71.07,84667022.10664679,9.5,11.944751109067386,7.422312090567109,33.37362407836912,0.93,141.55,MQTT-DDoS-Connect_Flood
126336.3,6.0,64.0,2.0329305377557105,2.0329305377557105,0.0,0.0,0.0,0.0,0.5,1.0,0.0,0.0,0.0,0.0,0.0,1573.7,0.0,0.0,0.0,0.0,0.0,0.0,0.0,1.0,0.0,0.0,0.0,0.0,0.0,1.0,1.0,451.6,66.0,106.5,81.60880952380953,18.179059649692785,80.6,0.0997056007385253,5.5,12.766614929860726,25.70907270778502,370.3812080498866,0.9,38.5,Benign
551.68,6.0,64.0,10.059702933047786,10.059702933047786,0.0,0.2,0.12,0.4,0.19,0.48,0.0,0.0,1.57,2.04,0.76,6.19,0.0,0.0,0.0,0.0,0.0,0.0,0.0,1.0,0.0,0.0,0.0,0.0,0.0,1.0,1.0,678.34,56.8,76.27,63.83816077116038,7.589779562590194,65.32,84667035.29004246,9.5,11.283587902757532,10.74055761431665,77.5584389934198,0.8,141.55,MQTT-DDoS-Connect_Flood
129296.4,9.3,89.5,1.1479087663880632,1.1479087663880632,0.0,0.0,0.0,0.0,0.3,0.7,0.0,0.0,0.0,0.0,0.0,1488.3,0.0,0.0,0.0,0.0,0.0,0.0,0.0,0.7,0.3,0.0,0.0,0.0,0.0,1.0,1.0,1218.3,66.0,622.2,191.1421031746032,188.37980685026173,206.9,0.1000189065933227,5.5,18.97796528904128,266.4092777248642,51383.13192534329,0.9,38.5,Benign
34973.07,6.0,64.0,94.60680420147752,94.60680420147752,0.0,0.0,0.0,0.0,0.68,1.0,0.0,0.0,0.0,0.0,0.0,76.41,0.0,0.0,0.0,0.0,0.0,0.0,0.0,1.0,0.0,0.0,0.0,0.0,0.0,1.0,1.0,4996.63,168.46,939.67,462.8709846490369,266.065022204657,477.4,84666480.89125085,9.5,29.349474597398387,376.2561764903533,93396.88297066648,0.89,141.55,MQTT-DoS-Publish_Flood
420.96,6.0,64.0,12.642712208674832,12.642712208674832,0.0,0.25,0.27,0.14,0.24,0.68,0.0,0.0,1.13,1.72,0.36,5.03,0.0,0.0,0.0,0.0,0.0,0.0,0.0,1.0,0.0,0.0,0.0,0.0,0.0,1.0,1.0,723.62,62.36,77.31,68.40848525867838,5.359778250050799,68.95,84667049.48946133,9.5,11.692046722918404,7.582244803384507,40.04541587762264,0.89,141.55,MQTT-DDoS-Connect_Flood
407.28,6.0,64.0,10.018843685055874,10.018843685055874,0.0,0.26,0.17,0.12,0.24,0.8,0.0,0.0,1.02,1.64,0.45,4.89,0.0,0.0,0.0,0.0,0.0,0.0,0.0,1.0,0.0,0.0,0.0,0.0,0.0,1.0,1.0,716.59,60.49,78.19,68.48065893214113,6.022392148538501,68.01,84667035.15207265,9.5,11.701255409931695,8.50941627947704,49.58279862823273,0.95,141.55,MQTT-DDoS-Connect_Flood
443.47,6.0,64.0,10.576601019319876,10.576601019319876,0.0,0.14,0.13,0.28,0.18,0.63,0.0,0.0,1.13,1.66,0.53,5.11,0.0,0.0,0.0,0.0,0.0,0.0,0.0,1.0,0.0,0.0,0.0,0.0,0.0,1.0,1.0,681.97,57.08,75.53,65.10374731181271,6.357698432949831,65.04,84667036.32261387,9.5,11.406477202367896,8.997099152051419,48.26075380297593,0.92,141.55,MQTT-DDoS-Connect_Flood
22816.58,6.0,64.0,51.83056525244152,51.83056525244152,0.0,0.0,0.06,0.05,0.48,0.89,0.0,0.0,0.54,0.2,12.98,25.04,0.0,0.0,0.0,0.0,0.0,0.0,0.0,1.0,0.0,0.0,0.0,0.0,0.0,1.0,1.0,9953.4,253.21,1303.54,868.5367473817033,410.0385872579047,1061.05,84666977.2769423,9.5,39.49545785813853,580.4244018481172,232370.96110110628,0.85,141.55,MQTT-DDoS-Publish_Flood
529.61,6.0,63.9,66.59537492309585,66.59537492309585,0.0,0.01,0.24,0.19,0.26,0.85,0.0,0.0,0.09,2.36,0.57,6.07,0.0,0.02,0.0,0.0,0.0,0.0,0.0,1.0,0.0,0.0,0.0,0.0,0.0,1.0,1.0,748.17,66.45,80.39,71.35616998812161,5.320375581965225,71.27,84662389.24480201,9.5,11.944459858907292,7.528594069751249,33.24556280779554,0.91,141.55,MQTT-DoS-Connect_Flood
529.83,6.0,64.0,79.80236658822356,79.80236658822356,0.0,0.09,0.18,0.24,0.2,0.76,0.0,0.0,0.76,2.24,1.08,5.52,0.0,0.0,0.0,0.0,0.0,0.0,0.0,1.0,0.0,0.0,0.0,0.0,0.0,1.0,1.0,708.18,60.92,76.13,67.05870642987904,5.705550410939909,67.81,84662358.89160107,9.5,11.57460688308325,8.064510473487424,44.04758431823269,0.91,141.55,MQTT-DoS-Connect_Flood
276.0,6.0,64.0,10.492743596202509,10.492743596202509,0.0,0.24,0.24,0.02,0.22,0.89,0.0,0.0,0.58,1.29,0.23,3.47,0.0,0.0,0.0,0.0,0.0,0.0,0.0,1.0,0.0,0.0,0.0,0.0,0.0,1.0,1.0,721.49,63.76,74.49,68.38502294261465,3.466701006526476,68.93,84667047.17184068,9.5,11.695292328990108,4.891982364468031,16.69557296893827,0.92,141.55,MQTT-DDoS-Connect_Flood
3328.3,6.0,123.0,27.32998748713674,27.32998748713674,0.0,0.0,0.0,0.0,0.5,1.0,0.0,0.0,0.0,1.0,0.0,4.5,0.0,1.0,0.0,0.0,0.0,0.0,0.0,1.0,0.0,0.0,0.0,0.0,0.0,1.0,1.0,4850.8,66.0,1198.7,727.5567460317461,510.42975512689753,976.6,0.0023263931274414,5.5,36.29817587365349,721.8566823392364,318441.62370893173,0.9,38.5,Benign
11301.99,6.0,64.0,117.55688303285986,117.55688303285986,0.0,0.0,0.04,0.07,0.45,0.93,0.0,0.0,0.21,0.04,8.17,15.52,0.0,0.0,0.0,0.0,0.0,0.0,0.0,1.0,0.0,0.0,0.0,0.0,0.0,1.0,1.0,10054.35,321.1,1419.18,956.88947613111,477.95532389708,932.31,84666973.84778598,9.5,42.743979235526425,676.2721555088993,289248.4162316297,0.83,141.55,MQTT-DDoS-Publish_Flood
16166.22,6.0,64.0,76.5754765002938,76.5754765002938,0.0,0.0,0.07,0.22,0.37,0.72,0.0,0.0,0.39,0.13,10.11,18.94,0.0,0.0,0.0,0.0,0.0,0.0,0.0,1.0,0.0,0.0,0.0,0.0,0.0,1.0,1.0,9730.38,281.13,1427.0,948.1287318734758,442.6517292470492,898.5,84666974.47034892,9.5,41.60338727888376,625.0729423672316,257505.27919157883,0.84,141.55,MQTT-DDoS-Publish_Flood
519.08,6.0,64.0,70.96682512373292,70.96682512373292,0.0,0.07,0.2,0.18,0.22,0.83,0.0,0.0,0.66,2.27,1.0,5.46,0.0,0.0,0.0,0.0,0.0,0.0,0.0,1.0,0.0,0.0,0.0,0.0,0.0,1.0,1.0,719.2,60.85,76.65,68.7538329685021,5.270685498982793,68.2,84662358.92063786,9.5,11.724394313937704,7.447536800780949,36.1525612281816,0.93,141.55,MQTT-DoS-Connect_Flood
326094.7,6.0,64.0,1.30384881726096,1.30384881726096,0.0,0.0,0.0,0.0,0.5,1.0,0.0,0.0,0.0,0.0,0.0,4219.3,0.0,0.0,0.0,0.0,0.0,0.0,0.0,1.0,0.0,0.0,0.0,0.0,0.0,1.0,1.0,1220.4,66.0,110.0,78.80636287087525,15.259358457660728,76.2,169463857.5093182,13.5,12.551989386238144,21.624057403729587,234.28811969466807,1.0,244.6,Benign
21375.34,6.0,64.0,96.41799084432374,96.41799084432374,0.0,0.0,0.0,0.0,0.08,1.0,0.0,0.0,0.0,0.0,0.0,89.45,0.0,0.0,0.0,0.0,0.0,0.0,0.0,1.0,0.0,0.0,0.0,0.0,0.0,1.0,1.0,836.88,74.72,87.8,82.39257552457862,6.0941503847988345,74.72,84666501.44357033,9.5,12.62025902682878,8.624334083010517,314.0613030954544,0.12,141.55,MQTT-DoS-Publish_Flood
6876.5,6.0,64.0,0.4290674381428836,0.4290674381428836,0.0,0.0,0.0,0.0,0.5,1.0,0.0,0.0,0.0,0.0,0.0,91.7,0.0,0.0,0.0,0.0,0.0,0.0,0.0,1.0,0.0,0.0,0.0,0.0,0.0,1.0,1.0,367.8,66.0,67.6,66.69349206349207,0.7772181651090466,67.0,0.0001186847686767,5.5,11.549279669899438,1.0991524700199455,0.7566135046611238,0.8,38.5,Benign
64555.7,7.1,60.7,1.641449786794951,1.641449786794951,0.0,0.0,0.0,0.0,0.5,0.9,0.0,0.0,0.0,0.0,0.0,837.8,0.0,0.0,0.0,0.0,0.0,0.0,0.0,0.9,0.1,0.0,0.0,0.0,0.0,1.0,1.0,2404.4,66.0,930.0,157.59029131472244,213.8709512526469,179.2,169468307.5087166,13.5,17.759347508767956,303.0516005923228,46204.416909649466,1.0,244.6,Benign
155670.4,6.0,64.0,1.094516573820161,1.094516573820161,0.0,0.0,0.0,0.0,0.5,1.0,0.0,0.0,0.0,0.0,0.0,1953.7,0.0,0.0,0.0,0.0,0.0,0.0,0.0,1.0,0.0,0.0,0.0,0.0,0.0,1.0,1.0,429.4,68.5,95.0,79.22884920634921,10.393901559437788,78.4,0.000133991241455,5.5,12.583885824327911,14.699196551327782,122.73341135991434,0.9,38.5,Benign
486.68,6.0,64.0,10.907564852080489,10.907564852080489,0.0,0.07,0.2,0.42,0.12,0.53,0.0,0.0,1.33,1.85,0.82,5.45,0.0,0.0,0.0,0.0,0.0,0.0,0.0,1.0,0.0,0.0,0.0,0.0,0.0,1.0,1.0,678.22,55.52,76.72,63.89760151162048,7.526635211301107,64.3,84667036.15613095,9.5,11.295406508608258,10.646993344817236,67.87774826562527,0.91,141.55,MQTT-DDoS-Connect_Flood
222815.6,7.1,57.7,2.028968465799863,2.028968465799863,0.0,0.0,0.0,0.0,0.5,0.9,0.0,0.0,0.0,0.0,0.0,2708.1,0.0,0.0,0.0,0.0,0.0,0.0,0.0,0.9,0.1,0.0,0.0,0.0,0.0,1.0,1.0,1330.9,66.0,195.6,85.52722803555233,31.48679503720397,98.0,169467579.83039212,13.5,13.066513818797707,44.58750182858587,1074.862927180414,1.0,244.6,Benign
2864.09,6.0,64.0,9.74880600973767,9.74880600973767,0.0,0.05,0.0,0.59,0.05,0.41,0.0,0.0,0.65,3.13,3.32,15.49,0.0,0.0,0.0,0.0,0.0,0.0,0.0,1.0,0.0,0.0,0.0,0.0,0.0,1.0,1.0,626.2,54.36,67.64,59.63612586948656,5.330610685251365,59.24,84666976.4294601,9.5,10.917954801587127,7.538240932993894,34.07203561724592,0.86,141.55,MQTT-DDoS-Publish_Flood
367.6,6.0,64.0,7.386585433644155,7.386585433644155,0.0,0.19,0.24,0.0,0.17,0.95,0.0,0.0,1.25,1.29,0.0,4.42,0.0,0.0,0.0,0.0,0.0,0.0,0.0,1.0,0.0,0.0,0.0,0.0,0.0,1.0,1.0,767.79,67.6,76.67,73.12854502527915,3.5034126818675,72.93,84667030.82076827,9.5,12.09126180531716,4.949048381208178,14.35196198673222,0.89,141.55,MQTT-DDoS-Connect_Flood
141755.9,6.0,62.0,24.45973515833296,24.45973515833296,0.0,0.0,0.0,0.0,0.6,1.0,0.0,0.0,0.0,0.4,0.0,1765.9,0.0,0.4,0.0,0.0,0.0,0.0,0.0,1.0,0.0,0.0,0.0,0.0,0.0,1.0,1.0,5318.1,66.0,1474.0,352.43464733580834,502.5973998967091,97.0,169467576.163865,13.5,26.52902970650522,712.0418021862399,254615.49902243857,1.0,244.6,Benign
21962.77,6.0,64.0,23.15961350108053,23.15961350108053,0.0,0.0,0.0,1.0,0.0,0.0,0.0,0.0,1.04,1.15,13.73,36.19,0.0,0.0,0.0,0.0,0.0,0.0,0.0,1.0,0.0,0.0,0.0,0.0,0.0,1.0,1.0,567.0,54.0,54.0,54.0,0.0,54.0,84666975.62159795,9.5,10.392304845413264,0.0,0.0,0.0,141.55,MQTT-DDoS-Publish_Flood
333.87,6.0,64.0,9.41638791015135,9.41638791015135,0.0,0.12,0.33,0.14,0.12,0.86,0.0,0.0,0.71,1.64,0.44,3.83,0.0,0.0,0.0,0.0,0.0,0.0,0.0,1.0,0.0,0.0,0.0,0.0,0.0,1.0,1.0,708.8,62.0,73.04,67.78041711161215,4.35689652165561,67.44,84667033.58679368,9.5,11.638746107457887,6.156829371558088,22.1817688570462,0.94,141.55,MQTT-DDoS-Connect_Flood
17412.5,9.3,89.0,0.9682872802396266,0.9682872802396266,0.0,0.0,0.0,0.0,0.4,0.7,0.0,0.0,0.0,0.0,0.0,185.8,0.0,0.1,0.0,0.0,0.0,0.0,0.0,0.7,0.3,0.0,0.0,0.0,0.0,1.0,1.0,2360.6,66.0,930.0,154.02036193338824,212.38962012823737,193.7,169463933.6093736,13.5,17.563726544164115,300.9505036554384,45588.59606327027,1.0,244.6,Benign
1597.61,6.0,64.0,37.949493321428406,37.949493321428406,0.0,0.05,0.19,0.13,0.23,0.84,0.0,0.0,0.45,3.46,1.23,15.52,0.0,0.02,0.0,0.0,0.0,0.0,0.0,1.0,0.0,0.0,0.0,0.0,0.0,1.0,1.0,733.97,62.64,83.22,70.00466812925636,6.338260006339299,72.66,84662386.84905511,9.5,11.8259048089109,8.990713225090708,152.03519418112884,0.9,141.55,MQTT-DoS-Connect_Flood
708.34,6.0,64.0,31.011910537316595,31.011910537316595,0.0,0.21,0.27,0.19,0.17,0.63,0.0,0.0,1.64,2.79,1.31,7.67,0.0,0.0,0.0,0.0,0.0,0.0,0.0,1.0,0.0,0.0,0.0,0.0,0.0,1.0,1.0,709.1,61.2,77.73,67.67271537917708,5.7072986321721855,67.32,84662358.96587336,9.5,11.62747231200173,8.044485821092211,43.22039353439878,0.91,141.55,MQTT-DoS-Connect_Flood
384867.0,6.0,56.0,8158.134644091889,8158.134644091889,0.0,0.0,0.0,0.0,0.1,1.0,0.0,0.0,0.0,0.0,0.0,255.5,1.0,0.0,0.0,0.0,0.0,0.0,0.0,1.0,0.0,0.0,0.0,0.0,0.0,1.0,1.0,23467.0,1514.0,1514.0,1514.0,0.0,1514.0,169469425.5411656,13.5,55.02726596879042,0.0,0.0,0.0,244.6,Benign
353.02,6.0,64.0,6.637670467416195,6.637670467416195,0.0,0.27,0.24,0.12,0.23,0.84,0.0,0.0,0.78,1.83,0.28,3.95,0.0,0.0,0.0,0.0,0.0,0.0,0.0,1.0,0.0,0.0,0.0,0.0,0.0,1.0,1.0,721.45,63.52,75.98,68.74402074679706,5.249693740461481,68.7,84667020.73424634,9.5,11.721473858499314,7.407840248116217,41.900538311260085,0.93,141.55,MQTT-DDoS-Connect_Flood
247946.4,6.0,88.3,1.138166396366377,1.138166396366377,0.0,0.0,0.0,0.0,0.4,1.0,0.0,0.0,0.0,0.0,0.0,3094.3,0.0,0.2,0.0,0.0,0.0,0.0,0.0,1.0,0.0,0.0,0.0,0.0,0.0,1.0,1.0,400.2,58.6,97.2,73.5561507936508,13.896055749446653,74.3,0.1001976013183593,5.5,12.119515930261445,19.65199050436008,220.5506692964223,0.9,38.5,Benign
504.35,6.0,64.0,193.5875468645382,193.5875468645382,0.0,0.24,0.16,0.05,0.29,0.92,0.0,0.0,0.89,1.96,1.28,5.17,0.0,0.0,0.0,0.0,0.0,0.0,0.0,1.0,0.0,0.0,0.0,0.0,0.0,1.0,1.0,722.04,64.48,75.64,68.89356891801009,3.792070080750843,68.2,84662358.35461883,9.5,11.738377965118657,5.361510122955857,19.398552816379027,0.93,141.55,MQTT-DoS-Connect_Flood
427034.2,7.1,70.4,1.317057811312588,1.317057811312588,0.0,0.0,0.0,0.0,0.4,0.9,0.0,0.0,0.0,0.0,0.0,5148.0,0.0,0.0,0.0,0.0,0.0,0.0,0.0,0.9,0.1,0.0,0.0,0.0,0.0,1.0,1.0,1295.3,66.0,180.3,82.64311830240624,28.95051055239285,104.3,169469870.9438278,13.5,12.857139693147744,41.11932719885,1284.8408838440178,1.0,244.6,Benign
6626.19,6.0,64.0,28.959553452339016,28.959553452339016,0.0,0.0,0.01,0.15,0.69,0.84,0.0,0.0,0.25,0.02,3.86,16.31,0.0,0.0,0.0,0.0,0.0,0.0,0.0,1.0,0.0,0.0,0.0,0.0,0.0,1.0,1.0,3547.69,134.57,733.55,311.5853419989453,208.1583399364391,392.53,84666955.64510435,9.5,24.02827711796963,294.66705086499337,80156.35598915145,0.92,141.55,MQTT-DDoS-Publish_Flood
157364.8,6.0,229.6,564.4289799195502,564.4289799195502,0.0,0.0,0.0,0.0,0.1,1.0,0.0,0.0,0.0,1.8,0.0,179.8,0.0,0.9,0.0,0.0,0.0,0.0,0.0,1.0,0.0,0.0,0.0,0.0,0.0,1.0,1.0,1054.8,66.0,97.8,67.67678362573099,7.105214440374089,76.6,169462810.00103012,13.5,11.634433588191378,10.128519624625271,171.00307445025825,0.3,244.6,Benign
101467.4,6.0,64.0,2.0378828636996222,2.0378828636996222,0.0,0.0,0.0,0.0,0.5,1.0,0.0,0.0,0.0,0.0,0.0,1263.5,0.0,0.0,0.0,0.0,0.0,0.0,0.0,1.0,0.0,0.0,0.0,0.0,0.0,1.0,1.0,2170.0,66.0,932.0,142.09689399910377,213.37483205184043,80.5,169462140.208606,13.5,16.86430548976469,302.37213697797495,46041.78840622634,1.0,244.6,Benign
4485.17,6.0,65.73,329.116270340687,329.116270340687,0.0,0.0,0.02,0.39,0.36,0.61,0.0,0.0,0.08,0.02,4.05,7.38,0.0,0.01,0.0,0.0,0.0,0.0,0.0,1.0,0.0,0.0,0.0,0.0,0.0,1.0,1.0,1529.68,87.76,268.5,153.7491332189912,56.58858822417616,136.48,84666963.74868494,9.5,16.626597156817592,79.93111674931097,5331.91648418038,0.93,141.55,MQTT-DDoS-Publish_Flood
61780.6,6.0,88.4,1.714001889897273,1.714001889897273,0.0,0.0,0.0,0.0,0.4,1.0,0.0,0.0,0.0,0.0,0.0,818.9,0.0,0.2,0.0,0.0,0.0,0.0,0.0,1.0,0.0,0.0,0.0,0.0,0.0,1.0,1.0,1182.0,54.0,111.0,76.33473317274402,16.95418292808952,71.0,169461660.3956349,13.5,12.359996285748997,24.01034672773367,289.1722212578604,1.0,244.6,Benign
244224.2,6.0,64.0,1.4614929151056697,1.4614929151056697,0.0,0.0,0.0,0.0,0.5,1.0,0.0,0.0,0.0,0.0,0.0,3095.7,0.0,0.0,0.0,0.0,0.0,0.0,0.0,1.0,0.0,0.0,0.0,0.0,0.0,1.0,1.0,448.2,70.5,111.0,85.05071428571429,15.25441664125221,78.9,4.880428314208984e-05,5.5,13.02515764412538,21.57300290014871,263.6689631519274,0.9,38.5,Benign
458868.2,8.2,51.4,1.973292141964113,1.973292141964113,0.0,0.0,0.0,0.0,0.4,0.8,0.0,0.0,0.0,0.0,0.0,5741.8,0.0,0.0,0.0,0.0,0.0,0.0,0.0,0.8,0.2,0.0,0.0,0.0,0.0,1.0,1.0,659.5,66.0,201.9,121.83257936507935,59.90618834114008,108.8,0.0991538047790527,5.5,15.513952177008608,84.7201440221173,4020.3146107174352,0.9,38.5,Benign
33049.44,6.0,64.0,82.43321028614417,82.43321028614417,0.0,0.0,0.0,0.0,0.55,1.0,0.0,0.0,0.0,0.0,0.0,102.72,0.0,0.0,0.0,0.0,0.0,0.0,0.0,1.0,0.0,0.0,0.0,0.0,0.0,1.0,1.0,5302.26,211.0,1052.2,519.1922055576003,284.6230327988149,464.94,84666509.96477912,9.5,29.55196617713889,402.9459409179677,124495.0652255388,0.67,141.55,MQTT-DoS-Publish_Flood
41621.75,6.0,64.0,122.1423583409991,122.1423583409991,0.0,0.0,0.0,0.0,0.99,1.0,0.0,0.0,0.0,0.0,0.0,250.14,0.0,0.0,0.0,0.0,0.0,0.0,0.0,1.0,0.0,0.0,0.0,0.0,0.0,1.0,1.0,2556.9,176.09,282.91,243.86514384708,44.7400496576713,248.03,84666481.6330727,9.5,22.05701003294176,63.31889305842398,2344.0268669127763,0.89,141.55,MQTT-DoS-Publish_Flood
126.92,6.0,64.0,2409.857023897436,2409.857023897436,0.0,0.19,0.32,0.15,0.28,0.53,0.0,0.0,0.19,0.43,0.25,1.16,0.0,0.0,0.0,0.0,0.0,0.0,0.0,1.0,0.0,0.0,0.0,0.0,0.0,1.0,1.0,735.35,62.66,80.26,70.42402753129223,6.121046959734945,69.64,84667032.02004026,9.5,11.86228104373314,8.640320310229452,45.75654097301764,0.91,141.55,MQTT-DDoS-Connect_Flood
67340.44,6.0,64.0,74.00488827734212,74.00488827734212,0.0,0.0,0.0,0.0,0.24,1.0,0.0,0.0,0.0,0.0,0.0,263.45,0.0,0.0,0.0,0.0,0.0,0.0,0.0,1.0,0.0,0.0,0.0,0.0,0.0,1.0,1.0,954.6,85.62,105.24,89.58643107155142,5.331963157631451,96.52,84666495.22753386,9.5,13.060250795139211,7.12125783328247,278.5845709767888,0.1,141.55,MQTT-DoS-Publish_Flood
374010.0,6.0,69.9,1.6621622717649758,1.6621622717649758,0.0,0.0,0.0,0.0,0.5,1.0,0.0,0.0,0.0,0.0,0.0,4787.4,0.0,0.1,0.0,0.0,0.0,0.0,0.0,1.0,0.0,0.0,0.0,0.0,0.0,1.0,1.0,1531.9,66.0,246.0,99.75597988827477,53.21013762933463,77.5,169463822.1082411,13.5,14.125099148445344,75.41414900188349,2856.2182071898965,1.0,244.6,Benign
309.58,6.0,64.0,11.545096129077058,11.545096129077058,0.0,0.09,0.08,0.12,0.35,0.86,0.0,0.0,0.61,1.26,0.31,3.76,0.0,0.0,0.0,0.0,0.0,0.0,0.0,1.0,0.0,0.0,0.0,0.0,0.0,1.0,1.0,711.63,61.56,76.12,67.698597136137,4.6175397645718,67.23,84667038.96149804,9.5,11.633405190826055,6.52784303034904,32.80414589209816,0.93,141.55,MQTT-DDoS-Connect_Flood
97303.5,6.0,64.0,1.3040342408824663,1.3040342408824663,0.0,0.0,0.0,0.0,0.5,1.0,0.0,0.0,0.0,0.0,0.0,1196.7,0.0,0.0,0.0,0.0,0.0,0.0,0.0,1.0,0.0,0.0,0.0,0.0,0.0,1.0,1.0,433.0,66.0,101.3,77.34623015873015,13.59164028801788,80.8,6.830692291259766e-05,5.5,12.43215395652508,19.22148203021144,211.4051912163013,0.9,38.5,Benign
89101.97,6.0,64.0,94.45107507199978,94.45107507199978,0.0,0.0,0.0,0.0,0.06,1.0,0.0,0.0,0.0,0.0,0.0,356.97,0.0,0.0,0.0,0.0,0.0,0.0,0.0,1.0,0.0,0.0,0.0,0.0,0.0,1.0,1.0,812.98,66.0,94.42,74.50671113415308,12.784749007092293,76.92,84666983.79830834,9.5,12.101072604421722,18.10312952693104,1267.0269393584902,0.17,141.55,MQTT-DDoS-Publish_Flood
372.85,6.0,64.0,7.870311790681458,7.870311790681458,0.0,0.04,0.38,0.12,0.07,0.81,0.0,0.0,0.69,1.74,0.51,4.32,0.0,0.0,0.0,0.0,0.0,0.0,0.0,1.0,0.0,0.0,0.0,0.0,0.0,1.0,1.0,719.32,61.71,77.84,68.77735413060451,6.137747949026368,69.15,84667028.09021096,9.5,11.723956073094543,8.687973325313136,47.686931053618,0.89,141.55,MQTT-DDoS-Connect_Flood
83758.86,6.0,64.0,79.54389202917369,79.54389202917369,0.0,0.0,0.0,0.0,0.95,1.0,0.0,0.0,0.0,0.0,0.0,430.44,0.0,0.0,0.0,0.0,0.0,0.0,0.0,1.0,0.0,0.0,0.0,0.0,0.0,1.0,1.0,5526.3,204.51,1247.02,535.1549010723539,350.11768493916884,506.83,84666501.16702378,9.5,32.33330708061061,494.3033661505221,146197.57381941768,0.94,141.55,MQTT-DoS-Publish_Flood
514.67,6.0,64.0,9.82118616626526,9.82118616626526,0.0,0.17,0.2,0.28,0.16,0.61,0.0,0.0,1.34,1.9,0.84,5.91,0.0,0.0,0.0,0.0,0.0,0.0,0.0,1.0,0.0,0.0,0.0,0.0,0.0,1.0,1.0,693.17,55.93,78.21,66.78716895080323,7.319929402725555,65.5,84667019.5583356,9.5,11.5519885662958,10.341704457363292,59.741508160043104,0.95,141.55,MQTT-DDoS-Connect_Flood
306.33,6.0,64.0,6.433067205223765,6.433067205223765,0.0,0.3,0.06,0.0,0.36,1.0,0.0,0.0,0.42,2.01,0.15,3.24,0.0,0.0,0.0,0.0,0.0,0.0,0.0,1.0,0.0,0.0,0.0,0.0,0.0,1.0,1.0,715.76,66.04,70.96,68.15080029000927,1.982621383534756,67.92,84667031.99423246,9.5,11.674872489341706,2.804509073463633,4.359074037170529,0.95,141.55,MQTT-DDoS-Connect_Flood
84554.3,6.0,64.0,2.0376969849223405,2.0376969849223405,0.0,0.0,0.0,0.0,0.5,1.0,0.0,0.0,0.0,0.0,0.0,1053.5,0.0,0.0,0.0,0.0,0.0,0.0,0.0,1.0,0.0,0.0,0.0,0.0,0.0,1.0,1.0,451.0,66.0,106.5,81.51285714285714,18.030805556674867,80.4,0.0998461008071899,5.5,12.759210144009764,25.49940975876176,364.5068310657596,0.9,38.5,Benign
409.89,6.0,64.0,8.27201538635779,8.27201538635779,0.0,0.19,0.32,0.08,0.24,0.73,0.0,0.0,0.86,1.94,0.38,4.64,0.0,0.0,0.0,0.0,0.0,0.0,0.0,1.0,0.0,0.0,0.0,0.0,0.0,1.0,1.0,745.59,62.77,79.23,71.10118700679266,5.337320473065335,70.87,84667029.60481903,9.5,11.92328135496516,7.527274731488671,35.20750193078266,0.89,141.55,MQTT-DDoS-Connect_Flood
5152899.0,6.0,56.0,7164.519680508888,7164.519680508888,0.0,0.0,0.0,0.0,0.1,1.0,0.0,0.0,0.0,0.0,0.0,3403.5,1.0,0.0,0.0,0.0,0.0,0.0,0.0,1.0,0.0,0.0,0.0,0.0,0.0,1.0,1.0,8327.0,1514.0,1514.0,1514.0,0.0,1514.0,0.0001224040985107,5.5,55.02726596879042,0.0,0.0,0.0,38.5,Benign
299.89,6.0,64.0,7.616699200515093,7.616699200515093,0.0,0.14,0.23,0.0,0.2,1.0,0.0,0.0,0.52,1.46,0.46,3.59,0.0,0.0,0.0,0.0,0.0,0.0,0.0,1.0,0.0,0.0,0.0,0.0,0.0,1.0,1.0,722.2,66.8,72.52,68.94358072783768,2.3129417095981046,68.64,84667038.72002998,9.5,11.741354849217904,3.274900999054479,6.757825662885634,0.85,141.55,MQTT-DDoS-Connect_Flood
338066.1,7.1,75.5,1.3173594976034355,1.3173594976034355,0.0,0.0,0.0,0.0,0.4,0.9,0.0,0.0,0.0,0.0,0.0,4354.9,0.0,0.1,0.0,0.0,0.0,0.0,0.0,0.9,0.1,0.0,0.0,0.0,0.0,1.0,1.0,1282.2,61.2,164.0,82.29402762828846,25.833329996534832,88.0,169464887.91401392,13.5,12.826597066780275,36.6583679731347,767.1405705271046,1.0,244.6,Benign
361641.5,6.0,64.0,1.303909728341934,1.303909728341934,0.0,0.0,0.0,0.0,0.5,1.0,0.0,0.0,0.0,0.0,0.0,4448.5,0.0,0.0,0.0,0.0,0.0,0.0,0.0,1.0,0.0,0.0,0.0,0.0,0.0,1.0,1.0,433.4,66.0,101.9,77.42218253968254,13.782782975067168,80.8,9.071826934814452e-05,5.5,12.438144600710324,19.491798610584983,217.7927235292265,0.9,38.5,Benign
17485.36,6.0,64.0,14.697879602393328,14.697879602393328,0.0,0.0,0.02,0.43,0.31,0.57,0.0,0.0,0.67,1.83,8.18,27.78,0.0,0.0,0.0,0.0,0.0,0.0,0.0,1.0,0.0,0.0,0.0,0.0,0.0,1.0,1.0,5942.81,138.15,826.7,552.7693181928151,286.7020402557745,522.2,84666971.05278172,9.5,28.26641119527956,404.8696217520086,176275.56696125877,0.73,141.55,MQTT-DDoS-Publish_Flood
439.57,6.0,64.0,9.259716918684433,9.259716918684433,0.0,0.14,0.07,0.27,0.16,0.72,0.0,0.0,1.04,1.89,0.63,4.89,0.0,0.0,0.0,0.0,0.0,0.0,0.0,1.0,0.0,0.0,0.0,0.0,0.0,1.0,1.0,682.26,60.28,73.18,65.54713509869042,4.716842712742411,64.47,84667023.5305304,9.5,11.445204720539982,6.67744274783828,31.12162585852527,0.91,141.55,MQTT-DDoS-Connect_Flood
84856.5,7.1,81.9,1.4023234815148404,1.4023234815148404,0.0,0.0,0.0,0.0,0.4,0.9,0.0,0.0,0.0,0.0,0.0,1033.7,0.0,0.1,0.0,0.0,0.0,0.0,0.0,0.9,0.1,0.0,0.0,0.0,0.0,1.0,1.0,506.4,58.6,176.2,90.3265476190476,38.9266368826016,90.0,0.0998832941055297,5.5,13.418798092913525,55.05057781694791,1956.3454919217688,0.9,38.5,Benign
468.95,6.0,64.0,10.525750431557816,10.525750431557816,0.0,0.14,0.22,0.35,0.13,0.6,0.0,0.0,1.23,1.9,0.75,5.26,0.0,0.0,0.0,0.0,0.0,0.0,0.0,1.0,0.0,0.0,0.0,0.0,0.0,1.0,1.0,679.37,56.28,76.21,64.25338272090828,6.485805357962045,64.71,84667040.43663993,9.5,11.324665572906532,9.151994262334686,52.71984665994602,0.89,141.55,MQTT-DDoS-Connect_Flood
43610.8,6.0,64.0,76.18820924286253,76.18820924286253,0.0,0.0,0.0,0.0,0.04,1.0,0.0,0.0,0.0,0.0,0.0,136.31,0.0,0.0,0.0,0.0,0.0,0.0,0.0,1.0,0.0,0.0,0.0,0.0,0.0,1.0,1.0,914.91,66.0,193.08,81.59123965508175,34.96409075087417,86.4,84666507.1308272,9.5,12.485696837657713,49.52497292402817,10283.076328098825,0.12,141.55,MQTT-DoS-Publish_Flood
144558.2,8.2,70.4,1.6678049565489874,1.6678049565489874,0.0,0.0,0.0,0.0,0.4,0.8,0.0,0.0,0.0,0.0,0.0,1858.2,0.0,0.0,0.1,0.0,0.0,0.0,0.0,0.8,0.2,0.0,0.0,0.0,0.0,1.0,1.0,1325.6,66.0,183.1,85.10145427499917,29.592348810644275,90.6,169470420.7463293,13.5,13.043788676904851,41.969380272505056,955.0303037730806,1.0,244.6,Benign
320.47,6.0,64.0,15.060717042148887,15.060717042148887,0.0,0.07,0.11,0.65,0.05,0.24,0.0,0.0,1.03,0.47,0.99,3.42,0.0,0.0,0.0,0.0,0.0,0.0,0.0,1.0,0.0,0.0,0.0,0.0,0.0,1.0,1.0,628.49,54.32,74.05,59.69526234674339,7.1621503883544095,59.93,84667049.10004273,9.5,10.919953336503257,10.134876329908822,66.57780123772892,0.84,141.55,MQTT-DDoS-Connect_Flood
171781.4,6.0,64.0,1.257317727929077,1.257317727929077,0.0,0.0,0.0,0.0,0.6,1.0,0.0,0.0,0.0,0.0,0.0,2112.4,0.0,0.0,0.0,0.0,0.0,0.0,0.0,1.0,0.0,0.0,0.0,0.0,0.0,1.0,1.0,1113.6,66.0,112.0,71.9204684479607,12.00119628824126,73.5,169469645.9437082,13.5,11.994759653281998,17.00880873573377,145.16131845916146,1.0,244.6,Benign
55801.84,6.0,64.0,126.134893782719,126.134893782719,0.0,0.0,0.0,0.0,0.47,1.0,0.0,0.0,0.0,0.0,0.0,153.68,0.0,0.0,0.0,0.0,0.0,0.0,0.0,1.0,0.0,0.0,0.0,0.0,0.0,1.0,1.0,6153.64,153.07,1172.73,558.2937201546303,392.6443949883593,601.51,84666478.23368463,9.5,31.60250567410305,555.3985354048035,210411.81521948808,0.82,141.55,MQTT-DoS-Publish_Flood
46920.3,6.0,63.4,0.4854877119509198,0.4854877119509198,0.0,0.0,0.0,0.0,0.1,1.0,0.0,0.0,0.0,0.0,0.0,617.2,0.0,0.1,0.0,0.0,0.0,0.0,0.0,1.0,0.0,0.0,0.0,0.0,0.0,1.0,1.0,1039.4,66.0,82.4,66.82000000000001,3.5742971337033524,82.4,169466280.0707826,13.5,11.489125293076055,0.0,0.0,0.0,244.6,Benign
663.69,6.0,64.0,10.345581154129752,10.345581154129752,0.0,0.09,0.17,0.54,0.1,0.31,0.0,0.0,1.97,2.36,1.26,7.27,0.0,0.0,0.0,0.0,0.0,0.0,0.0,1.0,0.0,0.0,0.0,0.0,0.0,1.0,1.0,651.11,56.72,77.11,62.14415069205819,7.026466752909933,62.18,84667046.40837982,9.5,11.13770654789968,9.93181591586609,62.30054587332118,0.9,141.55,MQTT-DDoS-Connect_Flood
374.22,6.0,64.0,11.068102141227625,11.068102141227625,0.0,0.19,0.35,0.17,0.11,0.8,0.0,0.0,0.95,1.67,0.5,4.27,0.0,0.0,0.0,0.0,0.0,0.0,0.0,1.0,0.0,0.0,0.0,0.0,0.0,1.0,1.0,707.71,60.04,75.91,67.20309782606456,5.586551048680982,67.83,84667041.42785,9.5,11.588627468882292,7.899264160002467,38.4806935710171,0.94,141.55,MQTT-DDoS-Connect_Flood
285.17,6.0,64.0,106.70397123187928,106.70397123187928,0.0,0.05,0.34,0.17,0.14,0.68,0.0,0.0,0.23,1.56,0.37,2.79,0.0,0.0,0.0,0.0,0.0,0.0,0.0,1.0,0.0,0.0,0.0,0.0,0.0,1.0,1.0,721.99,60.08,75.87,68.54336882789553,5.450688392961994,69.07,84662359.7214811,9.5,11.700504897921064,7.694302473635286,35.14318690945687,0.95,141.55,MQTT-DoS-Connect_Flood
388.2,6.0,64.0,674.0806043134384,674.0806043134384,0.0,0.2,0.2,0.2,0.3,0.7,0.0,0.0,0.8,1.6,0.9,3.6,0.0,0.0,0.0,0.0,0.0,0.0,0.0,1.0,0.0,0.0,0.0,0.0,0.0,1.0,1.0,382.0,62.4,78.0,69.20095238095239,5.286528216378974,68.6,0.000556206703186,5.5,11.763215625721037,7.476279901471192,36.30627664399093,0.9,38.5,MQTT-Malformed_Data
544.9,6.0,64.0,11.145300716519747,11.145300716519747,0.0,0.22,0.15,0.25,0.27,0.6,0.0,0.0,1.53,1.99,0.67,6.25,0.0,0.0,0.0,0.0,0.0,0.0,0.0,1.0,0.0,0.0,0.0,0.0,0.0,1.0,1.0,719.32,60.28,78.93,68.2389566200913,6.723550826525954,68.17,84667044.03706034,9.5,11.670080895511523,9.518093272110267,54.30869023555229,0.93,141.55,MQTT-DDoS-Connect_Flood
494.4,6.0,64.0,9.178027581027868,9.178027581027868,0.0,0.1,0.09,0.24,0.14,0.72,0.0,0.0,1.2,2.03,0.6,5.62,0.0,0.0,0.0,0.0,0.0,0.0,0.0,1.0,0.0,0.0,0.0,0.0,0.0,1.0,1.0,682.16,59.45,74.94,64.72031007112084,6.091407958066328,65.56,84667046.02328986,9.5,11.366630638776035,8.615005853587244,46.73659989369463,0.89,141.55,MQTT-DDoS-Connect_Flood
456983.7,7.1,64.0,1.6844022343239469,1.6844022343239469,0.0,0.0,0.0,0.0,0.4,0.9,0.0,0.0,0.0,0.0,0.0,5826.6,0.0,0.0,0.0,0.0,0.0,0.0,0.0,0.9,0.1,0.0,0.0,0.0,0.0,1.0,1.0,689.0,66.0,353.1,107.3804761904762,92.12699197559007,162.6,0.1003875970840454,5.5,14.380813212009608,130.2872415125168,22084.620600907027,0.9,38.5,Benign
358571.6,6.0,64.0,1.1863396636860584,1.1863396636860584,0.0,0.0,0.0,0.0,0.5,1.0,0.0,0.0,0.0,0.0,0.0,4613.7,0.0,0.0,0.0,0.0,0.0,0.0,0.0,1.0,0.0,0.0,0.0,0.0,0.0,1.0,1.0,1201.4,66.0,111.0,77.48952020631587,13.426234440823205,79.0,169465702.81825662,13.5,12.43531147319982,18.74221590193845,175.81919796067444,1.0,244.6,Benign
95064.6,6.0,64.0,1.1894080016151851,1.1894080016151851,0.0,0.0,0.0,0.0,0.5,1.0,0.0,0.0,0.0,0.0,0.0,1258.3,0.0,0.0,0.0,0.0,0.0,0.0,0.0,1.0,0.0,0.0,0.0,0.0,0.0,1.0,1.0,425.4,67.9,87.4,78.02400793650793,9.2511040464009,76.4,0.0001055002212524,5.5,12.490212741744632,13.083036809344769,95.2166475655077,0.9,38.5,Benign
71865.99,6.0,64.0,72.2684502974739,72.2684502974739,0.0,0.0,0.0,0.0,0.79,1.0,0.0,0.0,0.0,0.0,0.0,362.61,0.0,0.0,0.0,0.0,0.0,0.0,0.0,1.0,0.0,0.0,0.0,0.0,0.0,1.0,1.0,1609.69,141.21,161.92,153.3300709867618,8.061826799602809,152.11,84666502.1452276,9.5,17.323054002768753,11.346353047204428,351.5357193545193,0.19,141.55,MQTT-DoS-Publish_Flood
26496.5,7.1,57.2,1.2544331647929945,1.2544331647929945,0.0,0.0,0.0,0.0,0.4,0.9,0.0,0.0,0.0,0.1,0.0,335.7,0.0,0.1,0.0,0.0,0.0,0.0,0.0,0.9,0.1,0.0,0.0,0.0,0.0,1.0,1.0,1269.9,66.0,153.4,81.476936144351,23.398877680876627,89.2,169463943.5095351,13.5,12.762788794300652,33.213840076117705,638.4377639667316,1.0,244.6,Benign
354.56,6.0,64.0,17.161486976616295,17.161486976616295,0.0,0.23,0.31,0.11,0.32,0.65,0.0,0.0,0.89,1.44,0.33,4.21,0.0,0.0,0.0,0.0,0.0,0.0,0.0,1.0,0.0,0.0,0.0,0.0,0.0,1.0,1.0,732.63,65.4,75.56,70.05347266205587,3.819725793767582,69.22,84667027.98593979,9.5,11.832155641425038,5.385257805432848,20.901850232651302,0.81,141.55,MQTT-DDoS-Connect_Flood
24358.47,6.0,64.0,23.27835994627901,23.27835994627901,0.0,0.05,0.05,0.24,0.31,0.71,0.0,0.0,0.49,2.99,2.42,45.31,0.0,0.0,0.0,0.0,0.0,0.0,0.0,1.0,0.0,0.0,0.0,0.0,0.0,1.0,1.0,5539.56,147.88,1081.01,516.2042476781044,379.6117377436523,462.64,84666955.72473726,9.5,28.78596950238165,537.288238325169,231825.85401089807,0.87,141.55,MQTT-DDoS-Publish_Flood
27607.34,6.0,64.0,187.5905411814348,187.5905411814348,0.0,0.0,0.0,0.0,0.44,1.0,0.0,0.0,0.0,0.0,0.0,101.75,0.0,0.0,0.0,0.0,0.0,0.0,0.0,1.0,0.0,0.0,0.0,0.0,0.0,1.0,1.0,5492.2,204.79,1121.18,553.486443479551,320.9914824751661,516.64,84666481.223396,9.5,30.064560992588536,453.7777119784177,150210.83163286417,0.71,141.55,MQTT-DoS-Publish_Flood
59242.9,6.0,63.1,9.379115363905743,9.379115363905743,0.0,0.0,0.0,0.0,0.5,1.0,0.0,0.0,0.1,0.1,0.0,773.9,0.1,0.0,0.0,0.0,0.0,0.0,0.0,1.0,0.0,0.0,0.0,0.0,0.0,1.0,1.0,1811.1,66.0,257.0,118.31841089509044,73.77097960486432,77.7,169463576.13560632,13.5,15.373682435303692,104.57332604279893,5486.515749257694,1.0,244.6,Benign
249.63,6.0,64.0,11.09315173388888,11.09315173388888,0.0,0.28,0.25,0.01,0.21,0.97,0.0,0.0,0.44,1.44,0.15,3.0,0.0,0.0,0.0,0.0,0.0,0.0,0.0,1.0,0.0,0.0,0.0,0.0,0.0,1.0,1.0,722.88,64.16,72.84,68.84436493125037,3.3382519123405543,68.72,84667047.91031808,9.5,11.733866289961586,4.722747270465365,13.63907998409056,0.94,141.55,MQTT-DDoS-Connect_Flood
51699.54,6.0,64.0,87.88300597189883,87.88300597189883,0.0,0.0,0.0,0.0,0.92,1.0,0.0,0.0,0.0,0.0,0.0,285.89,0.0,0.0,0.0,0.0,0.0,0.0,0.0,1.0,0.0,0.0,0.0,0.0,0.0,1.0,1.0,1851.67,159.74,212.06,177.90751897745358,20.840092496877297,177.18,84666501.55973275,9.5,18.807105322916275,29.50387964225424,1105.8027924288992,0.41,141.55,MQTT-DoS-Publish_Flood
381409.2,6.0,64.0,2.03396397604026,2.03396397604026,0.0,0.0,0.0,0.0,0.5,1.0,0.0,0.0,0.0,0.0,0.0,4748.9,0.0,0.0,0.0,0.0,0.0,0.0,0.0,1.0,0.0,0.0,0.0,0.0,0.0,1.0,1.0,2405.2,66.0,930.0,157.86269611623328,212.85535639117856,80.4,169470139.344782,13.5,17.772336576342024,301.61113313117966,45776.14760319491,1.0,244.6,Benign
594.28,6.0,64.0,22.16764702277624,22.16764702277624,0.0,0.01,0.28,0.12,0.3,0.79,0.0,0.0,0.27,2.67,0.66,6.63,0.0,0.0,0.0,0.0,0.0,0.0,0.0,1.0,0.0,0.0,0.0,0.0,0.0,1.0,1.0,749.37,64.92,78.31,70.88294092672035,4.631139494506852,71.38,84662380.58874664,9.5,11.904207900900706,6.537619250043766,26.294959023740315,0.92,141.55,MQTT-DoS-Connect_Flood
22357.1,8.2,97.8,28.308758193287247,28.308758193287247,0.0,0.0,0.0,0.0,0.6,0.8,0.0,0.0,0.0,0.4,0.0,240.9,0.0,0.4,0.0,0.0,0.0,0.0,0.0,0.8,0.2,0.0,0.0,0.0,0.0,1.0,1.0,5131.1,42.0,1474.0,338.9324788927962,509.4544330957818,117.8,169464537.69879347,13.5,26.02138900828134,721.9041578749119,261977.9064940394,1.0,244.6,Benign
507.57,6.0,64.0,17.403232859889172,17.403232859889172,0.0,0.27,0.18,0.13,0.27,0.71,0.0,0.0,1.36,1.88,0.71,5.92,0.0,0.0,0.0,0.0,0.0,0.0,0.0,1.0,0.0,0.0,0.0,0.0,0.0,1.0,1.0,718.74,61.99,76.47,68.25873110476554,5.187670111124041,68.5,84667032.6967369,9.5,11.674360292520989,7.339366841486939,39.022231325476326,0.9,141.55,MQTT-DDoS-Connect_Flood
537.11,6.0,64.0,2.2598946343421944,2.2598946343421944,0.0,0.17,0.21,0.22,0.4,0.79,0.0,0.0,0.4,2.52,0.67,5.96,0.0,0.0,0.0,0.0,0.0,0.0,0.0,1.0,0.0,0.0,0.0,0.0,0.0,1.0,1.0,782.2,66.82,81.96,74.50269603547467,6.523927047655965,74.48,84662389.82232298,9.5,12.203690595826703,9.224796165232547,46.992320976789706,0.92,141.55,MQTT-DoS-Connect_Flood
82004.48,6.0,64.0,106.42497960962991,106.42497960962991,0.0,0.0,0.0,0.0,0.4,1.0,0.0,0.0,0.0,0.0,0.0,249.55,0.0,0.0,0.0,0.0,0.0,0.0,0.0,1.0,0.0,0.0,0.0,0.0,0.0,1.0,1.0,3214.5,148.53,702.37,287.06341396834154,196.46786929115555,337.41,84666479.82961363,9.5,21.85559185589164,277.30394623132054,80580.41294986947,0.6,141.55,MQTT-DoS-Publish_Flood
26367.4,6.0,64.0,0.2368693798605607,0.2368693798605607,0.0,0.0,0.0,0.0,0.7,1.0,0.0,0.0,0.0,0.0,0.0,355.3,0.0,0.0,0.0,0.0,0.0,0.0,0.0,1.0,0.0,0.0,0.0,0.0,0.0,1.0,1.0,370.0,66.0,67.8,67.14928571428571,0.854875271979771,67.4,7.359981536865234e-05,5.5,11.588672903515782,1.2089762037711804,0.813375850340136,0.9,38.5,Benign
54579.0,6.0,42.0,92.59187168062046,92.59187168062046,0.0,0.0,0.0,0.0,0.0,1.0,0.0,0.0,1.0,2.0,0.0,58.5,0.0,1.0,0.0,0.0,0.0,0.0,0.0,1.0,0.0,0.0,0.0,0.0,0.0,1.0,1.0,1085.0,46.0,117.0,70.14638269968766,15.658581457157204,66.0,169462811.3451398,13.5,11.845719090215455,22.19234327515111,248.0716064727056,1.0,244.6,Benign
229.39,6.0,64.0,9.10527325557705,9.10527325557705,0.0,0.14,0.33,0.0,0.25,1.0,0.0,0.0,0.33,1.33,0.15,2.82,0.0,0.0,0.0,0.0,0.0,0.0,0.0,1.0,0.0,0.0,0.0,0.0,0.0,1.0,1.0,731.9,66.44,73.39,69.33402786184405,2.842524482889559,70.15,84667033.53405102,9.5,11.775009443716431,4.024175290054567,10.230532385234175,0.85,141.55,MQTT-DDoS-Connect_Flood
485.63,6.0,64.0,14.923812951039269,14.923812951039269,0.0,0.35,0.18,0.06,0.31,0.82,0.0,0.0,1.31,1.95,0.29,5.8,0.0,0.0,0.0,0.0,0.0,0.0,0.0,1.0,0.0,0.0,0.0,0.0,0.0,1.0,1.0,750.61,65.01,80.63,71.83477872222377,6.520389392202442,71.26,84667042.37669072,9.5,11.984349271761117,9.22307410313596,49.15434587006903,0.95,141.55,MQTT-DDoS-Connect_Flood
359.35,6.0,64.0,9.98657810636378,9.98657810636378,0.0,0.06,0.2,0.24,0.18,0.74,0.0,0.0,0.73,1.64,0.44,4.0,0.0,0.0,0.0,0.0,0.0,0.0,0.0,1.0,0.0,0.0,0.0,0.0,0.0,1.0,1.0,689.34,58.76,71.3,64.95357555254343,4.939812081356616,65.81,84667040.41698188,9.5,11.3895839915537,6.974137121200833,32.43670641228996,0.92,141.55,MQTT-DDoS-Connect_Flood
16565.87,6.0,64.0,24.52677646326687,24.52677646326687,0.0,0.01,0.17,0.34,0.3,0.66,0.0,0.0,0.68,1.42,9.17,28.13,0.0,0.0,0.0,0.0,0.0,0.0,0.0,1.0,0.0,0.0,0.0,0.0,0.0,1.0,1.0,6253.5,70.52,1151.96,570.8763300282449,437.11331038282367,558.45,84666965.51045854,9.5,31.00008437430045,616.987128099287,261314.97985727343,0.92,141.55,MQTT-DDoS-Publish_Flood
86027.92,6.0,64.0,69.28991957702607,69.28991957702607,0.0,0.0,0.0,0.0,0.4,1.0,0.0,0.0,0.0,0.0,0.0,368.31,0.0,0.0,0.0,0.0,0.0,0.0,0.0,1.0,0.0,0.0,0.0,0.0,0.0,1.0,1.0,1559.63,74.72,402.89,154.5885767039118,101.50450684904096,138.74,84666506.78900452,9.5,16.946511483627123,143.56358137430024,15989.458140643994,0.83,141.55,MQTT-DoS-Publish_Flood
466.25,6.0,64.0,8.747804863479592,8.747804863479592,0.0,0.31,0.19,0.14,0.27,0.71,0.0,0.0,1.48,1.74,0.35,5.57,0.0,0.0,0.0,0.0,0.0,0.0,0.0,1.0,0.0,0.0,0.0,0.0,0.0,1.0,1.0,723.76,62.28,77.0,68.54618506433366,5.866797911779013,69.5,84667018.14477926,9.5,11.695686987205583,8.274997979061087,39.153797366199285,0.91,141.55,MQTT-DDoS-Connect_Flood
5265.78,6.0,64.0,130.76771639377174,130.76771639377174,0.0,0.0,0.0,0.0,0.54,1.0,0.0,0.0,0.0,0.04,0.0,19.76,0.0,0.0,0.0,0.0,0.0,0.0,0.0,1.0,0.0,0.0,0.0,0.0,0.0,1.0,1.0,2492.89,88.13,591.67,222.9892038577178,156.295926621938,261.73,84666980.67737469,9.5,19.56325735853085,219.7677898311995,54040.73825801784,0.68,141.55,MQTT-DDoS-Publish_Flood
147.5,6.0,64.0,473.1571196182467,473.1571196182467,0.0,0.17,0.26,0.04,0.17,0.79,0.0,0.0,0.32,0.36,0.05,1.8,0.0,0.0,0.0,0.0,0.0,0.0,0.0,1.0,0.0,0.0,0.0,0.0,0.0,1.0,1.0,733.4,62.52,78.68,69.75950087184918,5.365925655022654,70.07,84667024.00848575,9.5,11.80975014626533,7.596562586926625,34.56533742582618,0.91,141.55,MQTT-DDoS-Connect_Flood
136395.5,6.0,64.0,1.0547953285493368,1.0547953285493368,0.0,0.0,0.0,0.0,0.5,1.0,0.0,0.0,0.0,0.0,0.0,1816.7,0.0,0.0,0.0,0.0,0.0,0.0,0.0,1.0,0.0,0.0,0.0,0.0,0.0,1.0,1.0,1180.7,66.0,110.0,76.1693528143683,12.40504667225947,76.1,169462044.99792188,13.5,12.336429077644112,17.522994345970385,153.7180027595231,1.0,244.6,Benign
459.92,6.0,64.0,7.265534219423572,7.265534219423572,0.0,0.23,0.24,0.09,0.25,0.75,0.0,0.0,1.24,2.01,0.26,5.34,0.0,0.0,0.0,0.0,0.0,0.0,0.0,1.0,0.0,0.0,0.0,0.0,0.0,1.0,1.0,743.78,64.06,81.15,70.86019219823862,6.584398462383554,71.01,84667023.38798517,9.5,11.89405980944928,9.283425548504937,47.850667470939335,0.92,141.55,MQTT-DDoS-Connect_Flood
293.79,6.0,64.0,11.919497218022066,11.919497218022066,0.0,0.27,0.11,0.13,0.35,0.77,0.0,0.0,0.75,1.14,0.2,3.38,0.0,0.0,0.0,0.0,0.0,0.0,0.0,1.0,0.0,0.0,0.0,0.0,0.0,1.0,1.0,710.56,62.0,75.87,67.48060687025394,5.137267027270315,67.98,84667043.76042259,9.5,11.613723418237614,7.274889020193187,40.21867380499987,0.9,141.55,MQTT-DDoS-Connect_Flood
1412749.0,6.0,55.0,3357.979298907749,3357.979298907749,0.0,0.0,0.0,0.0,0.0,1.0,0.0,0.0,0.0,0.0,0.0,944.5,0.0,1.0,0.0,0.0,0.0,0.0,0.0,1.0,0.0,0.0,0.0,0.0,0.0,1.0,1.0,8327.0,1514.0,1514.0,1514.0,0.0,1514.0,0.0001263856887817,5.5,55.02726596879042,0.0,0.0,0.0,38.5,Benign
261.75,6.0,64.0,13.981307701311543,13.981307701311543,0.0,0.22,0.16,0.12,0.2,0.85,0.0,0.0,0.65,0.9,0.19,3.31,0.0,0.0,0.0,0.0,0.0,0.0,0.0,1.0,0.0,0.0,0.0,0.0,0.0,1.0,1.0,712.0,60.84,78.17,67.77492839985953,5.299871289409652,67.63,84667026.06117839,9.5,11.639931583779704,7.48909757980389,36.151551544996735,0.88,141.55,MQTT-DDoS-Connect_Flood
133690.5,6.4,80.1,0.903963821050041,0.903963821050041,0.0,0.0,0.0,0.0,0.2,0.5,0.0,0.0,0.0,0.0,0.0,1467.1,0.0,0.1,0.0,0.0,0.0,0.0,0.0,0.5,0.2,0.0,0.3,0.0,0.0,0.7,0.7,1358.7,52.8,192.0,86.46718762446704,37.0076643296695,113.5,169467239.70349872,13.5,13.15086830924319,52.48617902532503,1682.8560442465794,1.0,244.6,Benign
493.37,6.11,64.0,20.850164750232,20.850164750232,0.0,0.09,0.28,0.1,0.34,0.8,0.0,0.0,0.25,2.32,0.55,5.32,0.0,0.0,0.0,0.0,0.0,0.0,0.0,0.99,0.01,0.0,0.0,0.0,0.0,1.0,1.0,780.47,66.54,96.6,73.78329867178745,9.333164811436705,73.92,84662376.04180422,9.5,12.141144102114463,13.215397775204725,216.2224025174016,0.93,141.55,MQTT-DoS-Connect_Flood
454.5,6.0,64.0,10.339349362101592,10.339349362101592,0.0,0.11,0.16,0.2,0.14,0.77,0.0,0.0,1.14,1.95,0.55,5.12,0.0,0.0,0.0,0.0,0.0,0.0,0.0,1.0,0.0,0.0,0.0,0.0,0.0,1.0,1.0,693.21,58.54,76.27,66.35083799593939,6.068389068062867,66.47,84667025.77624308,9.5,11.51162685537207,8.587576205135855,46.63346960503295,0.93,141.55,MQTT-DDoS-Connect_Flood
357111.3,6.0,64.0,2.8393724861140406,2.8393724861140406,0.0,0.0,0.0,0.0,0.5,1.0,0.0,0.0,0.0,0.8,0.0,3881.5,0.0,0.0,0.0,0.0,0.0,0.0,0.0,1.0,0.0,0.0,0.0,0.0,0.0,1.0,1.0,2317.1,54.0,932.0,151.84038263035552,214.84511711838783,92.2,169461800.7398658,13.5,17.432058203695295,304.4440463014239,46637.59823795659,1.0,244.6,Benign
412.45,6.0,64.0,18481.736065476947,18481.736065476947,0.0,0.1,0.1,0.4,0.21,0.5,0.0,0.0,1.07,1.29,0.73,4.46,0.0,0.0,0.0,0.0,0.0,0.0,0.0,1.0,0.0,0.0,0.0,0.0,0.0,1.0,1.0,711.44,57.82,88.83,68.3143236485307,10.267855329583346,66.42,84667017.75986965,9.5,11.673835478232398,14.522037450337216,120.21275368243909,0.95,141.55,MQTT-DDoS-Connect_Flood
378.39,6.0,64.0,12.000678654720156,12.000678654720156,0.0,0.19,0.17,0.24,0.23,0.75,0.0,0.0,0.88,1.4,0.41,4.47,0.0,0.0,0.0,0.0,0.0,0.0,0.0,1.0,0.0,0.0,0.0,0.0,0.0,1.0,1.0,702.74,61.88,75.8,66.48627115024638,5.229504516604009,67.63,84667018.59509987,9.5,11.520972239411735,7.374890728752824,36.49906762305719,0.87,141.55,MQTT-DDoS-Connect_Flood
476925.2,6.0,64.0,1.5137887124646,1.5137887124646,0.0,0.0,0.0,0.0,0.5,1.0,0.0,0.0,0.0,0.0,0.0,5805.5,0.0,0.0,0.0,0.0,0.0,0.0,0.0,1.0,0.0,0.0,0.0,0.0,0.0,1.0,1.0,1219.4,66.0,110.8,78.66728162016861,14.465764675259134,81.0,169464882.5141556,13.5,12.54824852879555,20.46973844440391,210.07871231804333,1.0,244.6,Benign
84886.72,6.0,64.0,38.729794755507214,38.729794755507214,0.0,0.0,0.01,0.13,0.47,0.86,0.0,0.0,0.69,0.57,11.71,95.36,0.0,0.0,0.0,0.0,0.0,0.0,0.0,1.0,0.0,0.0,0.0,0.0,0.0,1.0,1.0,10300.96,388.66,1451.59,995.9468732046678,432.3750990431173,969.37,84666973.48932882,9.5,43.92853730363362,611.5878801890409,217702.0580488349,0.94,141.55,MQTT-DDoS-Publish_Flood
206079.8,6.0,64.0,1.5139053555044062,1.5139053555044062,0.0,0.0,0.0,0.0,0.5,1.0,0.0,0.0,0.0,0.0,0.0,2561.3,0.0,0.0,0.0,0.0,0.0,0.0,0.0,1.0,0.0,0.0,0.0,0.0,0.0,1.0,1.0,1216.2,66.0,111.0,78.47215339012553,15.102030297674151,78.6,169467172.4278654,13.5,12.5247562669589,21.3976878211539,229.4427408256533,1.0,244.6,Benign
8600.01,6.0,64.0,128.43891521899545,128.43891521899545,0.0,0.0,0.0,0.0,0.46,1.0,0.0,0.0,0.0,0.0,0.0,17.12,0.0,0.0,0.0,0.0,0.0,0.0,0.0,1.0,0.0,0.0,0.0,0.0,0.0,1.0,1.0,5562.76,195.9,910.22,531.0398160266806,262.05700094246663,547.78,84666478.74475308,9.5,29.09272781911242,370.84141485776286,120697.20736758511,0.61,141.55,MQTT-DoS-Publish_Flood
136983.0,6.0,64.0,1.461600467266254,1.461600467266254,0.0,0.0,0.0,0.0,0.5,1.0,0.0,0.0,0.0,0.0,0.0,1740.7,0.0,0.0,0.0,0.0,0.0,0.0,0.0,1.0,0.0,0.0,0.0,0.0,0.0,1.0,1.0,1377.4,66.0,217.0,89.22663746126595,36.7973778953175,78.1,169466500.52434582,13.5,13.365823521345437,52.11385844452309,1364.384066829222,1.0,244.6,Benign
493.97,6.0,64.0,9.26551929843977,9.26551929843977,0.0,0.15,0.25,0.26,0.19,0.6,0.0,0.0,1.29,1.99,0.58,5.63,0.0,0.0,0.0,0.0,0.0,0.0,0.0,1.0,0.0,0.0,0.0,0.0,0.0,1.0,1.0,717.78,59.8,79.67,68.72125909414804,7.106362498525633,67.41,84667022.81854278,9.5,11.714186242949031,10.042252151033786,61.09558966556461,0.93,141.55,MQTT-DDoS-Connect_Flood
526.97,6.0,64.0,8.677738081329998,8.677738081329998,0.0,0.15,0.19,0.44,0.09,0.5,0.0,0.0,1.47,1.97,0.95,5.84,0.0,0.0,0.0,0.0,0.0,0.0,0.0,1.0,0.0,0.0,0.0,0.0,0.0,1.0,1.0,665.79,54.92,75.43,63.03561636170846,7.206693926094955,63.63,84667018.63393326,9.5,11.220156588221348,10.197474250964651,61.79668455444175,0.89,141.55,MQTT-DDoS-Connect_Flood
62426.8,3.6,44.3,1.5272006897701158,1.5272006897701158,0.0,0.0,0.0,0.0,0.3,0.6,0.0,0.0,0.0,0.0,0.0,831.7,0.0,0.1,0.0,0.0,0.0,0.0,0.0,0.6,0.0,0.0,0.4,0.0,0.0,0.6,0.6,342.8,42.0,72.9,58.47075396825396,9.87495429191912,67.8,0.0915646791458129,5.5,10.789153028254304,13.965294287446422,113.87363717246156,0.9,38.5,Benign
39634.99,6.0,64.0,93.46239752458692,93.46239752458692,0.0,0.0,0.0,0.0,0.41,1.0,0.0,0.0,0.0,0.0,0.0,159.8,0.0,0.0,0.0,0.0,0.0,0.0,0.0,1.0,0.0,0.0,0.0,0.0,0.0,1.0,1.0,5270.18,160.55,702.05,470.1330595024171,187.54357522503585,532.36,84666483.25198728,9.5,26.29079526911633,264.28313396915405,72629.32874287335,0.5,141.55,MQTT-DoS-Publish_Flood
615.05,6.0,64.0,8.872723824780245,8.872723824780245,0.0,0.05,0.16,0.15,0.34,0.79,0.0,0.0,0.42,2.42,0.68,7.01,0.0,0.0,0.0,0.0,0.0,0.0,0.0,1.0,0.0,0.0,0.0,0.0,0.0,1.0,1.0,747.41,64.84,81.21,71.94690730391041,5.949253541882471,70.49,84662376.43413669,9.5,11.9912758897662,8.415895835194958,42.161792175816096,0.9,141.55,MQTT-DoS-Connect_Flood
623.14,6.0,64.0,5.427350027627651,5.427350027627651,0.0,0.14,0.1,0.42,0.07,0.53,0.0,0.0,2.16,2.55,1.04,6.78,0.0,0.0,0.0,0.0,0.0,0.0,0.0,1.0,0.0,0.0,0.0,0.0,0.0,1.0,1.0,649.87,56.36,71.59,61.61109059597952,4.818769122177796,62.54,84667042.17156295,9.5,11.089170046345693,6.79834326546463,32.206364261465815,0.8,141.55,MQTT-DDoS-Connect_Flood
326382.6,9.3,89.5,1.469949545171802,1.469949545171802,0.0,0.0,0.0,0.0,0.3,0.7,0.0,0.0,0.0,0.0,0.0,3848.2,0.0,0.0,0.0,0.0,0.0,0.0,0.0,0.7,0.3,0.0,0.0,0.0,0.0,1.0,1.0,628.3,66.0,192.4,100.00400793650792,46.3194870117069,131.9,0.0998162984848022,5.5,13.987903158610402,65.50564673412032,3771.132692539053,0.9,38.5,Benign
482.16,6.0,64.0,10.45149843432441,10.45149843432441,0.0,0.11,0.12,0.51,0.17,0.4,0.0,0.0,1.44,1.62,0.88,5.43,0.0,0.0,0.0,0.0,0.0,0.0,0.0,1.0,0.0,0.0,0.0,0.0,0.0,1.0,1.0,661.24,55.28,76.17,62.435679957684215,7.383828240934614,63.17,84667024.93530457,9.5,11.164106063394122,10.425977098240772,70.25395370888769,0.87,141.55,MQTT-DDoS-Connect_Flood
605.95,6.0,64.0,8.87934530699731,8.87934530699731,0.0,0.17,0.17,0.39,0.1,0.52,0.0,0.0,1.83,1.97,1.32,6.72,0.0,0.0,0.0,0.0,0.0,0.0,0.0,1.0,0.0,0.0,0.0,0.0,0.0,1.0,1.0,666.63,54.56,77.67,63.28123114316885,8.16058204093369,63.81,84667023.6453831,9.5,11.247331535363776,11.54493435720558,73.40756758352983,0.95,141.55,MQTT-DDoS-Connect_Flood
4201904.4,6.0,119.2,68.26219962688256,68.26219962688256,0.0,0.0,0.0,0.0,0.3,1.0,0.0,0.0,0.0,0.0,0.0,4355.9,0.0,0.8,0.0,0.0,0.0,0.0,0.0,1.0,0.0,0.0,0.0,0.0,0.0,1.0,1.0,5052.6,601.2,1494.0,1087.0097222222223,379.06284568627177,625.7,0.0235293865203857,5.5,46.07265149455891,536.0758173612652,212285.31237753527,0.7,38.5,Benign
52503.09,6.0,64.0,130.14203459137713,130.14203459137713,0.0,0.0,0.0,0.0,0.0,1.0,0.0,0.0,0.0,0.0,0.0,174.52,0.0,0.0,0.0,0.0,0.0,0.0,0.0,1.0,0.0,0.0,0.0,0.0,0.0,1.0,1.0,693.0,66.0,66.0,66.0,0.0,66.0,84666478.68872583,9.5,11.48912529307606,0.0,0.0,0.0,141.55,MQTT-DoS-Publish_Flood
597.95,6.0,64.0,11.266332776804836,11.266332776804836,0.0,0.13,0.11,0.41,0.12,0.48,0.0,0.0,1.71,2.12,0.94,6.69,0.0,0.0,0.0,0.0,0.0,0.0,0.0,1.0,0.0,0.0,0.0,0.0,0.0,1.0,1.0,670.18,58.04,77.28,63.927978137531554,6.8191752787275925,63.99,84667040.94126824,9.5,11.297891426321598,9.638099633861437,54.99914888229994,0.89,141.55,MQTT-DDoS-Connect_Flood
293.19,6.0,64.0,103.48203498400628,103.48203498400628,0.0,0.0,0.32,0.14,0.18,0.8,0.0,0.0,0.0,1.61,0.17,3.1,0.0,0.0,0.0,0.0,0.0,0.0,0.0,1.0,0.0,0.0,0.0,0.0,0.0,1.0,1.0,742.78,66.97,77.93,70.98415902892256,4.071299872461522,70.54,84662362.99304783,9.5,11.912400150768867,5.752207775659486,19.37612214304816,0.9,141.55,MQTT-DoS-Connect_Flood
199468.1,7.1,64.0,1.3985394468257684,1.3985394468257684,0.0,0.0,0.0,0.0,0.5,0.9,0.0,0.0,0.0,0.0,0.0,2623.7,0.0,0.0,0.0,0.0,0.0,0.0,0.0,0.9,0.1,0.0,0.0,0.0,0.0,1.0,1.0,1864.8,66.0,643.0,117.236696183933,135.40884971248065,162.3,169468873.63905948,13.5,15.251626324410504,192.150399049906,24651.8975754036,1.0,244.6,Benign
10244.1,8.2,58.0,1.1680032111986258,1.1680032111986258,0.0,0.0,0.0,0.0,0.4,0.8,0.0,0.0,0.0,0.0,0.0,114.4,0.0,0.0,0.0,0.0,0.0,0.0,0.0,0.8,0.2,0.0,0.0,0.0,0.0,1.0,1.0,616.5,68.2,261.4,98.76174603174604,60.70376039398379,174.7,0.0284266948699951,5.5,13.842479231889511,85.8480812362186,13782.721932476696,0.9,38.5,Benign
290.41,6.0,64.0,10.780504454583262,10.780504454583262,0.0,0.03,0.35,0.1,0.07,0.87,0.0,0.0,0.58,1.39,0.23,3.44,0.0,0.0,0.0,0.0,0.0,0.0,0.0,1.0,0.0,0.0,0.0,0.0,0.0,1.0,1.0,731.74,64.44,76.83,69.90831316069551,4.812098760272008,69.25,84667028.82886755,9.5,11.82148476208506,6.800744995876389,29.855754228626207,0.91,141.55,MQTT-DDoS-Connect_Flood
2893809.8,17.0,64.0,48.24293388848197,48.24293388848197,0.0,0.0,0.0,0.0,0.0,0.0,0.0,0.0,0.0,0.0,0.0,0.0,0.0,0.0,0.0,0.0,0.0,0.0,0.0,0.0,1.0,0.0,0.0,0.0,0.0,1.0,1.0,3575.8,66.0,938.8,227.2753994603608,287.9401099413115,372.4,169461606.8431307,13.5,21.325176476923016,408.0429161729714,83819.60899533494,1.0,244.6,Benign
346.91,6.0,64.0,10.052038376167658,10.052038376167658,0.0,0.29,0.14,0.0,0.33,1.0,0.0,0.0,0.72,1.82,0.26,3.95,0.0,0.0,0.0,0.0,0.0,0.0,0.0,1.0,0.0,0.0,0.0,0.0,0.0,1.0,1.0,720.39,66.2,73.56,68.68094348556501,2.8641823383032072,68.7,84667038.64790337,9.5,11.71932571026726,4.051976422828254,10.694278208996112,0.88,141.55,MQTT-DDoS-Connect_Flood
51710.8,6.0,64.0,1.0038218218654,1.0038218218654,0.0,0.0,0.0,0.0,1.0,1.0,0.0,0.0,0.0,0.0,0.0,644.0,0.0,0.0,0.0,0.0,0.0,0.0,0.0,1.0,0.0,0.0,0.0,0.0,0.0,1.0,1.0,517.0,82.1,114.8,95.1695238095238,12.840127296167696,92.4,0.0001347064971923,5.5,13.791256300145552,18.158682164837334,184.1543310657597,0.9,38.5,Benign
259592.7,6.0,63.1,1.835991714836184,1.835991714836184,0.0,0.1,0.0,0.0,0.6,1.0,0.0,0.0,0.3,0.1,0.0,3241.6,0.0,0.1,0.0,0.0,0.0,0.0,0.0,1.0,0.0,0.0,0.0,0.0,0.0,1.0,1.0,1217.3,66.0,104.5,78.4537819778261,12.335037841254582,83.0,169463711.0081209,13.5,12.512955133090989,17.215052290629963,149.63294438954904,1.0,244.6,Benign
197875.2,6.0,64.0,1.0533765193734013,1.0533765193734013,0.0,0.0,0.0,0.0,0.5,1.0,0.0,0.0,0.0,0.0,0.0,2635.1,0.0,0.0,0.0,0.0,0.0,0.0,0.0,1.0,0.0,0.0,0.0,0.0,0.0,1.0,1.0,1179.0,66.0,110.0,76.06071508384977,12.33975051806385,76.0,169464749.0171041,13.5,12.327576498895445,17.42919335059313,152.08749998982185,1.0,244.6,Benign
110851.2,6.0,64.0,1.595819893543171,1.595819893543171,0.0,0.0,0.0,0.0,0.5,1.0,0.0,0.0,0.0,0.0,0.0,1412.1,0.0,0.0,0.0,0.0,0.0,0.0,0.0,1.0,0.0,0.0,0.0,0.0,0.0,1.0,1.0,434.6,66.0,105.6,78.88861111111112,15.410107734375044,78.2,9.01937484741211e-05,5.5,12.553866748701424,21.793183355583714,270.020962191358,0.9,38.5,Benign
5489007.0,6.0,56.0,8119.723820271635,8119.723820271635,0.0,0.0,0.0,0.0,0.2,1.0,0.0,0.0,0.0,0.0,0.0,3625.5,1.0,0.0,0.0,0.0,0.0,0.0,0.0,1.0,0.0,0.0,0.0,0.0,0.0,1.0,1.0,8327.0,1514.0,1514.0,1514.0,0.0,1514.0,0.0001197814941406,5.5,55.02726596879042,0.0,0.0,0.0,38.5,Benign
4235548.0,6.0,248.0,96.3125440015048,96.3125440015048,0.0,0.0,0.0,0.0,0.0,1.0,0.0,0.0,0.0,2.0,0.0,4226.5,0.0,1.0,0.0,0.0,0.0,0.0,0.0,1.0,0.0,0.0,0.0,0.0,0.0,1.0,1.0,363.0,66.0,66.0,66.0,0.0,66.0,0.0023740053176879,5.5,11.489125293076055,0.0,0.0,0.0,38.5,Benign
322.32,6.0,64.0,68.07286989651085,68.07286989651085,0.0,0.04,0.2,0.12,0.27,0.8,0.0,0.0,0.16,1.64,0.31,3.4,0.0,0.0,0.0,0.0,0.0,0.0,0.0,1.0,0.0,0.0,0.0,0.0,0.0,1.0,1.0,743.15,60.96,89.48,71.08771187730399,8.334852471189985,71.29,84662360.553805,9.5,11.92006081473412,11.805066010122202,120.08796614635789,0.9,141.55,MQTT-DoS-Connect_Flood
63334.6,7.1,62.4,1.182166713042901,1.182166713042901,0.0,0.0,0.0,0.0,0.4,0.9,0.0,0.0,0.0,0.1,0.0,760.6,0.0,0.0,0.0,0.0,0.0,0.0,0.0,0.9,0.1,0.0,0.0,0.0,0.0,1.0,1.0,497.8,66.9,152.2,91.22876984126984,28.02967387053421,90.2,0.0999345064163208,5.5,13.493473555908352,39.63994493660426,1053.936824814185,0.9,38.5,Benign
365.67,6.0,64.0,9.72216784472091,9.72216784472091,0.0,0.18,0.29,0.13,0.16,0.87,0.0,0.0,0.89,1.57,0.52,4.33,0.0,0.0,0.0,0.0,0.0,0.0,0.0,1.0,0.0,0.0,0.0,0.0,0.0,1.0,1.0,709.38,62.0,73.25,67.39181256888108,4.495484435607759,67.91,84667040.79356378,9.5,11.606275721293978,6.35335707571536,28.3322331923288,0.87,141.55,MQTT-DDoS-Connect_Flood
147097.0,7.1,64.0,1.3234139353214014,1.3234139353214014,0.0,0.0,0.0,0.0,0.4,0.9,0.0,0.0,0.0,0.0,0.0,1752.2,0.0,0.0,0.0,0.0,0.0,0.0,0.0,0.9,0.1,0.0,0.0,0.0,0.0,1.0,1.0,539.0,66.0,188.4,90.41055555555556,42.05026009284601,165.8,0.0386925935745239,5.5,13.339961792134952,59.46804812461895,6862.13605511464,0.9,38.5,Benign
1558444.6,6.0,56.6,1366.3587183938785,1366.3587183938785,0.0,0.0,0.0,0.0,0.4,1.0,0.0,0.0,0.0,0.0,0.0,1622.1,1.0,0.0,0.0,0.0,0.0,0.0,0.0,1.0,0.0,0.0,0.0,0.0,0.0,1.0,1.0,23467.0,1514.0,1514.0,1514.0,0.0,1514.0,169461592.8126854,13.5,55.02726596879042,0.0,0.0,0.0,244.6,Benign
30160.67,6.0,64.0,131.04370216230512,131.04370216230512,0.0,0.0,0.0,0.0,0.95,1.0,0.0,0.0,0.0,0.0,0.0,54.21,0.0,0.0,0.0,0.0,0.0,0.0,0.0,1.0,0.0,0.0,0.0,0.0,0.0,1.0,1.0,1767.74,158.65,175.0,169.53290617015423,7.590520258124132,169.55,84666479.53747422,9.5,18.397023609593727,10.7459230515541,386.683079343162,0.15,141.55,MQTT-DoS-Publish_Flood
73736.0,6.5,76.7,0.7806941734763069,0.7806941734763069,0.0,0.0,0.0,0.0,0.4,0.8,0.0,0.0,0.0,0.0,0.0,897.6,0.0,0.0,0.0,0.0,0.0,0.0,0.0,0.8,0.1,0.0,0.1,0.0,0.0,0.9,0.9,1259.0,63.6,138.0,80.95776415491972,20.37450924360871,90.0,169464034.5469485,13.5,12.740055645786072,28.78223834664495,511.05443003895806,1.0,244.6,Benign
14354.8,7.1,83.1,1.8586179531899816,1.8586179531899816,0.0,0.0,0.0,0.0,0.5,0.9,0.0,0.0,0.0,0.0,0.0,181.1,0.0,0.0,0.0,0.0,0.0,0.0,0.0,0.9,0.1,0.0,0.0,0.0,0.0,1.0,1.0,523.6,67.9,181.6,91.60936507936506,38.305488163310585,95.9,0.1001772165298462,5.5,13.50764977218112,54.17214087387589,2151.9817975560595,0.9,38.5,Benign
291.56,6.0,64.0,9.751398270603662,9.751398270603662,0.0,0.19,0.18,0.1,0.24,0.83,0.0,0.0,0.65,1.29,0.25,3.57,0.0,0.0,0.0,0.0,0.0,0.0,0.0,1.0,0.0,0.0,0.0,0.0,0.0,1.0,1.0,713.0,58.36,76.05,67.65541291122018,5.245833361090603,67.84,84667018.95380631,9.5,11.626819737259618,7.42858346680351,34.04845600570789,0.89,141.55,MQTT-DDoS-Connect_Flood
50454.8,8.2,83.1,1.660709128663654,1.660709128663654,0.0,0.0,0.0,0.0,0.4,0.8,0.0,0.0,0.0,0.0,0.0,586.8,0.0,0.0,0.0,0.0,0.0,0.0,0.0,0.8,0.2,0.0,0.0,0.0,0.0,1.0,1.0,1433.9,66.0,288.7,89.68968457883706,52.83994599245351,180.5,169470739.91018638,13.5,13.331084844938635,75.37699576653695,7767.918962508222,1.0,244.6,Benign
265.3,6.0,64.0,11.8192837618323,11.8192837618323,0.0,0.39,0.19,0.0,0.2,1.0,0.0,0.0,0.67,1.47,0.02,3.11,0.0,0.0,0.0,0.0,0.0,0.0,0.0,1.0,0.0,0.0,0.0,0.0,0.0,1.0,1.0,714.6,66.16,72.08,67.92407192807194,2.370372568387928,68.32,84667027.79850312,9.5,11.655294802468012,3.354715176639932,6.884645131610825,0.88,141.55,MQTT-DDoS-Connect_Flood
362.3,6.0,64.0,16.01250018802885,16.01250018802885,0.0,0.19,0.23,0.19,0.18,0.6,0.0,0.0,1.1,1.03,0.34,4.19,0.0,0.0,0.0,0.0,0.0,0.0,0.0,1.0,0.0,0.0,0.0,0.0,0.0,1.0,1.0,716.72,59.46,78.19,67.99900173738371,6.903036523724125,68.55,84667049.78485057,9.5,11.650901920520136,9.763093804062386,57.28664728535013,0.92,141.55,MQTT-DDoS-Connect_Flood
491.05,6.0,64.0,52.63536332502456,52.63536332502456,0.0,0.05,0.23,0.1,0.26,0.86,0.0,0.0,0.26,2.32,0.59,5.38,0.0,0.0,0.0,0.0,0.0,0.0,0.0,1.0,0.0,0.0,0.0,0.0,0.0,1.0,1.0,736.17,63.2,77.25,70.19743112095162,4.996183376470729,69.93,84662368.82529324,9.5,11.84670186557309,7.069141588930209,33.00235775552336,0.87,141.55,MQTT-DoS-Connect_Flood
261521.2,6.0,64.0,1.407790982404432,1.407790982404432,0.0,0.0,0.0,0.0,0.5,1.0,0.0,0.0,0.0,0.0,0.0,3178.3,0.0,0.0,0.0,0.0,0.0,0.0,0.0,1.0,0.0,0.0,0.0,0.0,0.0,1.0,1.0,433.2,67.8,94.8,78.47178571428572,10.883857141266075,80.4,0.0001149177551269,5.5,12.525469618301614,15.392098380109749,143.92068239795918,0.9,38.5,Benign
541.99,6.0,64.0,11.289244997702305,11.289244997702305,0.0,0.23,0.12,0.13,0.26,0.75,0.0,0.0,1.58,1.89,0.51,6.31,0.0,0.0,0.0,0.0,0.0,0.0,0.0,1.0,0.0,0.0,0.0,0.0,0.0,1.0,1.0,732.75,62.72,80.75,69.68052994631786,7.187420010813456,69.76,84667048.04246339,9.5,11.795329522216509,10.163534307841667,59.0408777487857,0.91,141.55,MQTT-DDoS-Connect_Flood
18959.9,6.0,64.0,94.44986746950924,94.44986746950924,0.0,0.0,0.0,0.0,0.21,1.0,0.0,0.0,0.0,0.0,0.0,83.63,0.0,0.0,0.0,0.0,0.0,0.0,0.0,1.0,0.0,0.0,0.0,0.0,0.0,1.0,1.0,1653.74,72.54,435.8,146.28731092290923,105.6702848978142,169.86,84666483.21053666,9.5,16.206686306978714,149.6883650594067,28544.970069714123,0.49,141.55,MQTT-DoS-Publish_Flood
6062.2,7.1,64.0,1.849300529454372,1.849300529454372,0.0,0.0,0.0,0.0,0.8,0.9,0.0,0.0,0.0,0.0,0.0,63.6,0.0,0.0,0.0,0.0,0.0,0.0,0.0,0.9,0.1,0.0,0.0,0.0,0.0,1.0,1.0,1444.5,54.0,255.0,93.23555410619652,57.29209548331104,101.4,169323401.601958,13.5,13.665347289963387,81.1570022247266,3319.391312841051,1.0,244.6,MQTT-Malformed_Data
389.1,6.0,64.0,11.169467010661222,11.169467010661222,0.0,0.25,0.44,0.0,0.18,0.68,0.0,0.0,1.02,1.75,0.29,4.68,0.0,0.0,0.0,0.0,0.0,0.0,0.0,1.0,0.0,0.0,0.0,0.0,0.0,1.0,1.0,749.12,67.0,78.55,71.39777462196386,3.750209157374889,71.01,84667024.83628853,9.5,11.948025875283058,5.30412227465505,16.841296042508276,0.89,141.55,MQTT-DDoS-Connect_Flood
396.45,6.0,64.0,7.596078750155316,7.596078750155316,0.0,0.21,0.27,0.09,0.26,0.94,0.0,0.0,0.62,1.89,0.47,4.56,0.0,0.0,0.0,0.0,0.0,0.0,0.0,1.0,0.0,0.0,0.0,0.0,0.0,1.0,1.0,745.9,66.28,76.16,70.87312400409188,4.100593840653006,71.01,84667023.06923251,9.5,11.903463073121456,5.798184407162252,20.44736549331193,0.93,141.55,MQTT-DDoS-Connect_Flood
1801.9,7.0,84.5,1.6434104323422154,1.6434104323422154,0.0,0.0,0.0,0.0,0.3,0.6,0.0,0.0,0.0,0.0,0.0,9.5,0.0,0.0,0.0,0.0,0.0,0.0,0.0,0.6,0.2,0.0,0.2,0.0,0.0,0.8,0.8,642.9,70.8,266.0,140.1185714285714,79.40216275958372,94.1,0.0416466951370239,5.5,16.50639290107645,112.29161545635918,7064.834138321996,0.9,38.5,Benign
534.54,6.0,64.0,6.207200526356205,6.207200526356205,0.0,0.21,0.16,0.32,0.24,0.52,0.0,0.0,1.49,2.04,0.63,6.04,0.0,0.0,0.0,0.0,0.0,0.0,0.0,1.0,0.0,0.0,0.0,0.0,0.0,1.0,1.0,695.67,58.8,76.65,64.86049702108177,6.6207693857360255,67.41,84667031.33821529,9.5,11.369359447543582,9.36702094967916,57.88585772421952,0.84,141.55,MQTT-DDoS-Connect_Flood
41103.22,6.11,64.0,84.9545558834015,84.9545558834015,0.0,0.0,0.0,0.0,0.21,0.99,0.0,0.0,0.0,0.0,0.0,203.3,0.0,0.0,0.0,0.0,0.0,0.0,0.0,0.99,0.01,0.0,0.0,0.0,0.0,1.0,1.0,940.48,68.18,123.82,88.98375536091015,19.33469313286859,91.17,84666492.79133174,9.5,13.129711067237665,27.38066814922502,836.8016859695595,0.46,141.55,MQTT-DoS-Publish_Flood
40088.55,6.0,64.0,31.68547861170834,31.68547861170834,0.0,0.0,0.07,0.29,0.3,0.69,0.0,0.0,0.8,0.54,10.93,50.3,0.0,0.0,0.0,0.0,0.0,0.0,0.0,1.0,0.0,0.0,0.0,0.0,0.0,1.0,1.0,8770.7,483.64,1376.42,827.9841189940951,360.9531035311261,830.4,84666963.70307682,9.5,37.80391591609688,510.6409214117012,202239.83304017925,0.75,141.55,MQTT-DDoS-Publish_Flood
252.86,6.0,64.0,11.828554986976284,11.828554986976284,0.0,0.12,0.27,0.25,0.17,0.58,0.0,0.0,0.59,0.85,0.32,2.88,0.0,0.0,0.0,0.0,0.0,0.0,0.0,1.0,0.0,0.0,0.0,0.0,0.0,1.0,1.0,704.25,61.32,76.91,67.46414208108712,5.947696605030461,66.84,84667045.1796042,9.5,11.610382677564914,8.403149624526277,46.483829250650686,0.94,141.55,MQTT-DDoS-Connect_Flood
337065.7,7.1,64.0,1.8500036737111687,1.8500036737111687,0.0,0.0,0.0,0.0,0.5,0.9,0.0,0.0,0.0,0.0,0.0,4351.3,0.0,0.0,0.0,0.0,0.0,0.0,0.0,0.9,0.1,0.0,0.0,0.0,0.0,1.0,1.0,1284.1,66.0,151.6,82.42419622946713,22.82237453056923,90.1,169470143.84499168,13.5,12.83725746876368,32.395162231081706,605.6845953187451,1.0,244.6,Benign
25800.4,6.0,64.0,48.71613243586087,48.71613243586087,0.0,0.0,0.14,0.17,0.44,0.83,0.0,0.0,0.16,0.36,12.52,23.82,0.0,0.0,0.0,0.0,0.0,0.0,0.0,1.0,0.0,0.0,0.0,0.0,0.0,1.0,1.0,8648.82,264.86,1297.08,778.7893988455644,450.7248959199216,890.52,84666966.31829637,9.5,37.31284796682743,637.4145915546541,264685.48576224415,0.87,141.55,MQTT-DDoS-Publish_Flood
5815717.0,6.0,56.0,7706.453290642879,7706.453290642879,0.0,0.0,0.0,0.0,0.2,1.0,0.0,0.0,0.0,0.0,0.0,3844.5,1.0,0.0,0.0,0.0,0.0,0.0,0.0,1.0,0.0,0.0,0.0,0.0,0.0,1.0,1.0,8327.0,1514.0,1514.0,1514.0,0.0,1514.0,0.0001295089721679,5.5,55.02726596879042,0.0,0.0,0.0,38.5,Benign
290.35,6.0,64.0,249.4484810293,249.4484810293,0.0,0.13,0.17,0.22,0.24,0.69,0.0,0.0,0.72,0.85,0.32,3.37,0.0,0.0,0.0,0.0,0.0,0.0,0.0,1.0,0.0,0.0,0.0,0.0,0.0,1.0,1.0,705.29,58.84,77.81,67.1365384928539,6.555283341958968,67.71,84667045.56905118,9.5,11.578603643218402,9.271693211161011,55.40124847265887,0.88,141.55,MQTT-DDoS-Connect_Flood
2154.73,6.0,64.0,31215.04216533988,31215.04216533988,0.0,0.0,0.04,0.24,0.21,0.76,0.0,0.0,0.01,0.04,2.22,3.33,0.0,0.0,0.0,0.0,0.0,0.0,0.0,1.0,0.0,0.0,0.0,0.0,0.0,1.0,1.0,3215.57,60.48,615.84,272.8619558943379,232.6976549907752,373.76,84666974.28534275,9.5,19.980848255537747,328.83140942984625,141917.63283145917,0.68,141.55,MQTT-DDoS-Publish_Flood
330.89,6.0,64.0,8.097185014317242,8.097185014317242,0.0,0.24,0.28,0.08,0.19,0.91,0.0,0.0,0.74,1.52,0.55,3.82,0.0,0.0,0.0,0.0,0.0,0.0,0.0,1.0,0.0,0.0,0.0,0.0,0.0,1.0,1.0,712.28,64.56,73.48,68.16606222703166,3.574943872574138,68.29,84667043.91118252,9.5,11.67180453321044,5.053023236718932,17.953989031940615,0.89,141.55,MQTT-DDoS-Connect_Flood
361.45,6.0,64.0,10.00302229071132,10.00302229071132,0.0,0.31,0.14,0.09,0.26,0.91,0.0,0.0,0.75,1.73,0.47,4.13,0.0,0.0,0.0,0.0,0.0,0.0,0.0,1.0,0.0,0.0,0.0,0.0,0.0,1.0,1.0,695.96,63.6,70.52,65.82699661501209,2.844841863625493,67.08,84667027.02591479,9.5,11.46674765384186,4.02749895408588,12.908390365536413,0.82,141.55,MQTT-DDoS-Connect_Flood
283.65,6.0,64.0,39.388436324740745,39.388436324740745,0.0,0.28,0.1,0.0,0.4,1.0,0.0,0.0,0.49,1.24,0.22,3.64,0.0,0.0,0.0,0.0,0.0,0.0,0.0,1.0,0.0,0.0,0.0,0.0,0.0,1.0,1.0,720.08,66.32,72.56,68.579721294873,2.1986651725175146,68.52,84667029.54206751,9.5,11.71094406212841,3.1042658791421145,5.909934942300396,0.86,141.55,MQTT-DDoS-Connect_Flood
12885.4,7.1,80.1,21.78681560820095,21.78681560820095,0.0,0.0,0.0,0.0,0.5,0.9,0.0,0.0,0.0,1.0,0.0,116.0,0.0,0.5,0.0,0.0,0.0,0.0,0.0,0.9,0.1,0.0,0.0,0.0,0.0,1.0,1.0,5325.0,54.0,1474.0,351.6213701516062,503.99625984919874,113.1,169461625.6356785,13.5,26.51603367703052,713.9937007951149,256225.88412677145,1.0,244.6,Benign
96562.51,6.0,64.0,187.8501720061983,187.8501720061983,0.0,0.0,0.0,0.0,0.71,1.0,0.0,0.0,0.0,1.34,0.0,647.85,0.0,0.0,0.0,0.0,0.0,0.0,0.0,1.0,0.0,0.0,0.0,0.0,0.0,1.0,1.0,2205.92,136.85,292.72,215.2291185448109,62.16270468079567,197.89,84666980.62358631,9.5,20.50511920872152,87.92610705754156,5206.166090946248,0.82,141.55,MQTT-DDoS-Publish_Flood
185.46,6.0,64.0,5.343630021416832,5.343630021416832,0.0,0.24,0.56,0.0,0.13,0.96,0.0,0.0,0.42,1.11,0.04,2.15,0.0,0.0,0.0,0.0,0.0,0.0,0.0,1.0,0.0,0.0,0.0,0.0,0.0,1.0,1.0,749.48,67.28,74.8,71.45139715805351,2.9757399636641675,71.12,84667030.81918803,9.5,11.953643920789672,4.209982369305868,10.960838621427516,0.85,141.55,MQTT-DDoS-Connect_Flood
447.38,6.0,64.0,10.886883555500058,10.886883555500058,0.0,0.18,0.13,0.22,0.23,0.76,0.0,0.0,1.1,1.93,0.6,4.95,0.0,0.0,0.0,0.0,0.0,0.0,0.0,1.0,0.0,0.0,0.0,0.0,0.0,1.0,1.0,700.28,61.43,80.0,66.50730060870502,6.586534416494783,66.83,84667025.4338135,9.5,11.525385568197828,9.31953164812467,53.58198510486827,0.93,141.55,MQTT-DDoS-Connect_Flood
252580.6,7.1,57.1,1.6222438086928237,1.6222438086928237,0.0,0.0,0.0,0.0,0.5,0.9,0.0,0.0,0.0,0.0,0.0,3127.3,0.0,0.1,0.0,0.0,0.0,0.0,0.0,0.9,0.1,0.0,0.0,0.0,0.0,1.0,1.0,1433.5,66.0,216.1,91.98540080576458,45.08692784169695,110.2,169463392.7061727,13.5,13.548616902954702,63.90387766573549,2185.5340725557594,1.0,244.6,Benign
661.43,6.0,64.0,9.453437203688932,9.453437203688932,0.0,0.14,0.11,0.27,0.17,0.67,0.0,0.0,1.95,2.38,0.9,7.47,0.0,0.0,0.0,0.0,0.0,0.0,0.0,1.0,0.0,0.0,0.0,0.0,0.0,1.0,1.0,700.15,58.64,80.11,66.84266747803281,7.885584061189759,66.18,84667034.34475642,9.5,11.559225862990024,11.15791378654074,73.97742844793741,0.92,141.55,MQTT-DDoS-Connect_Flood
6045503.0,6.0,156.0,96.64819390791848,96.64819390791848,0.0,0.0,0.0,0.0,0.0,1.0,0.0,0.0,0.0,0.0,0.0,6136.5,0.0,1.0,0.0,0.0,0.0,0.0,0.0,1.0,0.0,0.0,0.0,0.0,0.0,1.0,1.0,21015.0,780.0,1494.0,1378.7118421052633,253.844757820399,780.0,169323404.6301446,13.5,52.56436348067376,353.875264073497,129222.85344529086,0.5,244.6,MQTT-Malformed_Data
439.28,6.0,64.0,8.515486893554435,8.515486893554435,0.0,0.04,0.21,0.07,0.22,0.92,0.0,0.0,0.97,2.06,0.36,5.02,0.0,0.0,0.0,0.0,0.0,0.0,0.0,1.0,0.0,0.0,0.0,0.0,0.0,1.0,1.0,730.61,64.52,75.71,69.88099625018084,4.261493942113967,69.37,84667049.89064735,9.5,11.818967711010574,6.031748605548406,30.27376423946261,0.83,141.55,MQTT-DDoS-Connect_Flood
513.04,6.11,65.91,70.65484665526539,70.65484665526539,0.0,0.13,0.14,0.19,0.16,0.69,0.0,0.0,0.92,2.0,0.79,5.25,0.0,0.0,0.0,0.0,0.0,0.0,0.0,0.99,0.01,0.0,0.0,0.0,0.0,1.0,1.0,716.61,59.96,80.96,68.62522264530277,6.55010810935897,68.97,84662373.73828852,9.5,11.70570505495948,8.802084659221327,49.676598324014265,0.88,141.55,MQTT-DoS-Connect_Flood
93214.0,8.2,51.4,2.0231120779112204,2.0231120779112204,0.0,0.0,0.0,0.0,0.4,0.8,0.0,0.0,0.0,0.0,0.0,1190.0,0.0,0.0,0.0,0.0,0.0,0.0,0.0,0.8,0.2,0.0,0.0,0.0,0.0,1.0,1.0,578.7,67.9,164.2,98.4675,39.30367727195888,106.2,0.0999577045440673,5.5,13.978078788892876,55.58379344913942,2260.69972718254,0.9,38.5,Benign
564.68,6.0,64.0,8.237416174408647,8.237416174408647,0.0,0.04,0.25,0.32,0.12,0.44,0.0,0.0,1.46,2.35,0.76,6.17,0.0,0.0,0.0,0.0,0.0,0.0,0.0,1.0,0.0,0.0,0.0,0.0,0.0,1.0,1.0,683.5,56.24,76.27,64.93372602414783,7.1070679722650825,66.27,84667033.62185587,9.5,11.386794728958876,10.053060035486366,57.802494514641054,0.93,141.55,MQTT-DDoS-Connect_Flood
93301.7,6.0,64.0,0.5525983454852497,0.5525983454852497,0.0,0.0,0.0,0.0,0.0,1.0,0.0,0.0,0.0,0.0,0.0,1161.6,0.0,0.0,0.0,0.0,0.0,0.0,0.0,1.0,0.0,0.0,0.0,0.0,0.0,1.0,1.0,1229.0,66.0,117.0,79.77669090541382,15.932634916848306,66.0,169468038.03765112,13.5,12.634078601535183,22.56117298846153,254.62976800247603,1.0,244.6,Benign
210.03,6.0,64.0,532.7622621256216,532.7622621256216,0.0,0.29,0.15,0.19,0.19,0.73,0.0,0.0,0.59,0.49,0.29,2.6,0.0,0.0,0.0,0.0,0.0,0.0,0.0,1.0,0.0,0.0,0.0,0.0,0.0,1.0,1.0,694.59,59.09,74.76,65.53223826607689,5.704876886095518,66.32,84667036.48620778,9.5,11.444606993576253,8.068281736381056,49.79760567128869,0.85,141.55,MQTT-DDoS-Connect_Flood
3559766.0,6.0,64.0,100.1143583198262,100.1143583198262,0.0,0.0,0.0,0.0,0.0,1.0,0.0,0.0,0.0,0.0,0.0,3592.5,0.0,1.0,0.0,0.0,0.0,0.0,0.0,1.0,0.0,0.0,0.0,0.0,0.0,1.0,1.0,8217.0,1494.0,1494.0,1494.0,0.0,1494.0,4.341602325439453e-05,5.5,54.6626014748658,0.0,0.0,0.0,38.5,MQTT-Malformed_Data
454113.6,6.0,64.0,2.0338073409153363,2.0338073409153363,0.0,0.0,0.0,0.0,0.5,1.0,0.0,0.0,0.0,0.0,0.0,5744.3,0.0,0.0,0.0,0.0,0.0,0.0,0.0,1.0,0.0,0.0,0.0,0.0,0.0,1.0,1.0,1206.2,66.0,111.0,77.74406106363537,13.897677971819528,80.6,169463463.0062129,13.5,12.456146954101945,19.46296471891572,189.8858354495677,1.0,244.6,Benign
27932.4,5.9,70.3,1.3396476146300809,1.3396476146300809,0.0,0.0,0.0,0.0,0.3,0.7,0.0,0.0,0.0,0.0,0.0,352.9,0.0,0.0,0.0,0.0,0.0,0.0,0.0,0.7,0.1,0.0,0.2,0.0,0.0,0.8,0.8,2124.6,61.2,930.0,138.7491465509035,212.42831637328047,86.6,169464526.4579082,13.5,16.67012446035396,301.020813289874,45605.54215661831,1.0,244.6,Benign
1436.11,6.0,64.0,157.26572685013153,157.26572685013153,0.0,0.0,0.0,0.0,0.32,1.0,0.0,0.0,0.0,0.0,0.0,7.87,0.0,0.0,0.0,0.0,0.0,0.0,0.0,1.0,0.0,0.0,0.0,0.0,0.0,1.0,1.0,2011.9,133.58,402.81,207.5251085132188,79.03442990590334,177.18,84666481.53316599,9.5,18.47625592074643,110.68428702348623,16484.827423885028,0.44,141.55,MQTT-DoS-Publish_Flood
478.12,6.0,64.0,9.490542866136304,9.490542866136304,0.0,0.1,0.15,0.19,0.19,0.78,0.0,0.0,1.09,1.91,0.66,5.56,0.0,0.0,0.0,0.0,0.0,0.0,0.0,1.0,0.0,0.0,0.0,0.0,0.0,1.0,1.0,698.96,59.12,76.69,66.18519314272758,5.337140486976913,67.17,84667049.05015054,9.5,11.499964643372168,7.52125256269754,39.1003891216536,0.88,141.55,MQTT-DDoS-Connect_Flood
36501.96,6.0,64.0,34.02736929318434,34.02736929318434,0.0,0.01,0.0,0.39,0.3,0.61,0.0,0.0,0.79,0.2,9.77,50.31,0.0,0.0,0.0,0.0,0.0,0.0,0.0,1.0,0.0,0.0,0.0,0.0,0.0,1.0,1.0,8260.11,327.07,1290.14,811.4733753912928,426.5229151070796,746.74,84666960.16490988,9.5,37.94126563088432,603.2976955358951,256672.5358397929,0.86,141.55,MQTT-DDoS-Publish_Flood
3210569.0,6.0,248.0,100.8263880771522,100.8263880771522,0.0,0.0,0.0,0.0,0.0,1.0,0.0,0.0,0.0,2.0,0.0,3212.5,0.0,1.0,0.0,0.0,0.0,0.0,0.0,1.0,0.0,0.0,0.0,0.0,0.0,1.0,1.0,1023.0,66.0,66.0,66.0,0.0,66.0,169462781.02546042,13.5,11.489125293076055,0.0,0.0,0.0,244.6,Benign
26231.42,6.0,64.0,20.16257976284552,20.16257976284552,0.0,0.0,0.01,0.29,0.29,0.71,0.0,0.0,0.6,1.61,8.99,36.16,0.0,0.0,0.0,0.0,0.0,0.0,0.0,1.0,0.0,0.0,0.0,0.0,0.0,1.0,1.0,8498.83,233.58,1353.02,864.6096194281724,473.8912789454291,729.17,84666974.57690614,9.5,39.50427007979521,670.6172872414082,287626.2837540572,0.91,141.55,MQTT-DDoS-Publish_Flood
283.08,6.0,64.0,57.346009845640026,57.346009845640026,0.0,0.16,0.25,0.22,0.19,0.74,0.0,0.0,0.71,1.04,0.43,3.17,0.0,0.0,0.0,0.0,0.0,0.0,0.0,1.0,0.0,0.0,0.0,0.0,0.0,1.0,1.0,719.19,61.72,79.37,69.19899233235805,5.86180704995984,67.12,84667038.59453042,9.5,11.757022437883304,8.28829024508897,41.66436775332701,0.94,141.55,MQTT-DDoS-Connect_Flood
265.55,6.0,64.0,52.70136073121009,52.70136073121009,0.0,0.16,0.32,0.15,0.34,0.72,0.0,0.0,0.2,1.38,0.21,2.79,0.0,0.0,0.0,0.0,0.0,0.0,0.0,1.0,0.0,0.0,0.0,0.0,0.0,1.0,1.0,774.4,67.22,81.49,73.70998060419113,5.5605547464461,73.8,84662361.65656723,9.5,12.137631099194154,7.856829563136225,35.50206175714041,0.9,141.55,MQTT-DoS-Connect_Flood
382.07,6.0,64.0,10.681003125027816,10.681003125027816,0.0,0.2,0.29,0.06,0.15,0.9,0.0,0.0,0.89,1.72,0.53,4.42,0.0,0.0,0.0,0.0,0.0,0.0,0.0,1.0,0.0,0.0,0.0,0.0,0.0,1.0,1.0,718.0,61.8,73.24,68.00535486615209,4.13557536920573,68.58,84667042.77370457,9.5,11.659378815649632,5.822632848333767,22.494215175058127,0.88,141.55,MQTT-DDoS-Connect_Flood
44636.1,6.0,64.0,0.84564489707978,0.84564489707978,0.0,0.0,0.0,0.0,1.0,1.0,0.0,0.0,0.0,0.0,0.0,572.8,0.0,0.0,0.0,0.0,0.0,0.0,0.0,1.0,0.0,0.0,0.0,0.0,0.0,1.0,1.0,481.9,80.0,107.6,87.73674603174604,10.391924018584302,88.9,0.0001543045043945,5.5,13.243818653459778,14.696399886232635,123.48476713277906,0.9,38.5,Benign
349568.7,6.0,63.5,1.5567411353021618,1.5567411353021618,0.0,0.0,0.0,0.0,0.5,1.0,0.0,0.0,0.0,0.1,0.0,4354.1,0.0,0.1,0.0,0.0,0.0,0.0,0.0,1.0,0.0,0.0,0.0,0.0,0.0,1.0,1.0,418.8,67.6,91.5,75.8140873015873,9.591584834970886,80.2,0.0998882055282592,5.5,12.310987100929037,13.56454935826793,112.3982033100277,0.9,38.5,Benign
415.47,6.0,64.0,9.59959837403789,9.59959837403789,0.0,0.17,0.37,0.26,0.11,0.46,0.0,0.0,1.06,1.71,0.47,4.68,0.0,0.0,0.0,0.0,0.0,0.0,0.0,1.0,0.0,0.0,0.0,0.0,0.0,1.0,1.0,711.52,60.88,75.7,67.49412398549163,5.556593939130455,68.76,84667028.85101156,9.5,11.609592810231762,7.856705965169243,40.62990601121741,0.83,141.55,MQTT-DDoS-Connect_Flood
1211807.0,17.0,60.0,620.2464609047755,620.2464609047755,0.0,0.0,0.0,0.0,0.0,0.0,0.0,0.0,0.0,0.0,0.0,0.0,0.0,0.0,0.0,0.0,0.0,0.0,0.0,0.0,1.0,0.0,0.0,0.0,0.0,1.0,1.0,7106.0,1292.0,1292.0,1292.0,0.0,1292.0,0.0009507894515991,5.5,50.83306010855534,0.0,0.0,0.0,38.5,Benign
9684.8,6.0,64.0,195.2319575168941,195.2319575168941,0.0,0.0,0.0,0.0,0.96,1.0,0.0,0.0,0.0,0.0,0.0,54.09,0.0,0.0,0.0,0.0,0.0,0.0,0.0,1.0,0.0,0.0,0.0,0.0,0.0,1.0,1.0,5365.84,205.21,942.03,501.74353392694337,270.00180948638723,511.81,84666483.36342175,9.5,30.40469289182633,382.1819212960807,110425.95694463412,0.84,141.55,MQTT-DoS-Publish_Flood
776.83,6.0,64.0,22.5132191054414,22.5132191054414,0.0,0.06,0.33,0.13,0.19,0.79,0.0,0.0,0.98,3.17,1.46,8.47,0.0,0.0,0.0,0.0,0.0,0.0,0.0,1.0,0.0,0.0,0.0,0.0,0.0,1.0,1.0,740.84,64.16,77.67,70.51754722449033,4.679140109419866,70.32,84662390.66910888,9.5,11.87356941781157,6.624123648889913,26.106098306385647,0.89,141.55,MQTT-DoS-Connect_Flood
1822.4,6.0,64.0,1.3086894978018075,1.3086894978018075,0.0,0.0,0.0,0.0,0.2,1.0,0.0,0.0,0.0,0.0,0.0,22.8,0.0,0.0,0.0,0.0,0.0,0.0,0.0,1.0,0.0,0.0,0.0,0.0,0.0,1.0,1.0,1260.0,66.0,111.0,81.71746167661028,14.48828908076293,69.6,169323374.8951211,13.5,12.788229176307835,20.493430521301985,210.1425712981604,1.0,244.6,MQTT-Malformed_Data
13599.6,6.0,64.0,1.7460653533363295,1.7460653533363295,0.0,0.0,0.0,0.0,0.5,1.0,0.0,0.0,0.0,0.0,0.0,167.1,0.0,0.0,0.0,0.0,0.0,0.0,0.0,1.0,0.0,0.0,0.0,0.0,0.0,1.0,1.0,454.8,67.9,105.8,82.66595238095238,15.265248635347188,81.3,3.180503845214844e-05,5.5,12.85594797755338,21.58832165310538,265.6331536281179,0.9,38.5,Benign
305.75,6.0,64.0,10.33962141999691,10.33962141999691,0.0,0.35,0.06,0.0,0.31,1.0,0.0,0.0,0.49,1.77,0.21,3.44,0.0,0.0,0.0,0.0,0.0,0.0,0.0,1.0,0.0,0.0,0.0,0.0,0.0,1.0,1.0,712.0,66.12,71.2,67.80781427791334,2.068433788802216,67.72,84667030.48277456,9.5,11.645054088851897,2.921387561318843,5.034046651495579,0.9,141.55,MQTT-DDoS-Connect_Flood
450.05,6.0,64.0,11.023520029395156,11.023520029395156,0.0,0.25,0.15,0.14,0.23,0.83,0.0,0.0,1.14,1.85,0.49,5.23,0.0,0.0,0.0,0.0,0.0,0.0,0.0,1.0,0.0,0.0,0.0,0.0,0.0,1.0,1.0,718.42,61.76,76.11,68.5590556923297,5.107932570421572,67.85,84667040.08167684,9.5,11.70882530177544,7.215453717843195,35.59286400796853,0.92,141.55,MQTT-DDoS-Connect_Flood
31163.0,6.0,123.3,1.2623612037158405,1.2623612037158405,0.0,0.0,0.0,0.0,0.5,1.0,0.0,0.0,0.0,0.0,0.0,414.7,0.0,0.3,0.0,0.0,0.0,0.0,0.0,1.0,0.0,0.0,0.0,0.0,0.0,1.0,1.0,419.7,64.2,92.2,76.99202380952381,10.504247418134826,78.0,0.0860909938812255,5.5,12.406917787045812,14.85524916124884,134.35212174036283,0.9,38.5,Benign
200884.0,7.1,64.0,1.3323008214354548,1.3323008214354548,0.0,0.0,0.0,0.0,0.4,0.9,0.0,0.0,0.0,0.2,0.0,2470.9,0.0,0.0,0.0,0.0,0.0,0.0,0.0,0.9,0.1,0.0,0.0,0.0,0.0,1.0,1.0,787.0,70.5,439.4,125.84313492063492,119.9539482774772,163.3,0.0999377012252807,5.5,15.60221797525924,169.64050051420904,30883.21228399785,0.9,38.5,Benign
1041071.0,6.0,55.0,941.7825806183022,941.7825806183022,0.0,0.0,0.0,0.0,0.0,1.0,0.0,0.0,0.0,1.0,0.0,691.5,0.0,1.0,0.0,0.0,0.0,0.0,0.0,1.0,0.0,0.0,0.0,0.0,0.0,1.0,1.0,8327.0,1514.0,1514.0,1514.0,0.0,1514.0,0.0002104043960571,5.5,55.02726596879042,0.0,0.0,0.0,38.5,Benign
68900.8,6.0,63.3,1.8337735464957312,1.8337735464957312,0.0,0.0,0.0,0.0,0.4,1.0,0.0,0.0,0.0,0.0,0.0,849.0,0.0,0.1,0.0,0.0,0.0,0.0,0.0,1.0,0.0,0.0,0.0,0.0,0.0,1.0,1.0,1334.9,66.0,217.0,86.34277063923348,37.54680499665001,78.7,169470352.81816167,13.5,13.147642230270217,53.187777084068486,1421.5030693905603,1.0,244.6,Benign
63172.3,6.0,64.0,2.244031804953861,2.244031804953861,0.0,0.0,0.0,0.0,0.5,1.0,0.0,0.0,0.0,0.2,0.0,776.7,0.0,0.0,0.0,0.0,0.0,0.0,0.0,1.0,0.0,0.0,0.0,0.0,0.0,1.0,1.0,1302.7,54.0,255.0,84.31498844894358,47.60761700074652,77.7,169461649.8059186,13.5,12.97432119159382,67.41803810275356,2289.368166183414,1.0,244.6,Benign
439.55,6.0,64.0,8.09786458332925,8.09786458332925,0.0,0.16,0.25,0.11,0.2,0.84,0.0,0.0,1.05,1.96,0.39,5.04,0.0,0.0,0.0,0.0,0.0,0.0,0.0,1.0,0.0,0.0,0.0,0.0,0.0,1.0,1.0,736.98,63.7,78.7,70.34641079057681,5.722211030461686,70.03,84667023.03915298,9.5,11.847717398582567,8.079250172216648,43.72815882349412,0.8,141.55,MQTT-DDoS-Connect_Flood
121912.0,6.0,64.0,0.7210407710281161,0.7210407710281161,0.0,0.0,0.0,0.0,0.5,1.0,0.0,0.0,0.0,0.0,0.0,1630.7,0.0,0.0,0.0,0.0,0.0,0.0,0.0,1.0,0.0,0.0,0.0,0.0,0.0,1.0,1.0,1402.8,66.0,246.0,91.04371247216837,43.39904868805053,75.5,169465954.0248683,13.5,13.500490110222216,61.47454424690966,1900.40868714776,1.0,244.6,Benign
9319.28,6.0,64.0,16.34890999336929,16.34890999336929,0.0,0.06,0.12,0.28,0.24,0.61,0.0,0.0,0.55,0.65,5.1,10.72,0.0,0.0,0.0,0.0,0.0,0.0,0.0,1.0,0.0,0.0,0.0,0.0,0.0,1.0,1.0,3031.35,57.56,766.4,262.3141760441571,296.3464201561568,246.95,84666966.80665466,9.5,20.54174369911583,419.479878429987,182450.78219527143,0.91,141.55,MQTT-DDoS-Publish_Flood
466.77,6.0,64.0,8.86965802801589,8.86965802801589,0.0,0.15,0.1,0.3,0.15,0.69,0.0,0.0,1.2,1.75,0.78,5.37,0.0,0.0,0.0,0.0,0.0,0.0,0.0,1.0,0.0,0.0,0.0,0.0,0.0,1.0,1.0,680.76,58.37,76.25,64.54981766655258,5.851477412170119,64.93,84667024.96397942,9.5,11.355521798763831,8.272284183134813,41.9571938779061,0.92,141.55,MQTT-DDoS-Connect_Flood
17465.52,6.0,64.0,33.86917519392384,33.86917519392384,0.0,0.0,0.0,0.52,0.29,0.48,0.0,0.0,0.9,0.07,11.23,19.04,0.0,0.0,0.0,0.0,0.0,0.0,0.0,1.0,0.0,0.0,0.0,0.0,0.0,1.0,1.0,4672.15,115.6,873.44,449.1296589237216,318.57258006231,502.46,84666975.84820913,9.5,26.121035857758795,450.6263197291173,191409.4754042392,0.54,141.55,MQTT-DDoS-Publish_Flood
23509.47,6.0,64.0,39.689457828792655,39.689457828792655,0.0,0.0,0.0,0.7,0.18,0.3,0.0,0.0,0.91,0.13,11.57,35.55,0.0,0.0,0.0,0.0,0.0,0.0,0.0,1.0,0.0,0.0,0.0,0.0,0.0,1.0,1.0,3956.27,134.48,742.69,379.94564996656254,238.9298396738245,331.3,84666958.06151347,9.5,22.92686876696257,338.2014233274298,133520.65425158906,0.59,141.55,MQTT-DDoS-Publish_Flood
4325.73,6.0,64.0,27.656464725226485,27.656464725226485,0.0,0.04,0.02,0.0,0.5,0.98,0.0,0.0,0.48,0.34,5.58,19.32,0.0,0.0,0.0,0.0,0.0,0.0,0.0,1.0,0.0,0.0,0.0,0.0,0.0,1.0,1.0,3054.38,95.78,833.76,300.0552423854526,273.09481622121194,351.84,84666975.38716066,9.5,22.842145255520407,384.7848471447993,139607.58228694485,0.9,141.55,MQTT-DDoS-Publish_Flood
336918.0,6.0,64.0,1.304079650412388,1.304079650412388,0.0,0.0,0.0,0.0,0.5,1.0,0.0,0.0,0.0,0.0,0.0,4246.2,0.0,0.0,0.0,0.0,0.0,0.0,0.0,1.0,0.0,0.0,0.0,0.0,0.0,1.0,1.0,1233.4,66.0,110.0,79.54722230727648,16.129893544457182,78.8,169469803.544211,13.5,12.611326986607605,22.86403118366001,261.5433587578219,1.0,244.6,Benign
358.49,6.0,64.0,10.143613875439476,10.143613875439476,0.0,0.58,0.23,0.0,0.0,1.0,0.0,0.0,1.01,1.53,0.45,4.45,0.0,0.0,0.0,0.0,0.0,0.0,0.0,1.0,0.0,0.0,0.0,0.0,0.0,1.0,1.0,715.0,66.16,72.08,68.20280953996125,2.698388067703537,67.84,84667044.11764184,9.5,11.678093576713406,3.8160231783695777,9.927962557227051,0.74,141.55,MQTT-DDoS-Connect_Flood
399.45,6.0,64.0,8.839819885910286,8.839819885910286,0.0,0.08,0.1,0.43,0.13,0.47,0.0,0.0,1.26,1.14,0.74,4.11,0.0,0.0,0.0,0.0,0.0,0.0,0.0,1.0,0.0,0.0,0.0,0.0,0.0,1.0,1.0,658.94,54.0,76.0,62.12501997890312,8.278368140037452,63.81,84667040.73811121,9.5,11.141750080140572,11.704746914626016,77.46575877937167,0.95,141.55,MQTT-DDoS-Connect_Flood
371380.0,7.1,57.7,1.833563269383768,1.833563269383768,0.0,0.0,0.0,0.0,0.5,0.9,0.0,0.0,0.0,0.0,0.0,4526.3,0.0,0.0,0.0,0.0,0.0,0.0,0.0,0.9,0.1,0.0,0.0,0.0,0.0,1.0,1.0,589.6,70.5,228.4,101.41099206349206,52.22713341939675,143.5,0.1001214027404785,5.5,14.151463735617703,73.86032040558,7515.565293068154,0.9,38.5,Benign
263.27,6.0,64.0,12.25123700015449,12.25123700015449,0.0,0.25,0.1,0.07,0.31,0.92,0.0,0.0,0.61,0.85,0.11,3.48,0.0,0.0,0.0,0.0,0.0,0.0,0.0,1.0,0.0,0.0,0.0,0.0,0.0,1.0,1.0,726.77,64.45,76.95,69.68831068604598,4.477600482753216,68.72,84667035.59663759,9.5,11.802594765612351,6.316928292989476,28.39103427538763,0.93,141.55,MQTT-DDoS-Connect_Flood
254486.2,17.0,64.0,222.4226696112484,222.4226696112484,0.0,0.0,0.0,0.0,0.0,0.0,0.0,0.0,0.0,0.0,0.0,0.0,0.0,0.0,0.0,0.0,0.0,0.0,0.0,0.0,1.0,0.0,0.0,0.0,0.0,1.0,1.0,3680.2,62.0,938.4,238.7584869567997,282.36951649687927,222.8,169461588.3466923,13.5,21.87014923917029,400.0640648491061,80333.47632683071,1.0,244.6,Benign
62565.02,6.0,64.0,36.681531557998056,36.681531557998056,0.0,0.0,0.0,0.19,0.37,0.81,0.0,0.0,0.58,0.0,14.73,77.32,0.0,0.0,0.0,0.0,0.0,0.0,0.0,1.0,0.0,0.0,0.0,0.0,0.0,1.0,1.0,8361.42,256.42,1478.66,853.6179257335803,482.9058063796285,781.21,84666964.76745582,9.5,39.872317605088526,682.9700817940794,266184.665895324,0.92,141.55,MQTT-DDoS-Publish_Flood
459.0,6.0,64.0,1680.5253196760343,1680.5253196760343,0.0,0.0,0.0,0.0,0.4,1.0,0.0,0.0,0.0,0.0,0.0,6.4,0.0,0.0,0.0,0.0,0.0,0.0,0.0,1.0,0.0,0.0,0.0,0.0,0.0,1.0,1.0,367.8,66.0,67.8,66.80126984126984,0.8885952144419299,66.8,6.930828094482422e-05,5.5,11.558629525275412,1.2566634037236062,0.8776135046611238,0.9,38.5,MQTT-Malformed_Data
79281.51,6.0,64.0,88.09870472689805,88.09870472689805,0.0,0.0,0.0,0.0,0.61,1.0,0.0,0.0,0.0,0.0,0.0,444.35,0.0,0.0,0.0,0.0,0.0,0.0,0.0,1.0,0.0,0.0,0.0,0.0,0.0,1.0,1.0,5268.35,132.49,1038.1,506.2120880283287,313.5347925090004,459.49,84666498.45367147,9.5,29.926474760509286,439.7061172765982,132493.31255218032,0.76,141.55,MQTT-DoS-Publish_Flood
17778.94,6.0,64.0,75.11455060773513,75.11455060773513,0.0,0.0,0.0,0.0,0.68,1.0,0.0,0.0,0.0,0.0,0.0,126.52,0.0,0.0,0.0,0.0,0.0,0.0,0.0,1.0,0.0,0.0,0.0,0.0,0.0,1.0,1.0,1735.04,118.32,264.38,165.07498561573445,58.42719838645933,173.91,84666509.73574811,9.5,17.858326099211325,82.61341809097419,4410.543689286233,0.83,141.55,MQTT-DoS-Publish_Flood
506.75,6.0,64.0,8.959731082046472,8.959731082046472,0.0,0.18,0.12,0.25,0.2,0.66,0.0,0.0,1.22,2.02,0.71,5.7,0.0,0.0,0.0,0.0,0.0,0.0,0.0,1.0,0.0,0.0,0.0,0.0,0.0,1.0,1.0,694.03,59.2,77.19,65.4599222945527,6.267668032769915,66.88,84667019.76015872,9.5,11.42864969850398,8.858780110035138,48.46433834348624,0.88,141.55,MQTT-DDoS-Connect_Flood
536616.2,6.0,64.0,2.0339117670840783,2.0339117670840783,0.0,0.0,0.0,0.0,0.5,1.0,0.0,0.0,0.0,0.0,0.0,6681.5,0.0,0.0,0.0,0.0,0.0,0.0,0.0,1.0,0.0,0.0,0.0,0.0,0.0,1.0,1.0,1662.4,66.0,342.0,108.15556612505142,72.22208058034536,80.5,169466056.3594443,13.5,14.7165344957665,102.30133692138688,5261.771807172813,1.0,244.6,Benign
360.78,6.0,64.0,12.135193429893604,12.135193429893604,0.0,0.2,0.18,0.36,0.16,0.49,0.0,0.0,1.1,1.21,0.6,4.13,0.0,0.0,0.0,0.0,0.0,0.0,0.0,1.0,0.0,0.0,0.0,0.0,0.0,1.0,1.0,682.71,59.89,74.96,66.01803276603857,5.573729060242224,64.14,84667048.57981902,9.5,11.481490335881476,7.886727278715422,39.82581060555109,0.95,141.55,MQTT-DDoS-Connect_Flood
148933.0,6.0,64.0,1.7741864911934908,1.7741864911934908,0.0,0.0,0.0,0.0,0.5,1.0,0.0,0.0,0.0,0.0,0.0,1836.3,0.0,0.0,0.0,0.0,0.0,0.0,0.0,1.0,0.0,0.0,0.0,0.0,0.0,1.0,1.0,445.2,67.8,100.4,80.36444444444444,13.091132897970798,80.8,0.0001116037368774,5.5,12.675490484653078,18.5136576911389,204.6780643738977,0.9,38.5,Benign
9451.47,6.0,64.0,89.50770167483513,89.50770167483513,0.0,0.0,0.0,0.0,0.6,1.0,0.0,0.0,0.0,0.0,0.0,53.18,0.0,0.0,0.0,0.0,0.0,0.0,0.0,1.0,0.0,0.0,0.0,0.0,0.0,1.0,1.0,1721.96,112.87,228.41,164.25436153281703,40.683282776874975,149.93,84666496.32188855,9.5,17.77446787403353,57.444341324013486,2402.1577918409603,0.72,141.55,MQTT-DoS-Publish_Flood
107.79,6.0,64.0,22062.302489970483,22062.302489970483,0.0,0.04,0.02,0.71,0.05,0.29,0.0,0.0,0.08,0.05,1.27,0.56,0.0,0.0,0.0,0.0,0.0,0.0,0.0,1.0,0.0,0.0,0.0,0.0,0.0,1.0,1.0,624.63,55.2,67.73,59.54088543117529,4.865276807355815,58.73,84667021.93870683,9.5,10.89810921841734,6.8844370951843805,42.99169880755617,0.61,141.55,MQTT-DDoS-Connect_Flood
23157.76,6.0,64.0,102.07267395161789,102.07267395161789,0.0,0.0,0.0,0.0,0.48,1.0,0.0,0.0,0.0,0.0,0.0,116.03,0.0,0.0,0.0,0.0,0.0,0.0,0.0,1.0,0.0,0.0,0.0,0.0,0.0,1.0,1.0,4908.61,178.0,1147.69,508.9253120470431,349.91421569896096,464.78,84666509.19857062,9.5,30.02399169719052,495.0098025969641,159664.2688434059,0.8,141.55,MQTT-DoS-Publish_Flood
393.1,6.0,64.0,719.0730584966196,719.0730584966196,0.0,0.2,0.2,0.2,0.3,0.7,0.0,0.0,0.8,1.6,0.9,3.6,0.0,0.0,0.0,0.0,0.0,0.0,0.0,1.0,0.0,0.0,0.0,0.0,0.0,1.0,1.0,371.0,54.0,80.0,64.98027777777777,9.349667372742402,69.3,0.0004670143127441,5.5,11.38961540935564,13.22242640220953,103.60949129188714,0.9,38.5,MQTT-Malformed_Data
83959.9,8.2,82.6,1.4991345819059554,1.4991345819059554,0.0,0.0,0.0,0.0,0.4,0.8,0.0,0.0,0.0,0.1,0.0,1035.0,0.0,0.1,0.0,0.0,0.0,0.0,0.0,0.8,0.2,0.0,0.0,0.0,0.0,1.0,1.0,1063.0,67.9,623.6,172.5155158730159,190.7770494703586,180.4,0.100061297416687,5.5,18.21370189362962,269.79949075050405,52217.69856744457,0.9,38.5,Benign
434.35,6.0,64.0,9.52492825152814,9.52492825152814,0.0,0.06,0.11,0.28,0.13,0.71,0.0,0.0,1.08,1.73,0.67,4.99,0.0,0.0,0.0,0.0,0.0,0.0,0.0,1.0,0.0,0.0,0.0,0.0,0.0,1.0,1.0,678.9,57.04,74.38,64.61647536192737,6.383927110669625,64.94,84667041.29508129,9.5,11.362350949298852,9.035673363685095,49.45397518802899,0.93,141.55,MQTT-DDoS-Connect_Flood
17553.75,6.11,65.72,23.20297850326813,23.20297850326813,0.0,0.05,0.01,0.28,0.43,0.7,0.0,0.0,0.71,1.11,9.44,26.22,0.0,0.01,0.0,0.0,0.0,0.0,0.0,0.99,0.01,0.0,0.0,0.0,0.0,1.0,1.0,6977.63,215.24,1086.1,635.2970559196135,354.24375762015546,673.89,84666975.7505552,9.5,32.27475333978994,500.9650887318229,191536.98617274367,0.82,141.55,MQTT-DDoS-Publish_Flood
473.62,6.0,64.0,12.339512954723697,12.339512954723697,0.0,0.22,0.15,0.34,0.18,0.53,0.0,0.0,1.38,1.71,0.53,5.54,0.0,0.0,0.0,0.0,0.0,0.0,0.0,1.0,0.0,0.0,0.0,0.0,0.0,1.0,1.0,681.01,57.23,76.65,64.479837129288,7.142915508906756,65.5,84667026.59160551,9.5,11.345296769500257,10.10289189258912,64.80902508588814,0.85,141.55,MQTT-DDoS-Connect_Flood
10428.89,6.0,69.52,31.42582439897381,31.42582439897381,0.0,0.3,0.36,0.08,0.22,0.56,0.0,0.0,1.14,1.94,0.22,14.26,0.0,0.04,0.0,0.0,0.0,0.0,0.0,1.0,0.0,0.0,0.0,0.0,0.0,1.0,1.0,756.22,65.43,80.19,72.35564985968624,5.425623780664551,71.47,84667026.95521075,9.5,12.027207589514267,7.668542456681399,35.785237165472815,0.9,141.55,MQTT-DDoS-Connect_Flood
502.7,6.0,64.0,9.674688287535917,9.674688287535917,0.0,0.29,0.15,0.35,0.07,0.57,0.0,0.0,1.45,1.97,0.68,5.68,0.0,0.0,0.0,0.0,0.0,0.0,0.0,1.0,0.0,0.0,0.0,0.0,0.0,1.0,1.0,673.01,58.34,75.1,64.79380908724058,6.1610262807766185,64.16,84667029.7408097,9.5,11.373032315098484,8.723136733835831,45.24709540151285,0.93,141.55,MQTT-DDoS-Connect_Flood
556.46,6.0,64.0,9.30191826440358,9.30191826440358,0.0,0.09,0.1,0.43,0.12,0.49,0.0,0.0,1.52,2.07,0.92,6.19,0.0,0.0,0.0,0.0,0.0,0.0,0.0,1.0,0.0,0.0,0.0,0.0,0.0,1.0,1.0,673.41,54.32,79.38,63.65812459023604,8.51059939625875,63.76,84667020.0750688,9.5,11.277925245680594,12.020970451833318,81.23603386134107,0.92,141.55,MQTT-DDoS-Connect_Flood
98118.47,6.0,64.0,81.98009865862394,81.98009865862394,0.0,0.0,0.0,0.0,0.41,1.0,0.0,0.0,0.0,0.0,0.0,330.12,0.0,0.0,0.0,0.0,0.0,0.0,0.0,1.0,0.0,0.0,0.0,0.0,0.0,1.0,1.0,1669.64,122.68,244.76,159.07808724140497,36.81883783823391,156.47,84666497.2268892,9.5,16.885203571183226,52.09922939849476,2971.973612469665,0.51,141.55,MQTT-DoS-Publish_Flood
547.69,6.0,64.0,10.88805405481346,10.88805405481346,0.0,0.17,0.15,0.4,0.15,0.51,0.0,0.0,1.55,1.97,0.85,6.16,0.0,0.0,0.0,0.0,0.0,0.0,0.0,1.0,0.0,0.0,0.0,0.0,0.0,1.0,1.0,675.56,57.41,77.7,64.85253600119351,7.367861544361031,64.28,84667044.3695376,9.5,11.380037622831864,10.416721686286069,66.08344365538355,0.94,141.55,MQTT-DDoS-Connect_Flood
413.86,6.0,64.0,6.7796204821453925,6.7796204821453925,0.0,0.13,0.25,0.25,0.24,0.63,0.0,0.0,0.85,1.93,0.44,4.61,0.0,0.0,0.0,0.0,0.0,0.0,0.0,1.0,0.0,0.0,0.0,0.0,0.0,1.0,1.0,721.63,63.31,77.91,69.2808390404745,5.1266244416350455,68.74,84667022.0731348,9.5,11.757120211913602,7.232651904092839,34.302979558721724,0.88,141.55,MQTT-DDoS-Connect_Flood
276437.0,6.0,64.0,1.0802865058119462,1.0802865058119462,0.0,0.0,0.0,0.0,0.5,1.0,0.0,0.0,0.0,0.0,0.0,3445.7,0.0,0.0,0.0,0.0,0.0,0.0,0.0,1.0,0.0,0.0,0.0,0.0,0.0,1.0,1.0,1559.4,54.0,342.0,101.41482221210164,73.73903476918719,78.6,169468575.0345232,13.5,14.249530581672063,104.47212045637596,5491.686797244112,1.0,244.6,Benign
54813.6,6.0,64.0,1.4631297786777502,1.4631297786777502,0.0,0.0,0.0,0.0,0.5,1.0,0.0,0.0,0.0,0.0,0.0,696.1,0.0,0.0,0.0,0.0,0.0,0.0,0.0,1.0,0.0,0.0,0.0,0.0,0.0,1.0,1.0,428.0,67.8,92.0,77.94099206349208,9.724564880830297,78.7,0.0999095916748046,5.5,12.483627992791051,13.752611542647305,109.01779703640716,0.9,38.5,Benign
120657.8,6.0,64.0,1.5174785697563702,1.5174785697563702,0.0,0.0,0.0,0.0,0.5,1.0,0.0,0.0,0.0,0.0,0.0,1469.1,0.0,0.0,0.0,0.0,0.0,0.0,0.0,1.0,0.0,0.0,0.0,0.0,0.0,1.0,1.0,1232.8,66.0,111.0,79.59272589510593,15.56353040639808,81.1,169469208.5368095,13.5,12.622370871927192,22.02408282008625,242.85563612598293,1.0,244.6,Benign
259398.2,6.0,64.0,1.461285079287145,1.461285079287145,0.0,0.0,0.0,0.0,0.5,1.0,0.0,0.0,0.0,0.0,0.0,3287.9,0.0,0.0,0.0,0.0,0.0,0.0,0.0,1.0,0.0,0.0,0.0,0.0,0.0,1.0,1.0,1233.4,66.0,111.0,79.70717959457123,15.34544858834622,78.7,169466797.5257463,13.5,12.63108574226914,21.71209352771892,236.1916592546191,1.0,244.6,Benign
430.86,6.0,64.0,11.600536917108162,11.600536917108162,0.0,0.32,0.22,0.11,0.24,0.84,0.0,0.0,1.06,1.87,0.52,4.92,0.0,0.0,0.0,0.0,0.0,0.0,0.0,1.0,0.0,0.0,0.0,0.0,0.0,1.0,1.0,726.32,64.9,76.66,69.69402474902978,4.893487420571949,68.66,84667046.70464864,9.5,11.802944166204211,6.919632526804678,35.142728053824825,0.92,141.55,MQTT-DDoS-Connect_Flood
478.95,6.0,64.0,10.65882287177692,10.65882287177692,0.0,0.22,0.35,0.17,0.15,0.57,0.0,0.0,1.38,1.95,0.55,5.55,0.0,0.0,0.0,0.0,0.0,0.0,0.0,1.0,0.0,0.0,0.0,0.0,0.0,1.0,1.0,720.3,63.08,76.37,68.31762111190325,4.561700520009376,68.13,84667046.36992006,9.5,11.684166546126098,6.436725742201434,29.292132526075463,0.92,141.55,MQTT-DDoS-Connect_Flood
16916.2,7.1,70.4,1.152298837462812,1.152298837462812,0.0,0.0,0.0,0.0,0.4,0.9,0.0,0.0,0.0,0.0,0.0,209.0,0.0,0.0,0.0,0.0,0.0,0.0,0.0,0.9,0.1,0.0,0.0,0.0,0.0,1.0,1.0,448.5,66.0,115.6,78.11972222222222,17.463182697005397,104.3,0.0048940896987915,5.5,12.479063883951133,24.6966698123042,761.3699172178129,0.9,38.5,Benign
78841.2,6.0,64.0,0.4878963761892067,0.4878963761892067,0.0,0.0,0.0,0.0,0.0,1.0,0.0,0.0,0.0,0.0,0.0,1049.1,0.0,0.0,0.0,0.0,0.0,0.0,0.0,1.0,0.0,0.0,0.0,0.0,0.0,1.0,1.0,1033.0,66.0,68.0,66.66877140317544,0.9336846487579572,66.0,169461827.897455,13.5,11.54741040128578,1.3225040541791588,0.8761500057558356,1.0,244.6,Benign
186.07,6.0,64.0,988.6473481795888,988.6473481795888,0.0,0.28,0.36,0.01,0.3,0.75,0.0,0.0,0.52,0.38,0.08,2.36,0.0,0.0,0.0,0.0,0.0,0.0,0.0,1.0,0.0,0.0,0.0,0.0,0.0,1.0,1.0,751.39,64.57,79.06,71.42233701094227,4.78927135576386,71.49,84667034.01709415,9.5,11.948305074222144,6.777620648204415,27.79726603730024,0.87,141.55,MQTT-DDoS-Connect_Flood
38701.43,6.0,64.0,74.02162130163532,74.02162130163532,0.0,0.0,0.0,0.0,0.34,1.0,0.0,0.0,0.0,0.0,0.0,131.19,0.0,0.0,0.0,0.0,0.0,0.0,0.0,1.0,0.0,0.0,0.0,0.0,0.0,1.0,1.0,1861.75,99.64,395.93,163.87351394103834,89.74814443914994,181.07,84666495.64813358,9.5,16.659971558935307,127.12901572245404,39809.44292189452,0.26,141.55,MQTT-DoS-Publish_Flood
291.6,6.0,64.0,9.263430486327112,9.263430486327112,0.0,0.2,0.14,0.01,0.26,0.96,0.0,0.0,0.53,1.31,0.22,3.7,0.0,0.0,0.0,0.0,0.0,0.0,0.0,1.0,0.0,0.0,0.0,0.0,0.0,1.0,1.0,718.26,65.32,73.1,68.51667191245288,2.6084794311288366,68.43,84667023.74108547,9.5,11.70496815894279,3.690278970811612,8.758107288195632,0.84,141.55,MQTT-DDoS-Connect_Flood
169161.2,6.0,64.0,1.7755152525927944,1.7755152525927944,0.0,0.0,0.0,0.0,0.5,1.0,0.0,0.0,0.0,0.0,0.0,2085.9,0.0,0.0,0.0,0.0,0.0,0.0,0.0,1.0,0.0,0.0,0.0,0.0,0.0,1.0,1.0,437.8,68.2,97.2,79.7279365079365,11.562487918463448,80.9,0.1005727052688598,5.5,12.624668962220609,16.351827229066068,157.87479339884104,0.9,38.5,Benign
120.8,6.0,64.0,39701.932379839294,39701.932379839294,0.0,0.0,0.0,0.0,0.5,1.0,0.0,0.0,0.0,0.0,0.0,1.4,0.0,0.0,0.0,0.0,0.0,0.0,0.0,1.0,0.0,0.0,0.0,0.0,0.0,1.0,1.0,442.9,66.0,101.3,78.46019841269842,14.862055865549324,81.3,169469905.8448109,5.5,12.519220485557138,21.018120969806464,259.6713646856891,0.9,38.5,Benign
330237.7,7.1,69.8,1.850456117185685,1.850456117185685,0.0,0.0,0.0,0.0,0.5,0.9,0.0,0.0,0.0,0.0,0.0,4083.3,0.0,0.0,0.1,0.0,0.0,0.0,0.0,0.9,0.1,0.0,0.0,0.0,0.0,1.0,1.0,1858.1,66.0,257.0,121.24406851920013,71.50316740472009,99.6,169467226.2038508,13.5,15.573899543986505,101.31809176543352,5149.631746797778,1.0,244.6,Benign
488.28,6.0,64.0,11.12734350844733,11.12734350844733,0.0,0.09,0.04,0.41,0.07,0.57,0.0,0.0,1.23,1.78,0.79,5.46,0.0,0.0,0.0,0.0,0.0,0.0,0.0,1.0,0.0,0.0,0.0,0.0,0.0,1.0,1.0,657.62,55.0,74.26,62.55563695085444,6.528292666804288,62.05,84667044.33978991,9.5,11.179941408736797,9.237242034332846,48.88469952165831,0.93,141.55,MQTT-DDoS-Connect_Flood
479.11,6.0,64.0,11.628226152271791,11.628226152271791,0.0,0.22,0.29,0.06,0.17,0.82,0.0,0.0,1.28,1.96,0.38,5.63,0.0,0.0,0.0,0.0,0.0,0.0,0.0,1.0,0.0,0.0,0.0,0.0,0.0,1.0,1.0,749.34,62.45,77.55,71.37866778384155,5.640786477433836,70.57,84667029.74363895,9.5,11.94517866035429,7.97730399768482,44.39416693392611,0.89,141.55,MQTT-DDoS-Connect_Flood
101713.0,6.0,64.0,0.9929481743049114,0.9929481743049114,0.0,0.0,0.0,0.0,1.0,1.0,0.0,0.0,0.0,0.0,0.0,1265.8,0.0,0.0,0.0,0.0,0.0,0.0,0.0,1.0,0.0,0.0,0.0,0.0,0.0,1.0,1.0,1200.2,54.0,123.0,77.01213726503974,18.70013441713588,88.8,169468812.0393688,13.5,12.407048355829758,26.505955781808648,351.8416278227298,1.0,244.6,Benign
159204.9,8.2,57.7,1.837960742778383,1.837960742778383,0.0,0.0,0.0,0.0,0.4,0.8,0.0,0.0,0.0,0.0,0.0,1940.4,0.0,0.0,0.0,0.0,0.0,0.0,0.0,0.8,0.2,0.0,0.0,0.0,0.0,1.0,1.0,1345.1,98.0,859.6,284.3462698412698,281.92693965776937,180.2,0.0932389974594116,5.5,23.42458946045669,398.70490166235857,89801.34317302846,0.9,38.5,Benign
258166.2,6.0,69.9,1.8388357590506057,1.8388357590506057,0.0,0.0,0.0,0.0,0.4,1.0,0.0,0.0,0.0,0.0,0.0,3255.1,0.0,0.1,0.0,0.0,0.0,0.0,0.0,1.0,0.0,0.0,0.0,0.0,0.0,1.0,1.0,429.4,66.0,106.5,78.30420634920634,15.611763387289582,76.0,0.1001639127731323,5.5,12.506768581285236,22.07836751486466,277.56590772234824,0.9,38.5,Benign
33438.02,6.0,64.0,88.45057353905239,88.45057353905239,0.0,0.0,0.0,0.0,0.53,1.0,0.0,0.0,0.0,0.0,0.0,107.47,0.0,0.0,0.0,0.0,0.0,0.0,0.0,1.0,0.0,0.0,0.0,0.0,0.0,1.0,1.0,4829.36,186.85,1082.58,486.7103087549276,324.2174414602149,391.44,84666486.14144939,9.5,29.369560823878167,458.96897562741503,146237.52511728942,0.75,141.55,MQTT-DoS-Publish_Flood
575.91,6.0,64.0,10.478099962787422,10.478099962787422,0.0,0.06,0.1,0.45,0.09,0.51,0.0,0.0,1.66,2.04,0.99,6.45,0.0,0.0,0.0,0.0,0.0,0.0,0.0,1.0,0.0,0.0,0.0,0.0,0.0,1.0,1.0,674.61,54.0,74.6,63.45443126111933,7.77871056806647,62.88,84667045.67652744,9.5,11.25984306589068,11.001082077199854,69.2081081048781,0.92,141.55,MQTT-DDoS-Connect_Flood
1479350.6,6.0,100.8,98.9334568225146,98.9334568225146,0.0,0.0,0.0,0.0,0.0,1.0,0.0,0.0,0.0,0.0,0.0,1502.5,0.0,1.0,0.0,0.0,0.0,0.0,0.0,1.0,0.0,0.0,0.0,0.0,0.0,1.0,1.0,7788.6,1208.4,1494.0,1449.5733333333333,101.99771037930624,1208.4,0.0012449026107788,5.5,53.8140265189827,144.24654534941786,52767.03288888889,0.2,38.5,MQTT-Malformed_Data
367454.1,8.2,88.8,1.4537112153381289,1.4537112153381289,0.0,0.0,0.0,0.0,0.4,0.8,0.0,0.0,0.0,0.0,0.0,4274.5,0.0,0.1,0.0,0.0,0.0,0.0,0.0,0.8,0.2,0.0,0.0,0.0,0.0,1.0,1.0,1485.4,66.0,242.8,94.72128726107051,47.23546703303612,136.2,169470205.48587868,13.5,13.708788096332436,66.39891300445643,2398.033380850987,1.0,244.6,Benign
403.64,6.0,64.0,9.605103358733473,9.605103358733473,0.0,0.14,0.34,0.26,0.12,0.54,0.0,0.0,1.02,1.82,0.55,4.5,0.0,0.0,0.0,0.0,0.0,0.0,0.0,1.0,0.0,0.0,0.0,0.0,0.0,1.0,1.0,698.9,59.16,76.3,66.37135287768646,5.6649493209503445,67.21,84667048.06676699,9.5,11.50884751389412,8.015408095454005,43.00761512233664,0.85,141.55,MQTT-DDoS-Connect_Flood
394.19,6.0,64.0,57.94610733298559,57.94610733298559,0.0,0.06,0.21,0.15,0.24,0.8,0.0,0.0,0.28,1.96,0.44,4.18,0.0,0.0,0.0,0.0,0.0,0.0,0.0,1.0,0.0,0.0,0.0,0.0,0.0,1.0,1.0,735.99,64.56,77.77,70.27198499870443,4.790682189136488,69.24,84662368.11250132,9.5,11.85051235097076,6.767348535296777,27.94365839906084,0.89,141.55,MQTT-DoS-Connect_Flood
400.31,6.0,64.0,10.2657396691369,10.2657396691369,0.0,0.11,0.13,0.19,0.37,0.71,0.0,0.0,0.86,1.61,0.45,4.7,0.0,0.0,0.0,0.0,0.0,0.0,0.0,1.0,0.0,0.0,0.0,0.0,0.0,1.0,1.0,718.18,59.17,78.77,68.49395098752298,6.033792893522917,68.02,84667034.95127884,9.5,11.70152779150519,8.538556421811908,48.445714824054576,0.9,141.55,MQTT-DDoS-Connect_Flood
647.82,6.0,64.0,25.26685404472651,25.26685404472651,0.0,0.04,0.23,0.13,0.24,0.92,0.0,0.0,0.26,2.79,0.91,7.35,0.0,0.0,0.0,0.0,0.0,0.0,0.0,1.0,0.0,0.0,0.0,0.0,0.0,1.0,1.0,732.56,65.65,77.83,69.91550269364278,4.250420259967627,69.34,84662369.09826642,9.5,11.823225641795698,6.013426783155146,22.38087825572522,0.89,141.55,MQTT-DoS-Connect_Flood
57278.92,6.0,64.0,87.60301616145935,87.60301616145935,0.0,0.0,0.0,0.0,0.72,1.0,0.0,0.0,0.0,0.0,0.0,276.64,0.0,0.0,0.0,0.0,0.0,0.0,0.0,1.0,0.0,0.0,0.0,0.0,0.0,1.0,1.0,1857.12,136.85,255.66,184.2801035985428,45.48856857681213,169.55,84666489.73113443,9.5,18.825939962137458,64.27479285918514,2898.9902785695963,0.75,141.55,MQTT-DoS-Publish_Flood
420.75,6.0,64.0,12.578031470721324,12.578031470721324,0.0,0.17,0.25,0.23,0.09,0.76,0.0,0.0,1.09,1.62,0.57,4.89,0.0,0.0,0.0,0.0,0.0,0.0,0.0,1.0,0.0,0.0,0.0,0.0,0.0,1.0,1.0,699.1,59.8,74.32,66.31682479706396,5.638990805726482,66.6,84667021.7744306,9.5,11.508079726459496,7.963574492526532,39.32184590913722,0.94,141.55,MQTT-DDoS-Connect_Flood
303674.0,6.0,64.0,1.446744149234079,1.446744149234079,0.0,0.0,0.0,0.0,0.5,1.0,0.0,0.0,0.0,0.0,0.0,3685.5,0.0,0.0,0.0,0.0,0.0,0.0,0.0,1.0,0.0,0.0,0.0,0.0,0.0,1.0,1.0,464.2,70.5,111.0,87.4575,17.092258349259737,81.0,0.0001969099044799,5.5,13.212113500123133,24.17210356910789,326.6913621031746,0.9,38.5,Benign
6640.7,6.0,64.0,0.3375558847851848,0.3375558847851848,0.0,0.0,0.0,0.0,0.6,1.0,0.0,0.0,0.0,0.0,0.0,88.2,0.0,0.0,0.0,0.0,0.0,0.0,0.0,1.0,0.0,0.0,0.0,0.0,0.0,1.0,1.0,370.2,66.4,68.0,67.44706349206349,0.7483236529224384,67.2,1.3494491577148438e-05,5.5,11.614362235701403,1.0582894590074892,0.7032523935500127,0.8,38.5,Benign
456.04,6.0,64.0,9.568412040876416,9.568412040876416,0.0,0.07,0.08,0.36,0.2,0.64,0.0,0.0,1.1,1.65,0.58,5.27,0.0,0.0,0.0,0.0,0.0,0.0,0.0,1.0,0.0,0.0,0.0,0.0,0.0,1.0,1.0,692.51,59.55,77.38,65.73785502285813,6.85201721248833,66.62,84667037.60092638,9.5,11.453360970335597,9.700481508202628,65.44499318249494,0.77,141.55,MQTT-DDoS-Connect_Flood
421.24,6.0,64.0,10.05015013254195,10.05015013254195,0.0,0.13,0.08,0.36,0.14,0.58,0.0,0.0,1.21,1.7,0.5,4.76,0.0,0.0,0.0,0.0,0.0,0.0,0.0,1.0,0.0,0.0,0.0,0.0,0.0,1.0,1.0,675.94,57.6,75.66,64.794691539154,6.208850504019704,63.77,84667023.69582155,9.5,11.377660990063262,8.777139945051998,47.46937419284637,0.94,141.55,MQTT-DDoS-Connect_Flood
902.3,6.0,64.0,46959.15275189258,46959.15275189258,0.0,0.0,0.04,0.6,0.11,0.4,0.0,0.0,0.19,0.04,3.82,2.58,0.0,0.0,0.0,0.0,0.0,0.0,0.0,1.0,0.0,0.0,0.0,0.0,0.0,1.0,1.0,728.19,54.36,83.46,66.38278878955582,11.898085415193869,71.11,84666962.46719852,9.5,11.40855387216403,16.82640738585316,435.6735114464287,0.85,141.55,MQTT-DDoS-Publish_Flood
184937.1,8.1,38.6,1.5733482934404066,1.5733482934404066,0.0,0.0,0.0,0.0,0.2,0.5,0.0,0.0,0.0,0.0,0.0,2455.2,0.0,0.0,0.0,0.0,0.0,0.0,0.0,0.5,0.3,0.0,0.2,0.0,0.0,0.8,0.8,1094.8,61.2,629.7,177.68785714285713,195.1921967895072,185.1,0.099662709236145,5.5,18.48294334416176,276.04345196911913,52262.10028741497,0.9,38.5,Benign
102.04,6.0,64.0,85114.24285320833,85114.24285320833,0.0,0.08,0.16,0.25,0.22,0.74,0.0,0.0,0.08,0.16,0.38,1.1,0.0,0.0,0.0,0.0,0.0,0.0,0.0,1.0,0.0,0.0,0.0,0.0,0.0,1.0,1.0,712.35,55.48,87.26,67.32022505637637,10.497131870745276,68.12,84667034.0104826,9.5,11.58855237544207,14.858424217729832,132.17846158487853,0.91,141.55,MQTT-DDoS-Connect_Flood
249010.9,6.0,81.5,2.0359808311285503,2.0359808311285503,0.0,0.0,0.0,0.0,0.3,1.0,0.0,0.0,0.0,1.2,0.0,2317.1,0.0,0.0,0.0,0.0,0.0,0.0,0.0,1.0,0.0,0.0,0.0,0.0,0.0,1.0,1.0,489.0,60.0,150.3,82.41067460317461,32.8845895062117,94.7,0.0949532032012939,5.5,12.790182551096908,46.50583247275654,1814.1806462427564,0.6,38.5,Benign
413.69,6.0,64.0,10.41753613505912,10.41753613505912,0.0,0.15,0.21,0.07,0.2,0.83,0.0,0.0,0.94,1.98,0.34,4.65,0.0,0.0,0.0,0.0,0.0,0.0,0.0,1.0,0.0,0.0,0.0,0.0,0.0,1.0,1.0,732.93,63.89,76.86,70.00187592288172,5.186185010493624,69.41,84667047.72054495,9.5,11.829748262638535,7.329907837209601,35.634341199092425,0.88,141.55,MQTT-DDoS-Connect_Flood
611.71,6.0,64.0,69.03677793920333,69.03677793920333,0.0,0.08,0.1,0.42,0.08,0.49,0.0,0.0,1.39,2.52,1.2,6.46,0.0,0.0,0.0,0.0,0.0,0.0,0.0,1.0,0.0,0.0,0.0,0.0,0.0,1.0,1.0,663.49,54.0,77.5,62.55811996641989,8.38417149758102,63.2,84662358.48315693,9.5,11.181394578947254,11.85385728289356,77.83942801404632,0.93,141.55,MQTT-DoS-Connect_Flood
414.02,6.0,64.0,8.101644939914214,8.101644939914214,0.0,0.09,0.33,0.17,0.11,0.73,0.0,0.0,1.02,1.85,0.55,4.68,0.0,0.0,0.0,0.0,0.0,0.0,0.0,1.0,0.0,0.0,0.0,0.0,0.0,1.0,1.0,724.36,58.18,76.27,68.65510940130561,6.377358970927648,68.08,84667046.20294286,9.5,11.713230747304165,9.024633955692934,50.66599155643793,0.89,141.55,MQTT-DDoS-Connect_Flood
11407.3,6.0,87.7,1.6538518453044382,1.6538518453044382,0.0,0.0,0.0,0.0,0.1,1.0,0.0,0.0,0.0,0.0,0.0,103.9,0.0,0.2,0.0,0.0,0.0,0.0,0.0,1.0,0.0,0.0,0.0,0.0,0.0,1.0,1.0,1069.8,63.6,116.4,68.47438596491227,11.33042344445366,80.4,169323360.4304369,13.5,11.706414799765614,16.12169699606666,433.2168667282241,0.3,244.6,MQTT-Malformed_Data
2224.52,6.0,64.0,86.08093135912412,86.08093135912412,0.0,0.0,0.0,0.0,0.96,1.0,0.0,0.0,0.0,0.0,0.0,17.52,0.0,0.0,0.0,0.0,0.0,0.0,0.0,1.0,0.0,0.0,0.0,0.0,0.0,1.0,1.0,4719.46,262.2,685.12,434.0552008273376,143.59630418256077,442.05,84666485.19327846,9.5,29.24891479193676,203.2051412986454,29776.66419259605,0.91,141.55,MQTT-DoS-Publish_Flood
70270.9,6.0,64.0,0.2371111577963027,0.2371111577963027,0.0,0.0,0.0,0.0,0.6,1.0,0.0,0.0,0.0,0.0,0.0,941.1,0.0,0.0,0.0,0.0,0.0,0.0,0.0,1.0,0.0,0.0,0.0,0.0,0.0,1.0,1.0,367.8,66.0,67.6,66.68015873015874,0.76947865897858,67.2,8.702278137207031e-06,5.5,11.548122967415798,1.0882071554841697,0.7415023935500126,0.8,38.5,Benign
32598.37,6.0,64.0,40.19676690097018,40.19676690097018,0.0,0.01,0.07,0.01,0.21,0.93,0.0,0.0,0.09,0.4,4.36,41.35,0.0,0.0,0.0,0.0,0.0,0.0,0.0,1.0,0.0,0.0,0.0,0.0,0.0,1.0,1.0,5099.7,63.96,1111.42,435.00807039279954,457.80886361156985,512.24,84666959.84694883,9.5,27.30724144295937,647.802120260226,296295.2996643397,0.85,141.55,MQTT-DDoS-Publish_Flood
414.68,6.0,64.0,8.898185122542039,8.898185122542039,0.0,0.21,0.13,0.03,0.3,0.91,0.0,0.0,0.97,1.7,0.44,5.02,0.0,0.0,0.0,0.0,0.0,0.0,0.0,1.0,0.0,0.0,0.0,0.0,0.0,1.0,1.0,723.53,63.4,75.58,68.70974093729627,4.037858124573881,68.77,84667026.68860796,9.5,11.722028578238874,5.7163484976201815,25.147767978341232,0.91,141.55,MQTT-DDoS-Connect_Flood
525.46,6.0,64.0,8.998928941830783,8.998928941830783,0.0,0.13,0.09,0.25,0.16,0.66,0.0,0.0,1.39,2.1,0.61,5.94,0.0,0.0,0.0,0.0,0.0,0.0,0.0,1.0,0.0,0.0,0.0,0.0,0.0,1.0,1.0,695.05,59.09,74.88,66.37021834705543,5.607702787855134,66.39,84667017.98301159,9.5,11.504588725964137,7.929941881308362,37.93279607419906,0.91,141.55,MQTT-DDoS-Connect_Flood
83661.6,7.1,64.0,1.8541040623701512,1.8541040623701512,0.0,0.0,0.0,0.0,0.5,0.9,0.0,0.0,0.0,0.0,0.0,1042.3,0.0,0.0,0.0,0.0,0.0,0.0,0.0,0.9,0.1,0.0,0.0,0.0,0.0,1.0,1.0,1305.6,66.0,152.2,83.87731627720405,24.32231340403056,92.5,169466629.5245689,13.5,12.950709109354085,34.51818170772349,663.5588442483407,1.0,244.6,Benign
693.53,6.0,64.0,60.64066999862584,60.64066999862584,0.0,0.12,0.2,0.15,0.21,0.82,0.0,0.0,1.08,2.63,1.5,7.45,0.0,0.0,0.0,0.0,0.0,0.0,0.0,1.0,0.0,0.0,0.0,0.0,0.0,1.0,1.0,720.87,62.88,75.48,68.56511261459559,3.8708590421817792,68.62,84662359.01822226,9.5,11.709167908946783,5.481007180125296,21.667096275975027,0.84,141.55,MQTT-DoS-Connect_Flood
388.2,6.0,64.0,780.6032603950969,780.6032603950969,0.0,0.2,0.2,0.2,0.3,0.7,0.0,0.0,0.8,1.6,0.9,3.6,0.0,0.0,0.0,0.0,0.0,0.0,0.0,1.0,0.0,0.0,0.0,0.0,0.0,1.0,1.0,378.8,60.4,78.2,69.05785714285716,6.443414618733788,68.6,0.0004791021347045,5.5,11.751470530174624,9.112364341806389,54.83689058956916,0.9,38.5,MQTT-Malformed_Data
436.79,6.0,64.0,10.83386097257922,10.83386097257922,0.0,0.16,0.04,0.0,0.22,0.97,0.0,0.0,1.05,1.96,0.09,5.21,0.0,0.0,0.0,0.0,0.0,0.0,0.0,1.0,0.0,0.0,0.0,0.0,0.0,1.0,1.0,730.26,66.0,79.58,69.34650944454582,5.257235938314895,70.0,84667035.11757995,9.5,11.774098215614169,7.433816612562271,35.66451189194012,0.82,141.55,MQTT-DDoS-Connect_Flood
506.7,6.0,64.0,10.908234090022288,10.908234090022288,0.0,0.28,0.23,0.12,0.26,0.71,0.0,0.0,1.35,2.13,0.41,5.82,0.0,0.0,0.0,0.0,0.0,0.0,0.0,1.0,0.0,0.0,0.0,0.0,0.0,1.0,1.0,719.96,62.96,76.95,68.2777161610749,5.217832193829265,69.87,84667032.33981791,9.5,11.680286658797442,7.382246653249046,35.99097648054425,0.91,141.55,MQTT-DDoS-Connect_Flood
531.92,6.0,64.0,12.859483090478925,12.859483090478925,0.0,0.33,0.08,0.05,0.46,0.87,0.0,0.0,1.44,2.03,0.26,6.37,0.0,0.0,0.0,0.0,0.0,0.0,0.0,1.0,0.0,0.0,0.0,0.0,0.0,1.0,1.0,752.84,63.6,80.94,70.8579025301324,7.284964358096192,72.74,84667023.7776782,9.5,11.898652151995076,10.29905837695717,60.64557510266133,0.9,141.55,MQTT-DDoS-Connect_Flood
396531.3,7.1,81.9,1.3477473571085177,1.3477473571085177,0.0,0.0,0.0,0.0,0.4,0.9,0.0,0.0,0.0,0.0,0.0,4814.7,0.0,0.1,0.0,0.0,0.0,0.0,0.0,0.9,0.1,0.0,0.0,0.0,0.0,1.0,1.0,517.4,62.5,168.8,92.70876984126986,34.77312956257173,90.2,0.0998657941818237,5.5,13.603458611126644,49.176631433545744,1574.2429795760895,0.9,38.5,Benign
3691.73,6.0,64.0,113.0740770859039,113.0740770859039,0.0,0.0,0.06,0.28,0.09,0.66,0.0,0.0,0.14,0.12,2.62,9.66,0.0,0.0,0.0,0.0,0.0,0.0,0.0,1.0,0.0,0.0,0.0,0.0,0.0,1.0,1.0,1662.66,81.88,384.6,179.75214323756737,123.77984890553697,129.07,84666970.76869135,9.5,16.825828375503487,175.23237374784682,67839.22299782178,0.76,141.55,MQTT-DDoS-Publish_Flood
634.7,6.0,64.0,9.349512138128494,9.349512138128494,0.0,0.17,0.17,0.36,0.14,0.53,0.0,0.0,1.8,2.46,1.02,7.01,0.0,0.0,0.0,0.0,0.0,0.0,0.0,1.0,0.0,0.0,0.0,0.0,0.0,1.0,1.0,675.79,58.4,75.5,64.27267441223208,6.348594994741752,64.47,84667020.44767956,9.5,11.331024550774,8.982517819574383,56.24917391960779,0.85,141.55,MQTT-DDoS-Connect_Flood
491.03,6.0,64.0,61.13404186635555,61.13404186635555,0.0,0.14,0.15,0.11,0.33,0.88,0.0,0.0,0.7,2.14,0.92,5.13,0.0,0.0,0.0,0.0,0.0,0.0,0.0,1.0,0.0,0.0,0.0,0.0,0.0,1.0,1.0,734.13,64.28,78.33,69.63516817711013,5.112520212154922,70.12,84662359.2990541,9.5,11.80040162038959,7.228406199230246,34.426957184826875,0.9,141.55,MQTT-DoS-Connect_Flood
8077.75,6.0,64.0,481.24547054759336,481.24547054759336,0.0,0.0,0.02,0.16,0.45,0.84,0.0,0.0,0.4,0.02,2.6,8.59,0.0,0.0,0.0,0.0,0.0,0.0,0.0,1.0,0.0,0.0,0.0,0.0,0.0,1.0,1.0,9209.08,268.81,1369.08,898.8156162901428,459.2410833806287,824.91,84666966.45415369,9.5,40.60147478635829,649.7520991719408,275413.261622706,0.85,141.55,MQTT-DDoS-Publish_Flood
6221.2,7.1,89.0,1.697576550777671,1.697576550777671,0.0,0.0,0.0,0.0,0.4,0.9,0.0,0.0,0.0,0.0,0.0,73.6,0.0,0.1,0.0,0.0,0.0,0.0,0.0,0.9,0.1,0.0,0.0,0.0,0.0,1.0,1.0,1388.8,54.0,217.2,89.78616288381382,39.83960399058884,96.6,169466577.0847087,13.5,13.339382108623994,54.397274011335696,1486.8479079378951,1.0,244.6,Benign
331904.2,6.0,64.0,1.9040037631688864,1.9040037631688864,0.0,0.0,0.0,0.0,0.5,1.0,0.0,0.0,0.0,0.0,0.0,4113.7,0.0,0.0,0.0,0.0,0.0,0.0,0.0,1.0,0.0,0.0,0.0,0.0,0.0,1.0,1.0,1241.4,66.0,110.5,79.99669165672648,16.578542774502147,80.6,169463084.0045129,13.5,12.64695306925578,23.50479321060677,276.89446420622573,1.0,244.6,Benign
39821.41,6.0,64.0,97.33804049248056,97.33804049248056,0.0,0.0,0.0,0.0,0.71,1.0,0.0,0.0,0.0,0.0,0.0,123.92,0.0,0.0,0.0,0.0,0.0,0.0,0.0,1.0,0.0,0.0,0.0,0.0,0.0,1.0,1.0,3577.94,131.74,921.74,342.8807204873729,269.4129068714053,346.6,84666981.09676778,9.5,25.252047976683315,381.3619169710488,117023.09186708528,0.86,141.55,MQTT-DDoS-Publish_Flood
147858.9,6.0,62.4,3.0042306234800384,3.0042306234800384,0.0,0.0,0.0,0.0,0.5,1.0,0.0,0.0,0.0,0.1,0.0,1922.2,0.0,0.0,0.0,0.0,0.0,0.0,0.0,1.0,0.0,0.0,0.0,0.0,0.0,1.0,1.0,1180.4,59.0,111.0,76.16734468189189,16.92872481193381,75.6,169469236.44399652,13.5,12.33903192812897,23.982274173398704,288.71451909194536,1.0,244.6,Benign
6443226.2,6.0,82.4,114.1132898626508,114.1132898626508,0.0,0.0,0.0,0.0,0.0,1.0,0.0,0.0,0.0,2.0,0.0,6635.5,0.0,1.0,0.0,0.0,0.0,0.0,0.0,1.0,0.0,0.0,0.0,0.0,0.0,1.0,1.0,8074.2,1351.2,1494.0,1479.72,42.84,1351.2,3.781318664550781e-05,5.5,54.394802638190335,60.58490901206339,18352.656,0.1,38.5,MQTT-Malformed_Data
257242.5,7.1,83.1,1.5901448137386327,1.5901448137386327,0.0,0.0,0.0,0.0,0.5,0.9,0.0,0.0,0.0,0.0,0.0,3148.5,0.0,0.0,0.0,0.0,0.0,0.0,0.0,0.9,0.1,0.0,0.0,0.0,0.0,1.0,1.0,506.5,68.2,155.8,88.38055555555556,28.68109140780768,96.3,0.0999895811080932,5.5,13.273931067158069,40.561188452584055,1329.3242508818344,0.9,38.5,Benign
763.01,6.0,64.0,14.08013049253426,14.08013049253426,0.0,0.44,0.06,0.11,0.25,0.84,0.0,0.0,2.46,2.36,0.84,8.96,0.0,0.0,0.0,0.0,0.0,0.0,0.0,1.0,0.0,0.0,0.0,0.0,0.0,1.0,1.0,721.83,60.77,78.89,68.3748213462664,7.069982331365086,69.32,84667033.36665453,9.5,11.690573419436452,9.998467022794491,66.14607775965966,0.87,141.55,MQTT-DDoS-Connect_Flood
444168.2,6.0,64.0,1.250280583241834,1.250280583241834,0.0,0.0,0.0,0.0,0.5,1.0,0.0,0.0,0.0,0.0,0.0,5332.5,0.0,0.0,0.0,0.0,0.0,0.0,0.0,1.0,0.0,0.0,0.0,0.0,0.0,1.0,1.0,429.1,66.0,95.5,75.88563492063491,11.90354943949074,80.9,7.340908050537109e-05,5.5,12.313713132877984,16.83416105770646,174.26785707986895,0.9,38.5,Benign
3457957.0,6.0,64.0,105.68271116268076,105.68271116268076,0.0,0.0,0.0,0.0,0.0,1.0,0.0,0.0,0.0,0.0,0.0,3520.5,0.0,1.0,0.0,0.0,0.0,0.0,0.0,1.0,0.0,0.0,0.0,0.0,0.0,1.0,1.0,14589.0,66.0,1494.0,920.9966617592934,690.8259677131732,1494.0,169323397.9857273,13.5,42.78893869338411,978.3026560453064,478893.4801577438,1.0,244.6,MQTT-Malformed_Data
738.5,6.0,64.0,63.99303882542921,63.99303882542921,0.0,0.11,0.18,0.17,0.18,0.84,0.0,0.0,1.0,2.93,1.37,8.07,0.0,0.0,0.0,0.0,0.0,0.0,0.0,1.0,0.0,0.0,0.0,0.0,0.0,1.0,1.0,729.29,64.05,79.79,70.02858580128162,5.318229460070248,68.73,84662359.51532808,9.5,11.829324084186776,7.518888397017236,34.50557011501345,0.89,141.55,MQTT-DoS-Connect_Flood
384.92,6.0,64.0,11.715972217694407,11.715972217694407,0.0,0.32,0.36,0.0,0.22,0.84,0.0,0.0,0.93,1.88,0.23,4.47,0.0,0.0,0.0,0.0,0.0,0.0,0.0,1.0,0.0,0.0,0.0,0.0,0.0,1.0,1.0,747.56,66.24,77.18,70.88495219610971,4.5048278424299415,71.29,84667035.69023985,9.5,11.904609600186369,6.361164387863059,25.30124347134016,0.91,141.55,MQTT-DDoS-Connect_Flood
14348.43,6.0,64.0,106.08178332332622,106.08178332332622,0.0,0.0,0.18,0.3,0.32,0.68,0.0,0.0,0.0,0.22,6.12,11.42,0.0,0.0,0.0,0.0,0.0,0.0,0.0,1.0,0.0,0.0,0.0,0.0,0.0,1.0,1.0,5421.09,128.88,1097.26,506.420022359864,424.13538741044215,566.14,84666955.29683098,9.5,29.288161213069365,600.2807687047214,269784.2405869794,0.86,141.55,MQTT-DDoS-Publish_Flood
32499.85,6.0,64.0,85.02468539888496,85.02468539888496,0.0,0.0,0.0,0.0,0.15,1.0,0.0,0.0,0.0,0.0,0.0,200.88,0.0,0.0,0.0,0.0,0.0,0.0,0.0,1.0,0.0,0.0,0.0,0.0,0.0,1.0,1.0,833.61,69.27,98.7,79.81890689165495,13.519214166973724,82.35,84666489.22450846,9.5,12.508165828069162,19.129294128527697,683.9202984488645,0.27,141.55,MQTT-DoS-Publish_Flood
181620.6,6.0,64.0,2.035574237045103,2.035574237045103,0.0,0.0,0.0,0.0,0.5,1.0,0.0,0.0,0.0,0.0,0.0,2261.5,0.0,0.0,0.0,0.0,0.0,0.0,0.0,1.0,0.0,0.0,0.0,0.0,0.0,1.0,1.0,443.0,67.7,99.6,79.9236507936508,12.826002062962749,80.3,0.0082242965698242,5.5,12.640758264305044,18.13870606846721,197.19517359536408,0.9,38.5,Benign
426.66,6.0,64.0,11.950242694748122,11.950242694748122,0.0,0.32,0.25,0.12,0.26,0.68,0.0,0.0,1.17,1.72,0.23,5.01,0.0,0.0,0.0,0.0,0.0,0.0,0.0,1.0,0.0,0.0,0.0,0.0,0.0,1.0,1.0,730.87,64.01,79.05,69.29557243461731,5.841742259870727,70.41,84667039.52349523,9.5,11.757731887453986,8.26179439187225,41.41769737290842,0.91,141.55,MQTT-DDoS-Connect_Flood
632.47,6.0,64.0,60.91953125344637,60.91953125344637,0.0,0.12,0.13,0.14,0.32,0.87,0.0,0.0,0.74,2.57,1.13,6.93,0.0,0.0,0.0,0.0,0.0,0.0,0.0,1.0,0.0,0.0,0.0,0.0,0.0,1.0,1.0,726.14,63.29,78.59,69.10021784738309,5.343080530042823,68.89,84662359.42863655,9.5,11.754617653487683,7.54993770465405,38.5082702852075,0.9,141.55,MQTT-DoS-Connect_Flood
478.94,6.0,64.0,6.473546613680236,6.473546613680236,0.0,0.23,0.11,0.3,0.17,0.65,0.0,0.0,1.28,2.01,0.71,5.24,0.0,0.0,0.0,0.0,0.0,0.0,0.0,1.0,0.0,0.0,0.0,0.0,0.0,1.0,1.0,689.5,58.32,77.14,65.20975946744176,6.316869789959716,65.13,84667017.68875653,9.5,11.407798418724486,8.940672410943103,48.151549716125054,0.89,141.55,MQTT-DDoS-Connect_Flood
662.76,6.0,64.0,10.008631960114084,10.008631960114084,0.0,0.16,0.13,0.32,0.17,0.63,0.0,0.0,1.91,2.32,1.17,7.49,0.0,0.0,0.0,0.0,0.0,0.0,0.0,1.0,0.0,0.0,0.0,0.0,0.0,1.0,1.0,687.51,58.0,78.61,66.0126675992566,7.164746106387307,65.04,84667045.53067718,9.5,11.484133707614978,10.111869711548996,62.61854534950614,0.95,141.55,MQTT-DDoS-Connect_Flood
406.5,6.0,64.0,16.812100644087064,16.812100644087064,0.0,0.22,0.3,0.04,0.23,0.96,0.0,0.0,1.02,1.6,0.72,4.88,0.0,0.0,0.0,0.0,0.0,0.0,0.0,1.0,0.0,0.0,0.0,0.0,0.0,1.0,1.0,727.07,65.04,73.64,69.04401951445529,3.416022232950682,69.1,84667039.26378304,9.5,11.750521795181491,4.834126423583623,14.50517658738532,0.94,141.55,MQTT-DDoS-Connect_Flood
68306.46,6.0,64.0,72.20951865921606,72.20951865921606,0.0,0.0,0.0,0.0,0.41,1.0,0.0,0.0,0.0,0.0,0.0,216.7,0.0,0.0,0.0,0.0,0.0,0.0,0.0,1.0,0.0,0.0,0.0,0.0,0.0,1.0,1.0,2677.87,121.31,580.45,287.1617628854204,167.88814777866585,226.76,84666982.10968803,9.5,21.843582371132232,235.38691925462976,67606.21354406548,0.74,141.55,MQTT-DDoS-Publish_Flood
473.73,6.0,64.0,30.8619533775627,30.8619533775627,0.0,0.03,0.22,0.18,0.28,0.81,0.0,0.0,0.2,2.22,0.56,5.22,0.0,0.0,0.0,0.0,0.0,0.0,0.0,1.0,0.0,0.0,0.0,0.0,0.0,1.0,1.0,757.55,65.82,80.62,72.74099537476626,5.850116099478142,71.08,84662372.99010691,9.5,12.058028364302082,8.274134492061211,39.998051818678256,0.94,141.55,MQTT-DoS-Connect_Flood
402.24,6.0,64.0,11.52056235845318,11.52056235845318,0.0,0.29,0.04,0.25,0.26,0.74,0.0,0.0,1.13,1.33,0.57,4.7,0.0,0.0,0.0,0.0,0.0,0.0,0.0,1.0,0.0,0.0,0.0,0.0,0.0,1.0,1.0,678.44,57.52,75.16,64.54515412919554,5.653017560807288,64.87,84667026.9197608,9.5,11.356508938118044,8.004515017907272,41.46147611763831,0.89,141.55,MQTT-DDoS-Connect_Flood
226438.2,6.0,63.5,1.860108464558868,1.860108464558868,0.0,0.0,0.0,0.0,0.5,1.0,0.0,0.0,0.0,0.1,0.0,3009.2,0.0,0.1,0.0,0.0,0.0,0.0,0.0,1.0,0.0,0.0,0.0,0.0,0.0,1.0,1.0,1224.9,66.0,110.0,79.21243840352973,15.101172093338173,75.3,169466545.8252472,13.5,12.58351758231685,21.395063626397096,229.3518166647033,1.0,244.6,Benign
505.37,6.0,64.0,12.546752846168603,12.546752846168603,0.0,0.1,0.39,0.28,0.11,0.33,0.0,0.0,1.37,2.0,0.63,5.66,0.0,0.0,0.0,0.0,0.0,0.0,0.0,1.0,0.0,0.0,0.0,0.0,0.0,1.0,1.0,717.44,61.56,79.13,68.99463374615581,5.949052086499979,67.45,84667041.75721864,9.5,11.736467323551151,8.408878520135266,48.80637243009762,0.86,141.55,MQTT-DDoS-Connect_Flood
665.15,6.0,64.0,7.83663769234697,7.83663769234697,0.0,0.11,0.17,0.42,0.1,0.41,0.0,0.0,1.9,2.46,1.18,7.25,0.0,0.0,0.0,0.0,0.0,0.0,0.0,1.0,0.0,0.0,0.0,0.0,0.0,1.0,1.0,675.54,56.4,77.29,64.59214467459785,7.311203097074427,63.97,84667023.99036232,9.5,11.358381527108284,10.31819706565595,62.16489822733215,0.9,141.55,MQTT-DDoS-Connect_Flood
371.5,6.0,64.0,7.184235572475124,7.184235572475124,0.0,0.21,0.28,0.03,0.24,0.85,0.0,0.0,0.77,1.98,0.34,4.07,0.0,0.0,0.0,0.0,0.0,0.0,0.0,1.0,0.0,0.0,0.0,0.0,0.0,1.0,1.0,745.28,64.97,78.3,71.22586717230139,5.130258046618685,70.73,84667043.53830132,9.5,11.932896987754027,7.252932419319953,33.20598267391096,0.93,141.55,MQTT-DDoS-Connect_Flood
178339.3,6.0,69.9,1.04931258872223,1.04931258872223,0.0,0.0,0.0,0.0,0.6,1.0,0.0,0.0,0.0,0.0,0.0,2382.3,0.0,0.0,0.0,0.0,0.0,0.0,0.0,1.0,0.0,0.0,0.0,0.0,0.0,1.0,1.0,1218.8,54.0,111.0,78.72108544061717,16.965330904661215,78.7,169468911.59292537,13.5,12.54544549808309,24.04357681278234,289.977395940224,1.0,244.6,Benign
304.82,6.0,64.0,10.649691633091264,10.649691633091264,0.0,0.28,0.29,0.0,0.16,1.0,0.0,0.0,0.68,1.48,0.3,3.78,0.0,0.0,0.0,0.0,0.0,0.0,0.0,1.0,0.0,0.0,0.0,0.0,0.0,1.0,1.0,727.48,66.28,74.24,69.38845217544753,3.337333515108906,69.08,84667024.85773121,9.5,11.779505022973671,4.717454594352503,12.238879440444627,0.93,141.55,MQTT-DDoS-Connect_Flood
320260.0,7.1,60.7,1.650746991789735,1.650746991789735,0.0,0.0,0.0,0.0,0.5,0.9,0.0,0.0,0.0,0.0,0.0,3788.2,0.0,0.0,0.0,0.0,0.0,0.0,0.0,0.9,0.1,0.0,0.0,0.0,0.0,1.0,1.0,511.6,70.5,136.2,93.14400793650792,25.362092583442603,112.9,0.0753515005111694,5.5,13.6282156603834,35.86741530166661,921.5860483591588,0.9,38.5,Benign
208.92,6.0,64.0,10.269106078779044,10.269106078779044,0.0,0.22,0.37,0.0,0.2,1.0,0.0,0.0,0.33,1.32,0.1,2.44,0.0,0.0,0.0,0.0,0.0,0.0,0.0,1.0,0.0,0.0,0.0,0.0,0.0,1.0,1.0,728.08,66.2,73.36,69.1965775127865,3.03293595449208,69.76,84667027.80422364,9.5,11.76278738667559,4.288435554387507,10.041482853098394,0.94,141.55,MQTT-DDoS-Connect_Flood
358.79,6.0,64.0,10.47168955202414,10.47168955202414,0.0,0.26,0.3,0.0,0.23,1.0,0.0,0.0,0.68,1.4,0.43,4.36,0.0,0.0,0.0,0.0,0.0,0.0,0.0,1.0,0.0,0.0,0.0,0.0,0.0,1.0,1.0,744.84,66.2,78.66,70.50416915841296,4.601644563735518,70.68,84667027.56032582,9.5,11.873074516660152,6.512890814995975,37.92254339693818,0.92,141.55,MQTT-DDoS-Connect_Flood
360.28,6.0,64.0,6.951503040884089,6.951503040884089,0.0,0.19,0.19,0.01,0.21,0.96,0.0,0.0,0.8,1.68,0.4,4.23,0.0,0.0,0.0,0.0,0.0,0.0,0.0,1.0,0.0,0.0,0.0,0.0,0.0,1.0,1.0,720.64,63.88,75.23,68.61805157222379,3.749685488748869,68.74,84667037.35284173,9.5,11.711794009002183,5.294356590502462,17.082323497257562,0.94,141.55,MQTT-DDoS-Connect_Flood
231384.2,6.0,64.0,1.7744255047763846,1.7744255047763846,0.0,0.0,0.0,0.0,0.5,1.0,0.0,0.0,0.0,0.0,0.0,2853.3,0.0,0.0,0.0,0.0,0.0,0.0,0.0,1.0,0.0,0.0,0.0,0.0,0.0,1.0,1.0,1344.2,66.0,230.0,86.86546450410614,40.054173098159545,80.8,169463028.60438362,13.5,13.188209796574911,56.73763184391224,1617.592569504469,1.0,244.6,Benign
467.03,6.0,64.0,10.369078880956272,10.369078880956272,0.0,0.15,0.14,0.13,0.12,0.87,0.0,0.0,0.92,1.92,0.65,5.38,0.0,0.0,0.0,0.0,0.0,0.0,0.0,1.0,0.0,0.0,0.0,0.0,0.0,1.0,1.0,705.32,60.64,73.0,67.62802318441791,3.7225854523510034,66.52,84667048.36717021,9.5,11.628204961922751,5.254253320159949,22.054538780600804,0.77,141.55,MQTT-DDoS-Connect_Flood
339.51,6.0,64.0,10.363773628427916,10.363773628427916,0.0,0.19,0.19,0.08,0.29,0.85,0.0,0.0,0.58,1.47,0.24,4.24,0.0,0.0,0.0,0.0,0.0,0.0,0.0,1.0,0.0,0.0,0.0,0.0,0.0,1.0,1.0,731.9,66.4,74.54,69.5382324025304,3.081300133092248,69.84,84667030.48431435,9.5,11.790361551659412,4.360135769388902,15.668620830818586,0.78,141.55,MQTT-DDoS-Connect_Flood
506.61,6.0,64.0,10.604413164564368,10.604413164564368,0.0,0.13,0.33,0.3,0.16,0.48,0.0,0.0,1.47,1.99,0.57,5.87,0.0,0.0,0.0,0.0,0.0,0.0,0.0,1.0,0.0,0.0,0.0,0.0,0.0,1.0,1.0,689.57,59.21,76.89,65.39113301288495,6.53356904554345,66.82,84667036.4247322,9.5,11.421446756485931,9.227265080403091,51.838661369922846,0.93,141.55,MQTT-DDoS-Connect_Flood
86912.8,7.1,64.0,1.8444641541590148,1.8444641541590148,0.0,0.0,0.0,0.0,0.4,0.9,0.0,0.0,0.0,0.0,0.0,1063.4,0.0,0.0,0.0,0.0,0.0,0.0,0.0,0.9,0.1,0.0,0.0,0.0,0.0,1.0,1.0,536.1,66.0,188.2,90.06242063492063,41.95386580638485,164.9,0.0512401103973388,5.5,13.314864266778397,59.33172601737031,6840.484938759762,0.9,38.5,Benign
81495.21,6.0,64.0,103.20671266830172,103.20671266830172,0.0,0.0,0.0,0.0,0.58,1.0,0.0,0.0,0.0,0.0,0.0,381.36,0.0,0.0,0.0,0.0,0.0,0.0,0.0,1.0,0.0,0.0,0.0,0.0,0.0,1.0,1.0,1308.85,104.15,156.47,122.37734041233963,20.51499152358476,129.22,84666484.33106641,9.5,15.363846766899098,29.000487052567795,930.8058258460532,0.48,141.55,MQTT-DoS-Publish_Flood
710.87,6.0,64.0,56.574911551664016,56.574911551664016,0.0,0.12,0.29,0.16,0.22,0.87,0.0,0.0,0.94,2.88,1.42,7.76,0.0,0.0,0.0,0.0,0.0,0.0,0.0,1.0,0.0,0.0,0.0,0.0,0.0,1.0,1.0,739.97,64.0,78.33,70.43403789489663,5.056231791173079,70.39,84662358.99428682,9.5,11.867548280198822,7.160973774257876,31.67028609225596,0.93,141.55,MQTT-DoS-Connect_Flood
544.43,6.0,64.0,16.09618098667638,16.09618098667638,0.0,0.12,0.17,0.16,0.18,0.77,0.0,0.0,0.37,2.11,0.54,5.7,0.0,0.0,0.0,0.0,0.0,0.0,0.0,1.0,0.0,0.0,0.0,0.0,0.0,1.0,1.0,729.9,62.25,80.39,69.45068763374569,6.221521810304646,69.69,84662368.79717338,9.5,11.781696130589792,8.803117718711738,44.68085472117594,0.89,141.55,MQTT-DoS-Connect_Flood
248705.6,6.0,64.0,1.7411083245779249,1.7411083245779249,0.0,0.0,0.0,0.0,0.5,1.0,0.0,0.0,0.0,0.0,0.0,3310.1,0.0,0.0,0.0,0.0,0.0,0.0,0.0,1.0,0.0,0.0,0.0,0.0,0.0,1.0,1.0,1391.0,66.0,246.0,90.2812796388338,44.16507531488331,75.6,169465116.6106897,13.5,13.443637784552632,62.56320964503202,1968.8443619205275,1.0,244.6,Benign
1271480.3,15.9,83.1,44.69147935538536,44.69147935538536,0.0,0.0,0.0,0.0,0.1,0.1,0.0,0.0,0.0,0.2,0.0,1.2,0.0,0.1,0.0,0.0,0.0,0.0,0.0,0.1,0.9,0.0,0.0,0.0,0.0,1.0,1.0,988.1,75.2,479.2,157.59821428571428,132.86662633562008,207.3,0.0075887203216552,5.5,17.4197336484686,187.90178495059223,30812.29315858844,0.9,38.5,Benign
397.53,6.0,64.0,9.379906013662278,9.379906013662278,0.0,0.17,0.25,0.13,0.13,0.85,0.0,0.0,0.88,1.7,0.5,4.66,0.0,0.0,0.0,0.0,0.0,0.0,0.0,1.0,0.0,0.0,0.0,0.0,0.0,1.0,1.0,713.1,59.96,76.27,68.00443005059955,5.517971240357103,67.46,84667049.91073154,9.5,11.661597415366703,7.7905688238578,39.55594909505191,0.92,141.55,MQTT-DDoS-Connect_Flood
476.96,6.0,64.0,10.765736205822652,10.765736205822652,0.0,0.18,0.14,0.39,0.2,0.55,0.0,0.0,1.28,1.83,0.69,5.49,0.0,0.0,0.0,0.0,0.0,0.0,0.0,1.0,0.0,0.0,0.0,0.0,0.0,1.0,1.0,673.01,58.44,75.96,63.786286967805154,6.740680519295049,64.26,84667044.58742021,9.5,11.286106502447348,9.532587107603185,64.71793848635477,0.89,141.55,MQTT-DDoS-Connect_Flood
524.46,6.0,64.0,4.70052239247024,4.70052239247024,0.0,0.33,0.06,0.22,0.23,0.73,0.0,0.0,1.38,2.14,0.72,5.77,0.0,0.0,0.0,0.0,0.0,0.0,0.0,1.0,0.0,0.0,0.0,0.0,0.0,1.0,1.0,694.63,60.57,76.6,66.08632415864149,5.369912160593191,66.42,84667031.19677803,9.5,11.487378127947572,7.603478720073049,41.5645059031647,0.87,141.55,MQTT-DDoS-Connect_Flood
8087.39,6.0,64.0,77.11869635276902,77.11869635276902,0.0,0.03,0.05,0.21,0.38,0.79,0.0,0.0,0.5,0.1,2.94,11.87,0.0,0.0,0.0,0.0,0.0,0.0,0.0,1.0,0.0,0.0,0.0,0.0,0.0,1.0,1.0,8269.68,335.5,1355.36,799.7805551099657,420.69829721543874,784.86,84666975.04808357,9.5,37.59369329693379,595.4705874468544,238363.254799802,0.88,141.55,MQTT-DDoS-Publish_Flood
60188.85,6.0,64.0,80.58567160764669,80.58567160764669,0.0,0.0,0.0,0.0,0.42,1.0,0.0,0.0,0.0,0.0,0.0,166.89,0.0,0.0,0.0,0.0,0.0,0.0,0.0,1.0,0.0,0.0,0.0,0.0,0.0,1.0,1.0,3680.04,146.66,841.86,344.77833144036043,241.714635349118,341.15,84666497.12920037,9.5,23.90054266414057,342.26376650856963,109747.08414175337,0.6,141.55,MQTT-DoS-Publish_Flood
35420.8,6.9,25.8,1.450912661962763,1.450912661962763,0.0,0.0,0.0,0.0,0.2,0.3,0.0,0.0,0.0,0.0,0.0,390.9,0.0,0.0,0.0,0.0,0.0,0.0,0.0,0.3,0.3,0.0,0.4,0.0,0.0,0.6,0.6,1575.8,46.8,345.8,97.4371366825469,78.74227733284684,204.7,169469542.21503308,13.5,13.848644389017773,111.97965675217,11973.41191158276,1.0,244.6,Benign
448.45,6.0,64.0,11.392194032035937,11.392194032035937,0.0,0.1,0.26,0.36,0.14,0.57,0.0,0.0,1.2,1.73,0.65,5.17,0.0,0.0,0.0,0.0,0.0,0.0,0.0,1.0,0.0,0.0,0.0,0.0,0.0,1.0,1.0,686.62,56.04,78.6,65.18736862840461,7.931910909032539,65.45,84667045.0538893,9.5,11.40957281550118,11.215491512121805,75.4809839853352,0.92,141.55,MQTT-DDoS-Connect_Flood
539964.9,17.0,64.0,53.67466250597813,53.67466250597813,0.0,0.0,0.0,0.0,0.0,0.0,0.0,0.0,0.0,0.0,0.0,0.0,0.0,0.0,0.0,0.0,0.0,0.0,0.0,0.0,1.0,0.0,0.0,0.0,0.0,1.0,1.0,558.9,100.6,102.4,101.68698412698411,0.6271220072135504,101.7,0.0192304849624633,5.5,14.26091591803038,0.8868844478640409,0.5672423784328545,0.7,38.5,Benign
27193.4,6.0,123.0,30.7315714141914,30.7315714141914,0.0,0.0,0.0,0.0,0.6,1.0,0.0,0.0,0.0,1.0,0.0,26.5,0.0,1.0,0.0,0.0,0.0,0.0,0.0,1.0,0.0,0.0,0.0,0.0,0.0,1.0,1.0,7417.4,820.4,1466.0,1350.6822619047618,239.841281200061,1385.3,0.0037127971649169,5.5,51.95226091211545,339.18679269006554,73539.0711274093,0.8,38.5,Benign
524.44,6.0,64.0,9.407155405374082,9.407155405374082,0.0,0.26,0.27,0.06,0.33,0.71,0.0,0.0,1.37,2.08,0.52,6.08,0.0,0.0,0.0,0.0,0.0,0.0,0.0,1.0,0.0,0.0,0.0,0.0,0.0,1.0,1.0,733.1,63.84,75.72,69.13648674407807,4.383694329871447,70.55,84667027.92401682,9.5,11.750238217618405,6.208714823301864,28.69256820537653,0.9,141.55,MQTT-DDoS-Connect_Flood
404279.6,6.0,64.0,2.033216204980038,2.033216204980038,0.0,0.0,0.0,0.0,0.5,1.0,0.0,0.0,0.0,0.0,0.0,5204.7,0.0,0.0,0.0,0.0,0.0,0.0,0.0,1.0,0.0,0.0,0.0,0.0,0.0,1.0,1.0,1228.0,66.0,111.0,79.30324276042155,15.331133531828394,77.8,169465570.0195015,13.5,12.59925395895984,21.69650820128996,235.78677956669443,1.0,244.6,Benign
467911.2,6.0,64.0,2.0341860377129763,2.0341860377129763,0.0,0.0,0.0,0.0,0.5,1.0,0.0,0.0,0.0,0.0,0.0,6024.1,0.0,0.0,0.0,0.0,0.0,0.0,0.0,1.0,0.0,0.0,0.0,0.0,0.0,1.0,1.0,423.6,67.8,90.0,77.36936507936508,9.186247407704958,77.9,0.099903392791748,5.5,12.43765459925701,12.99131567129104,97.77803565129754,0.9,38.5,Benign
326646.6,6.0,64.0,1.5143235986863957,1.5143235986863957,0.0,0.0,0.0,0.0,0.5,1.0,0.0,0.0,0.0,0.0,0.0,3976.3,0.0,0.0,0.0,0.0,0.0,0.0,0.0,1.0,0.0,0.0,0.0,0.0,0.0,1.0,1.0,468.4,70.4,110.8,88.59083333333334,17.666463439248634,81.0,0.0998747110366821,5.5,13.297760986334035,24.98415219495385,349.58302876984123,0.9,38.5,Benign
192.89,6.0,64.0,1192.1659958201574,1192.1659958201574,0.0,0.18,0.15,0.3,0.13,0.57,0.0,0.0,0.53,0.25,0.73,1.95,0.0,0.0,0.0,0.0,0.0,0.0,0.0,1.0,0.0,0.0,0.0,0.0,0.0,1.0,1.0,683.17,55.24,76.97,64.78193096428855,7.415181274987236,65.36,84667033.4711573,9.5,11.376525553664155,10.494829480249248,64.56355187614368,0.93,141.55,MQTT-DDoS-Connect_Flood
353.66,6.0,64.0,12.858018387513791,12.858018387513791,0.0,0.38,0.04,0.0,0.49,0.97,0.0,0.0,0.69,1.4,0.14,4.57,0.0,0.0,0.0,0.0,0.0,0.0,0.0,1.0,0.0,0.0,0.0,0.0,0.0,1.0,1.0,738.23,67.84,76.87,70.94131910616044,3.3875762771767715,69.8,84667039.16510671,9.5,11.907994165654973,4.78828641188731,17.931203146757078,0.79,141.55,MQTT-DDoS-Connect_Flood
96098.55,6.0,64.0,86.37894694800968,86.37894694800968,0.0,0.0,0.0,0.0,0.81,1.0,0.0,0.0,0.0,0.0,0.0,322.24,0.0,0.0,0.0,0.0,0.0,0.0,0.0,1.0,0.0,0.0,0.0,0.0,0.0,1.0,1.0,1609.69,101.97,164.1,147.1492449475619,24.09875549649471,154.29,84666488.64985614,9.5,17.01063762556986,34.00368092085488,1064.5278334452978,0.57,141.55,MQTT-DoS-Publish_Flood
2513.5,0.6,6.4,2.048603657044816,2.048603657044816,0.0,0.0,0.0,0.0,0.0,0.1,0.0,0.0,0.0,0.0,0.0,33.6,0.0,0.0,0.0,0.0,0.0,0.0,0.0,0.1,0.0,0.0,0.9,0.0,0.0,0.1,0.1,1077.0,44.4,111.0,70.23596612881443,20.42984241756971,51.6,169470622.1589246,13.5,11.849343868012769,28.958736911761186,421.53068882214376,1.0,244.6,Benign
362.78,6.0,64.0,71.20554876889457,71.20554876889457,0.0,0.02,0.26,0.11,0.25,0.88,0.0,0.0,0.11,1.85,0.3,3.92,0.0,0.0,0.0,0.0,0.0,0.0,0.0,1.0,0.0,0.0,0.0,0.0,0.0,1.0,1.0,739.0,66.24,77.38,70.10839020456669,4.028998786916311,70.62,84662363.17570382,9.5,11.8388688439748,5.698653877810253,20.47794862247623,0.87,141.55,MQTT-DoS-Connect_Flood
542.36,6.0,64.0,9.597035955276947,9.597035955276947,0.0,0.26,0.11,0.3,0.22,0.63,0.0,0.0,1.41,2.22,0.88,5.9,0.0,0.0,0.0,0.0,0.0,0.0,0.0,1.0,0.0,0.0,0.0,0.0,0.0,1.0,1.0,683.79,56.48,78.62,65.32266775712247,7.181759042562915,65.07,84667022.48030117,9.5,11.427438461916672,10.151534425411011,62.70031015013293,0.91,141.55,MQTT-DDoS-Connect_Flood
70004.6,6.0,64.0,2.036196287946271,2.036196287946271,0.0,0.0,0.0,0.0,0.5,1.0,0.0,0.0,0.0,0.0,0.0,871.5,0.0,0.0,0.0,0.0,0.0,0.0,0.0,1.0,0.0,0.0,0.0,0.0,0.0,1.0,1.0,2081.8,66.0,929.0,136.23702521850353,211.71497207634184,80.4,169464124.9110853,13.5,16.513289728920842,300.0297001153228,45341.025855286935,1.0,244.6,Benign
20193.4,6.0,64.0,0.1275443459468395,0.1275443459468395,0.0,0.0,0.0,0.0,0.4,1.0,0.0,0.0,0.0,0.0,0.0,268.5,0.0,0.0,0.0,0.0,0.0,0.0,0.0,1.0,0.0,0.0,0.0,0.0,0.0,1.0,1.0,1040.0,66.0,68.0,67.11578087547129,0.9862309954912428,66.8,169464293.91188747,13.5,11.586284745314671,1.39454523916648,0.9727401304202616,1.0,244.6,Benign
581.8,6.0,64.0,9.99311200888714,9.99311200888714,0.0,0.22,0.19,0.18,0.16,0.66,0.0,0.0,1.59,2.21,0.86,6.59,0.0,0.0,0.0,0.0,0.0,0.0,0.0,1.0,0.0,0.0,0.0,0.0,0.0,1.0,1.0,710.76,60.0,76.9,68.10834869426239,5.373563466012345,67.02,84667025.54184194,9.5,11.665549648766266,7.594676002105806,36.36687985864866,0.93,141.55,MQTT-DDoS-Connect_Flood
281674.7,6.0,64.0,1.6264133804834568,1.6264133804834568,0.0,0.0,0.0,0.0,0.5,1.0,0.0,0.0,0.0,0.0,0.0,3592.6,0.0,0.0,0.0,0.0,0.0,0.0,0.0,1.0,0.0,0.0,0.0,0.0,0.0,1.0,1.0,992.9,42.0,107.4,63.55353359660635,17.809637513875572,78.5,169465534.81958032,13.5,11.261608386123491,25.15699712796124,319.38123114806865,1.0,244.6,Benign
488.09,6.0,64.0,8.856024202704512,8.856024202704512,0.0,0.05,0.14,0.0,0.39,1.0,0.0,0.0,0.44,2.16,0.1,5.61,0.0,0.0,0.0,0.0,0.0,0.0,0.0,1.0,0.0,0.0,0.0,0.0,0.0,1.0,1.0,728.2,67.76,71.88,69.57249367471194,1.598581894438191,69.04,84662373.02682993,9.5,11.79481653320755,2.261646704570546,6.63541281477149,0.42,141.55,MQTT-DoS-Connect_Flood
134444.0,6.0,64.0,1.4485986378165496,1.4485986378165496,0.0,0.0,0.0,0.0,0.5,1.0,0.0,0.0,0.0,0.0,0.0,1631.9,0.0,0.0,0.0,0.0,0.0,0.0,0.0,1.0,0.0,0.0,0.0,0.0,0.0,1.0,1.0,448.9,66.0,106.1,80.72265873015873,17.195241301514592,81.1,9.059906005859376e-05,5.5,12.698454463215295,24.317743456879928,330.51749015810026,0.9,38.5,Benign
556.13,6.0,64.0,7.628614616890101,7.628614616890101,0.0,0.07,0.08,0.42,0.11,0.5,0.0,0.0,1.81,2.0,0.9,6.23,0.0,0.0,0.0,0.0,0.0,0.0,0.0,1.0,0.0,0.0,0.0,0.0,0.0,1.0,1.0,665.73,55.24,78.85,63.59305583112278,8.284442615467846,63.57,84667024.24609523,9.5,11.271278722824553,11.727274939528495,77.9303798757598,0.92,141.55,MQTT-DDoS-Connect_Flood
489.43,6.0,64.0,9.693399648342629,9.693399648342629,0.0,0.54,0.14,0.0,0.27,0.86,0.0,0.0,1.32,2.17,0.23,5.64,0.0,0.0,0.0,0.0,0.0,0.0,0.0,1.0,0.0,0.0,0.0,0.0,0.0,1.0,1.0,750.72,66.5,79.48,71.62491021444156,5.09967361773308,71.41,84667030.69623986,9.5,11.963671657835498,7.196385184482033,32.67958180237999,0.9,141.55,MQTT-DDoS-Connect_Flood
8065.9,5.2,34.6,0.4768089135278986,0.4768089135278986,0.0,0.0,0.0,0.0,0.3,0.3,0.0,0.0,0.0,0.0,0.0,72.2,0.0,0.0,0.0,0.0,0.0,0.0,0.0,0.3,0.2,0.0,0.5,0.0,0.0,0.5,0.5,791.7,42.0,422.8,112.19039682539685,120.73476724048422,187.0,0.0868885993957519,5.5,14.267080648758965,170.74474528145163,31610.20627355757,0.9,38.5,Benign
83461.2,6.0,64.0,0.3939787649746337,0.3939787649746337,0.0,0.0,0.0,0.0,0.5,1.0,0.0,0.0,0.0,0.0,0.0,1123.8,0.0,0.0,0.0,0.0,0.0,0.0,0.0,1.0,0.0,0.0,0.0,0.0,0.0,1.0,1.0,1104.4,66.0,112.0,71.40938729270387,11.912676048270956,67.0,169465211.910339,13.5,11.952347478218826,16.879334342891163,143.33800713240643,1.0,244.6,Benign
9049.18,6.0,64.0,12.058267678971244,12.058267678971244,0.0,0.07,0.04,0.08,0.22,0.91,0.0,0.0,0.52,1.88,5.67,18.77,0.0,0.0,0.0,0.0,0.0,0.0,0.0,1.0,0.0,0.0,0.0,0.0,0.0,1.0,1.0,3186.01,86.01,915.34,298.9006803862203,322.6321822994267,325.37,84666966.56737894,9.5,22.16666019873514,456.20831781865775,175531.19793814662,0.8,141.55,MQTT-DDoS-Publish_Flood
73526.34,6.0,64.0,76.94063771709912,76.94063771709912,0.0,0.0,0.0,0.0,0.39,1.0,0.0,0.0,0.0,0.0,0.0,288.09,0.0,0.0,0.0,0.0,0.0,0.0,0.0,1.0,0.0,0.0,0.0,0.0,0.0,1.0,1.0,1809.74,97.61,357.17,162.3872614091275,93.64507314653784,180.29,84666495.51304674,9.5,16.959252703161457,132.55400600708808,29202.76956974128,0.69,141.55,MQTT-DoS-Publish_Flood
302518.0,8.2,57.7,1.845397384977448,1.845397384977448,0.0,0.0,0.0,0.0,0.4,0.8,0.0,0.0,0.0,0.0,0.0,3593.2,0.0,0.0,0.0,0.0,0.0,0.0,0.0,0.8,0.2,0.0,0.0,0.0,0.0,1.0,1.0,2262.3,66.0,930.0,147.78762385876936,212.1753538216764,108.6,169465948.7094138,13.5,17.15706137244758,300.6363795372411,45495.59369644117,1.0,244.6,Benign
344.51,6.0,64.0,9.002287406328557,9.002287406328557,0.0,0.26,0.3,0.06,0.23,0.78,0.0,0.0,0.89,1.67,0.12,4.05,0.0,0.0,0.0,0.0,0.0,0.0,0.0,1.0,0.0,0.0,0.0,0.0,0.0,1.0,1.0,729.71,63.8,77.8,68.9282040632656,5.026227347167568,70.38,84667028.85449307,9.5,11.734679565397771,7.102767846301038,32.08068705885654,0.94,141.55,MQTT-DDoS-Connect_Flood
19339.4,6.0,64.0,0.5393789915127698,0.5393789915127698,0.0,0.0,0.0,0.0,0.7,1.0,0.0,0.0,0.0,0.0,0.0,258.9,0.0,0.0,0.0,0.0,0.0,0.0,0.0,1.0,0.0,0.0,0.0,0.0,0.0,1.0,1.0,373.8,66.0,71.4,67.4884126984127,1.817696817785818,69.2,8.938312530517578e-05,5.5,11.617614380502816,2.57061149199512,7.293324011085916,0.9,38.5,Benign
15008.43,6.0,64.0,18.94358461004715,18.94358461004715,0.0,0.0,0.05,0.34,0.42,0.61,0.0,0.0,0.65,1.84,10.83,30.39,0.0,0.0,0.0,0.0,0.0,0.0,0.0,1.0,0.0,0.0,0.0,0.0,0.0,1.0,1.0,1238.49,61.58,190.94,119.64519056794596,47.11074808012876,112.46,84666968.24525037,9.5,15.289066387643588,66.68417566794744,2608.270394411657,0.95,141.55,MQTT-DDoS-Publish_Flood
530.1,6.0,64.0,12.951810362711518,12.951810362711518,0.0,0.19,0.06,0.44,0.2,0.5,0.0,0.0,1.62,1.58,0.67,6.0,0.0,0.0,0.0,0.0,0.0,0.0,0.0,1.0,0.0,0.0,0.0,0.0,0.0,1.0,1.0,671.6,55.14,80.74,64.23626344063572,8.999902372738017,64.55,84667036.51130585,9.5,11.322924896652108,12.720260395648824,89.8782058588973,0.93,141.55,MQTT-DDoS-Connect_Flood
26369.4,8.2,64.0,1.665532562556797,1.665532562556797,0.0,0.0,0.0,0.0,0.4,0.8,0.0,0.0,0.0,0.0,0.0,308.4,0.0,0.0,0.0,0.0,0.0,0.0,0.0,0.8,0.2,0.0,0.0,0.0,0.0,1.0,1.0,650.6,70.5,275.2,107.84178571428572,66.5563464208611,180.1,0.0226207971572875,5.5,14.511742826168344,94.12488777038376,13928.352468112242,0.9,38.5,Benign
25545.72,6.0,64.0,19.79831922814565,19.79831922814565,0.0,0.0,0.0,0.48,0.27,0.52,0.0,0.0,0.8,1.8,12.48,39.75,0.0,0.0,0.0,0.0,0.0,0.0,0.0,1.0,0.0,0.0,0.0,0.0,0.0,1.0,1.0,5527.06,144.61,740.46,497.3677227666984,233.5470220941652,544.33,84666958.77269489,9.5,26.21346006276412,330.41757418989494,132226.30559562735,0.82,141.55,MQTT-DDoS-Publish_Flood
222.28,6.0,64.0,11.662565450569858,11.662565450569858,0.0,0.28,0.24,0.0,0.23,1.0,0.0,0.0,0.3,1.45,0.0,2.66,0.0,0.0,0.0,0.0,0.0,0.0,0.0,1.0,0.0,0.0,0.0,0.0,0.0,1.0,1.0,724.08,66.08,73.12,68.86738532245188,2.888460317233138,68.84,84667032.39631137,9.5,11.735943006225032,4.087283955521428,9.394590782447516,0.91,141.55,MQTT-DDoS-Connect_Flood
491.98,6.0,64.0,10.91990888783459,10.91990888783459,0.0,0.13,0.11,0.27,0.2,0.65,0.0,0.0,1.33,1.89,0.58,5.67,0.0,0.0,0.0,0.0,0.0,0.0,0.0,1.0,0.0,0.0,0.0,0.0,0.0,1.0,1.0,698.92,57.86,78.25,66.8936008436438,7.820749885601707,66.48,84667049.4780683,9.5,11.557225409462951,11.059430694689096,73.7935967758465,0.94,141.55,MQTT-DDoS-Connect_Flood
294316.5,6.0,64.0,2.0337073456512607,2.0337073456512607,0.0,0.0,0.0,0.0,0.5,1.0,0.0,0.0,0.0,0.0,0.0,3664.6,0.0,0.0,0.0,0.0,0.0,0.0,0.0,1.0,0.0,0.0,0.0,0.0,0.0,1.0,1.0,1983.6,66.0,930.0,129.61115625559512,213.5750316195773,80.6,169465494.11929137,13.5,16.102323238127067,302.70478270727057,46165.917997760334,1.0,244.6,Benign
37422.4,3.6,38.4,2.0395451754849843,2.0395451754849843,0.0,0.0,0.0,0.0,0.3,0.6,0.0,0.0,0.0,0.0,0.0,497.7,0.0,0.0,0.0,0.0,0.0,0.0,0.0,0.6,0.0,0.0,0.4,0.0,0.0,0.6,0.6,385.4,58.2,84.8,73.07103174603174,11.062760728592236,63.8,0.0189662933349609,5.5,12.077938774238632,15.645106259663605,147.96799993701185,0.9,38.5,Benign
28414.6,6.0,64.0,1.6252075434728035,1.6252075434728035,0.0,0.0,0.0,0.0,0.5,1.0,0.0,0.0,0.0,0.0,0.0,362.1,0.0,0.0,0.0,0.0,0.0,0.0,0.0,1.0,0.0,0.0,0.0,0.0,0.0,1.0,1.0,435.8,66.0,106.5,79.11150793650793,15.731001246276014,78.6,8.058547973632812e-05,5.5,12.571326664700702,22.2469953121916,281.4563053036029,0.9,38.5,Benign
3780364.0,6.0,137.6,115.71736488994668,115.71736488994668,0.0,0.0,0.0,0.0,0.0,1.0,0.0,0.0,0.0,2.0,0.0,3914.5,0.0,1.0,0.0,0.0,0.0,0.0,0.0,1.0,0.0,0.0,0.0,0.0,0.0,1.0,1.0,21729.0,922.8,1494.0,1418.6259649122806,187.66862728895583,922.8,169323359.54792708,13.5,53.34961013064916,258.2630361600607,85657.29664512158,0.4,244.6,MQTT-Malformed_Data
48352.4,6.0,64.0,2.507338541558437,2.507338541558437,0.0,0.0,0.0,0.0,0.5,1.0,0.0,0.0,0.0,0.8,0.0,556.3,0.0,0.0,0.0,0.0,0.0,0.0,0.0,1.0,0.0,0.0,0.0,0.0,0.0,1.0,1.0,1246.2,66.0,146.5,79.6805349011154,20.38222773493233,96.3,169461959.18516177,13.5,12.626497104820302,28.939925823931368,621.123629853666,1.0,244.6,Benign
86812.75,6.0,64.0,91.56063439782272,91.56063439782272,0.0,0.0,0.0,0.0,0.53125,1.0,0.0,0.0,0.0,0.0,0.0,329.90625,0.0,0.0,0.0,0.0,0.0,0.0,0.0,1.0,0.0,0.0,0.0,0.0,0.0,1.0,1.0,1156.03125,120.5,338.5,158.5203084757627,70.78432297983892,154.5625,52916552.09154566,8.375,16.64868990487012,100.16746589375738,10705.780576265908,0.5,108.78125,MQTT-DoS-Publish_Flood
162745.7,6.0,69.9,0.7025270227937986,0.7025270227937986,0.0,0.0,0.0,0.0,0.5,1.0,0.0,0.0,0.0,0.0,0.0,2173.5,0.0,0.1,0.0,0.0,0.0,0.0,0.0,1.0,0.0,0.0,0.0,0.0,0.0,1.0,1.0,410.3,66.0,85.7,73.61912698412698,8.45207950326294,75.5,0.0997802019119262,5.5,12.131868417546404,11.953045463770104,80.0220823255228,0.9,38.5,Benign
522.19,6.0,64.0,11.671196365361704,11.671196365361704,0.0,0.26,0.13,0.15,0.31,0.72,0.0,0.0,1.39,2.03,0.52,5.96,0.0,0.0,0.0,0.0,0.0,0.0,0.0,1.0,0.0,0.0,0.0,0.0,0.0,1.0,1.0,742.42,60.21,80.06,70.2773390039613,6.950933522530229,70.37,84667039.53720817,9.5,11.844708769403194,9.820966487828777,57.09172578155978,0.95,141.55,MQTT-DDoS-Connect_Flood
264.36,6.0,64.0,12.222311927962338,12.222311927962338,0.0,0.25,0.38,0.07,0.15,0.93,0.0,0.0,0.54,1.55,0.18,3.0,0.0,0.0,0.0,0.0,0.0,0.0,0.0,1.0,0.0,0.0,0.0,0.0,0.0,1.0,1.0,729.39,65.56,73.91,69.78517939817321,3.4694836039708736,68.93,84667039.14626475,9.5,11.813177789828607,4.900241588726667,15.215131154613116,0.9,141.55,MQTT-DDoS-Connect_Flood
2450275.0,17.0,60.0,635.9836235740042,635.9836235740042,0.0,0.0,0.0,0.0,0.0,0.0,0.0,0.0,0.0,0.0,0.0,0.0,0.0,0.0,0.0,0.0,0.0,0.0,0.0,0.0,1.0,0.0,0.0,0.0,0.0,1.0,1.0,7106.0,1292.0,1292.0,1292.0,0.0,1292.0,0.0013658046722412,5.5,50.83306010855534,0.0,0.0,0.0,38.5,Benign
1340647.0,6.0,56.0,8134.716998547365,8134.716998547365,0.0,0.0,0.0,0.0,0.1,1.0,0.0,0.0,0.0,0.0,0.0,885.5,1.0,0.0,0.0,0.0,0.0,0.0,0.0,1.0,0.0,0.0,0.0,0.0,0.0,1.0,1.0,8327.0,1514.0,1514.0,1514.0,0.0,1514.0,0.0001185894012451,5.5,55.02726596879042,0.0,0.0,0.0,38.5,Benign
292.84,6.0,64.0,7.725067496947131,7.725067496947131,0.0,0.11,0.31,0.01,0.34,0.99,0.0,0.0,0.44,1.59,0.34,3.35,0.0,0.0,0.0,0.0,0.0,0.0,0.0,1.0,0.0,0.0,0.0,0.0,0.0,1.0,1.0,737.17,66.2,73.99,70.05387074200308,3.073758469546533,70.49,84667021.44830564,9.5,11.836640872751843,4.349436834572723,10.859833881690708,0.95,141.55,MQTT-DDoS-Connect_Flood
384.49,6.0,64.0,7.5829786149074,7.5829786149074,0.0,0.19,0.49,0.11,0.15,0.53,0.0,0.0,0.87,2.04,0.45,4.1,0.0,0.0,0.0,0.0,0.0,0.0,0.0,1.0,0.0,0.0,0.0,0.0,0.0,1.0,1.0,746.62,65.88,77.45,71.54532793548042,4.153894531509551,70.36,84667019.90143049,9.5,11.959041979305852,5.880841545778821,23.53269132817825,0.86,141.55,MQTT-DDoS-Connect_Flood
31923.7,7.1,64.0,1.5402390996470587,1.5402390996470587,0.0,0.0,0.0,0.0,0.5,0.9,0.0,0.0,0.0,0.0,0.0,403.6,0.0,0.0,0.0,0.0,0.0,0.0,0.0,0.9,0.1,0.0,0.0,0.0,0.0,1.0,1.0,1717.4,66.0,597.8,107.2668812040213,124.02210828012603,164.8,169469504.6347247,13.5,14.55709272021966,176.05006920781682,23995.6365292862,1.0,244.6,Benign
731.2,6.0,64.0,29.73991032759952,29.73991032759952,0.0,0.06,0.21,0.1,0.28,0.83,0.0,0.0,0.37,3.1,0.99,8.35,0.0,0.0,0.0,0.0,0.0,0.0,0.0,1.0,0.0,0.0,0.0,0.0,0.0,1.0,1.0,731.98,62.84,78.34,69.83708087453482,4.752039755759832,69.48,84662360.32416964,9.5,11.816096265130591,6.709107383232157,26.83334204001494,0.92,141.55,MQTT-DoS-Connect_Flood
178464.0,6.0,64.0,1.093911086657895,1.093911086657895,0.0,0.0,0.0,0.0,0.5,1.0,0.0,0.0,0.0,0.0,0.0,2239.5,0.0,0.0,0.0,0.0,0.0,0.0,0.0,1.0,0.0,0.0,0.0,0.0,0.0,1.0,1.0,428.6,68.5,94.8,79.12317460317459,10.300085745405074,78.2,6.23941421508789e-05,5.5,12.5754110446254,14.566520954757644,120.38003943058705,0.9,38.5,Benign
27852.06,6.0,64.0,69.94438499274776,69.94438499274776,0.0,0.0,0.0,0.0,0.59,1.0,0.0,0.0,0.0,0.0,0.0,86.88,0.0,0.0,0.0,0.0,0.0,0.0,0.0,1.0,0.0,0.0,0.0,0.0,0.0,1.0,1.0,3767.89,155.38,839.9,386.4743258530685,238.5157370933053,302.53,84666492.54930925,9.5,26.597184994348275,337.34344499927363,71548.3239185791,0.88,141.55,MQTT-DoS-Publish_Flood
709.03,6.0,64.0,29.531913466000344,29.531913466000344,0.0,0.25,0.08,0.0,0.38,1.0,0.0,0.0,1.52,2.73,0.75,8.17,0.0,0.0,0.0,0.0,0.0,0.0,0.0,1.0,0.0,0.0,0.0,0.0,0.0,1.0,1.0,716.44,66.52,72.44,68.42693516803114,2.1322825846107,68.16,84662359.3842541,9.5,11.69782225035896,3.010727077219764,5.7869580488945385,0.83,141.55,MQTT-DoS-Connect_Flood
466.66,6.0,64.0,8.347609620440476,8.347609620440476,0.0,0.19,0.08,0.28,0.15,0.7,0.0,0.0,1.49,1.74,0.47,5.61,0.0,0.0,0.0,0.0,0.0,0.0,0.0,1.0,0.0,0.0,0.0,0.0,0.0,1.0,1.0,676.37,58.25,77.24,64.34009254097296,6.336791679076725,65.04,84667029.75127754,9.5,11.33872929179049,8.94735674619941,54.118656731378366,0.93,141.55,MQTT-DDoS-Connect_Flood
3751912.0,6.0,64.0,115.13694398938829,115.13694398938829,0.0,0.0,0.0,0.0,0.0,1.0,0.0,0.0,0.0,2.0,0.0,3894.5,0.0,1.0,0.0,0.0,0.0,0.0,0.0,1.0,0.0,0.0,0.0,0.0,0.0,1.0,1.0,23157.0,1494.0,1494.0,1494.0,0.0,1494.0,169323359.5466364,13.5,54.6626014748658,0.0,0.0,0.0,244.6,MQTT-Malformed_Data
493.07,6.0,64.0,37.493871070109805,37.493871070109805,0.0,0.04,0.25,0.15,0.29,0.75,0.0,0.0,0.2,2.36,0.59,5.38,0.0,0.0,0.0,0.0,0.0,0.0,0.0,1.0,0.0,0.0,0.0,0.0,0.0,1.0,1.0,743.86,61.48,79.18,70.67618881522674,5.397249767773461,71.39,84662365.47380228,9.5,11.886627576110772,7.625750994496765,35.287840314972875,0.89,141.55,MQTT-DoS-Connect_Flood
509.5,6.0,64.0,8.589361047306769,8.589361047306769,0.0,0.19,0.22,0.14,0.22,0.82,0.0,0.0,1.29,2.07,0.85,5.72,0.0,0.0,0.0,0.0,0.0,0.0,0.0,1.0,0.0,0.0,0.0,0.0,0.0,1.0,1.0,717.29,62.68,76.25,68.25287144309938,5.297607277879433,68.34,84667027.94723052,9.5,11.676855021572331,7.479862811186329,35.305765882371404,0.93,141.55,MQTT-DDoS-Connect_Flood
275057.2,6.0,64.0,1.0942458614130013,1.0942458614130013,0.0,0.0,0.0,0.0,0.5,1.0,0.0,0.0,0.0,0.0,0.0,3451.9,0.0,0.0,0.0,0.0,0.0,0.0,0.0,1.0,0.0,0.0,0.0,0.0,0.0,1.0,1.0,1950.4,42.0,928.0,127.62943731964631,213.6684333195554,78.2,169467318.5298604,13.5,15.981943042198925,302.8107500130562,46193.64812467837,1.0,244.6,Benign
262025.8,7.1,64.0,1.84131356194972,1.84131356194972,0.0,0.0,0.0,0.0,0.4,0.9,0.0,0.0,0.0,0.0,0.0,3283.0,0.0,0.0,0.0,0.0,0.0,0.0,0.0,0.9,0.1,0.0,0.0,0.0,0.0,1.0,1.0,1660.9,54.0,520.5,103.55215413026944,107.60703023449328,162.4,169463047.3046323,13.5,14.315224850609807,152.79847688691802,19587.078801494456,1.0,244.6,Benign
94288.79,6.0,64.0,77.89855510574735,77.89855510574735,0.0,0.0,0.0,0.0,0.51,1.0,0.0,0.0,0.0,0.0,0.0,436.52,0.0,0.0,0.0,0.0,0.0,0.0,0.0,1.0,0.0,0.0,0.0,0.0,0.0,1.0,1.0,2736.34,129.22,570.84,251.5254767227956,146.0091685864183,292.1,84666505.77480815,9.5,21.19409213547198,206.85817338121623,40276.24650610895,0.71,141.55,MQTT-DoS-Publish_Flood
8077.96,6.0,64.0,156.8192699431839,156.8192699431839,0.0,0.0,0.06,0.35,0.19,0.61,0.0,0.0,0.15,0.13,5.18,8.74,0.0,0.0,0.0,0.0,0.0,0.0,0.0,1.0,0.0,0.0,0.0,0.0,0.0,1.0,1.0,4261.23,158.36,755.86,438.7064271770541,265.2603299432683,393.79,84666964.96610257,9.5,24.876764555955702,374.5449491726193,171820.59459588525,0.83,141.55,MQTT-DDoS-Publish_Flood
305529.7,8.2,89.5,1.6536280825459737,1.6536280825459737,0.0,0.0,0.0,0.0,0.4,0.8,0.0,0.0,0.0,0.0,0.0,3621.6,0.0,0.0,0.0,0.0,0.0,0.0,0.0,0.8,0.2,0.0,0.0,0.0,0.0,1.0,1.0,794.5,66.0,314.4,149.979126984127,97.10339394525629,124.1,0.0997913837432861,5.5,17.131190005272806,137.3249366698389,10648.680262219705,0.9,38.5,Benign
18012.05,6.0,64.0,80.86419257552697,80.86419257552697,0.0,0.0,0.0,0.0,0.59,1.0,0.0,0.0,0.0,0.0,0.0,88.96,0.0,0.0,0.0,0.0,0.0,0.0,0.0,1.0,0.0,0.0,0.0,0.0,0.0,1.0,1.0,1381.88,118.32,144.48,131.53829820261438,7.463912356581914,130.31,84666485.23832169,9.5,15.86853619977152,10.488839467305167,231.6570934053217,0.24,141.55,MQTT-DoS-Publish_Flood
37089.95,6.0,64.0,92.31306308206514,92.31306308206514,0.0,0.0,0.0,0.0,0.27,1.0,0.0,0.0,0.0,0.0,0.0,70.83,0.0,0.0,0.0,0.0,0.0,0.0,0.0,1.0,0.0,0.0,0.0,0.0,0.0,1.0,1.0,4175.73,144.65,966.41,372.8657968227164,281.0578001940366,420.72,84666479.15576406,9.5,24.15898534274319,397.1536426784956,133746.48625042153,0.62,141.55,MQTT-DoS-Publish_Flood
4987.5,7.1,70.4,1.9158268044895177,1.9158268044895177,0.0,0.0,0.0,0.0,0.5,0.9,0.0,0.0,0.0,0.0,0.0,62.5,0.0,0.0,0.0,0.0,0.0,0.0,0.0,0.9,0.1,0.0,0.0,0.0,0.0,1.0,1.0,2338.6,66.0,930.0,153.59061490882698,217.1914146184738,105.4,169466575.8461127,13.5,17.514410982044936,307.8465418250763,47688.82669648569,1.0,244.6,Benign
87601.63,6.0,64.0,90.10620160652137,90.10620160652137,0.0,0.0,0.0,0.0,0.78,1.0,0.0,0.0,0.0,0.0,0.0,319.13,0.0,0.0,0.0,0.0,0.0,0.0,0.0,1.0,0.0,0.0,0.0,0.0,0.0,1.0,1.0,1593.34,118.32,175.0,155.58782720306866,25.47198070655571,151.02,84666483.34347706,9.5,17.590158988839267,36.06254005213703,1266.7286042614674,0.52,141.55,MQTT-DoS-Publish_Flood
462.12,6.0,64.0,10.086623011649973,10.086623011649973,0.0,0.15,0.19,0.36,0.15,0.58,0.0,0.0,1.28,1.81,0.7,5.28,0.0,0.0,0.0,0.0,0.0,0.0,0.0,1.0,0.0,0.0,0.0,0.0,0.0,1.0,1.0,668.65,56.52,72.36,62.63356591791421,5.828967248083707,64.43,84667020.0578259,9.5,11.182952274835207,8.219711501987284,42.457259820850325,0.89,141.55,MQTT-DDoS-Connect_Flood
1802198.6,14.8,64.0,38.41055659163778,38.41055659163778,0.0,0.0,0.0,0.0,0.1,0.2,0.0,0.0,0.0,0.0,0.0,2.1,0.0,0.2,0.0,0.0,0.0,0.0,0.0,0.2,0.8,0.0,0.0,0.0,0.0,1.0,1.0,2529.0,198.8,1003.6,524.9669841269841,317.28246535094826,408.0,0.0203675985336303,5.5,32.11265233785472,448.7051656024826,113454.4456074578,0.9,38.5,Benign
12993.4,6.0,64.0,0.3554554561773895,0.3554554561773895,0.0,0.0,0.0,0.0,0.6,1.0,0.0,0.0,0.0,0.0,0.0,158.3,0.0,0.0,0.0,0.0,0.0,0.0,0.0,1.0,0.0,0.0,0.0,0.0,0.0,1.0,1.0,1034.4,66.0,68.0,66.71117191460071,0.9417312832126488,67.2,169467047.9283377,13.5,11.551215062929549,1.3328924478187472,0.8929468594763617,1.0,244.6,Benign
4883.96,6.0,64.0,35.46993312234572,35.46993312234572,0.0,0.04,0.12,0.25,0.4,0.75,0.0,0.0,0.46,0.2,5.45,8.92,0.0,0.0,0.0,0.0,0.0,0.0,0.0,1.0,0.0,0.0,0.0,0.0,0.0,1.0,1.0,3540.34,115.49,597.17,327.73030137591167,197.3685492868161,307.51,84666955.14277369,9.5,22.156718377296546,274.8648288560128,101853.22325564436,0.87,141.55,MQTT-DDoS-Publish_Flood
301.28,6.0,64.0,13.52291597418463,13.52291597418463,0.0,0.14,0.19,0.2,0.18,0.65,0.0,0.0,0.8,0.95,0.35,3.32,0.0,0.0,0.0,0.0,0.0,0.0,0.0,1.0,0.0,0.0,0.0,0.0,0.0,1.0,1.0,711.2,60.77,77.33,67.760246149834,5.914319515040988,67.72,84667022.53316715,9.5,11.630279025806493,8.370245953930246,40.71040598396469,0.93,141.55,MQTT-DDoS-Connect_Flood
663.54,6.0,64.0,53.210690572215405,53.210690572215405,0.0,0.09,0.12,0.29,0.16,0.67,0.0,0.0,0.96,2.74,1.19,7.18,0.0,0.0,0.0,0.0,0.0,0.0,0.0,1.0,0.0,0.0,0.0,0.0,0.0,1.0,1.0,692.9,56.64,76.48,65.63148215784904,6.877276043454726,66.1,84662358.99712291,9.5,11.45304362274756,9.707772668253774,56.76498388636076,0.95,141.55,MQTT-DoS-Connect_Flood
477.14,6.0,64.0,9.606521246279558,9.606521246279558,0.0,0.18,0.14,0.22,0.18,0.67,0.0,0.0,1.28,1.87,0.63,5.55,0.0,0.0,0.0,0.0,0.0,0.0,0.0,1.0,0.0,0.0,0.0,0.0,0.0,1.0,1.0,692.11,60.16,75.11,65.90962889844933,4.394876846117515,65.94,84667047.46261181,9.5,11.477018306636996,6.2137207817390046,26.951959820944104,0.86,141.55,MQTT-DDoS-Connect_Flood
15881.06,6.0,64.0,24.28278973801396,24.28278973801396,0.0,0.0,0.05,0.24,0.4,0.71,0.0,0.0,0.64,0.8,9.36,21.63,0.0,0.0,0.0,0.0,0.0,0.0,0.0,1.0,0.0,0.0,0.0,0.0,0.0,1.0,1.0,2899.4,113.85,608.07,298.33092064024726,186.7986798767592,295.83,84666967.62947397,9.5,21.60908024583092,264.0745165549334,87230.03434101261,0.78,141.55,MQTT-DDoS-Publish_Flood
19509.8,8.1,38.6,2.886832493195912,2.886832493195912,0.0,0.0,0.0,0.0,0.2,0.5,0.0,0.0,0.0,0.8,0.0,176.2,0.0,0.0,0.0,0.0,0.0,0.0,0.0,0.5,0.3,0.0,0.2,0.0,0.0,0.8,0.8,788.1,46.8,370.8,115.21146825396826,101.25195026976436,196.0,0.0919957876205444,5.5,14.68354553640258,143.19188128822694,22563.20893611426,0.8,38.5,Benign
7554.97,6.0,64.0,81.62616194426465,81.62616194426465,0.0,0.04,0.01,0.4,0.22,0.59,0.0,0.0,0.13,0.1,9.86,7.47,0.0,0.0,0.0,0.0,0.0,0.0,0.0,1.0,0.0,0.0,0.0,0.0,0.0,1.0,1.0,5191.55,230.74,892.95,548.9951978827416,275.5531397257789,430.17,84666963.22478129,9.5,28.420249255869525,388.5858732991953,162427.2093953947,0.75,141.55,MQTT-DDoS-Publish_Flood
327063.5,6.0,64.0,1.903530390174404,1.903530390174404,0.0,0.0,0.0,0.0,0.5,1.0,0.0,0.0,0.0,0.0,0.0,4053.5,0.0,0.0,0.0,0.0,0.0,0.0,0.0,1.0,0.0,0.0,0.0,0.0,0.0,1.0,1.0,1356.7,66.0,214.0,87.70256279324391,36.49502026281293,80.9,169463393.40627533,13.5,13.243222941649083,51.73291549449021,1343.9796665024146,1.0,244.6,Benign
420.6,6.0,64.0,10.403791810044988,10.403791810044988,0.0,0.07,0.1,0.34,0.41,0.65,0.0,0.0,0.92,1.74,0.7,4.71,0.0,0.0,0.0,0.0,0.0,0.0,0.0,1.0,0.0,0.0,0.0,0.0,0.0,1.0,1.0,675.03,57.32,73.0,63.765583473329215,5.456017787349631,64.75,84667034.44205709,9.5,11.284986867832515,7.711487334729372,44.54456877275197,0.76,141.55,MQTT-DDoS-Connect_Flood
430.84,6.0,64.0,10.494935657704724,10.494935657704724,0.0,0.25,0.31,0.07,0.19,0.83,0.0,0.0,1.11,1.79,0.53,5.1,0.0,0.0,0.0,0.0,0.0,0.0,0.0,1.0,0.0,0.0,0.0,0.0,0.0,1.0,1.0,727.98,63.56,76.15,68.92536170889655,4.951297342679662,69.67,84667029.29467589,9.5,11.736730174504492,6.979549636987082,31.7281408780658,0.92,141.55,MQTT-DDoS-Connect_Flood
219.02,6.0,64.0,31.43475873736462,31.43475873736462,0.0,0.13,0.45,0.09,0.15,0.86,0.0,0.0,0.48,1.02,0.15,2.55,0.0,0.0,0.0,0.0,0.0,0.0,0.0,1.0,0.0,0.0,0.0,0.0,0.0,1.0,1.0,735.75,62.56,76.37,69.93919566578933,4.4992810130271135,70.26,84667018.76146084,9.5,11.824318512654552,6.3432605744842885,27.950873336565365,0.92,141.55,MQTT-DDoS-Connect_Flood
220.92,6.0,64.0,5.575788036100392,5.575788036100392,0.0,0.0,0.67,0.0,0.0,1.0,0.0,0.0,0.33,1.53,0.42,2.32,0.0,0.0,0.0,0.0,0.0,0.0,0.0,1.0,0.0,0.0,0.0,0.0,0.0,1.0,1.0,748.04,66.56,73.6,70.91725401327258,3.2904251113580782,71.36,84667031.54192391,9.5,11.909065848166758,4.650619486513976,12.34165038432869,0.88,141.55,MQTT-DDoS-Connect_Flood
37572.0,6.0,64.0,97.48456962221717,97.48456962221717,0.0,0.0,0.0,0.0,0.8,1.0,0.0,0.0,0.0,0.0,0.0,103.77,0.0,0.0,0.0,0.0,0.0,0.0,0.0,1.0,0.0,0.0,0.0,0.0,0.0,1.0,1.0,3014.7,180.45,469.3,288.65997591065627,108.69996954693056,295.99,84666982.19041532,9.5,23.275530630104768,153.57653409866154,17811.22068213642,0.83,141.55,MQTT-DDoS-Publish_Flood
32863.61,6.0,64.0,59.35503733698841,59.35503733698841,0.0,0.0,0.02,0.05,0.61,0.93,0.0,0.0,0.39,0.09,10.23,52.58,0.0,0.0,0.0,0.0,0.0,0.0,0.0,1.0,0.0,0.0,0.0,0.0,0.0,1.0,1.0,6396.42,189.32,1293.43,629.4653607832225,428.7373937078839,597.18,84666977.93953905,9.5,33.52352654823727,606.5813921022303,241766.4265252353,0.85,141.55,MQTT-DDoS-Publish_Flood
6660.76,6.0,64.0,234.6385653181977,234.6385653181977,0.0,0.0,0.0,0.0,0.47,1.0,0.0,0.0,0.0,0.0,0.0,35.07,0.0,0.0,0.0,0.0,0.0,0.0,0.0,1.0,0.0,0.0,0.0,0.0,0.0,1.0,1.0,2160.29,106.33,478.17,211.63726033319105,121.6013791770223,200.38,84666486.74176463,9.5,19.649683681072407,171.8342549210457,28562.68467109556,0.74,141.55,MQTT-DoS-Publish_Flood
87825.5,5.4,63.5,0.6148170674077954,0.6148170674077954,0.0,0.0,0.0,0.0,0.9,0.9,0.0,0.0,0.0,0.0,0.0,1174.7,0.0,0.1,0.0,0.0,0.0,0.0,0.0,0.9,0.0,0.0,0.1,0.0,0.0,0.9,0.9,1952.9,54.0,928.0,127.50829838376278,213.47026019196213,82.0,169470102.10683948,13.5,15.97343349661059,302.5503192191333,46129.8434744235,1.0,244.6,Benign
1776.29,6.0,64.0,101.16485020836718,101.16485020836718,0.0,0.03,0.08,0.51,0.1,0.42,0.0,0.0,0.14,0.13,5.97,3.04,0.0,0.0,0.0,0.0,0.0,0.0,0.0,1.0,0.0,0.0,0.0,0.0,0.0,1.0,1.0,951.47,54.0,246.74,88.77074835493023,57.13116430423663,100.2,84666967.84987332,9.5,12.734557028001626,80.96681652591434,14955.448245373149,0.66,141.55,MQTT-DDoS-Publish_Flood
430.68,6.0,64.0,7.081750935301353,7.081750935301353,0.0,0.31,0.21,0.01,0.25,0.82,0.0,0.0,1.0,2.1,0.37,4.76,0.0,0.0,0.0,0.0,0.0,0.0,0.0,1.0,0.0,0.0,0.0,0.0,0.0,1.0,1.0,736.49,66.48,76.57,69.87597781638726,3.719124384355619,70.23,84667032.12433305,9.5,11.820443046039395,5.236281742342876,19.74244929691729,0.81,141.55,MQTT-DDoS-Connect_Flood
592.65,6.0,64.0,11.40047424263688,11.40047424263688,0.0,0.29,0.17,0.27,0.21,0.56,0.0,0.0,1.72,2.19,0.67,6.76,0.0,0.0,0.0,0.0,0.0,0.0,0.0,1.0,0.0,0.0,0.0,0.0,0.0,1.0,1.0,714.36,58.84,81.01,68.23085801337466,8.421901831626291,67.64,84667045.12100196,9.5,11.674155877850916,11.897823420691996,78.48383991926018,0.94,141.55,MQTT-DDoS-Connect_Flood
627.35,6.0,64.0,9.396143179088336,9.396143179088336,0.0,0.58,0.18,0.02,0.14,0.84,0.0,0.0,2.17,2.19,0.46,7.57,0.0,0.0,0.0,0.0,0.0,0.0,0.0,1.0,0.0,0.0,0.0,0.0,0.0,1.0,1.0,730.78,66.0,71.83,69.41489908023692,2.4973037466280927,69.17,84667027.39874257,9.5,11.777125674750096,3.5315830684318548,13.70427803149025,0.55,141.55,MQTT-DDoS-Connect_Flood
488186.9,7.1,83.1,1.850468246383869,1.850468246383869,0.0,0.0,0.0,0.0,0.5,0.9,0.0,0.0,0.0,0.0,0.0,6163.3,0.0,0.0,0.0,0.0,0.0,0.0,0.0,0.9,0.1,0.0,0.0,0.0,0.0,1.0,1.0,1404.7,66.0,246.0,91.13236585224205,43.98583420530794,95.9,169469814.74395812,13.5,13.490017259087525,62.30105987533524,1952.0398228010088,1.0,244.6,Benign
70572.58,6.0,64.0,80.92472185872097,80.92472185872097,0.0,0.0,0.0,0.0,0.21,1.0,0.0,0.0,0.0,0.0,0.0,189.3,0.0,0.0,0.0,0.0,0.0,0.0,0.0,1.0,0.0,0.0,0.0,0.0,0.0,1.0,1.0,2468.73,124.86,661.86,262.5035981052831,193.9403689368243,232.61,84666497.14268172,9.5,19.636267983010374,272.8670612133192,96972.9348304239,0.4,141.55,MQTT-DoS-Publish_Flood
86120.2,6.0,64.0,0.6842823578908842,0.6842823578908842,0.0,0.0,0.0,0.0,0.6,1.0,0.0,0.0,0.0,0.0,0.0,1088.3,0.0,0.0,0.0,0.0,0.0,0.0,0.0,1.0,0.0,0.0,0.0,0.0,0.0,1.0,1.0,1040.0,66.0,68.0,67.1020435017339,0.9928077447242432,67.2,169462031.898015,13.5,11.5842385557954,1.4045550505707225,0.9864504661002944,1.0,244.6,Benign
533.72,6.0,64.0,59.79037805534245,59.79037805534245,0.0,0.04,0.24,0.15,0.21,0.81,0.0,0.0,0.27,2.4,0.75,5.88,0.0,0.0,0.0,0.0,0.0,0.0,0.0,1.0,0.0,0.0,0.0,0.0,0.0,1.0,1.0,724.91,61.04,76.18,68.48698180074999,4.732089906774281,69.33,84662363.56116408,9.5,11.701725661013052,6.690597332533026,26.14913052538344,0.92,141.55,MQTT-DoS-Connect_Flood
240342.8,6.0,64.0,0.783623834923324,0.783623834923324,0.0,0.0,0.0,0.0,0.5,1.0,0.0,0.0,0.0,0.0,0.0,3204.5,0.0,0.0,0.0,0.0,0.0,0.0,0.0,1.0,0.0,0.0,0.0,0.0,0.0,1.0,1.0,1214.1,66.0,115.2,78.3005461961499,15.275742925645336,77.5,169468665.036277,13.5,12.513057278353722,21.657046694441533,235.50481059160884,1.0,244.6,Benign
432.26,6.0,64.0,11.031807482990745,11.031807482990745,0.0,0.29,0.3,0.03,0.23,0.77,0.0,0.0,1.15,1.89,0.21,5.11,0.0,0.0,0.0,0.0,0.0,0.0,0.0,1.0,0.0,0.0,0.0,0.0,0.0,1.0,1.0,745.21,61.62,79.65,70.44436678723753,6.277778754994001,71.15,84667030.08831474,9.5,11.86504921333068,8.873174909793622,47.33683659822228,0.93,141.55,MQTT-DDoS-Connect_Flood
367074.1,6.0,64.0,1.7412664146675003,1.7412664146675003,0.0,0.0,0.0,0.0,0.5,1.0,0.0,0.0,0.0,0.0,0.0,4613.7,0.0,0.0,0.0,0.0,0.0,0.0,0.0,1.0,0.0,0.0,0.0,0.0,0.0,1.0,1.0,424.7,66.0,95.7,75.42952380952383,11.384615851693908,80.7,0.0999483823776245,5.5,12.27778317601778,16.100278139873247,155.61632312925173,0.9,38.5,Benign
204460.2,6.0,64.0,1.1871164472626956,1.1871164472626956,0.0,0.0,0.0,0.0,0.5,1.0,0.0,0.0,0.0,0.0,0.0,2713.3,0.0,0.0,0.0,0.0,0.0,0.0,0.0,1.0,0.0,0.0,0.0,0.0,0.0,1.0,1.0,1204.6,66.0,111.0,77.7672077660042,12.968657155900582,76.3,169470134.4451556,13.5,12.476042842500588,18.347276022940616,168.4583970920878,1.0,244.6,Benign
285575.4,6.0,57.5,3126.504786776055,3126.504786776055,0.0,0.0,0.0,0.0,0.4,1.0,0.0,0.0,0.0,0.0,0.0,196.0,1.0,0.0,0.0,0.0,0.0,0.0,0.0,1.0,0.0,0.0,0.0,0.0,0.0,1.0,1.0,7023.8,210.8,1514.0,1234.6853968253968,502.7471811371603,1369.2,0.000134801864624,5.5,49.52442137946333,710.9918820090152,289177.5252960443,0.9,38.5,Benign
10129.18,6.0,64.0,54.1368724191324,54.1368724191324,0.0,0.01,0.0,0.2,0.35,0.8,0.0,0.0,0.63,0.12,7.51,13.78,0.0,0.0,0.0,0.0,0.0,0.0,0.0,1.0,0.0,0.0,0.0,0.0,0.0,1.0,1.0,9247.3,254.31,1480.22,910.2125003705446,514.8108009071918,832.35,84666975.36216594,9.5,41.5724816710364,728.5981341158083,317770.0203065558,0.86,141.55,MQTT-DDoS-Publish_Flood
20466.0,6.0,64.0,1.110067721075796,1.110067721075796,0.0,0.0,0.0,0.0,0.5,1.0,0.0,0.0,0.0,0.0,0.0,273.9,0.0,0.0,0.0,0.0,0.0,0.0,0.0,1.0,0.0,0.0,0.0,0.0,0.0,1.0,1.0,1130.4,42.0,90.4,72.83842578259375,13.024517568225027,75.6,169467456.6323902,13.5,12.072681825518083,18.44811914482236,170.3818288696357,1.0,244.6,Benign
297.99,6.0,64.0,13.7236332240677,13.7236332240677,0.0,0.23,0.26,0.16,0.19,0.79,0.0,0.0,0.81,1.06,0.28,3.38,0.0,0.0,0.0,0.0,0.0,0.0,0.0,1.0,0.0,0.0,0.0,0.0,0.0,1.0,1.0,721.71,58.4,78.28,68.486450699799,7.230647311379855,68.92,84667030.42906782,9.5,11.697916964424834,10.223932854875772,68.47098354341466,0.89,141.55,MQTT-DDoS-Connect_Flood
121.5,6.0,64.0,724.8636399482385,724.8636399482385,0.0,0.19,0.09,0.24,0.2,0.74,0.0,0.0,0.22,0.38,0.28,1.23,0.0,0.0,0.0,0.0,0.0,0.0,0.0,1.0,0.0,0.0,0.0,0.0,0.0,1.0,1.0,683.27,61.44,73.75,65.38782347558703,4.276952888032549,64.89,84667022.15603074,9.5,11.4290964380129,6.040675386524681,24.43337401875408,0.94,141.55,MQTT-DDoS-Connect_Flood
9171.84,6.0,64.0,165.84231946334373,165.84231946334373,0.0,0.0,0.0,0.0,0.72,1.0,0.0,0.0,0.0,0.0,0.0,65.4,0.0,0.0,0.0,0.0,0.0,0.0,0.0,1.0,0.0,0.0,0.0,0.0,0.0,1.0,1.0,1558.46,109.6,166.28,145.3808803933854,22.21567329644669,145.57,84666509.16567424,9.5,16.888583592536776,31.40064912221696,1031.0635336675357,0.5,141.55,MQTT-DoS-Publish_Flood
401.05,6.0,64.0,85.77691887096844,85.77691887096844,0.0,0.04,0.35,0.18,0.15,0.81,0.0,0.0,0.14,1.74,0.39,4.18,0.0,0.0,0.0,0.0,0.0,0.0,0.0,1.0,0.0,0.0,0.0,0.0,0.0,1.0,1.0,728.76,63.36,77.0,69.42440374988787,4.173891033575438,69.43,84662375.65968089,9.5,11.780824586088157,5.907901117955098,20.896797715995422,0.92,141.55,MQTT-DoS-Connect_Flood
221146.2,17.0,60.0,284.6928694190492,284.6928694190492,0.0,0.0,0.0,0.0,0.0,0.0,0.0,0.0,0.0,0.0,0.0,0.0,0.0,0.0,0.0,0.0,0.0,0.0,0.0,0.0,1.0,0.0,0.0,0.0,0.0,1.0,1.0,18442.8,73.6,1292.0,1191.31529211071,333.0467011844765,1169.6,169461868.363264,13.5,48.79691241546182,472.1883107529088,112610.29324066469,1.0,244.6,Benign
16051.09,6.0,64.0,98.35991038696564,98.35991038696564,0.0,0.0,0.0,0.0,0.79,1.0,0.0,0.0,0.0,0.0,0.0,99.5,0.0,0.0,0.0,0.0,0.0,0.0,0.0,1.0,0.0,0.0,0.0,0.0,0.0,1.0,1.0,1671.82,136.85,216.42,156.66703544615,29.11399464297212,170.64,84666496.34286061,9.5,17.435912837428386,40.716707710558055,1396.8956545516608,0.62,141.55,MQTT-DoS-Publish_Flood
462.63,6.0,64.0,10.346769398169217,10.346769398169217,0.0,0.19,0.17,0.19,0.21,0.77,0.0,0.0,1.18,1.85,0.68,5.24,0.0,0.0,0.0,0.0,0.0,0.0,0.0,1.0,0.0,0.0,0.0,0.0,0.0,1.0,1.0,714.41,60.98,78.87,68.92936273792428,6.480040991936628,67.32,84667028.7062248,9.5,11.73767321137919,9.173217134317383,56.39518310309855,0.89,141.55,MQTT-DDoS-Connect_Flood
92977.6,6.0,80.9,1.392028802275242,1.392028802275242,0.0,0.0,0.0,0.0,0.6,1.0,0.0,0.0,0.0,0.0,0.0,1123.9,0.0,0.0,0.0,0.0,0.0,0.0,0.0,1.0,0.0,0.0,0.0,0.0,0.0,1.0,1.0,1281.1,60.0,123.0,82.64571939197714,20.53040030606048,86.8,169463261.2924264,13.5,12.85433759127169,29.101867873426027,423.6656580351722,1.0,244.6,Benign
253042.7,6.0,69.9,1.5383030665534303,1.5383030665534303,0.0,0.0,0.0,0.0,0.5,1.0,0.0,0.0,0.0,0.0,0.0,3288.2,0.0,0.0,0.0,0.0,0.0,0.0,0.0,1.0,0.0,0.0,0.0,0.0,0.0,1.0,1.0,1222.0,66.0,111.0,78.93254684471016,15.53490406051869,76.8,169470119.7134846,13.5,12.556697746409387,21.937168626970497,241.31354151023325,1.0,244.6,Benign
78658.4,6.0,117.4,0.6954215394147644,0.6954215394147644,0.0,0.0,0.0,0.0,0.6,1.0,0.0,0.0,0.0,0.0,0.0,1003.5,0.0,0.3,0.0,0.0,0.0,0.0,0.0,1.0,0.0,0.0,0.0,0.0,0.0,1.0,1.0,1072.0,56.4,100.2,68.63610936749868,10.38249676801562,80.3,169467972.1321781,13.5,11.708206597838227,14.712425869916506,159.0197250114964,0.8,244.6,Benign
512.6,6.0,64.0,7.620171263275681,7.620171263275681,0.0,0.25,0.18,0.36,0.15,0.5,0.0,0.0,1.5,2.02,0.63,5.77,0.0,0.0,0.0,0.0,0.0,0.0,0.0,1.0,0.0,0.0,0.0,0.0,0.0,1.0,1.0,688.33,59.25,75.55,65.67771674172062,5.909796179303157,65.51,84667043.09298466,9.5,11.438584031683275,8.339471049584686,50.78236084176138,0.75,141.55,MQTT-DDoS-Connect_Flood
4906.04,6.0,64.0,80.33665476410657,80.33665476410657,0.0,0.0,0.0,0.0,0.55,1.0,0.0,0.0,0.0,0.0,0.0,13.11,0.0,0.0,0.0,0.0,0.0,0.0,0.0,1.0,0.0,0.0,0.0,0.0,0.0,1.0,1.0,5627.89,222.96,1049.12,544.4384346386328,283.02967897898424,460.58,84666499.72390711,9.5,30.95167367591546,400.1571353537248,117371.78883417245,0.73,141.55,MQTT-DoS-Publish_Flood
1152.16,6.0,64.0,2945.7998405155645,2945.7998405155645,0.0,0.06,0.05,0.23,0.24,0.72,0.0,0.0,0.08,0.05,0.89,1.74,0.0,0.0,0.0,0.0,0.0,0.0,0.0,1.0,0.0,0.0,0.0,0.0,0.0,1.0,1.0,4214.45,136.89,693.21,392.9658808914685,207.03682235848183,457.82,84666958.93694627,9.5,23.302621759896315,290.33345351901545,103602.5403532344,0.89,141.55,MQTT-DDoS-Publish_Flood
406.67,6.0,64.0,10.786013358984023,10.786013358984023,0.0,0.33,0.2,0.0,0.39,0.84,0.0,0.0,0.89,1.88,0.26,4.8,0.0,0.0,0.0,0.0,0.0,0.0,0.0,1.0,0.0,0.0,0.0,0.0,0.0,1.0,1.0,738.66,66.4,75.33,70.34587854341221,3.253831594249523,70.32,84667039.43302357,9.5,11.85971971943115,4.604882031588747,15.153342465011022,0.89,141.55,MQTT-DDoS-Connect_Flood
450.84,6.0,64.0,6.217573060898558,6.217573060898558,0.0,0.19,0.26,0.06,0.12,0.79,0.0,0.0,1.3,2.16,0.22,5.14,0.0,0.0,0.0,0.0,0.0,0.0,0.0,1.0,0.0,0.0,0.0,0.0,0.0,1.0,1.0,738.11,62.85,79.24,70.22237699039864,5.060635949231513,69.79,84667042.1336069,9.5,11.847425303885457,7.153240469690097,30.56628758378709,0.93,141.55,MQTT-DDoS-Connect_Flood
164.02,6.0,64.0,839.4350479975137,839.4350479975137,0.0,0.31,0.18,0.0,0.29,1.0,0.0,0.0,0.34,0.53,0.04,2.0,0.0,0.0,0.0,0.0,0.0,0.0,0.0,1.0,0.0,0.0,0.0,0.0,0.0,1.0,1.0,719.24,66.28,71.44,68.42389866325625,2.1345068046727045,68.6,84667022.33667497,9.5,11.697573955825888,3.017622390370454,6.001485437026437,0.84,141.55,MQTT-DDoS-Connect_Flood
7520.08,6.0,64.0,90.75571885427262,90.75571885427262,0.0,0.0,0.0,0.0,0.33,1.0,0.0,0.0,0.0,0.0,0.0,16.13,0.0,0.0,0.0,0.0,0.0,0.0,0.0,1.0,0.0,0.0,0.0,0.0,0.0,1.0,1.0,2905.35,127.04,809.78,278.6569742085401,217.397294854653,300.35,84666482.64810671,9.5,21.256255073174543,306.65214988159823,91661.0318428669,0.55,141.55,MQTT-DoS-Publish_Flood
79474.6,4.8,66.9,3.8588340942886887,3.8588340942886887,0.0,0.1,0.1,0.0,0.2,0.8,0.0,0.0,0.3,0.6,0.0,980.2,0.3,0.0,0.0,0.0,0.0,0.0,0.0,0.8,0.0,0.0,0.2,0.0,0.0,0.8,0.8,378.2,56.4,85.8,70.29126984126985,11.203198000521782,64.2,0.0184818029403686,5.5,11.849857065870228,15.843714554289043,141.89007382212145,0.9,38.5,Benign
347701.4,6.0,64.0,1.4600786312967284,1.4600786312967284,0.0,0.0,0.0,0.0,0.5,1.0,0.0,0.0,0.0,0.0,0.0,4418.3,0.0,0.0,0.0,0.0,0.0,0.0,0.0,1.0,0.0,0.0,0.0,0.0,0.0,1.0,1.0,439.0,67.8,104.8,80.45202380952381,13.49937377968596,78.0,7.07864761352539e-05,5.5,12.68245410576736,19.09099748277563,208.3174193594104,0.9,38.5,Benign
275236.8,8.2,51.4,1.957511836968316,1.957511836968316,0.0,0.0,0.0,0.0,0.4,0.8,0.0,0.0,0.0,0.0,0.0,3515.6,0.0,0.0,0.0,0.0,0.0,0.0,0.0,0.8,0.2,0.0,0.0,0.0,0.0,1.0,1.0,578.7,67.9,164.2,98.4675,39.30367727195888,106.2,0.099704909324646,5.5,13.978078788892876,55.58379344913942,2260.69972718254,0.9,38.5,Benign
213.66,6.0,64.0,9.625019766144392,9.625019766144392,0.0,0.18,0.29,0.01,0.28,0.96,0.0,0.0,0.25,1.19,0.11,2.76,0.0,0.0,0.0,0.0,0.0,0.0,0.0,1.0,0.0,0.0,0.0,0.0,0.0,1.0,1.0,737.13,66.56,74.99,70.37295546485679,3.3613534617318,69.96,84667019.48090827,9.5,11.861418454008138,4.738489413441645,14.284123257963731,0.9,141.55,MQTT-DDoS-Connect_Flood
506.29,6.0,64.0,11.91449551031023,11.91449551031023,0.0,0.16,0.09,0.4,0.15,0.52,0.0,0.0,1.47,1.52,0.6,5.8,0.0,0.0,0.0,0.0,0.0,0.0,0.0,1.0,0.0,0.0,0.0,0.0,0.0,1.0,1.0,684.06,56.09,77.21,64.91457829674624,7.727915487216972,64.56,84667048.03179604,9.5,11.384938834893584,10.915127543924912,78.47503807961229,0.8,141.55,MQTT-DDoS-Connect_Flood
231165.1,6.0,64.0,1.905177467850084,1.905177467850084,0.0,0.0,0.0,0.0,0.5,1.0,0.0,0.0,0.0,0.0,0.0,2865.5,0.0,0.0,0.0,0.0,0.0,0.0,0.0,1.0,0.0,0.0,0.0,0.0,0.0,1.0,1.0,1156.8,60.0,98.0,74.33622563882626,11.679206021055176,80.8,169469628.3412753,13.5,12.18753736344932,16.536968076372,142.5141987338529,1.0,244.6,Benign
146364.0,6.0,64.0,0.9089477781210166,0.9089477781210166,0.0,0.0,0.0,0.0,0.0,1.0,0.0,0.0,0.0,0.0,0.0,1869.8,0.0,0.0,0.0,0.0,0.0,0.0,0.0,1.0,0.0,0.0,0.0,0.0,0.0,1.0,1.0,363.0,66.0,66.0,66.0,0.0,66.0,1.3685226440429687e-05,5.5,11.489125293076055,0.0,0.0,0.0,38.5,Benign
141029.0,14.8,64.0,43.13613077746129,43.13613077746129,0.0,0.0,0.0,0.0,0.1,0.2,0.0,0.0,0.0,0.0,0.0,227.9,0.0,0.0,0.0,0.0,0.0,0.0,0.0,0.2,0.8,0.0,0.0,0.0,0.0,1.0,1.0,1603.4,95.0,133.0,103.3364446032983,7.994045588969728,101.5,169470759.8662593,13.5,14.38903832170642,10.996564248042684,83.56869599189363,1.0,244.6,Benign
504.78,6.0,64.0,8.596687373233024,8.596687373233024,0.0,0.3,0.07,0.05,0.37,0.88,0.0,0.0,1.27,2.06,0.42,5.87,0.0,0.0,0.0,0.0,0.0,0.0,0.0,1.0,0.0,0.0,0.0,0.0,0.0,1.0,1.0,743.85,63.8,79.21,70.46395206560724,6.03376254451171,71.0,84667022.47600263,9.5,11.866707024322093,8.523826499827026,48.06113473157874,0.91,141.55,MQTT-DDoS-Connect_Flood
75866.25,6.0,64.0,85.1302477343817,85.1302477343817,0.0,0.0,0.0,0.0,0.38,1.0,0.0,0.0,0.0,0.0,0.0,413.45,0.0,0.0,0.0,0.0,0.0,0.0,0.0,1.0,0.0,0.0,0.0,0.0,0.0,1.0,1.0,1102.84,73.63,124.86,103.30454271816076,17.238740562745026,110.69,84666485.42589544,9.5,14.053424589354602,24.376110838763044,863.0202050396189,0.38,141.55,MQTT-DoS-Publish_Flood
605.95,6.0,64.0,11.123587157761722,11.123587157761722,0.0,0.13,0.25,0.33,0.11,0.42,0.0,0.0,1.77,2.26,0.86,6.81,0.0,0.0,0.0,0.0,0.0,0.0,0.0,1.0,0.0,0.0,0.0,0.0,0.0,1.0,1.0,694.46,58.53,78.74,66.12968157143854,7.04256888988858,65.89,84667044.26638098,9.5,11.488842423000166,9.963964211947005,63.42233783560673,0.87,141.55,MQTT-DDoS-Connect_Flood
62141.63,6.0,64.0,77.94449869699166,77.94449869699166,0.0,0.0,0.0,0.0,0.21,1.0,0.0,0.0,0.0,0.0,0.0,209.39,0.0,0.0,0.0,0.0,0.0,0.0,0.0,1.0,0.0,0.0,0.0,0.0,0.0,1.0,1.0,1874.09,86.89,376.62,171.87627033419795,96.40116239176368,197.89,84666487.079935,9.5,16.19135352392241,136.5099251744123,44709.985895073085,0.22,141.55,MQTT-DoS-Publish_Flood
2992433.0,6.0,55.0,895.0427589123243,895.0427589123243,0.0,0.0,0.0,0.0,0.0,1.0,0.0,0.0,0.0,0.0,0.0,1979.5,0.0,1.0,0.0,0.0,0.0,0.0,0.0,1.0,0.0,0.0,0.0,0.0,0.0,1.0,1.0,23467.0,1514.0,1514.0,1514.0,0.0,1514.0,169466381.1310311,13.5,55.02726596879042,0.0,0.0,0.0,244.6,Benign
33180.9,6.0,64.0,0.2556391420867049,0.2556391420867049,0.0,0.0,0.0,0.0,0.7,1.0,0.0,0.0,0.0,0.0,0.0,447.5,0.0,0.0,0.0,0.0,0.0,0.0,0.0,1.0,0.0,0.0,0.0,0.0,0.0,1.0,1.0,1091.4,66.0,86.0,70.53041935833345,7.264300355623456,67.4,169464257.91147822,13.5,11.877557986332636,10.295271738767823,53.25748979536928,1.0,244.6,Benign
314.15,6.0,64.0,15.839571810460574,15.839571810460574,0.0,0.22,0.22,0.2,0.22,0.66,0.0,0.0,0.9,0.95,0.34,3.72,0.0,0.0,0.0,0.0,0.0,0.0,0.0,1.0,0.0,0.0,0.0,0.0,0.0,1.0,1.0,705.23,59.44,75.88,66.65672377824274,5.729752185659154,67.9,84667041.39507432,9.5,11.53375277299852,8.09755559673459,43.820874175576655,0.88,141.55,MQTT-DDoS-Connect_Flood
2308.53,6.0,64.0,48979.690411854375,48979.690411854375,0.0,0.0,0.01,0.23,0.55,0.76,0.0,0.0,0.0,0.01,1.23,3.41,0.0,0.0,0.0,0.0,0.0,0.0,0.0,1.0,0.0,0.0,0.0,0.0,0.0,1.0,1.0,4284.02,82.04,799.66,354.12767438383776,291.0439812536968,451.2,84666957.9984427,9.5,24.48645234790232,411.5187639160537,165572.04604289038,0.83,141.55,MQTT-DDoS-Publish_Flood
16823.65,6.0,64.0,85.0087440926487,85.0087440926487,0.0,0.0,0.13,0.01,0.45,0.97,0.0,0.0,0.05,0.22,3.52,19.26,0.0,0.0,0.0,0.0,0.0,0.0,0.0,1.0,0.0,0.0,0.0,0.0,0.0,1.0,1.0,9857.91,347.98,1418.97,934.4134183367372,432.7090745466524,920.98,84666973.17498542,9.5,41.75978178472607,611.0056442981391,241640.70228891048,0.87,141.55,MQTT-DDoS-Publish_Flood
242640.4,6.0,64.0,1.4811371716938302,1.4811371716938302,0.0,0.0,0.0,0.0,0.5,1.0,0.0,0.0,0.0,0.0,0.0,3079.5,0.0,0.0,0.0,0.0,0.0,0.0,0.0,1.0,0.0,0.0,0.0,0.0,0.0,1.0,1.0,447.8,70.5,111.0,85.13615079365078,15.20268398064375,78.5,8.080005645751953e-05,5.5,13.031335645821562,21.49984186989858,262.1997817302847,0.9,38.5,Benign
370.41,6.0,64.0,8.61834365568251,8.61834365568251,0.0,0.21,0.23,0.0,0.4,1.0,0.0,0.0,0.65,1.97,0.47,4.07,0.0,0.0,0.0,0.0,0.0,0.0,0.0,1.0,0.0,0.0,0.0,0.0,0.0,1.0,1.0,732.12,66.84,72.8,69.84109362017412,2.423223554501991,69.44,84667048.89344166,9.5,11.818042768790551,3.4288696809346284,7.303065517615437,0.86,141.55,MQTT-DDoS-Connect_Flood
567.19,6.0,64.0,11.319372784745427,11.319372784745427,0.0,0.14,0.17,0.44,0.1,0.39,0.0,0.0,1.72,2.04,0.84,6.43,0.0,0.0,0.0,0.0,0.0,0.0,0.0,1.0,0.0,0.0,0.0,0.0,0.0,1.0,1.0,656.72,56.28,73.26,62.08985448671556,5.992415376685991,63.5,84667049.680398,9.5,11.135040882854504,8.458323083510319,45.05799776137079,0.88,141.55,MQTT-DDoS-Connect_Flood
12802.4,9.3,73.8,12.925704579252386,12.925704579252386,0.0,0.1,0.0,0.2,0.2,0.6,0.0,0.0,0.9,1.2,0.3,18.3,0.0,0.7,0.2,0.0,0.0,0.0,0.0,0.7,0.3,0.0,0.0,0.0,0.0,1.0,1.0,2995.3,62.8,1434.0,196.88420936949188,337.2988475392334,89.3,169462738.7766892,13.5,19.852999987179302,477.9231937238143,114989.0648417544,1.0,244.6,Benign
81596.7,6.0,64.0,121.37883656911995,121.37883656911995,0.0,0.0,0.0,0.0,0.92,1.0,0.0,0.0,0.0,0.0,0.0,348.7,0.0,0.0,0.0,0.0,0.0,0.0,0.0,1.0,0.0,0.0,0.0,0.0,0.0,1.0,1.0,5200.75,246.94,838.93,464.3003643938191,207.9520818709172,543.42,84666481.67437123,9.5,30.00476117431856,294.35933246038473,69394.19046522435,0.9,141.55,MQTT-DoS-Publish_Flood
414595.8,6.0,64.0,1.3677226379213392,1.3677226379213392,0.0,0.0,0.0,0.0,0.5,1.0,0.0,0.0,0.0,0.0,0.0,5268.3,0.0,0.0,0.0,0.0,0.0,0.0,0.0,1.0,0.0,0.0,0.0,0.0,0.0,1.0,1.0,1410.0,66.0,246.0,91.46998756059902,44.34295960486101,77.3,169467817.07529458,13.5,13.532443051795468,62.81206937550596,1983.5859753005163,1.0,244.6,Benign
552301.2,7.1,57.7,1.9626169622947576,1.9626169622947576,0.0,0.0,0.0,0.0,0.5,0.9,0.0,0.0,0.0,0.0,0.0,6834.2,0.0,0.0,0.0,0.0,0.0,0.0,0.0,0.9,0.1,0.0,0.0,0.0,0.0,1.0,1.0,493.4,70.5,132.2,91.2565476190476,23.18290525147301,95.4,0.1001005887985229,5.5,13.496411418186534,32.785579021843574,692.2477498582766,0.9,38.5,Benign
394.65,6.0,64.0,9.338058669422958,9.338058669422958,0.0,0.2,0.29,0.06,0.24,0.78,0.0,0.0,0.88,1.94,0.33,4.5,0.0,0.0,0.0,0.0,0.0,0.0,0.0,1.0,0.0,0.0,0.0,0.0,0.0,1.0,1.0,724.69,63.96,74.04,68.96611528607272,3.662203133060209,69.32,84667024.31921878,9.5,11.742380477775017,5.177236035682495,18.71870547500508,0.87,141.55,MQTT-DDoS-Connect_Flood
401833.8,7.1,64.0,1.8508954047041943,1.8508954047041943,0.0,0.0,0.0,0.0,0.5,0.9,0.0,0.0,0.0,0.0,0.0,5095.3,0.0,0.0,0.0,0.0,0.0,0.0,0.0,0.9,0.1,0.0,0.0,0.0,0.0,1.0,1.0,559.6,82.6,214.0,117.14333333333332,48.06159758121596,92.6,0.100434398651123,5.5,15.154690899210198,67.96936312867356,2626.615071428572,0.9,38.5,Benign
3188731.2,17.0,64.0,53.61466727134196,53.61466727134196,0.0,0.0,0.0,0.0,0.0,0.0,0.0,0.0,0.0,0.0,0.0,0.0,0.0,0.0,0.0,0.0,0.0,0.0,0.0,0.0,1.0,0.0,0.0,0.0,0.0,1.0,1.0,1543.2,66.0,107.5,99.43962041613356,9.126225564205273,102.4,169470815.1010579,13.5,14.100997511044246,12.930428408288332,83.93609531022801,1.0,244.6,Benign
236.61,6.0,64.0,539.5069735913838,539.5069735913838,0.0,0.23,0.32,0.0,0.23,1.0,0.0,0.0,0.36,1.43,0.15,2.78,0.0,0.0,0.0,0.0,0.0,0.0,0.0,1.0,0.0,0.0,0.0,0.0,0.0,1.0,1.0,729.4,66.32,73.16,69.26840146420486,2.870816800608724,69.48,84667047.88566583,9.5,11.769839741812117,4.060348455708978,9.415422491185518,0.9,141.55,MQTT-DDoS-Connect_Flood
269.82,6.0,64.0,307.9071373823492,307.9071373823492,0.0,0.2,0.24,0.17,0.16,0.76,0.0,0.0,0.74,0.71,0.27,3.27,0.0,0.0,0.0,0.0,0.0,0.0,0.0,1.0,0.0,0.0,0.0,0.0,0.0,1.0,1.0,709.23,59.68,77.88,67.30697226187127,5.720652795983511,67.77,84667021.38343412,9.5,11.598295869591745,8.098477814978338,40.612639687330926,0.91,141.55,MQTT-DDoS-Connect_Flood
65232.84,6.0,64.0,70.79862074612284,70.79862074612284,0.0,0.0,0.0,0.0,0.59,1.0,0.0,0.0,0.0,0.0,0.0,202.3,0.0,0.0,0.0,0.0,0.0,0.0,0.0,1.0,0.0,0.0,0.0,0.0,0.0,1.0,1.0,2404.26,118.79,498.08,229.29114633753764,143.61386975921607,224.67,84666507.18406482,9.5,19.76256522914004,203.02907464142064,56869.91590772516,0.7,141.55,MQTT-DoS-Publish_Flood
11912.5,8.2,118.1,24.72928805817692,24.72928805817692,0.0,0.0,0.0,0.0,0.3,0.8,0.0,0.0,0.0,0.7,0.0,103.8,0.0,0.7,0.2,0.0,0.0,0.0,0.0,0.8,0.2,0.0,0.0,0.0,0.0,1.0,1.0,2330.4,66.0,1059.5,144.17661746792936,235.1553291238889,255.0,169464214.04157847,13.5,16.77517369164418,333.6177893411969,76418.09811184982,1.0,244.6,Benign
18098.05,6.0,64.0,88.25693522922829,88.25693522922829,0.0,0.0,0.0,0.0,0.4,1.0,0.0,0.0,0.0,0.0,0.0,62.76,0.0,0.0,0.0,0.0,0.0,0.0,0.0,1.0,0.0,0.0,0.0,0.0,0.0,1.0,1.0,2404.92,109.6,476.14,206.72847228794592,116.5359350240336,249.12,84666982.51233798,9.5,18.90181329405852,165.0541809317698,33568.19292931422,0.48,141.55,MQTT-DDoS-Publish_Flood
385.15,6.0,64.0,13.679498599209978,13.679498599209978,0.0,0.23,0.17,0.12,0.29,0.84,0.0,0.0,0.93,1.52,0.5,4.69,0.0,0.0,0.0,0.0,0.0,0.0,0.0,1.0,0.0,0.0,0.0,0.0,0.0,1.0,1.0,706.05,63.52,73.63,67.23952478300852,3.775994909919329,67.46,84667024.79810692,9.5,11.59012251489746,5.324683736178928,21.344583472679265,0.88,141.55,MQTT-DDoS-Connect_Flood
231.61,6.0,64.0,41.47294006114871,41.47294006114871,0.0,0.18,0.15,0.46,0.12,0.45,0.0,0.0,0.61,0.52,0.74,2.26,0.0,0.0,0.0,0.0,0.0,0.0,0.0,1.0,0.0,0.0,0.0,0.0,0.0,1.0,1.0,662.06,55.88,75.11,62.7990378038714,6.732752227039632,62.68,84667045.73529555,9.5,11.197820161615,9.52281132743896,57.59112375168996,0.9,141.55,MQTT-DDoS-Connect_Flood
443.29,6.0,64.0,10.314554528169356,10.314554528169356,0.0,0.38,0.06,0.0,0.49,0.94,0.0,0.0,1.05,1.78,0.49,5.29,0.0,0.0,0.0,0.0,0.0,0.0,0.0,1.0,0.0,0.0,0.0,0.0,0.0,1.0,1.0,729.87,66.29,73.14,69.60673640076813,2.9208308519077706,69.59,84667024.48651892,9.5,11.795858155114155,4.120257175038085,15.441099716852532,0.94,141.55,MQTT-DDoS-Connect_Flood
723.45,6.11,65.91,29.62395901560541,29.62395901560541,0.0,0.06,0.15,0.14,0.3,0.87,0.0,0.0,0.36,2.96,0.99,7.83,0.0,0.0,0.0,0.0,0.0,0.0,0.0,0.99,0.01,0.0,0.0,0.0,0.0,1.0,1.0,742.4,63.64,85.38,71.09392809924853,6.83565493663761,71.52,84662367.73282164,9.5,11.918857130285652,9.685910732294646,101.40735745787975,0.91,141.55,MQTT-DoS-Connect_Flood
407.37,6.0,64.0,11.045153210900098,11.045153210900098,0.0,0.23,0.17,0.16,0.26,0.81,0.0,0.0,1.07,1.61,0.33,4.75,0.0,0.0,0.0,0.0,0.0,0.0,0.0,1.0,0.0,0.0,0.0,0.0,0.0,1.0,1.0,714.61,60.21,79.75,67.89222546803042,6.971369688226664,68.52,84667028.66858275,9.5,11.643639738754846,9.873243716871764,59.72845329765933,0.92,141.55,MQTT-DDoS-Connect_Flood
39135.1,8.2,57.7,1.5200261261475847,1.5200261261475847,0.0,0.0,0.0,0.0,0.4,0.8,0.0,0.0,0.0,0.0,0.0,493.6,0.0,0.0,0.0,0.0,0.0,0.0,0.0,0.8,0.2,0.0,0.0,0.0,0.0,1.0,1.0,1946.2,66.0,694.9,122.43692918064046,148.70606415876233,177.7,169465763.9172102,13.5,15.572249338513052,210.9061484589897,29027.87964349625,1.0,244.6,Benign
318902.5,7.1,69.3,0.9290874576056858,0.9290874576056858,0.0,0.0,0.0,0.0,0.5,0.9,0.0,0.0,0.0,0.0,0.0,3567.2,0.0,0.1,0.0,0.0,0.0,0.0,0.0,0.9,0.1,0.0,0.0,0.0,0.0,1.0,1.0,496.9,66.0,139.0,85.7800396825397,26.35156068655211,109.2,0.077313494682312,5.5,13.069736353218149,37.26673451261966,979.994085963089,0.9,38.5,Benign
481.56,6.0,64.0,13.417008173108462,13.417008173108462,0.0,0.75,0.03,0.0,0.21,0.97,0.0,0.0,1.46,1.86,0.29,5.86,0.0,0.0,0.0,0.0,0.0,0.0,0.0,1.0,0.0,0.0,0.0,0.0,0.0,1.0,1.0,716.88,66.08,74.22,68.02445586718923,2.931984899115933,68.34,84667029.75768872,9.5,11.663131557201488,4.14955180576652,17.861376825985573,0.51,141.55,MQTT-DDoS-Connect_Flood
60530.5,6.0,99.6,1.13319544488765,1.13319544488765,0.0,0.0,0.0,0.0,0.5,1.0,0.0,0.0,0.0,0.0,0.0,757.9,0.0,0.2,0.0,0.0,0.0,0.0,0.0,1.0,0.0,0.0,0.0,0.0,0.0,1.0,1.0,424.8,60.0,99.8,75.65448412698413,13.762896729408908,81.1,0.0998622894287109,5.5,12.295802778644717,19.463675212270388,230.39856347631644,0.9,38.5,Benign
41284.0,6.0,64.0,0.2641833459991759,0.2641833459991759,0.0,0.0,0.0,0.0,0.7,1.0,0.0,0.0,0.0,0.0,0.0,561.7,0.0,0.0,0.0,0.0,0.0,0.0,0.0,1.0,0.0,0.0,0.0,0.0,0.0,1.0,1.0,1046.2,66.0,69.8,67.4722918026246,1.2474238354656966,69.2,169463393.9062066,13.5,11.608542376987176,1.3072097208803717,0.8546809315893433,1.0,244.6,Benign
19686.24,6.0,64.0,34.96734254616601,34.96734254616601,0.0,0.03,0.04,0.3,0.33,0.7,0.0,0.0,0.68,0.45,7.81,23.84,0.0,0.0,0.0,0.0,0.0,0.0,0.0,1.0,0.0,0.0,0.0,0.0,0.0,1.0,1.0,6107.44,276.62,1040.07,595.325944699908,292.60758404028047,614.19,84666955.92806897,9.5,30.49519893776278,413.8632157438883,155695.54328574296,0.79,141.55,MQTT-DDoS-Publish_Flood
351.22,6.0,64.0,6.007900221893919,6.007900221893919,0.0,0.14,0.33,0.2,0.15,0.49,0.0,0.0,1.12,1.51,0.39,3.71,0.0,0.0,0.0,0.0,0.0,0.0,0.0,1.0,0.0,0.0,0.0,0.0,0.0,1.0,1.0,715.37,62.05,79.59,68.28985670882264,5.794047710627935,67.98,84667030.8318504,9.5,11.67632187795745,8.167720015704452,42.28696635029113,0.95,141.55,MQTT-DDoS-Connect_Flood
108.1,6.0,64.0,47894.14891835383,47894.14891835383,0.0,0.08,0.13,0.42,0.08,0.5,0.0,0.0,0.15,0.16,0.62,0.98,0.0,0.0,0.0,0.0,0.0,0.0,0.0,1.0,0.0,0.0,0.0,0.0,0.0,1.0,1.0,670.55,55.68,75.0,63.74450694356383,6.423500531415915,63.22,84667022.1634213,9.5,11.281557700738226,9.069996930737757,49.41386867210963,0.92,141.55,MQTT-DDoS-Connect_Flood
67245.1,8.2,57.2,1.478646791779998,1.478646791779998,0.0,0.0,0.0,0.0,0.3,0.8,0.0,0.0,0.0,0.1,0.0,792.7,0.0,0.1,0.0,0.0,0.0,0.0,0.0,0.8,0.2,0.0,0.0,0.0,0.0,1.0,1.0,1746.8,66.0,427.6,108.73748477485704,91.85044979946898,223.6,169469533.54207972,13.5,14.66359125287723,130.56974976436533,14066.907109699614,1.0,244.6,Benign
13986.4,6.0,64.0,0.8724876980759056,0.8724876980759056,0.0,0.0,0.0,0.0,0.0,1.0,0.0,0.0,0.0,0.0,0.0,179.4,0.0,0.0,0.0,0.0,0.0,0.0,0.0,1.0,0.0,0.0,0.0,0.0,0.0,1.0,1.0,1023.0,66.0,66.0,66.0,0.0,66.0,169462356.0043934,13.5,11.489125293076055,0.0,0.0,0.0,244.6,Benign
376.38,6.0,64.0,10.055472898544956,10.055472898544956,0.0,0.21,0.29,0.14,0.26,0.81,0.0,0.0,0.87,1.8,0.36,4.26,0.0,0.0,0.0,0.0,0.0,0.0,0.0,1.0,0.0,0.0,0.0,0.0,0.0,1.0,1.0,722.33,62.73,77.57,68.94510647037002,5.200239371797128,68.7,84667032.4173707,9.5,11.738117401267973,7.357029011976124,36.465108219441646,0.9,141.55,MQTT-DDoS-Connect_Flood
3178643.0,6.0,56.0,8111.558271328028,8111.558271328028,0.0,0.0,0.0,0.0,0.0,1.0,0.0,0.0,0.0,0.0,0.0,2099.5,1.0,0.0,0.0,0.0,0.0,0.0,0.0,1.0,0.0,0.0,0.0,0.0,0.0,1.0,1.0,23467.0,1514.0,1514.0,1514.0,0.0,1514.0,169469425.64701527,13.5,55.02726596879042,0.0,0.0,0.0,244.6,Benign
537.43,6.0,64.0,11.0269954713398,11.0269954713398,0.0,0.19,0.22,0.26,0.13,0.54,0.0,0.0,1.47,2.05,0.65,6.1,0.0,0.0,0.0,0.0,0.0,0.0,0.0,1.0,0.0,0.0,0.0,0.0,0.0,1.0,1.0,694.68,58.68,77.1,65.82074042319049,6.242934259328848,66.81,84667042.42579329,9.5,11.46568176722545,8.834059181156924,52.69098648351211,0.83,141.55,MQTT-DDoS-Connect_Flood
268508.3,8.2,75.6,1.876835280981892,1.876835280981892,0.0,0.0,0.0,0.0,0.4,0.8,0.0,0.0,0.0,0.0,0.0,3412.0,0.0,0.0,0.2,0.0,0.0,0.0,0.0,0.8,0.2,0.0,0.0,0.0,0.0,1.0,1.0,1302.9,66.0,152.3,83.08233593848533,25.20293930750642,111.8,169465546.1665284,13.5,12.884734486335294,35.823911036486194,882.3349373138957,1.0,244.6,Benign
115549.6,6.0,64.0,1.7771070479226014,1.7771070479226014,0.0,0.0,0.0,0.0,0.5,1.0,0.0,0.0,0.0,0.0,0.0,1425.1,0.0,0.0,0.0,0.0,0.0,0.0,0.0,1.0,0.0,0.0,0.0,0.0,0.0,1.0,1.0,1245.2,66.0,111.0,80.3234288127593,16.111902013246542,80.7,169466652.8251988,13.5,12.680593875761137,22.799153580566006,260.387724876228,1.0,244.6,Benign
491466.0,6.0,64.0,2.033233763213309,2.033233763213309,0.0,0.0,0.0,0.0,0.5,1.0,0.0,0.0,0.0,0.0,0.0,6327.1,0.0,0.0,0.0,0.0,0.0,0.0,0.0,1.0,0.0,0.0,0.0,0.0,0.0,1.0,1.0,423.6,67.8,90.0,77.36936507936508,9.186247407704958,77.9,0.0174086809158325,5.5,12.43765459925701,12.99131567129104,97.77803565129754,0.9,38.5,Benign
62097.0,17.0,60.0,503.0829375294815,503.0829375294815,0.0,0.0,0.0,0.0,0.0,0.0,0.0,0.0,0.0,0.0,0.0,0.0,0.0,0.0,0.0,0.0,0.0,0.0,0.0,0.0,1.0,0.0,0.0,0.0,0.0,1.0,1.0,20026.0,1292.0,1292.0,1292.0,0.0,1292.0,169463492.5231702,13.5,50.83306010855534,0.0,0.0,0.0,244.6,Benign
8443883.8,6.0,100.8,123.56041816766071,123.56041816766071,0.0,0.0,0.0,0.0,0.0,1.0,0.0,0.0,0.0,2.0,0.0,8672.5,0.0,1.0,0.0,0.0,0.0,0.0,0.0,1.0,0.0,0.0,0.0,0.0,0.0,1.0,1.0,6931.8,780.0,1494.0,1333.4066666666663,296.0507264989521,1208.4,4.291534423828125e-05,5.5,51.5396187800167,418.6789525652258,176044.79955555554,0.5,38.5,MQTT-Malformed_Data
9959.88,6.0,64.0,12.08344931988755,12.08344931988755,0.0,0.0,0.15,0.18,0.3,0.68,0.0,0.0,0.47,2.19,3.94,19.17,0.0,0.0,0.0,0.0,0.0,0.0,0.0,1.0,0.0,0.0,0.0,0.0,0.0,1.0,1.0,1381.39,66.17,392.51,124.44468725190356,95.283793530394,142.58,84666972.96974665,9.5,15.407905969091988,134.97845797383764,25315.64666274288,0.91,141.55,MQTT-DDoS-Publish_Flood
671.13,6.0,64.0,36.010772920762804,36.010772920762804,0.0,0.03,0.26,0.1,0.19,0.84,0.0,0.0,0.4,2.82,0.98,7.57,0.0,0.0,0.0,0.0,0.0,0.0,0.0,1.0,0.0,0.0,0.0,0.0,0.0,1.0,1.0,717.41,63.12,73.09,67.90077546185324,3.6650803574090496,68.37,84662381.31029418,9.5,11.650090004003124,5.175755424618769,15.386448712458009,0.94,141.55,MQTT-DoS-Connect_Flood
374.29,6.0,64.0,58.45568887833652,58.45568887833652,0.0,0.03,0.23,0.12,0.2,0.91,0.0,0.0,0.14,1.87,0.43,4.01,0.0,0.0,0.0,0.0,0.0,0.0,0.0,1.0,0.0,0.0,0.0,0.0,0.0,1.0,1.0,723.84,65.4,73.78,68.67179703505128,3.040352132697965,69.18,84662363.10717146,9.5,11.717888686576362,4.302116362171185,14.060268704724114,0.74,141.55,MQTT-DoS-Connect_Flood
411.9,6.0,64.0,11.484703147962032,11.484703147962032,0.0,0.26,0.25,0.14,0.24,0.76,0.0,0.0,0.91,1.78,0.45,4.69,0.0,0.0,0.0,0.0,0.0,0.0,0.0,1.0,0.0,0.0,0.0,0.0,0.0,1.0,1.0,715.73,59.08,77.42,67.41429576950397,6.130883151346409,68.79,84667039.37637198,9.5,11.60058782161996,8.680178488699063,46.718518832329856,0.9,141.55,MQTT-DDoS-Connect_Flood
446.85,6.0,64.0,11.372231558978507,11.372231558978507,0.0,0.08,0.32,0.34,0.16,0.5,0.0,0.0,1.1,1.83,0.59,5.1,0.0,0.0,0.0,0.0,0.0,0.0,0.0,1.0,0.0,0.0,0.0,0.0,0.0,1.0,1.0,701.49,61.08,75.92,66.55301550401784,5.350102961273454,66.88,84667044.2468536,9.5,11.516771175323706,7.56090714589567,41.31255400969852,0.86,141.55,MQTT-DDoS-Connect_Flood
19284.3,6.0,64.0,1.2312048821293733,1.2312048821293733,0.0,0.0,0.0,0.0,0.4,1.0,0.0,0.0,0.0,0.0,0.0,237.0,0.0,0.0,0.0,0.0,0.0,0.0,0.0,1.0,0.0,0.0,0.0,0.0,0.0,1.0,1.0,1228.7,66.0,111.0,79.56067209879903,14.88659920590916,75.6,169323392.3920294,13.5,12.618227144919564,21.07314634364231,222.4987095688384,1.0,244.6,MQTT-Malformed_Data
182.89,6.0,64.0,410.0236154223689,410.0236154223689,0.0,0.41,0.26,0.0,0.36,0.77,0.0,0.0,0.64,0.29,0.03,2.32,0.0,0.0,0.0,0.0,0.0,0.0,0.0,1.0,0.0,0.0,0.0,0.0,0.0,1.0,1.0,755.89,66.32,78.28,71.62620100182755,4.596734144954227,72.08,84667039.49792145,9.5,11.967146466139996,6.501627450037602,27.24143425262595,0.92,141.55,MQTT-DDoS-Connect_Flood
16716.0,6.0,64.0,0.946935267214124,0.946935267214124,0.0,0.0,0.0,0.0,0.5,1.0,0.0,0.0,0.0,0.0,0.0,215.1,0.0,0.0,0.0,0.0,0.0,0.0,0.0,1.0,0.0,0.0,0.0,0.0,0.0,1.0,1.0,412.9,66.0,86.4,73.94329365079366,8.804813455517055,78.1,1.361370086669922e-05,5.5,12.158183865884206,12.451886602957334,88.32091797367094,0.9,38.5,Benign
421.71,6.0,64.0,9.852809272243078,9.852809272243078,0.0,0.17,0.27,0.29,0.13,0.66,0.0,0.0,1.14,1.74,0.57,4.81,0.0,0.0,0.0,0.0,0.0,0.0,0.0,1.0,0.0,0.0,0.0,0.0,0.0,1.0,1.0,691.47,56.56,76.91,65.88826454754397,6.567763444527634,66.08,84667019.31304784,9.5,11.470820335073766,9.289635517678256,49.58981103805267,0.94,141.55,MQTT-DDoS-Connect_Flood
44298.0,9.3,73.4,0.432973207818384,0.432973207818384,0.0,0.1,0.0,0.2,0.3,0.6,0.0,0.0,0.4,0.6,0.3,550.9,0.0,0.6,0.2,0.0,0.0,0.0,0.0,0.7,0.3,0.0,0.0,0.0,0.0,1.0,1.0,1398.5,156.3,930.0,345.7059920634921,289.1239564546817,181.3,0.0996690034866333,5.5,25.34234647087452,408.88302042517904,95535.96943592528,0.9,38.5,Benign
362.73,6.0,64.0,10.425081867340866,10.425081867340866,0.0,0.14,0.3,0.21,0.18,0.6,0.0,0.0,0.78,1.62,0.33,4.26,0.0,0.0,0.0,0.0,0.0,0.0,0.0,1.0,0.0,0.0,0.0,0.0,0.0,1.0,1.0,717.11,61.68,76.62,68.67524698929383,5.341831949221388,68.37,84667030.63483211,9.5,11.713606144010804,7.555699808263996,37.03270041158869,0.93,141.55,MQTT-DDoS-Connect_Flood
85595.77,6.0,64.0,112.3970112556936,112.3970112556936,0.0,0.0,0.0,0.0,0.29,1.0,0.0,0.0,0.0,0.0,0.0,421.47,0.0,0.0,0.0,0.0,0.0,0.0,0.0,1.0,0.0,0.0,0.0,0.0,0.0,1.0,1.0,1420.03,112.87,153.2,140.88305589706133,17.59101319622145,123.77,84666479.70397185,9.5,15.874049523886963,24.843993366415567,1407.5563648911927,0.26,141.55,MQTT-DoS-Publish_Flood
8147782.0,6.0,64.0,124.66401792172388,124.66401792172388,0.0,0.0,0.0,0.0,0.0,1.0,0.0,0.0,0.0,2.0,0.0,8378.5,0.0,1.0,0.0,0.0,0.0,0.0,0.0,1.0,0.0,0.0,0.0,0.0,0.0,1.0,1.0,23157.0,1494.0,1494.0,1494.0,0.0,1494.0,169323362.8849158,13.5,54.6626014748658,0.0,0.0,0.0,244.6,MQTT-Malformed_Data
441.04,6.0,64.0,7.950806350784988,7.950806350784988,0.0,0.04,0.25,0.22,0.07,0.76,0.0,0.0,0.96,1.91,0.76,4.94,0.0,0.0,0.0,0.0,0.0,0.0,0.0,1.0,0.0,0.0,0.0,0.0,0.0,1.0,1.0,704.25,61.93,76.83,67.3278528264821,5.712719560636905,67.02,84667049.91472858,9.5,11.599490458330724,8.072601093712246,45.30988285382724,0.89,141.55,MQTT-DDoS-Connect_Flood
81767.8,7.1,89.0,1.390094235956136,1.390094235956136,0.0,0.0,0.0,0.0,0.5,0.9,0.0,0.0,0.0,0.0,0.0,991.1,0.0,0.0,0.0,0.0,0.0,0.0,0.0,0.9,0.1,0.0,0.0,0.0,0.0,1.0,1.0,1399.2,66.0,232.5,90.14112424898804,40.86953709525165,97.3,169468328.5346884,13.5,13.425955674405202,57.939567769308994,1749.7003097825927,1.0,244.6,Benign
131318.4,6.0,64.0,1.4479766185067775,1.4479766185067775,0.0,0.0,0.0,0.0,0.5,1.0,0.0,0.0,0.0,0.0,0.0,1665.5,0.0,0.0,0.0,0.0,0.0,0.0,0.0,1.0,0.0,0.0,0.0,0.0,0.0,1.0,1.0,444.4,68.2,105.6,81.85484126984127,13.897318801994595,78.5,1.7404556274414062e-05,5.5,12.791930128598986,19.65377673040337,218.46463334593096,0.9,38.5,Benign
20081.8,7.1,89.0,1.0897951939480963,1.0897951939480963,0.0,0.0,0.0,0.0,0.4,0.9,0.0,0.0,0.0,0.0,0.0,243.6,0.0,0.1,0.0,0.0,0.0,0.0,0.0,0.9,0.1,0.0,0.0,0.0,0.0,1.0,1.0,1325.4,66.0,219.0,85.10412826896184,36.95104971005898,94.8,169467850.6310436,13.5,13.032568109572612,52.34722908708094,1508.086044517224,1.0,244.6,Benign
222195.4,7.1,62.3,1.6729715516308137,1.6729715516308137,0.0,0.0,0.0,0.1,0.4,0.8,0.0,0.0,0.2,0.1,0.1,2642.5,0.0,0.0,0.0,0.0,0.0,0.0,0.0,0.9,0.1,0.0,0.0,0.0,0.0,1.0,1.0,552.2,70.0,214.0,114.17527777777778,51.60620295478691,92.2,0.1001497030258178,5.5,14.967292639806846,72.98219212123813,3072.1686116622577,0.9,38.5,Benign
1733662.2,14.8,64.0,38.751825895856726,38.751825895856726,0.0,0.0,0.0,0.0,0.1,0.2,0.0,0.0,0.0,0.0,0.0,43.1,0.0,0.0,0.0,0.0,0.0,0.0,0.0,0.2,0.8,0.0,0.0,0.0,0.0,1.0,1.0,8658.6,66.0,1230.0,554.3082786339907,449.8263954925659,638.6,169461603.5138411,13.5,33.35790359883816,635.7609171594225,202111.94086286795,1.0,244.6,Benign
153768.0,6.0,64.0,1.1880469888051532,1.1880469888051532,0.0,0.0,0.0,0.0,0.5,1.0,0.0,0.0,0.0,0.0,0.0,2040.7,0.0,0.0,0.0,0.0,0.0,0.0,0.0,1.0,0.0,0.0,0.0,0.0,0.0,1.0,1.0,424.0,68.2,88.0,78.14075396825396,9.13056100158985,76.3,9.071826934814452e-05,5.5,12.498374356192148,12.912563200523234,92.76878532060972,0.9,38.5,Benign
2771635.8,6.0,55.0,4212.258518081378,4212.258518081378,0.0,0.0,0.0,0.0,0.1,1.0,0.0,0.0,0.0,0.0,0.0,1851.5,0.0,1.0,0.0,0.0,0.0,0.0,0.0,1.0,0.0,0.0,0.0,0.0,0.0,1.0,1.0,21051.8,480.0,1514.0,1356.3408996052108,341.1170534744984,1315.2,169466380.5160223,13.5,52.06867362838696,483.3760623425776,117159.67319465608,1.0,244.6,Benign
2540334.0,6.0,64.0,85.39788444467082,85.39788444467082,0.0,0.0,0.0,0.0,0.0,1.0,0.0,0.0,0.0,0.0,0.0,2582.5,0.0,1.0,0.0,0.0,0.0,0.0,0.0,1.0,0.0,0.0,0.0,0.0,0.0,1.0,1.0,23157.0,1494.0,1494.0,1494.0,0.0,1494.0,169462840.90600333,13.5,54.6626014748658,0.0,0.0,0.0,244.6,Benign
24322.8,6.0,64.0,1.1892308376841894,1.1892308376841894,0.0,0.0,0.0,0.0,0.5,1.0,0.0,0.0,0.0,0.0,0.0,304.3,0.0,0.0,0.0,0.0,0.0,0.0,0.0,1.0,0.0,0.0,0.0,0.0,0.0,1.0,1.0,432.4,68.2,92.6,79.30789682539684,10.478924701764022,79.0,0.0001096963882446,5.5,12.591778257615646,14.81943743232112,124.46034200995211,0.9,38.5,Benign
478327.4,6.0,64.0,2.033723753062901,2.033723753062901,0.0,0.0,0.0,0.0,0.5,1.0,0.0,0.0,0.0,0.0,0.0,6158.3,0.0,0.0,0.0,0.0,0.0,0.0,0.0,1.0,0.0,0.0,0.0,0.0,0.0,1.0,1.0,1229.4,66.0,111.0,79.39447447590248,15.456026956591908,77.8,169469780.8442553,13.5,12.606519562732808,21.87289605427708,239.61321622552023,1.0,244.6,Benign
233.62,6.0,64.0,24.6850207447896,24.6850207447896,0.0,0.12,0.16,0.26,0.17,0.7,0.0,0.0,0.56,0.71,0.42,2.62,0.0,0.0,0.0,0.0,0.0,0.0,0.0,1.0,0.0,0.0,0.0,0.0,0.0,1.0,1.0,696.92,61.7,77.09,66.79711994043109,5.443017941286624,66.23,84667041.39012164,9.5,11.543196956570034,7.700535115415307,39.95265115453312,0.9,141.55,MQTT-DDoS-Connect_Flood
0.0,0.0,0.0,2.033789281445167,2.033789281445167,0.0,0.0,0.0,0.0,0.0,0.0,0.0,0.0,0.0,0.0,0.0,0.0,0.0,0.0,0.0,0.0,0.0,0.0,0.0,0.0,0.0,0.0,1.0,0.0,0.0,0.0,0.0,258.0,42.0,51.0,45.18928571428571,4.149825949761248,51.0,0.000263500213623,5.5,9.49963868220436,5.868740139640167,34.80599489795918,0.5,38.5,Benign
2188.06,6.0,64.0,1169.1321363658608,1169.1321363658608,0.0,0.0,0.15,0.23,0.28,0.73,0.0,0.0,0.0,0.15,2.82,2.28,0.0,0.0,0.0,0.0,0.0,0.0,0.0,1.0,0.0,0.0,0.0,0.0,0.0,1.0,1.0,4246.3,117.26,1214.09,434.5013638368855,454.342610795996,464.9,84666960.94388446,9.5,27.64173613907993,642.5764973986103,279083.91050588945,0.94,141.55,MQTT-DDoS-Publish_Flood
7527.48,6.0,64.0,21.258910962011186,21.258910962011186,0.0,0.0,0.06,0.42,0.26,0.55,0.0,0.0,0.53,0.25,4.0,11.4,0.0,0.0,0.0,0.0,0.0,0.0,0.0,1.0,0.0,0.0,0.0,0.0,0.0,1.0,1.0,868.71,66.23,109.03,83.58058617393101,17.44612064550104,81.84,84666960.98872414,9.5,12.679557669425758,24.62598876580809,624.8567407037197,0.83,141.55,MQTT-DDoS-Publish_Flood
125737.0,6.0,64.0,1.4083326035760828,1.4083326035760828,0.0,0.0,0.0,0.0,0.5,1.0,0.0,0.0,0.0,0.0,0.0,1672.3,0.0,0.0,0.0,0.0,0.0,0.0,0.0,1.0,0.0,0.0,0.0,0.0,0.0,1.0,1.0,1205.8,66.0,111.0,77.87473762219892,13.066271605156563,75.9,169467550.7306931,13.5,12.48455781132935,18.4859964906124,171.0825361655179,1.0,244.6,Benign
308.51,6.0,64.0,13.633782753623068,13.633782753623068,0.0,0.1,0.09,0.1,0.25,0.89,0.0,0.0,0.75,0.9,0.17,3.67,0.0,0.0,0.0,0.0,0.0,0.0,0.0,1.0,0.0,0.0,0.0,0.0,0.0,1.0,1.0,717.75,60.68,78.88,67.98736152375317,6.67589683141385,68.8,84667024.90985565,9.5,11.651824499456744,9.436467115841452,55.01201942626479,0.9,141.55,MQTT-DDoS-Connect_Flood
2848.0,6.0,64.0,0.4070467873605183,0.4070467873605183,0.0,0.0,0.0,0.0,0.0,1.0,0.0,0.0,0.0,0.0,0.0,38.4,0.0,0.0,0.0,0.0,0.0,0.0,0.0,1.0,0.0,0.0,0.0,0.0,0.0,1.0,1.0,1026.0,54.0,81.0,66.20063142095262,4.940877031374837,66.0,169469916.0492338,13.5,11.506642907495571,7.003206315020971,24.732771004067114,1.0,244.6,Benign
83277.74,6.0,64.0,97.75498347437482,97.75498347437482,0.0,0.0,0.0,0.0,0.17,1.0,0.0,0.0,0.0,0.0,0.0,414.8,0.0,0.0,0.0,0.0,0.0,0.0,0.0,1.0,0.0,0.0,0.0,0.0,0.0,1.0,1.0,1403.68,85.62,292.72,135.7413978812725,72.5060882552392,129.22,84666487.77969791,9.5,15.387879001991903,102.6759750834066,15663.49140221664,0.34,141.55,MQTT-DoS-Publish_Flood
445.02,6.0,64.0,9.24437550354089,9.24437550354089,0.0,0.22,0.16,0.3,0.16,0.58,0.0,0.0,1.42,1.73,0.55,5.19,0.0,0.0,0.0,0.0,0.0,0.0,0.0,1.0,0.0,0.0,0.0,0.0,0.0,1.0,1.0,674.71,59.12,73.47,63.89156889601627,5.608139562654792,64.82,84667032.66223742,9.5,11.29682641347341,7.932278559722768,52.33590137715971,0.74,141.55,MQTT-DDoS-Connect_Flood
73356.3,6.0,64.0,1.074041552560726,1.074041552560726,0.0,0.0,0.0,0.0,0.6,1.0,0.0,0.0,0.0,0.0,0.0,945.2,0.0,0.0,0.0,0.0,0.0,0.0,0.0,1.0,0.0,0.0,0.0,0.0,0.0,1.0,1.0,1122.3,66.0,112.0,72.54935434147896,12.297426500953772,69.1,169469993.9446928,13.5,12.046961385496582,17.427741520136472,152.55036037585467,1.0,244.6,Benign
680684.4,6.0,64.0,2.033863541154001,2.033863541154001,0.0,0.0,0.0,0.0,0.5,1.0,0.0,0.0,0.0,0.0,0.0,8475.3,0.0,0.0,0.0,0.0,0.0,0.0,0.0,1.0,0.0,0.0,0.0,0.0,0.0,1.0,1.0,1393.0,66.0,246.0,90.133355972373,44.19942944716441,80.6,169469894.67303368,13.5,13.434382110751326,62.60759920875046,1970.13197736152,1.0,244.6,Benign
486.0,6.0,64.0,7.403101472187049,7.403101472187049,0.0,0.19,0.17,0.19,0.27,0.67,0.0,0.0,1.26,1.98,0.49,5.55,0.0,0.0,0.0,0.0,0.0,0.0,0.0,1.0,0.0,0.0,0.0,0.0,0.0,1.0,1.0,727.54,60.32,78.49,69.08580461338627,6.622599859078137,68.98,84667043.88414136,9.5,11.739105395713471,9.359354230598864,52.174798505783535,0.89,141.55,MQTT-DDoS-Connect_Flood
382.86,6.0,64.0,10.2980756628545,10.2980756628545,0.0,0.16,0.25,0.14,0.36,0.69,0.0,0.0,0.84,1.78,0.4,4.37,0.0,0.0,0.0,0.0,0.0,0.0,0.0,1.0,0.0,0.0,0.0,0.0,0.0,1.0,1.0,714.95,62.81,76.12,67.8096397852234,4.485912478116945,68.74,84667034.44241922,9.5,11.635047407876904,6.351177565190605,29.65141722082788,0.88,141.55,MQTT-DDoS-Connect_Flood
9929.9,6.0,64.0,0.360141079056136,0.360141079056136,0.0,0.0,0.0,0.0,0.3,1.0,0.0,0.0,0.0,0.0,0.0,133.6,0.0,0.0,0.0,0.0,0.0,0.0,0.0,1.0,0.0,0.0,0.0,0.0,0.0,1.0,1.0,1035.8,66.0,68.0,66.83301656118219,0.981306769425362,66.6,169468721.93695992,13.5,11.561718787900578,1.389306612819825,0.965282671303906,1.0,244.6,Benign
743.56,6.0,64.0,28.181845095768928,28.181845095768928,0.0,0.04,0.24,0.14,0.26,0.82,0.0,0.0,0.47,3.1,1.18,8.39,0.0,0.0,0.0,0.0,0.0,0.0,0.0,1.0,0.0,0.0,0.0,0.0,0.0,1.0,1.0,731.31,64.53,76.4,69.90746077374638,4.558072515320696,69.91,84662361.61631088,9.5,11.81717874362876,6.441131806814698,24.934753507613,0.9,141.55,MQTT-DoS-Connect_Flood
3976.6,6.0,64.0,10.60070602970047,10.60070602970047,0.0,0.0,0.09,0.12,0.57,0.88,0.0,0.0,0.62,2.93,4.0,15.21,0.0,0.0,0.0,0.0,0.0,0.0,0.0,1.0,0.0,0.0,0.0,0.0,0.0,1.0,1.0,6687.01,210.51,1190.43,652.4823620825339,385.6480705569523,583.03,84666955.0951738,9.5,34.24177969069526,545.5445794188258,206313.07925092665,0.94,141.55,MQTT-DDoS-Publish_Flood
680.17,6.0,64.0,45.82465001555409,45.82465001555409,0.0,0.04,0.18,0.17,0.26,0.85,0.0,0.0,0.29,2.86,0.96,7.76,0.0,0.0,0.0,0.0,0.0,0.0,0.0,1.0,0.0,0.0,0.0,0.0,0.0,1.0,1.0,727.51,61.24,76.15,68.72137679803858,5.185351423468611,69.45,84662385.79461302,9.5,11.718421126055318,7.302390037965794,31.69106732061646,0.94,141.55,MQTT-DoS-Connect_Flood
3829730.6,6.0,192.8,98.6969788354096,98.6969788354096,0.0,0.0,0.0,0.0,0.0,1.0,0.0,0.0,0.0,0.0,0.0,3879.5,0.0,1.0,0.0,0.0,0.0,0.0,0.0,1.0,0.0,0.0,0.0,0.0,0.0,1.0,1.0,4218.6,494.4,1494.0,963.77,475.7478130556377,494.4,0.0011518955230712,5.5,43.00091040848309,672.8090094926227,324025.35500000004,0.7,38.5,MQTT-Malformed_Data
45809.6,6.0,64.0,27.14072084015069,27.14072084015069,0.0,0.02,0.07,0.0,0.45,0.93,0.0,0.0,0.9,0.84,20.88,51.09,0.0,0.0,0.0,0.0,0.0,0.0,0.0,1.0,0.0,0.0,0.0,0.0,0.0,1.0,1.0,11123.92,242.16,1423.62,1023.75869469892,471.88060940926783,1060.92,84666959.9164845,9.5,44.14496211295358,667.1482261472095,271058.9682606613,0.87,141.55,MQTT-DDoS-Publish_Flood
67628.8,6.0,63.5,1.4173488114426511,1.4173488114426511,0.0,0.0,0.0,0.0,0.5,1.0,0.0,0.0,0.0,0.1,0.0,813.3,0.0,0.1,0.0,0.0,0.0,0.0,0.0,1.0,0.0,0.0,0.0,0.0,0.0,1.0,1.0,1243.4,66.0,111.0,80.12020677336079,17.08009346195252,81.2,169465372.5172839,13.5,12.655508526137655,24.20738227375297,293.34338815673755,1.0,244.6,Benign
12910.8,6.0,64.0,1.188181261672152,1.188181261672152,0.0,0.0,0.0,0.0,0.5,1.0,0.0,0.0,0.0,0.0,0.0,171.1,0.0,0.0,0.0,0.0,0.0,0.0,0.0,1.0,0.0,0.0,0.0,0.0,0.0,1.0,1.0,2059.3,66.0,931.0,134.91427602583175,212.3780063324678,76.3,169463506.80653203,13.5,16.423327118618637,301.0108097068135,45632.54801354067,1.0,244.6,Benign
167.03,6.0,64.0,136.97693845319122,136.97693845319122,0.0,0.33,0.32,0.1,0.16,0.69,0.0,0.0,0.36,0.75,0.16,1.8,0.0,0.0,0.0,0.0,0.0,0.0,0.0,1.0,0.0,0.0,0.0,0.0,0.0,1.0,1.0,729.26,64.96,78.91,69.55666236115967,4.631424871658359,69.13,84667041.38837017,9.5,11.792140789608665,6.553376823643459,27.906564064009515,0.88,141.55,MQTT-DDoS-Connect_Flood
4380209.2,6.0,211.2,97.97427372128271,97.97427372128271,0.0,0.0,0.0,0.0,0.0,1.0,0.0,0.0,0.0,0.0,0.0,4443.5,0.0,1.0,0.0,0.0,0.0,0.0,0.0,1.0,0.0,0.0,0.0,0.0,0.0,1.0,1.0,18016.2,351.6,1494.0,1199.024858299595,478.1990896586509,351.6,169323402.8166932,13.5,48.90448421614969,674.7566614269386,292860.1705911587,0.8,244.6,MQTT-Malformed_Data
869.2,7.1,82.5,1.954857963033011,1.954857963033011,0.0,0.0,0.0,0.0,0.5,0.9,0.0,0.0,0.0,0.0,0.0,10.7,0.0,0.1,0.0,0.0,0.0,0.0,0.0,0.9,0.1,0.0,0.0,0.0,0.0,1.0,1.0,596.6,67.9,180.0,101.0331746031746,44.500397947130615,107.9,0.100051999092102,5.5,14.146844548011108,62.93306630783195,2939.149539430587,0.9,38.5,Benign
462.83,6.0,64.0,9.42864415546186,9.42864415546186,0.0,0.28,0.31,0.13,0.16,0.76,0.0,0.0,1.19,2.01,0.65,5.22,0.0,0.0,0.0,0.0,0.0,0.0,0.0,1.0,0.0,0.0,0.0,0.0,0.0,1.0,1.0,724.06,63.36,75.61,69.1418427012444,5.165576085724718,68.32,84667024.83231641,9.5,11.75641338265043,7.304456112116822,36.25824502471993,0.91,141.55,MQTT-DDoS-Connect_Flood
283.95,6.0,64.0,2942.555958528691,2942.555958528691,0.0,0.31,0.02,0.19,0.3,0.79,0.0,0.0,0.83,0.72,0.29,3.59,0.0,0.0,0.0,0.0,0.0,0.0,0.0,1.0,0.0,0.0,0.0,0.0,0.0,1.0,1.0,701.32,59.61,76.34,66.97585549379241,6.051993356467407,66.59,84667039.86330408,9.5,11.568410401017244,8.568321819395363,57.05975678474706,0.86,141.55,MQTT-DDoS-Connect_Flood
73979.4,5.4,57.6,2.037669385105074,2.037669385105074,0.0,0.0,0.0,0.0,0.5,0.9,0.0,0.0,0.0,0.0,0.0,949.3,0.0,0.0,0.0,0.0,0.0,0.0,0.0,0.9,0.0,0.0,0.1,0.0,0.0,0.9,0.9,438.9,68.1,111.0,83.92515873015871,15.434598628205842,77.3,0.0998655080795288,5.5,12.93531453314406,21.827818709793867,269.24314657344416,0.9,38.5,Benign
429.72,6.0,64.0,8.023304042272361,8.023304042272361,0.0,0.18,0.35,0.26,0.07,0.58,0.0,0.0,1.03,1.91,0.73,4.64,0.0,0.0,0.0,0.0,0.0,0.0,0.0,1.0,0.0,0.0,0.0,0.0,0.0,1.0,1.0,704.5,61.92,73.02,67.37881318195909,4.528178882061094,66.33,84667025.98447192,9.5,11.600936458834612,6.399878161257964,26.57290619267026,0.88,141.55,MQTT-DDoS-Connect_Flood
921892.4,6.0,51.2,786.4779977042544,786.4779977042544,0.0,0.0,0.0,0.0,0.5,1.0,0.0,0.0,0.0,0.0,0.0,889.1,0.8,0.0,0.0,0.0,0.0,0.0,0.0,1.0,0.0,0.0,0.0,0.0,0.0,1.0,1.0,21701.0,500.4,1514.0,1410.1200281340605,296.626688153088,1243.8,169461592.8003475,13.5,53.07592453959823,420.8150626391986,126971.36348121276,0.7,244.6,Benign
76867.96,6.0,64.0,73.26210428089752,73.26210428089752,0.0,0.0,0.0,0.0,0.39,1.0,0.0,0.0,0.0,0.0,0.0,282.49,0.0,0.0,0.0,0.0,0.0,0.0,0.0,1.0,0.0,0.0,0.0,0.0,0.0,1.0,1.0,1227.1,82.35,161.92,109.12597873273955,29.99261535801005,119.41,84666502.63031155,9.5,14.462345242517989,42.33724483224639,2398.273043523924,0.41,141.55,MQTT-DoS-Publish_Flood
322.5,6.0,64.0,11.648716817449246,11.648716817449246,0.0,0.23,0.34,0.0,0.21,0.89,0.0,0.0,0.71,1.47,0.14,3.92,0.0,0.0,0.0,0.0,0.0,0.0,0.0,1.0,0.0,0.0,0.0,0.0,0.0,1.0,1.0,764.16,66.74,92.3,72.79056342208702,7.964268930675103,72.23,84667048.54512618,9.5,12.062537820563971,11.275209394035546,167.98413084261975,0.93,141.55,MQTT-DDoS-Connect_Flood
751.15,6.11,65.91,20.9669319119222,20.9669319119222,0.0,0.05,0.23,0.17,0.27,0.83,0.0,0.0,0.6,3.59,1.02,7.59,0.0,0.0,0.0,0.0,0.0,0.0,0.0,0.99,0.01,0.0,0.0,0.0,0.0,1.0,1.0,771.61,66.17,103.58,73.92175199911887,11.370143326130735,71.89,84662373.98989986,9.5,12.151845331686014,16.099706116805862,359.40857532423894,0.94,141.55,MQTT-DoS-Connect_Flood
135313.8,6.0,64.0,0.7000536770534421,0.7000536770534421,0.0,0.0,0.0,0.0,0.5,1.0,0.0,0.0,0.0,0.0,0.0,1823.9,0.0,0.0,0.0,0.0,0.0,0.0,0.0,1.0,0.0,0.0,0.0,0.0,0.0,1.0,1.0,402.0,66.0,80.8,72.31126984126983,6.878443422848358,74.0,6.201267242431641e-05,5.5,12.024322585953117,9.727587976608165,52.77625636180399,0.9,38.5,Benign
41219.1,7.1,57.7,1.6671723224245216,1.6671723224245216,0.0,0.0,0.0,0.0,0.4,0.9,0.0,0.0,0.0,0.0,0.0,534.4,0.0,0.0,0.0,0.0,0.0,0.0,0.0,0.9,0.1,0.0,0.0,0.0,0.0,1.0,1.0,1366.7,66.0,217.0,88.40208995682681,38.77317995445561,88.9,169470341.3012908,13.5,13.245859614210662,53.44620332876558,1436.6933793679386,1.0,244.6,Benign
125.25,6.0,64.0,136746.7411935752,136746.7411935752,0.0,0.15,0.1,0.11,0.31,0.82,0.0,0.0,0.15,0.3,0.16,1.41,0.0,0.0,0.0,0.0,0.0,0.0,0.0,1.0,0.0,0.0,0.0,0.0,0.0,1.0,1.0,704.06,60.28,75.05,66.95815010561334,4.81943620028452,67.61,84667048.37640247,9.5,11.567426436418105,6.816546004375503,33.45573598924515,0.95,141.55,MQTT-DDoS-Connect_Flood
415.3,6.0,64.0,10.660793842664052,10.660793842664052,0.0,0.09,0.3,0.27,0.08,0.63,0.0,0.0,1.07,1.89,0.52,4.64,0.0,0.0,0.0,0.0,0.0,0.0,0.0,1.0,0.0,0.0,0.0,0.0,0.0,1.0,1.0,694.87,56.8,76.19,66.18253212735836,7.235540665710168,66.37,84667024.95085673,9.5,11.50104660353222,10.229480133479232,61.25515723666903,0.91,141.55,MQTT-DDoS-Connect_Flood
283.76,6.0,64.0,9.391201277724727,9.391201277724727,0.0,0.18,0.15,0.0,0.34,0.95,0.0,0.0,0.49,1.37,0.24,3.51,0.0,0.0,0.0,0.0,0.0,0.0,0.0,1.0,0.0,0.0,0.0,0.0,0.0,1.0,1.0,727.48,66.44,74.06,69.31193855619784,2.962828413391456,69.06,84667041.26007062,9.5,11.77211366057628,4.192238664147903,12.299838626535673,0.91,141.55,MQTT-DDoS-Connect_Flood
558710.8,7.1,64.0,1.711171626938696,1.711171626938696,0.0,0.0,0.0,0.0,0.5,0.9,0.0,0.0,0.0,0.0,0.0,7130.7,0.0,0.0,0.0,0.0,0.0,0.0,0.0,0.9,0.1,0.0,0.0,0.0,0.0,1.0,1.0,939.2,67.9,592.0,150.06107142857144,179.16610215048587,164.5,0.1001145124435424,5.5,16.91475988601489,253.37913157874044,52419.340500425176,0.9,38.5,Benign
3474649.0,6.0,64.0,97.10350896977609,97.10350896977609,0.0,0.0,0.0,0.0,0.0,1.0,0.0,0.0,0.0,0.0,0.0,3528.5,0.0,1.0,0.0,0.0,0.0,0.0,0.0,1.0,0.0,0.0,0.0,0.0,0.0,1.0,1.0,8217.0,1494.0,1494.0,1494.0,0.0,1494.0,3.688335418701172e-05,5.5,54.6626014748658,0.0,0.0,0.0,38.5,MQTT-Malformed_Data
58695.6,7.1,64.0,1.705672551348253,1.705672551348253,0.0,0.0,0.0,0.0,0.5,0.9,0.0,0.0,0.0,0.0,0.0,726.9,0.0,0.0,0.0,0.0,0.0,0.0,0.0,0.9,0.1,0.0,0.0,0.0,0.0,1.0,1.0,1321.9,66.0,172.8,84.77452894929289,27.403772316395496,93.0,169468299.33418742,13.5,13.017796117621236,38.87620334916195,840.785561127637,1.0,244.6,Benign
83736.59,6.0,64.0,76.22517965103302,76.22517965103302,0.0,0.0,0.0,0.0,0.39,1.0,0.0,0.0,0.0,0.0,0.0,349.38,0.0,0.0,0.0,0.0,0.0,0.0,0.0,1.0,0.0,0.0,0.0,0.0,0.0,1.0,1.0,1748.12,111.78,261.11,166.85470940046366,46.04775825560924,163.01,84666499.43233049,9.5,16.999993494186153,65.1400683236973,5992.639769903692,0.42,141.55,MQTT-DoS-Publish_Flood
52670.9,7.1,55.6,5.630093677775346,5.630093677775346,0.0,0.0,0.0,0.0,0.3,0.9,0.0,0.0,0.0,0.4,0.0,656.1,0.0,0.1,0.0,0.0,0.0,0.0,0.0,0.9,0.1,0.0,0.0,0.0,0.0,1.0,1.0,886.8,57.6,571.6,158.2725396825397,187.3703403086416,136.0,0.0669636964797973,5.5,17.42756384185823,264.9816764509431,44938.46788259007,0.8,38.5,Benign
548597.2,6.0,64.0,1.7735796863508668,1.7735796863508668,0.0,0.0,0.0,0.0,0.5,1.0,0.0,0.0,0.0,0.0,0.0,6764.3,0.0,0.0,0.0,0.0,0.0,0.0,0.0,1.0,0.0,0.0,0.0,0.0,0.0,1.0,1.0,444.2,67.7,100.2,80.07154761904762,12.988927652050307,80.7,0.0001567125320434,5.5,12.652344399115858,18.369117646212462,202.73744430272112,0.9,38.5,Benign
101.88,6.0,64.0,79556.78050047743,79556.78050047743,0.0,0.13,0.16,0.35,0.12,0.63,0.0,0.0,0.13,0.23,0.54,0.95,0.0,0.0,0.0,0.0,0.0,0.0,0.0,1.0,0.0,0.0,0.0,0.0,0.0,1.0,1.0,670.82,55.8,73.29,63.452150386077626,6.046513540679163,64.18,84667028.97392552,9.5,11.258292544098165,8.557667787825991,45.390269593245606,0.86,141.55,MQTT-DDoS-Connect_Flood
537.2,6.0,64.0,9.986101174545546,9.986101174545546,0.0,0.17,0.12,0.33,0.24,0.61,0.0,0.0,1.56,1.98,0.56,6.26,0.0,0.0,0.0,0.0,0.0,0.0,0.0,1.0,0.0,0.0,0.0,0.0,0.0,1.0,1.0,698.55,56.2,74.3,65.79111238331672,6.556303113215473,66.97,84667046.69938664,9.5,11.449808433702362,9.188370916022144,58.91211993809477,0.76,141.55,MQTT-DDoS-Connect_Flood
374983.8,6.0,64.0,1.2507425663028005,1.2507425663028005,0.0,0.0,0.0,0.0,0.5,1.0,0.0,0.0,0.0,0.0,0.0,4621.3,0.0,0.0,0.0,0.0,0.0,0.0,0.0,1.0,0.0,0.0,0.0,0.0,0.0,1.0,1.0,1128.5,42.0,97.0,72.5678265856091,13.66206133406494,80.1,169467372.53100792,13.5,12.031829049966584,19.084856893450137,182.9095405833651,1.0,244.6,Benign
487.38,6.0,64.0,9.597217449150452,9.597217449150452,0.0,0.31,0.18,0.2,0.06,0.66,0.0,0.0,1.35,2.03,0.69,5.55,0.0,0.0,0.0,0.0,0.0,0.0,0.0,1.0,0.0,0.0,0.0,0.0,0.0,1.0,1.0,695.18,59.4,74.91,66.1608576849707,5.380886495839341,66.06,84667040.82228686,9.5,11.499833936622244,7.61095567031649,39.93350239926512,0.86,141.55,MQTT-DDoS-Connect_Flood
1261441.0,6.0,55.0,3213.279866571257,3213.279866571257,0.0,0.0,0.0,0.0,0.0,1.0,0.0,0.0,0.0,0.0,0.0,835.5,0.0,1.0,0.0,0.0,0.0,0.0,0.0,1.0,0.0,0.0,0.0,0.0,0.0,1.0,1.0,23467.0,1514.0,1514.0,1514.0,0.0,1514.0,169466381.3854315,13.5,55.02726596879042,0.0,0.0,0.0,244.6,Benign
11669.5,6.0,64.0,2.078594673935683,2.078594673935683,0.0,0.0,0.0,0.0,0.5,1.0,0.0,0.0,0.0,0.0,0.0,145.5,0.0,0.0,0.0,0.0,0.0,0.0,0.0,1.0,0.0,0.0,0.0,0.0,0.0,1.0,1.0,482.6,75.4,108.4,90.27960317460315,13.637703037340035,80.6,2.181529998779297e-05,5.5,13.42652334793986,19.286624595023028,210.84232646762408,0.9,38.5,MQTT-Malformed_Data
46309.0,8.2,83.1,1.6621713407629364,1.6621713407629364,0.0,0.0,0.0,0.0,0.4,0.8,0.0,0.0,0.0,0.0,0.0,568.2,0.0,0.0,0.0,0.0,0.0,0.0,0.0,0.8,0.2,0.0,0.0,0.0,0.0,1.0,1.0,904.5,66.0,506.1,136.90103174603175,145.78263575001102,177.9,0.0997217893600463,5.5,16.04321467673636,206.1677806361624,40666.58503168305,0.9,38.5,Benign
274812.4,8.2,60.3,1.3951549757067965,1.3951549757067965,0.0,0.0,0.0,0.0,0.5,0.8,0.0,0.0,0.0,0.0,0.0,3294.0,0.0,0.0,0.0,0.0,0.0,0.0,0.0,0.8,0.2,0.0,0.0,0.0,0.0,1.0,1.0,545.3,70.5,151.4,95.5531746031746,29.309347738666588,126.6,0.0687539100646972,5.5,13.777707422688833,41.44967707633149,1367.100994457042,0.9,38.5,Benign
88569.2,6.0,64.0,0.4237442619214242,0.4237442619214242,0.0,0.0,0.0,0.0,0.7,1.0,0.0,0.0,0.0,0.0,0.0,1195.0,0.0,0.0,0.0,0.0,0.0,0.0,0.0,1.0,0.0,0.0,0.0,0.0,0.0,1.0,1.0,1176.6,66.0,111.0,76.22118543565138,15.286557769023872,67.4,169469759.94499642,13.5,12.348577767619602,21.65948285949807,235.412450175378,1.0,244.6,Benign
197.87,6.0,64.0,14.035709726062118,14.035709726062118,0.0,0.29,0.43,0.0,0.12,1.0,0.0,0.0,0.39,1.15,0.11,2.6,0.0,0.0,0.0,0.0,0.0,0.0,0.0,1.0,0.0,0.0,0.0,0.0,0.0,1.0,1.0,729.36,66.8,72.56,69.48134432835826,2.3056507579232446,69.92,84667049.11776473,9.5,11.785246620502326,3.2564671986091684,7.319746315798628,0.75,141.55,MQTT-DDoS-Connect_Flood
309.15,6.0,64.0,14.05518731777212,14.05518731777212,0.0,0.13,0.16,0.29,0.2,0.6,0.0,0.0,0.81,0.87,0.38,3.59,0.0,0.0,0.0,0.0,0.0,0.0,0.0,1.0,0.0,0.0,0.0,0.0,0.0,1.0,1.0,710.38,59.52,79.64,67.89416508336865,7.413412744943693,67.09,84667041.22710142,9.5,11.651426367101474,10.487947106296108,69.9156352417157,0.89,141.55,MQTT-DDoS-Connect_Flood
195.9,6.0,64.0,10.742896881341116,10.742896881341116,0.0,0.27,0.16,0.0,0.22,1.0,0.0,0.0,0.33,1.01,0.0,2.44,0.0,0.0,0.0,0.0,0.0,0.0,0.0,1.0,0.0,0.0,0.0,0.0,0.0,1.0,1.0,714.56,66.24,72.32,68.07081876396737,2.348882268971274,68.16,84667024.75236097,9.5,11.667457002735109,3.322080478494142,6.942104631807553,0.86,141.55,MQTT-DDoS-Connect_Flood
467.27,6.0,64.0,8.645734331188539,8.645734331188539,0.0,0.13,0.11,0.42,0.12,0.5,0.0,0.0,1.12,2.02,0.76,5.03,0.0,0.0,0.0,0.0,0.0,0.0,0.0,1.0,0.0,0.0,0.0,0.0,0.0,1.0,1.0,665.9,57.88,74.45,63.88695002675343,5.689118612937018,62.7,84667025.10396458,9.5,11.29410031351543,8.052611894402208,44.84419593198815,0.85,141.55,MQTT-DDoS-Connect_Flood
196.89,6.0,64.0,12.499674117226878,12.499674117226878,0.0,0.03,0.31,0.16,0.18,0.81,0.0,0.0,0.31,0.98,0.22,2.38,0.0,0.0,0.0,0.0,0.0,0.0,0.0,1.0,0.0,0.0,0.0,0.0,0.0,1.0,1.0,718.0,57.56,75.09,67.74234433849604,6.102807710416751,68.17,84667044.81654857,9.5,11.63672156025297,8.6268848009801,46.33735202340024,0.93,141.55,MQTT-DDoS-Connect_Flood
73877.36,6.0,64.0,68.24897135304603,68.24897135304603,0.0,0.0,0.0,0.0,0.21,1.0,0.0,0.0,0.0,0.0,0.0,211.68,0.0,0.0,0.0,0.0,0.0,0.0,0.0,1.0,0.0,0.0,0.0,0.0,0.0,1.0,1.0,2474.17,130.31,438.59,250.4784833698723,110.55354708751486,235.88,84666490.70925483,9.5,18.45379159047092,156.50535871398606,49229.30132655035,0.34,141.55,MQTT-DoS-Publish_Flood
848.43,6.0,64.0,37.7437539957572,37.7437539957572,0.0,0.44,0.09,0.12,0.23,0.87,0.0,0.0,2.19,3.09,1.13,9.69,0.0,0.0,0.0,0.0,0.0,0.0,0.0,1.0,0.0,0.0,0.0,0.0,0.0,1.0,1.0,693.88,61.76,71.28,65.92979322363225,3.4643051258859234,66.2,84662358.56053756,9.5,11.478586886864386,4.903203025572567,16.081724175082947,0.87,141.55,MQTT-DoS-Connect_Flood
85186.34,6.0,64.0,76.09569107207864,76.09569107207864,0.0,0.0,0.0,0.0,0.6,1.0,0.0,0.0,0.0,0.0,0.0,321.87,0.0,0.0,0.0,0.0,0.0,0.0,0.0,1.0,0.0,0.0,0.0,0.0,0.0,1.0,1.0,3615.9,121.9,1002.08,359.9436807970581,294.05756274966285,305.8,84666495.53848083,9.5,25.43125162145368,416.34169032580775,125447.34744357562,0.86,141.55,MQTT-DoS-Publish_Flood
1839.8,5.4,63.5,0.9313766204648596,0.9313766204648596,0.0,0.0,0.0,0.0,0.5,0.9,0.0,0.0,0.0,0.0,0.0,23.3,0.0,0.2,0.0,0.0,0.0,0.0,0.0,0.9,0.0,0.0,0.1,0.0,0.0,0.9,0.9,1149.9,42.0,92.1,73.99755156522185,13.86058196237638,78.7,169462870.5824101,13.5,12.150059602885404,19.329066344394978,186.9175858444932,1.0,244.6,Benign
4027091.4,17.0,64.0,47.97972608888861,47.97972608888861,0.0,0.0,0.0,0.0,0.0,0.0,0.0,0.0,0.0,0.0,0.0,0.0,0.0,0.0,0.0,0.0,0.0,0.0,0.0,0.0,1.0,0.0,0.0,0.0,0.0,1.0,1.0,4059.4,62.4,934.0,260.88246509510446,309.8876999688646,343.2,169461612.35094878,13.5,22.68551897297156,434.5343312829453,94489.555334568,1.0,244.6,Benign
46726.4,6.0,64.0,1.746731674243054,1.746731674243054,0.0,0.0,0.0,0.0,0.6,1.0,0.0,0.0,0.0,0.2,0.0,565.0,0.0,0.0,0.0,0.0,0.0,0.0,0.0,1.0,0.0,0.0,0.0,0.0,0.0,1.0,1.0,459.2,70.4,115.0,86.31039682539684,16.630029413012135,83.7,0.0055116891860961,5.5,13.1242918311053,23.518413138545245,314.5217180020157,0.9,38.5,Benign
345.75,6.0,64.0,10.965045567779272,10.965045567779272,0.0,0.21,0.39,0.08,0.22,0.68,0.0,0.0,0.83,1.68,0.2,3.97,0.0,0.0,0.0,0.0,0.0,0.0,0.0,1.0,0.0,0.0,0.0,0.0,0.0,1.0,1.0,754.74,64.33,79.02,72.34385894171187,5.520946119223006,70.95,84667029.00552486,9.5,12.024676616767229,7.811628477306163,40.41501709695889,0.9,141.55,MQTT-DDoS-Connect_Flood
1122114.0,6.0,248.0,98.75643848423124,98.75643848423124,0.0,0.0,0.0,0.0,0.0,1.0,0.0,0.0,0.0,0.0,0.0,1205.5,0.0,1.0,0.0,0.0,0.0,0.0,0.0,1.0,0.0,0.0,0.0,0.0,0.0,1.0,1.0,1023.0,66.0,66.0,66.0,0.0,66.0,169462854.228265,13.5,11.489125293076055,0.0,0.0,0.0,244.6,Benign
165696.5,7.1,99.4,17.430751017957455,17.430751017957455,0.0,0.0,0.0,0.0,0.6,0.9,0.0,0.0,0.0,0.6,0.0,2118.8,0.0,0.6,0.0,0.0,0.0,0.0,0.0,0.9,0.1,0.0,0.0,0.0,0.0,1.0,1.0,1616.8,66.0,449.3,100.561499533748,88.84432869774596,173.5,169465659.2180999,13.5,14.101742659475908,126.29222142368894,15211.41239694111,1.0,244.6,Benign
137832.4,6.0,64.0,1.1428865960814734,1.1428865960814734,0.0,0.0,0.0,0.0,0.5,1.0,0.0,0.0,0.0,0.0,0.0,1844.1,0.0,0.0,0.0,0.0,0.0,0.0,0.0,1.0,0.0,0.0,0.0,0.0,0.0,1.0,1.0,2066.0,66.0,932.0,135.58569238681855,212.57315242260967,70.4,169470468.0468952,13.5,16.467224183063422,301.2585656555693,45696.948707445226,1.0,244.6,Benign
3033068.8,17.0,64.0,53.61718468521831,53.61718468521831,0.0,0.0,0.0,0.0,0.0,0.0,0.0,0.0,0.0,0.0,0.0,0.0,0.0,0.0,0.0,0.0,0.0,0.0,0.0,0.0,1.0,0.0,0.0,0.0,0.0,1.0,1.0,1582.8,100.0,112.0,102.1252096557553,2.9093793096269693,102.4,169470812.2667368,13.5,14.288081754450063,4.006348539807444,8.075134221328693,1.0,244.6,Benign
57427.1,8.2,83.1,1.2414706179161417,1.2414706179161417,0.0,0.0,0.0,0.0,0.4,0.8,0.0,0.0,0.0,0.0,0.0,664.6,0.0,0.0,0.0,0.0,0.0,0.0,0.0,0.8,0.2,0.0,0.0,0.0,0.0,1.0,1.0,2143.8,66.0,848.1,137.64352817633002,189.96369244488795,183.4,169466436.5235589,13.5,16.541176452804706,269.32778847676883,39802.12433315605,1.0,244.6,Benign
461.31,6.0,64.0,10.622146437725528,10.622146437725528,0.0,0.15,0.07,0.4,0.15,0.55,0.0,0.0,1.33,1.62,0.7,5.37,0.0,0.0,0.0,0.0,0.0,0.0,0.0,1.0,0.0,0.0,0.0,0.0,0.0,1.0,1.0,651.6,56.16,73.37,61.679091100420045,5.929418934473835,62.99,84667045.59407532,9.5,11.098501592059597,8.385855014166802,47.03451784422896,0.85,141.55,MQTT-DDoS-Connect_Flood
531.61,6.0,64.0,20.228837652525364,20.228837652525364,0.0,0.2,0.09,0.43,0.19,0.55,0.0,0.0,1.49,1.91,0.65,6.12,0.0,0.0,0.0,0.0,0.0,0.0,0.0,1.0,0.0,0.0,0.0,0.0,0.0,1.0,1.0,679.09,57.01,77.73,64.66865805840185,7.55092638411006,64.51,84667019.9982092,9.5,11.360738055397066,10.631626949187972,73.77416703638737,0.92,141.55,MQTT-DDoS-Connect_Flood
1753.93,6.0,64.0,44.33531079398453,44.33531079398453,0.0,0.02,0.25,0.11,0.29,0.86,0.0,0.0,0.19,1.95,0.48,19.25,0.0,0.0,0.0,0.0,0.0,0.0,0.0,1.0,0.0,0.0,0.0,0.0,0.0,1.0,1.0,765.4,65.72,84.54,72.74321118213572,6.309429794015529,73.43,84662377.05141665,9.5,12.052368515744076,8.533723512299801,50.90794751131502,0.94,141.55,MQTT-DoS-Connect_Flood
37408.3,6.0,84.24,67.54553051022432,67.54553051022432,0.0,0.0,0.06,0.0,0.47,0.94,0.0,0.0,0.57,1.42,8.04,41.75,0.0,0.11,0.0,0.0,0.0,0.0,0.0,1.0,0.0,0.0,0.0,0.0,0.0,1.0,1.0,9575.05,158.7,1321.58,811.8864272713013,499.7129107272682,1007.59,84666958.72763272,9.5,38.48984647552537,706.9636988507928,307851.33700698224,0.84,141.55,MQTT-DDoS-Publish_Flood
374.46,6.0,64.0,15.892741898021775,15.892741898021775,0.0,0.21,0.07,0.24,0.19,0.69,0.0,0.0,1.19,0.84,0.36,4.31,0.0,0.0,0.0,0.0,0.0,0.0,0.0,1.0,0.0,0.0,0.0,0.0,0.0,1.0,1.0,695.47,57.6,80.62,66.29346304065731,8.027164232972442,66.87,84667045.92138372,9.5,11.511564797051996,11.35264308774806,72.22938152127718,0.92,141.55,MQTT-DDoS-Connect_Flood
323.28,6.0,64.0,21.076734544716228,21.076734544716228,0.0,0.16,0.09,0.17,0.24,0.83,0.0,0.0,0.69,1.37,0.34,4.0,0.0,0.0,0.0,0.0,0.0,0.0,0.0,1.0,0.0,0.0,0.0,0.0,0.0,1.0,1.0,686.62,61.52,74.08,65.18225922310403,4.527435529865046,66.27,84667033.3288013,9.5,11.409796149798415,6.38927800829474,30.410090815210264,0.91,141.55,MQTT-DDoS-Connect_Flood
407.1,6.0,64.0,7.945940872622795,7.945940872622795,0.0,0.04,0.24,0.13,0.23,0.86,0.0,0.0,0.9,1.69,0.71,4.71,0.0,0.0,0.0,0.0,0.0,0.0,0.0,1.0,0.0,0.0,0.0,0.0,0.0,1.0,1.0,719.85,61.84,74.83,68.57111352596492,4.510618235538849,68.03,84667049.91518608,9.5,11.708322361344088,6.387825471581396,27.38235179579013,0.94,141.55,MQTT-DDoS-Connect_Flood
307463.2,6.0,64.0,1.1132775760869245,1.1132775760869245,0.0,0.0,0.0,0.0,0.5,1.0,0.0,0.0,0.0,0.0,0.0,3842.7,0.0,0.0,0.0,0.0,0.0,0.0,0.0,1.0,0.0,0.0,0.0,0.0,0.0,1.0,1.0,1185.6,66.0,98.6,76.38048912559748,10.843527490161112,78.7,169464844.01763168,13.5,12.364153099895624,15.342971787926617,119.50262307444127,1.0,244.6,Benign
38551.6,7.1,99.6,0.9424881377799949,0.9424881377799949,0.0,0.0,0.0,0.0,0.4,0.9,0.0,0.0,0.0,0.0,0.0,454.2,0.0,0.2,0.0,0.0,0.0,0.0,0.0,0.9,0.1,0.0,0.0,0.0,0.0,1.0,1.0,524.1,62.4,189.6,87.9511507936508,40.82755538649913,165.8,0.0697268962860107,5.5,13.147677527598097,57.73888254612577,6828.542234111237,0.9,38.5,Benign
456750.8,6.0,64.0,1.4074183010577226,1.4074183010577226,0.0,0.0,0.0,0.0,0.5,1.0,0.0,0.0,0.0,0.0,0.0,5778.3,0.0,0.0,0.0,0.0,0.0,0.0,0.0,1.0,0.0,0.0,0.0,0.0,0.0,1.0,1.0,1193.4,66.0,102.4,76.90223875281926,11.544462139323644,79.1,169466983.22711432,13.5,12.406254397965848,16.333977059093133,135.26185928577547,1.0,244.6,Benign
550.35,6.0,64.0,10.2221232333056,10.2221232333056,0.0,0.23,0.12,0.21,0.17,0.69,0.0,0.0,1.52,2.02,0.71,6.36,0.0,0.0,0.0,0.0,0.0,0.0,0.0,1.0,0.0,0.0,0.0,0.0,0.0,1.0,1.0,712.59,63.05,79.2,68.3874007052459,6.149552476095564,67.38,84667040.98065808,9.5,11.689849661760718,8.69563747214581,53.73786364872438,0.84,141.55,MQTT-DDoS-Connect_Flood
729.6,6.0,64.0,40.16619252272093,40.16619252272093,0.0,0.11,0.25,0.16,0.27,0.83,0.0,0.0,1.14,2.78,1.57,7.92,0.0,0.0,0.0,0.0,0.0,0.0,0.0,1.0,0.0,0.0,0.0,0.0,0.0,1.0,1.0,742.78,64.44,78.21,70.4783940517257,5.258940101634115,71.2,84662359.51075777,9.5,11.870593734695433,7.446099369290093,37.42400362685298,0.91,141.55,MQTT-DoS-Connect_Flood
72403.8,6.0,64.0,1.4658593636414845,1.4658593636414845,0.0,0.0,0.0,0.0,0.5,1.0,0.0,0.0,0.0,0.0,0.0,879.3,0.0,0.0,0.0,0.0,0.0,0.0,0.0,1.0,0.0,0.0,0.0,0.0,0.0,1.0,1.0,1249.1,66.0,111.0,80.50565090181576,17.10003852858888,81.1,169470366.54692692,13.5,12.68605466002808,24.236081176074386,293.98253668932296,1.0,244.6,Benign
7659828.8,6.0,100.8,123.08253617392069,123.08253617392069,0.0,0.0,0.0,0.0,0.0,1.0,0.0,0.0,0.0,2.0,0.0,7895.5,0.0,1.0,0.0,0.0,0.0,0.0,0.0,1.0,0.0,0.0,0.0,0.0,0.0,1.0,1.0,5503.8,66.0,1208.4,800.2866666666666,518.8228668262633,1208.4,4.301071166992188e-05,5.5,37.54450688657585,733.7263347349916,338273.21555555554,0.8,38.5,MQTT-Malformed_Data
1892061.4,6.0,100.8,105.5436234446016,105.5436234446016,0.0,0.0,0.0,0.0,0.0,1.0,0.0,0.0,0.0,0.0,0.0,1921.5,0.0,1.0,0.0,0.0,0.0,0.0,0.0,1.0,0.0,0.0,0.0,0.0,0.0,1.0,1.0,7217.4,922.8,1494.0,1377.6066666666666,228.29143511979896,1208.4,1.940727233886719e-05,5.5,52.41279125363432,322.8528437200372,131076.39955555557,0.4,38.5,MQTT-Malformed_Data
203464.6,6.0,60.7,1.3145021368760963,1.3145021368760963,0.0,0.0,0.0,0.0,0.5,1.0,0.0,0.0,0.0,0.0,0.0,2427.2,0.0,0.0,0.0,0.0,0.0,0.0,0.0,1.0,0.0,0.0,0.0,0.0,0.0,1.0,1.0,1386.1,66.0,221.3,89.40842667050872,38.86978117920029,98.7,169469296.2513558,13.5,13.306721901898351,52.67144374734403,1393.7019013301674,1.0,244.6,Benign
363107.4,7.1,64.0,1.8507246704565825,1.8507246704565825,0.0,0.0,0.0,0.0,0.4,0.9,0.0,0.0,0.0,0.0,0.0,4364.2,0.0,0.0,0.0,0.0,0.0,0.0,0.0,0.9,0.1,0.0,0.0,0.0,0.0,1.0,1.0,1240.8,66.0,121.0,79.80225325371222,17.805635118779342,93.4,169470144.24777678,13.5,12.579563542571128,22.72167897073768,259.0984126213839,1.0,244.6,Benign
356.35,6.0,64.0,16.738326529736185,16.738326529736185,0.0,0.17,0.35,0.0,0.24,1.0,0.0,0.0,0.79,1.58,0.58,4.28,0.0,0.0,0.0,0.0,0.0,0.0,0.0,1.0,0.0,0.0,0.0,0.0,0.0,1.0,1.0,735.52,66.52,73.44,70.14341419227488,2.922944389520904,69.76,84667039.8176144,9.5,11.843535577630472,4.133185795230284,9.708776226724323,0.9,141.55,MQTT-DDoS-Connect_Flood
123.01,6.0,64.0,27758.67341372954,27758.67341372954,0.0,0.17,0.09,0.45,0.18,0.46,0.0,0.0,0.19,0.1,0.81,1.01,0.0,0.0,0.0,0.0,0.0,0.0,0.0,1.0,0.0,0.0,0.0,0.0,0.0,1.0,1.0,684.5,58.83,72.93,65.46321004906686,6.133365634842876,64.34,84667043.74218845,9.5,11.41719489098734,8.671486748448174,54.12308254664485,0.74,141.55,MQTT-DDoS-Connect_Flood
360355.6,6.0,64.0,1.093766463623829,1.093766463623829,0.0,0.0,0.0,0.0,0.5,1.0,0.0,0.0,0.0,0.0,0.0,4522.3,0.0,0.0,0.0,0.0,0.0,0.0,0.0,1.0,0.0,0.0,0.0,0.0,0.0,1.0,1.0,1210.2,60.0,111.0,78.13009032676989,14.16115174527867,78.1,169467416.5318036,13.5,12.505401513660152,20.042146655868144,201.24888113054112,1.0,244.6,Benign
13402.3,6.0,64.0,938.609239887026,938.609239887026,0.0,0.01,0.04,0.17,0.36,0.79,0.0,0.0,0.06,0.1,6.41,10.43,0.0,0.0,0.0,0.0,0.0,0.0,0.0,1.0,0.0,0.0,0.0,0.0,0.0,1.0,1.0,10340.4,269.98,1485.04,1016.938649170704,523.250125032893,978.41,84666977.47501262,9.5,44.25144937200432,740.501588449297,330481.1661115184,0.86,141.55,MQTT-DDoS-Publish_Flood
10540.17,6.11,65.91,83.21181026738375,83.21181026738375,0.0,0.0,0.0,0.0,0.68,0.99,0.0,0.0,0.0,0.0,0.0,34.04,0.0,0.0,0.0,0.0,0.0,0.0,0.0,0.99,0.01,0.0,0.0,0.0,0.0,1.0,1.0,4994.51,201.16,932.18,454.8619757037337,272.5986540780058,488.69,84666485.20386319,9.5,28.674207015279453,385.1968663834887,108121.8551285874,0.88,141.55,MQTT-DoS-Publish_Flood
24425.66,6.0,82.4,16.99566333821614,16.99566333821614,0.0,0.45,0.1,0.04,0.14,0.95,0.0,0.0,1.56,1.57,0.33,24.46,0.0,0.1,0.0,0.0,0.0,0.0,0.0,1.0,0.0,0.0,0.0,0.0,0.0,1.0,1.0,703.76,64.12,72.6,67.24814954537207,2.900833512349406,67.01,84667023.7799267,9.5,11.595291920519482,4.0990840158990345,19.130841757054853,0.6,141.55,MQTT-DDoS-Connect_Flood
60689.8,6.0,64.0,0.9935703904198014,0.9935703904198014,0.0,0.0,0.0,0.0,1.0,1.0,0.0,0.0,0.0,0.0,0.0,756.2,0.0,0.0,0.0,0.0,0.0,0.0,0.0,1.0,0.0,0.0,0.0,0.0,0.0,1.0,1.0,485.6,80.6,105.0,87.66194444444446,8.93796349163831,88.8,0.0005064010620117,5.5,13.239606600505123,12.640189189870483,98.04590795855378,0.9,38.5,Benign
96079.73,6.0,64.0,63.80221085434892,63.80221085434892,0.0,0.0,0.0,0.0,0.62,1.0,0.0,0.0,0.0,0.0,0.0,299.32,0.0,0.0,0.0,0.0,0.0,0.0,0.0,1.0,0.0,0.0,0.0,0.0,0.0,1.0,1.0,4117.59,151.37,948.82,388.9712814319324,265.94674995142014,372.91,84666506.52139074,9.5,25.92249518174085,376.3967917172205,113927.51110222824,0.7,141.55,MQTT-DoS-Publish_Flood
1103.63,6.0,64.0,89.98396794821396,89.98396794821396,0.0,0.0,0.0,0.0,0.05,1.0,0.0,0.0,0.0,0.0,0.0,11.09,0.0,0.0,0.0,0.0,0.0,0.0,0.0,1.0,0.0,0.0,0.0,0.0,0.0,1.0,1.0,811.81,71.45,108.51,81.44505069105303,12.066147169606026,72.54,84666485.18920791,9.5,12.545530231576617,17.079651870936303,781.1075140576911,0.19,141.55,MQTT-DoS-Publish_Flood
71970.19,6.0,64.0,95.81639979726478,95.81639979726478,0.0,0.0,0.0,0.0,0.67,1.0,0.0,0.0,0.0,0.0,0.0,384.22,0.0,0.0,0.0,0.0,0.0,0.0,0.0,1.0,0.0,0.0,0.0,0.0,0.0,1.0,1.0,1944.32,89.98,281.82,171.86475301882498,64.48746558520678,190.26,84666492.41858286,9.5,18.064542328148764,91.11861908578634,5787.410830388148,0.78,141.55,MQTT-DoS-Publish_Flood
97.89,6.0,64.0,66333.07242612887,66333.07242612887,0.0,0.09,0.04,0.33,0.18,0.67,0.0,0.0,0.09,0.06,0.46,1.05,0.0,0.0,0.0,0.0,0.0,0.0,0.0,1.0,0.0,0.0,0.0,0.0,0.0,1.0,1.0,684.42,59.93,76.86,65.61285608522026,5.9202803531722425,64.75,84667037.05122513,9.5,11.440728119758894,8.374485022838478,45.623997875350966,0.85,141.55,MQTT-DDoS-Connect_Flood
44596.9,6.0,64.0,23.488303956495123,23.488303956495123,0.0,0.0,0.0,0.13,0.55,0.87,0.0,0.0,0.52,1.95,5.39,56.62,0.0,0.0,0.0,0.0,0.0,0.0,0.0,1.0,0.0,0.0,0.0,0.0,0.0,1.0,1.0,7655.85,399.75,915.52,723.4590582796975,220.0214539972417,680.74,84666973.48737746,9.5,33.71209279841095,310.63977076697853,109637.91733952986,0.76,141.55,MQTT-DDoS-Publish_Flood
34003.0,6.0,64.0,101.30309292138249,101.30309292138249,0.0,0.0,0.0,0.0,0.4,1.0,0.0,0.0,0.0,0.0,0.0,203.18,0.0,0.0,0.0,0.0,0.0,0.0,0.0,1.0,0.0,0.0,0.0,0.0,0.0,1.0,1.0,1185.68,103.06,135.76,117.69412230880576,14.18886564140998,109.6,84666483.45120294,9.5,15.010064055019344,20.029328957761027,684.279398143446,0.3,141.55,MQTT-DoS-Publish_Flood
319648.0,7.1,64.0,1.3303993860046823,1.3303993860046823,0.0,0.0,0.0,0.0,0.4,0.9,0.0,0.0,0.0,0.0,0.0,3782.6,0.0,0.0,0.0,0.0,0.0,0.0,0.0,0.9,0.1,0.0,0.0,0.0,0.0,1.0,1.0,488.4,66.0,148.8,84.02166666666668,28.007629789725563,91.5,0.1000130891799926,5.5,12.935301382750108,39.60876989855461,1174.9272896825398,0.9,38.5,Benign
660.84,6.0,64.0,10.357975413601624,10.357975413601624,0.0,0.26,0.11,0.21,0.24,0.68,0.0,0.0,1.89,2.42,0.84,7.55,0.0,0.0,0.0,0.0,0.0,0.0,0.0,1.0,0.0,0.0,0.0,0.0,0.0,1.0,1.0,712.98,59.18,81.14,68.24861438114687,8.42132398620343,68.38,84667027.93397275,9.5,11.67374212212666,11.908890002442428,81.6051478371623,0.93,141.55,MQTT-DDoS-Connect_Flood
47413.37,6.0,64.0,103.17960339331434,103.17960339331434,0.0,0.0,0.0,0.0,0.38,1.0,0.0,0.0,0.0,0.0,0.0,303.68,0.0,0.0,0.0,0.0,0.0,0.0,0.0,1.0,0.0,0.0,0.0,0.0,0.0,1.0,1.0,1991.19,139.03,348.31,210.3042280498569,85.3929615950084,186.99,84666487.29394001,9.5,19.311926687433505,120.6122338514787,13345.28507097586,0.6,141.55,MQTT-DoS-Publish_Flood
717.43,6.0,64.0,11.798027450651746,11.798027450651746,0.0,0.14,0.14,0.44,0.13,0.42,0.0,0.0,2.09,2.48,1.28,7.94,0.0,0.0,0.0,0.0,0.0,0.0,0.0,1.0,0.0,0.0,0.0,0.0,0.0,1.0,1.0,670.93,54.85,80.44,63.81304186598575,9.10651307953198,63.89,84667021.3418181,9.5,11.288146876869854,12.891928699655766,92.9082619126005,0.91,141.55,MQTT-DDoS-Connect_Flood
448.97,6.0,64.0,9.545718185921311,9.545718185921311,0.0,0.14,0.26,0.2,0.23,0.71,0.0,0.0,1.06,1.85,0.65,5.14,0.0,0.0,0.0,0.0,0.0,0.0,0.0,1.0,0.0,0.0,0.0,0.0,0.0,1.0,1.0,713.71,60.88,77.11,68.47599343789165,5.7776738417503495,67.51,84667038.38479501,9.5,11.698952620210925,8.172949832040079,42.96246645211421,0.92,141.55,MQTT-DDoS-Connect_Flood
32138.86,6.0,64.0,86.31928936778814,86.31928936778814,0.0,0.0,0.0,0.0,0.36,1.0,0.0,0.0,0.0,0.0,0.0,176.4,0.0,0.0,0.0,0.0,0.0,0.0,0.0,1.0,0.0,0.0,0.0,0.0,0.0,1.0,1.0,3021.35,144.48,584.64,310.18608352092525,169.8153290000428,281.35,84666505.11548215,9.5,22.088575531399947,239.06199556642315,79635.14132404033,0.6,141.55,MQTT-DoS-Publish_Flood
98147.7,6.0,64.0,0.6245552460642475,0.6245552460642475,0.0,0.0,0.0,0.0,0.6,1.0,0.0,0.0,0.0,0.0,0.0,1237.8,0.0,0.0,0.0,0.0,0.0,0.0,0.0,1.0,0.0,0.0,0.0,0.0,0.0,1.0,1.0,369.0,66.2,68.0,67.08928571428572,0.866922443633775,67.2,2.369880676269532e-05,5.5,11.583497519617795,1.2260134773125095,0.8364869614512471,0.9,38.5,Benign
353607.4,6.0,64.0,2.033686321567301,2.033686321567301,0.0,0.0,0.0,0.0,0.5,1.0,0.0,0.0,0.0,0.0,0.0,4409.1,0.0,0.0,0.0,0.0,0.0,0.0,0.0,1.0,0.0,0.0,0.0,0.0,0.0,1.0,1.0,1535.2,66.0,246.0,99.82069507461922,53.14176267094666,80.5,169465530.9192369,13.5,14.13689546497714,75.26777952807699,2846.6758871474062,1.0,244.6,Benign
350.11,6.0,64.0,12.493571612653838,12.493571612653838,0.0,0.32,0.24,0.05,0.18,0.82,0.0,0.0,0.88,1.5,0.08,4.24,0.0,0.0,0.0,0.0,0.0,0.0,0.0,1.0,0.0,0.0,0.0,0.0,0.0,1.0,1.0,735.6,64.2,77.18,70.31978590123326,5.016785730082945,69.42,84667028.15819475,9.5,11.855546895772823,7.0963381051487815,29.12798313230284,0.95,141.55,MQTT-DDoS-Connect_Flood
3009.8,6.0,64.0,10.13309165887484,10.13309165887484,0.0,0.11,0.02,0.04,0.55,0.94,0.0,0.0,0.5,2.02,3.11,10.21,0.0,0.0,0.0,0.0,0.0,0.0,0.0,1.0,0.0,0.0,0.0,0.0,0.0,1.0,1.0,4783.63,234.22,749.45,466.525998906709,203.75939513625576,427.98,84666970.20376442,9.5,26.37174674990312,284.3870242020881,110923.00626306966,0.8,141.55,MQTT-DDoS-Publish_Flood
8523.38,6.0,64.0,36.14514347885476,36.14514347885476,0.0,0.07,0.03,0.0,0.51,1.0,0.0,0.0,0.34,0.61,6.54,18.44,0.0,0.0,0.0,0.0,0.0,0.0,0.0,1.0,0.0,0.0,0.0,0.0,0.0,1.0,1.0,7555.13,192.78,984.18,718.7267393041255,310.6749239487836,759.58,84666961.27541737,9.5,33.80139565704775,438.103201124082,163777.6361207805,0.92,141.55,MQTT-DDoS-Publish_Flood
120781.1,6.5,76.7,1.5379724645967026,1.5379724645967026,0.0,0.0,0.0,0.0,0.4,0.8,0.0,0.0,0.0,0.0,0.0,1443.0,0.0,0.0,0.0,0.0,0.0,0.0,0.0,0.8,0.1,0.0,0.1,0.0,0.0,0.9,0.9,559.3,61.2,228.0,104.88222222222224,61.84840194353338,95.9,0.1000917911529541,5.5,14.404773472352163,87.46684883964741,4392.60692680776,0.9,38.5,Benign
51762.54,6.0,64.0,91.1200670355173,91.1200670355173,0.0,0.0,0.0,0.0,0.38,1.0,0.0,0.0,0.0,0.0,0.0,150.34,0.0,0.0,0.0,0.0,0.0,0.0,0.0,1.0,0.0,0.0,0.0,0.0,0.0,1.0,1.0,3332.49,132.8,1065.92,346.98631528765355,297.5707969038585,319.97,84666982.5592859,9.5,24.766977354630512,420.5882810172063,115709.86742221896,0.88,141.55,MQTT-DDoS-Publish_Flood
482045.1,4.8,69.1,1.4645537926760577,1.4645537926760577,0.0,0.0,0.0,0.0,0.4,0.8,0.0,0.0,0.0,0.0,0.0,6126.7,0.0,0.1,0.0,0.0,0.0,0.0,0.0,0.8,0.0,0.0,0.2,0.0,0.0,0.8,0.8,1199.6,57.6,111.0,77.78518011958802,15.90693552566355,71.7,169469110.8561784,13.5,12.467505521532342,22.53716461892954,254.5887690934203,1.0,244.6,Benign
138650.0,6.0,248.0,32.79177310207005,32.79177310207005,0.0,0.0,0.0,0.0,0.0,1.0,0.0,0.0,0.0,1.0,0.0,1586.5,0.0,1.0,0.0,0.0,0.0,0.0,0.0,1.0,0.0,0.0,0.0,0.0,0.0,1.0,1.0,1023.0,66.0,66.0,66.0,0.0,66.0,169469343.7676436,13.5,11.489125293076055,0.0,0.0,0.0,244.6,Benign
86472.4,6.0,64.0,0.6608591806624871,0.6608591806624871,0.0,0.0,0.0,0.0,0.5,1.0,0.0,0.0,0.0,0.0,0.0,1149.9,0.0,0.0,0.0,0.0,0.0,0.0,0.0,1.0,0.0,0.0,0.0,0.0,0.0,1.0,1.0,1226.8,66.0,118.0,79.3199497200426,16.165512768603627,78.3,169467177.028602,13.5,12.600048489227124,22.87909668526881,262.56961221716966,1.0,244.6,Benign
444.04,6.0,64.0,60.754650494606295,60.754650494606295,0.0,0.05,0.22,0.11,0.26,0.85,0.0,0.0,0.17,2.16,0.51,4.79,0.0,0.0,0.0,0.0,0.0,0.0,0.0,1.0,0.0,0.0,0.0,0.0,0.0,1.0,1.0,734.11,61.83,77.94,69.98786797696627,5.383703226333228,69.75,84662365.05700637,9.5,11.827687959862168,7.611265155006151,35.63625774167175,0.87,141.55,MQTT-DoS-Connect_Flood
90401.48,6.0,64.0,86.93861920254936,86.93861920254936,0.0,0.0,0.0,0.0,0.55,1.0,0.0,0.0,0.0,0.0,0.0,461.75,0.0,0.0,0.0,0.0,0.0,0.0,0.0,1.0,0.0,0.0,0.0,0.0,0.0,1.0,1.0,3407.78,127.51,854.53,319.4681496595939,230.73845267419128,372.29,84666492.48365346,9.5,23.351979495696995,324.38306180634305,83825.05594355606,0.73,141.55,MQTT-DoS-Publish_Flood
254479.0,7.1,64.0,1.5483324722744425,1.5483324722744425,0.0,0.0,0.0,0.0,0.4,0.9,0.0,0.0,0.0,0.0,0.0,3279.0,0.0,0.0,0.0,0.0,0.0,0.0,0.0,0.9,0.1,0.0,0.0,0.0,0.0,1.0,1.0,1304.9,66.0,192.8,83.06743029459362,32.650053217782066,160.1,169468897.68811384,13.5,12.554707317935875,21.922789589468376,240.9842169086685,1.0,244.6,Benign
1927935.8,6.0,229.6,93.3469707124356,93.3469707124356,0.0,0.0,0.0,0.0,0.0,1.0,0.0,0.0,0.0,0.0,0.0,1978.5,0.0,1.0,0.0,0.0,0.0,0.0,0.0,1.0,0.0,0.0,0.0,0.0,0.0,1.0,1.0,14017.8,66.0,1494.0,932.64500736106,677.4175976650882,208.8,169323375.2762622,13.5,42.94274467249521,957.8732026611412,461408.93194123206,1.0,244.6,MQTT-Malformed_Data
81934.48,6.0,64.0,89.40611912680875,89.40611912680875,0.0,0.0,0.0,0.0,0.7,1.0,0.0,0.0,0.0,0.0,0.0,247.49,0.0,0.0,0.0,0.0,0.0,0.0,0.0,1.0,0.0,0.0,0.0,0.0,0.0,1.0,1.0,1745.94,142.3,241.49,165.41167283679516,33.27433900836197,167.37,84666484.7212837,9.5,17.86746956045463,46.89785024329492,2175.9002659880093,0.58,141.55,MQTT-DoS-Publish_Flood
659.4,6.0,64.0,9.949398005319914,9.949398005319914,0.0,0.09,0.05,0.64,0.09,0.31,0.0,0.0,2.0,2.17,1.27,7.26,0.0,0.0,0.0,0.0,0.0,0.0,0.0,1.0,0.0,0.0,0.0,0.0,0.0,1.0,1.0,627.62,54.32,72.72,59.67508402927482,6.847981904831639,60.23,84667025.46910422,9.5,10.916220086979072,9.682728066262522,66.55058917684033,0.77,141.55,MQTT-DDoS-Connect_Flood
19634.0,6.0,64.0,1.53012517676571,1.53012517676571,0.0,0.0,0.0,0.0,0.5,1.0,0.0,0.0,0.0,0.0,0.0,238.7,0.0,0.0,0.0,0.0,0.0,0.0,0.0,1.0,0.0,0.0,0.0,0.0,0.0,1.0,1.0,1210.2,66.0,105.8,77.9097539023584,13.236170817032171,81.3,169466588.1250747,13.5,12.487486849501396,18.730638231770268,179.904118717955,1.0,244.6,Benign
285908.2,6.0,64.0,1.5741124943345404,1.5741124943345404,0.0,0.0,0.0,0.0,0.5,1.0,0.0,0.0,0.0,0.0,0.0,3486.5,0.0,0.0,0.0,0.0,0.0,0.0,0.0,1.0,0.0,0.0,0.0,0.0,0.0,1.0,1.0,1192.2,66.0,104.1,76.68653905348177,12.410698929581956,81.2,169466794.0257992,13.5,12.381035544583312,17.591665775000237,158.85615603600633,1.0,244.6,Benign
588.96,6.0,64.0,23.23737518063512,23.23737518063512,0.0,0.3,0.31,0.02,0.36,0.69,0.0,0.0,1.06,2.66,0.97,6.16,0.0,0.0,0.0,0.0,0.0,0.0,0.0,1.0,0.0,0.0,0.0,0.0,0.0,1.0,1.0,783.72,66.9,81.66,74.62759355195887,6.007014476398702,74.51,84662359.3739084,9.5,12.215135083291177,8.492913665294784,39.7946350061868,0.94,141.55,MQTT-DoS-Connect_Flood
278728.2,7.1,64.0,1.3207734483710334,1.3207734483710334,0.0,0.0,0.0,0.0,0.4,0.9,0.0,0.0,0.0,0.0,0.0,3321.6,0.0,0.0,0.0,0.0,0.0,0.0,0.0,0.9,0.1,0.0,0.0,0.0,0.0,1.0,1.0,538.8,66.0,188.2,90.39055555555557,41.99039969055832,165.6,0.0465986967086792,5.5,13.338863156292916,59.3833927318546,6831.604055114639,0.9,38.5,Benign
44694.8,7.1,82.6,1.682750658622755,1.682750658622755,0.0,0.0,0.0,0.0,0.4,0.9,0.0,0.0,0.0,0.1,0.0,524.1,0.0,0.1,0.0,0.0,0.0,0.0,0.0,0.9,0.1,0.0,0.0,0.0,0.0,1.0,1.0,1389.0,66.0,232.5,89.5036732342305,41.00506308862932,96.6,169466184.81650162,13.5,13.385612356778616,58.08629185949516,1757.9056910467436,1.0,244.6,Benign
84993.3,6.0,64.0,0.5001640875109719,0.5001640875109719,0.0,0.0,0.0,0.0,0.8,1.0,0.0,0.0,0.0,0.0,0.0,1141.2,0.0,0.0,0.0,0.0,0.0,0.0,0.0,1.0,0.0,0.0,0.0,0.0,0.0,1.0,1.0,382.0,67.2,77.0,69.0463492063492,3.0601803369120986,69.4,3.981590270996094e-05,5.5,11.75090406543089,4.327748535768557,18.81566036785085,0.5,38.5,Benign
204.81,6.0,64.0,260.40246222965493,260.40246222965493,0.0,0.45,0.15,0.0,0.3,1.0,0.0,0.0,0.92,0.57,0.02,2.7,0.0,0.0,0.0,0.0,0.0,0.0,0.0,1.0,0.0,0.0,0.0,0.0,0.0,1.0,1.0,719.24,66.16,73.12,68.49434524539788,2.697394709326671,68.4,84667043.82477957,9.5,11.703894083140238,3.816732924698792,8.393889782322344,0.89,141.55,MQTT-DDoS-Connect_Flood
93240.13,6.0,64.0,78.52143302272896,78.52143302272896,0.0,0.0,0.0,0.0,0.66,1.0,0.0,0.0,0.0,0.0,0.0,373.16,0.0,0.0,0.0,0.0,0.0,0.0,0.0,1.0,0.0,0.0,0.0,0.0,0.0,1.0,1.0,1498.51,123.77,167.37,140.827473929794,16.334280051345285,142.3,84666509.07021576,9.5,16.45311120369203,22.62376161077309,790.5725266983179,0.34,141.55,MQTT-DoS-Publish_Flood
417677.1,6.0,64.0,829.2796063168214,829.2796063168214,0.0,0.0,0.0,0.0,0.0,1.0,0.0,0.0,0.0,0.0,0.0,485.6,0.8,0.2,0.0,0.0,0.0,0.0,0.0,1.0,0.0,0.0,0.0,0.0,0.0,1.0,1.0,11836.0,54.0,1514.0,788.769220199735,684.4895452293571,74.4,169461592.754722,13.5,39.64941039792722,968.906963006574,469629.3896705672,1.0,244.6,Benign
17441.31,6.0,64.0,23.07499306011325,23.07499306011325,0.0,0.04,0.06,0.27,0.28,0.73,0.0,0.0,0.78,0.37,9.26,21.14,0.0,0.0,0.0,0.0,0.0,0.0,0.0,1.0,0.0,0.0,0.0,0.0,0.0,1.0,1.0,7007.04,288.74,1067.32,706.7647774190463,286.54869199300964,681.55,84666955.02428104,9.5,33.13266570546725,405.4482516843918,154375.1926877277,0.87,141.55,MQTT-DDoS-Publish_Flood
158328.5,7.1,64.0,1.851594529277507,1.851594529277507,0.0,0.0,0.0,0.0,0.5,0.9,0.0,0.0,0.0,0.0,0.0,2043.8,0.0,0.0,0.0,0.0,0.0,0.0,0.0,0.9,0.1,0.0,0.0,0.0,0.0,1.0,1.0,1284.1,66.0,151.6,82.42419622946713,22.82237453056923,90.1,169467939.43185622,13.5,12.83725746876368,32.395162231081706,605.6845953187451,1.0,244.6,Benign
51409.37,6.0,64.0,121.64134188012449,121.64134188012449,0.0,0.0,0.0,0.0,0.3,1.0,0.0,0.0,0.0,0.0,0.0,219.64,0.0,0.0,0.0,0.0,0.0,0.0,0.0,1.0,0.0,0.0,0.0,0.0,0.0,1.0,1.0,4062.94,66.0,799.22,321.1636829882364,265.8547522854033,414.02,84666479.07374866,9.5,22.41306623896676,375.81231875889614,132707.2119918441,0.61,141.55,MQTT-DoS-Publish_Flood
460.82,6.0,64.0,12.75814633076873,12.75814633076873,0.0,0.2,0.57,0.09,0.14,0.34,0.0,0.0,1.31,2.07,0.23,5.34,0.0,0.0,0.0,0.0,0.0,0.0,0.0,1.0,0.0,0.0,0.0,0.0,0.0,1.0,1.0,757.67,63.4,79.74,71.97036619692656,5.453716260235482,71.82,84667029.7354799,9.5,11.993027616879058,7.7210197052987635,38.69414391464844,0.88,141.55,MQTT-DDoS-Connect_Flood
196784.7,8.2,83.1,1.6584730886155017,1.6584730886155017,0.0,0.0,0.0,0.0,0.4,0.8,0.0,0.0,0.0,0.0,0.0,2400.8,0.0,0.0,0.0,0.0,0.0,0.0,0.0,0.8,0.2,0.0,0.0,0.0,0.0,1.0,1.0,768.5,70.5,370.5,121.40801587301588,95.35632027446988,180.4,0.0999212026596069,5.5,15.301214166753091,134.85420139014784,21963.2681616906,0.9,38.5,Benign
192767.0,6.0,64.0,0.9647143869793042,0.9647143869793042,0.0,0.0,0.0,0.0,1.0,1.0,0.0,0.0,0.0,0.0,0.0,2398.6,0.0,0.0,0.0,0.0,0.0,0.0,0.0,1.0,0.0,0.0,0.0,0.0,0.0,1.0,1.0,1285.9,42.0,214.0,82.74865826983475,38.26336829324599,88.3,169462584.0010438,13.5,12.864555874520551,54.23631275632828,1480.538802142054,1.0,244.6,Benign
324745.0,6.0,55.0,7630.517682482714,7630.517682482714,0.0,0.0,0.0,0.0,0.1,1.0,0.0,0.0,0.0,0.0,0.0,215.5,0.0,1.0,0.0,0.0,0.0,0.0,0.0,1.0,0.0,0.0,0.0,0.0,0.0,1.0,1.0,23467.0,1514.0,1514.0,1514.0,0.0,1514.0,169466380.23068672,13.5,55.02726596879042,0.0,0.0,0.0,244.6,Benign
511.08,6.0,64.0,6.299091448365576,6.299091448365576,0.0,0.2,0.13,0.25,0.27,0.63,0.0,0.0,1.21,2.32,0.66,5.56,0.0,0.0,0.0,0.0,0.0,0.0,0.0,1.0,0.0,0.0,0.0,0.0,0.0,1.0,1.0,711.12,63.32,77.34,68.85924562120886,5.448380943551939,66.38,84667031.77550593,9.5,11.722005964561731,7.69948333582774,36.31532543387215,0.89,141.55,MQTT-DDoS-Connect_Flood
491.14,6.0,64.0,10.271647786236594,10.271647786236594,0.0,0.26,0.14,0.05,0.26,0.87,0.0,0.0,1.2,1.97,0.51,5.77,0.0,0.0,0.0,0.0,0.0,0.0,0.0,1.0,0.0,0.0,0.0,0.0,0.0,1.0,1.0,734.43,62.12,78.86,69.65661429566306,5.652796666043811,69.71,84667032.31795129,9.5,11.799067232461544,7.995379416470893,40.3403316426951,0.9,141.55,MQTT-DDoS-Connect_Flood
74160.0,7.1,64.0,0.6160925575119246,0.6160925575119246,0.0,0.0,0.0,0.0,0.0,0.9,0.0,0.0,0.0,0.0,0.0,975.6,0.0,0.0,0.0,0.0,0.0,0.0,0.0,0.9,0.1,0.0,0.0,0.0,0.0,1.0,1.0,449.5,66.0,152.5,74.65,25.95,152.5,0.047203516960144,5.5,12.08663768342575,36.69884194358182,6734.025,0.1,38.5,Benign
385967.2,7.1,64.0,1.4104029611959974,1.4104029611959974,0.0,0.0,0.0,0.0,0.5,0.9,0.0,0.0,0.0,0.0,0.0,4501.9,0.0,0.0,0.0,0.0,0.0,0.0,0.0,0.9,0.1,0.0,0.0,0.0,0.0,1.0,1.0,1397.4,66.0,214.0,90.42858421892863,36.96176902947772,95.8,169467755.7289637,13.5,13.447996075949126,52.39446381425338,1378.4486670536476,1.0,244.6,Benign
257.81,6.0,64.0,35.5063600441957,35.5063600441957,0.0,0.21,0.22,0.13,0.23,0.79,0.0,0.0,0.61,0.95,0.24,2.76,0.0,0.0,0.0,0.0,0.0,0.0,0.0,1.0,0.0,0.0,0.0,0.0,0.0,1.0,1.0,712.9,60.48,74.89,67.35204122584503,5.287067976934488,68.03,84667038.75047341,9.5,11.598163373680132,7.479212743671898,37.67765183344863,0.89,141.55,MQTT-DDoS-Connect_Flood
32607.5,6.0,64.0,0.8012478670552063,0.8012478670552063,0.0,0.0,0.0,0.0,0.7,1.0,0.0,0.0,0.0,0.0,0.0,434.6,0.0,0.0,0.0,0.0,0.0,0.0,0.0,1.0,0.0,0.0,0.0,0.0,0.0,1.0,1.0,1117.1,66.0,113.0,72.14302620453162,12.163216325497842,69.3,169467881.9312156,13.5,12.0133596702693,17.23803653034857,149.08255110628969,1.0,244.6,Benign
486.76,6.0,64.0,9.986507352532428,9.986507352532428,0.0,0.13,0.19,0.29,0.11,0.66,0.0,0.0,1.38,1.91,0.62,5.53,0.0,0.0,0.0,0.0,0.0,0.0,0.0,1.0,0.0,0.0,0.0,0.0,0.0,1.0,1.0,701.06,57.84,79.0,67.0727987961471,7.376511688894376,65.88,84667042.57266718,9.5,11.575625903426031,10.4304265744959,60.67370953125708,0.94,141.55,MQTT-DDoS-Connect_Flood
18938.3,6.0,64.0,0.4606398885387112,0.4606398885387112,0.0,0.0,0.0,0.0,0.7,1.0,0.0,0.0,0.0,0.0,0.0,254.3,0.0,0.0,0.0,0.0,0.0,0.0,0.0,1.0,0.0,0.0,0.0,0.0,0.0,1.0,1.0,370.0,66.0,67.8,67.12785714285715,0.8596491900307734,67.4,6.59942626953125e-05,5.5,11.586824540917055,1.215727543424566,0.8220493197278911,0.9,38.5,Benign
78953.3,6.0,64.0,0.7790382862042761,0.7790382862042761,0.0,0.0,0.0,0.0,0.9,1.0,0.0,0.0,0.0,0.0,0.0,965.3,0.0,0.0,0.0,0.0,0.0,0.0,0.0,1.0,0.0,0.0,0.0,0.0,0.0,1.0,1.0,498.3,80.2,102.3,90.62404761904762,7.782455575070093,90.9,0.0041273832321166,5.5,13.461630100254576,11.00605422283023,75.21455045351475,0.9,38.5,Benign
145.98,6.0,64.0,175821.0406996894,175821.0406996894,0.0,0.16,0.14,0.36,0.17,0.51,0.0,0.0,0.32,0.27,0.5,1.43,0.0,0.0,0.0,0.0,0.0,0.0,0.0,1.0,0.0,0.0,0.0,0.0,0.0,1.0,1.0,683.63,59.13,73.23,65.45063882445385,5.341211198211418,65.13,84667048.5594062,9.5,11.418419102517946,7.521722530101949,33.155700526135746,0.88,141.55,MQTT-DDoS-Connect_Flood
128830.5,7.1,83.1,1.8534850561185976,1.8534850561185976,0.0,0.0,0.0,0.0,0.4,0.9,0.0,0.0,0.0,0.0,0.0,1658.6,0.0,0.0,0.0,0.0,0.0,0.0,0.0,0.9,0.1,0.0,0.0,0.0,0.0,1.0,1.0,2195.6,66.0,930.0,143.22165154419025,212.815727792416,91.2,169467522.4315078,13.5,16.937023364168805,301.57610423091376,45776.80800685207,1.0,244.6,Benign
5250.75,6.0,64.0,83.12429528973736,83.12429528973736,0.0,0.0,0.0,0.0,0.14,1.0,0.0,0.0,0.0,0.0,0.0,18.17,0.0,0.0,0.0,0.0,0.0,0.0,0.0,1.0,0.0,0.0,0.0,0.0,0.0,1.0,1.0,1088.67,66.0,141.21,91.96810322997436,27.216489210728035,119.41,84666483.74741408,9.5,12.969784372731445,38.57038163878654,5796.304348932355,0.14,141.55,MQTT-DoS-Publish_Flood
468.27,6.0,64.0,10.421165651093752,10.421165651093752,0.0,0.15,0.26,0.19,0.14,0.63,0.0,0.0,1.25,1.87,0.64,5.36,0.0,0.0,0.0,0.0,0.0,0.0,0.0,1.0,0.0,0.0,0.0,0.0,0.0,1.0,1.0,718.14,59.65,78.3,68.69565273297395,6.527168278565783,67.63,84667046.52329083,9.5,11.71724460083479,9.2367109884624,54.385467649943145,0.93,141.55,MQTT-DDoS-Connect_Flood
3441.31,6.0,64.0,32.488998616614644,32.488998616614644,0.0,0.06,0.19,0.19,0.43,0.81,0.0,0.0,0.2,0.36,3.95,7.0,0.0,0.0,0.0,0.0,0.0,0.0,0.0,1.0,0.0,0.0,0.0,0.0,0.0,1.0,1.0,2374.62,116.33,705.59,263.88643132052846,205.5142975533305,205.0,84666968.74137992,9.5,20.47840952092104,291.0065994448996,103650.9223051018,0.79,141.55,MQTT-DDoS-Publish_Flood
613.87,6.0,64.0,8.815804736795652,8.815804736795652,0.0,0.22,0.24,0.23,0.25,0.53,0.0,0.0,1.77,2.27,0.71,7.05,0.0,0.0,0.0,0.0,0.0,0.0,0.0,1.0,0.0,0.0,0.0,0.0,0.0,1.0,1.0,719.56,58.81,81.98,68.66364538076303,8.408043749522712,68.69,84667023.09006648,9.5,11.71016023465578,11.892856775229744,83.46368085828313,0.93,141.55,MQTT-DDoS-Connect_Flood
74675.15,6.0,64.0,67.08725781318323,67.08725781318323,0.0,0.0,0.0,0.0,0.72,1.0,0.0,0.0,0.0,0.0,0.0,260.56,0.0,0.0,0.0,0.0,0.0,0.0,0.0,1.0,0.0,0.0,0.0,0.0,0.0,1.0,1.0,3112.64,117.09,769.94,285.6207121636104,203.41342713341143,279.64,84666504.41388527,9.5,23.200687183606377,287.8777210523111,67715.48077131317,0.79,141.55,MQTT-DoS-Publish_Flood
2251476.0,6.0,248.0,84.83624059275374,84.83624059275374,0.0,0.0,0.0,0.0,0.0,1.0,0.0,0.0,0.0,0.0,0.0,2315.5,0.0,1.0,0.0,0.0,0.0,0.0,0.0,1.0,0.0,0.0,0.0,0.0,0.0,1.0,1.0,1066.0,66.0,109.0,68.87571703365435,10.685399250895156,66.0,169462817.0161742,13.5,11.737629212683496,15.143982266191014,115.51394272202944,1.0,244.6,Benign
4354.96,6.0,64.0,34167.67948593772,34167.67948593772,0.0,0.0,0.05,0.14,0.52,0.84,0.0,0.0,0.0,0.05,1.58,6.37,0.0,0.0,0.0,0.0,0.0,0.0,0.0,1.0,0.0,0.0,0.0,0.0,0.0,1.0,1.0,4554.33,234.5,693.21,440.81790730451166,190.7979286576136,385.46,84666959.64506757,9.5,25.269183406444032,268.76776677267657,108541.3980776194,0.78,141.55,MQTT-DDoS-Publish_Flood
288.35,6.0,64.0,8.034913863495607,8.034913863495607,0.0,0.19,0.37,0.03,0.2,0.97,0.0,0.0,0.58,1.45,0.43,3.36,0.0,0.0,0.0,0.0,0.0,0.0,0.0,1.0,0.0,0.0,0.0,0.0,0.0,1.0,1.0,734.12,65.92,73.32,69.83076138945334,2.9319167834548834,69.4,84667034.11131044,9.5,11.817540513624888,4.131912802431391,9.728096984341624,0.92,141.55,MQTT-DDoS-Connect_Flood
16324.6,7.1,86.6,64.54786832368474,64.54786832368474,0.0,0.0,0.0,0.0,0.0,0.9,0.0,0.0,0.0,0.8,0.0,14.9,0.8,0.0,0.1,0.0,0.0,0.0,0.0,0.9,0.1,0.0,0.0,0.0,0.0,1.0,1.0,19945.3,54.0,1498.0,1286.8543081711891,480.4477003866917,1216.1,169462836.8815223,13.5,50.70414182314975,680.9188139250476,232978.16853429293,1.0,244.6,Benign
1952303.0,6.0,56.0,8101.824864820448,8101.824864820448,0.0,0.0,0.0,0.0,0.1,1.0,0.0,0.0,0.0,0.0,0.0,1289.5,1.0,0.0,0.0,0.0,0.0,0.0,0.0,1.0,0.0,0.0,0.0,0.0,0.0,1.0,1.0,8327.0,1514.0,1514.0,1514.0,0.0,1514.0,0.000140380859375,5.5,55.02726596879042,0.0,0.0,0.0,38.5,Benign
449.63,6.0,64.0,50.121368327885705,50.121368327885705,0.0,0.13,0.29,0.3,0.18,0.48,0.0,0.0,1.23,1.77,0.56,5.19,0.0,0.0,0.0,0.0,0.0,0.0,0.0,1.0,0.0,0.0,0.0,0.0,0.0,1.0,1.0,688.12,58.01,76.29,65.82044730591906,6.879506416438757,66.07,84667036.15536731,9.5,11.466100145989634,9.727243020828896,60.82616203526101,0.88,141.55,MQTT-DDoS-Connect_Flood
527.73,6.0,64.0,10.881613876370167,10.881613876370167,0.0,0.16,0.11,0.27,0.19,0.64,0.0,0.0,1.42,2.04,0.73,5.89,0.0,0.0,0.0,0.0,0.0,0.0,0.0,1.0,0.0,0.0,0.0,0.0,0.0,1.0,1.0,697.93,55.95,81.98,67.35412967639515,8.732901626804539,66.05,84667025.95877138,9.5,11.602037493442992,12.357149530383344,84.33119960139024,0.93,141.55,MQTT-DDoS-Connect_Flood
435.48,6.0,64.0,10.803922688751728,10.803922688751728,0.0,0.2,0.25,0.12,0.22,0.8,0.0,0.0,1.0,2.12,0.45,4.85,0.0,0.0,0.0,0.0,0.0,0.0,0.0,1.0,0.0,0.0,0.0,0.0,0.0,1.0,1.0,728.31,62.76,76.97,69.96035825672435,5.158026565759496,68.44,84667040.29890709,9.5,11.828065905810575,7.294671093708906,36.993672528888425,0.94,141.55,MQTT-DDoS-Connect_Flood
52579.8,6.0,64.0,0.467181150664086,0.467181150664086,0.0,0.0,0.0,0.0,0.5,1.0,0.0,0.0,0.0,0.0,0.0,705.9,0.0,0.0,0.0,0.0,0.0,0.0,0.0,1.0,0.0,0.0,0.0,0.0,0.0,1.0,1.0,1111.0,54.0,91.0,71.57549341869002,11.325658537839676,75.3,169462023.99784,13.5,11.967214192365349,16.043432937862576,128.84451212648167,1.0,244.6,Benign
568.1,6.0,64.0,9.49571287223635,9.49571287223635,0.0,0.18,0.05,0.25,0.28,0.72,0.0,0.0,1.54,2.15,0.7,6.42,0.0,0.0,0.0,0.0,0.0,0.0,0.0,1.0,0.0,0.0,0.0,0.0,0.0,1.0,1.0,707.77,55.62,78.47,67.06328615764181,7.68322661914112,68.01,84667034.12986451,9.5,11.571270194600924,10.851820530268872,67.02781725874624,0.92,141.55,MQTT-DDoS-Connect_Flood
143703.4,6.0,64.0,0.6909156496234117,0.6909156496234117,0.0,0.0,0.0,0.0,0.4,1.0,0.0,0.0,0.0,0.0,0.0,1825.0,0.0,0.0,0.0,0.0,0.0,0.0,0.0,1.0,0.0,0.0,0.0,0.0,0.0,1.0,1.0,1043.0,66.0,68.0,67.30824430643317,0.9447212708993608,66.8,169468091.9341235,13.5,11.602067814378426,1.3371209289566235,0.8954466269291214,1.0,244.6,Benign
26079.0,6.0,64.0,103.89726951776248,103.89726951776248,0.0,0.0,0.0,0.0,0.5,1.0,0.0,0.0,0.0,0.0,0.0,127.11,0.0,0.0,0.0,0.0,0.0,0.0,0.0,1.0,0.0,0.0,0.0,0.0,0.0,1.0,1.0,1224.29,109.6,143.85,114.37061000278533,10.710066524570852,121.29,84666486.79110481,9.5,14.75407642164274,15.154745760269098,532.7801349108773,0.22,141.55,MQTT-DoS-Publish_Flood
13675.52,6.0,64.0,38.13336107145966,38.13336107145966,0.0,0.04,0.02,0.3,0.35,0.68,0.0,0.0,0.71,0.26,8.97,21.07,0.0,0.0,0.0,0.0,0.0,0.0,0.0,1.0,0.0,0.0,0.0,0.0,0.0,1.0,1.0,4554.13,106.31,1176.93,427.13825510334175,414.51088224091546,538.93,84666976.000848,9.5,27.21613800139868,586.3283659252659,228493.53405897133,0.88,141.55,MQTT-DDoS-Publish_Flood
119.57,6.0,64.0,34745.71262278285,34745.71262278285,0.0,0.19,0.19,0.05,0.25,0.89,0.0,0.0,0.22,0.19,0.08,1.61,0.0,0.0,0.0,0.0,0.0,0.0,0.0,1.0,0.0,0.0,0.0,0.0,0.0,1.0,1.0,725.92,62.88,77.96,69.0806530691101,4.658243274133363,69.05,84667031.58119684,9.5,11.75305458186329,6.595687757571386,26.843698565480715,0.91,141.55,MQTT-DDoS-Connect_Flood
20480.2,6.0,64.0,0.3499841402038259,0.3499841402038259,0.0,0.0,0.0,0.0,0.6,1.0,0.0,0.0,0.0,0.0,0.0,273.6,0.0,0.0,0.0,0.0,0.0,0.0,0.0,1.0,0.0,0.0,0.0,0.0,0.0,1.0,1.0,1105.4,66.0,113.0,71.46029603867065,12.147633886201945,67.2,169467905.93157452,13.5,11.955822962257075,17.21671969094853,149.1886181302419,1.0,244.6,Benign
18025.96,6.11,65.91,24.98103221305409,24.98103221305409,0.0,0.0,0.0,0.0,0.61,0.99,0.0,0.0,0.89,1.22,14.01,30.39,0.0,0.0,0.0,0.0,0.0,0.0,0.0,0.99,0.01,0.0,0.0,0.0,0.0,1.0,1.0,13196.92,657.05,1447.05,1232.5737078930702,308.2675967280704,1266.6,84666976.58246693,9.5,48.98037608253551,434.15024505150376,128249.54405575876,0.84,141.55,MQTT-DDoS-Publish_Flood
5280.8,6.0,64.0,2.0469740082266994,2.0469740082266994,0.0,0.0,0.0,0.0,0.5,1.0,0.0,0.0,0.0,0.0,0.0,65.5,0.0,0.0,0.0,0.0,0.0,0.0,0.0,1.0,0.0,0.0,0.0,0.0,0.0,1.0,1.0,2658.9,66.0,486.0,174.77834252005306,158.1096756699077,80.5,169461615.6955725,13.5,18.69306912856629,224.0096927802681,25177.847699904378,1.0,244.6,Benign
31286.45,6.0,64.0,113.32961904601524,113.32961904601524,0.0,0.0,0.0,0.0,0.78,1.0,0.0,0.0,0.0,0.0,0.0,153.99,0.0,0.0,0.0,0.0,0.0,0.0,0.0,1.0,0.0,0.0,0.0,0.0,0.0,1.0,1.0,2804.33,172.82,409.35,268.79255641825495,66.22209366752686,262.2,84666479.31841147,9.5,22.475857467168943,93.37167719269154,7222.58418351219,0.72,141.55,MQTT-DoS-Publish_Flood
16562.2,6.0,64.0,0.3466409681916135,0.3466409681916135,0.0,0.0,0.0,0.0,0.3,1.0,0.0,0.0,0.0,0.0,0.0,224.1,0.0,0.0,0.0,0.0,0.0,0.0,0.0,1.0,0.0,0.0,0.0,0.0,0.0,1.0,1.0,366.0,66.0,67.8,66.53492063492064,0.8069171351912521,66.6,1.1205673217773438e-05,5.5,11.535571570806663,1.1411531562987132,0.7265462333081381,0.9,38.5,Benign
81815.27,6.0,64.0,82.04380981108905,82.04380981108905,0.0,0.0,0.0,0.0,0.39,1.0,0.0,0.0,0.0,0.0,0.0,249.6,0.0,0.0,0.0,0.0,0.0,0.0,0.0,1.0,0.0,0.0,0.0,0.0,0.0,1.0,1.0,2962.38,148.84,676.08,300.21551443572764,182.9412344945582,279.64,84666982.11172281,9.5,23.18487498936218,259.0641269314957,51548.83801743936,0.72,141.55,MQTT-DDoS-Publish_Flood
25107.34,6.0,64.0,71.79421640861639,71.79421640861639,0.0,0.0,0.0,0.29,0.43,0.71,0.0,0.0,0.66,0.0,10.07,24.41,0.0,0.0,0.0,0.0,0.0,0.0,0.0,1.0,0.0,0.0,0.0,0.0,0.0,1.0,1.0,9129.39,341.55,1440.14,905.9313151964136,445.8439601626716,806.38,84666968.15719631,9.5,41.32325969889268,630.668938160817,234059.4091838812,0.93,141.55,MQTT-DDoS-Publish_Flood
70118.04,6.0,64.0,74.106667709812,74.106667709812,0.0,0.0,0.0,0.0,0.45,1.0,0.0,0.0,0.0,0.0,0.0,360.84,0.0,0.0,0.0,0.0,0.0,0.0,0.0,1.0,0.0,0.0,0.0,0.0,0.0,1.0,1.0,2370.82,117.39,615.02,256.3582968260669,156.5617459718546,208.79,84666507.9936007,9.5,20.8734043914098,221.5747701106662,53964.61072044717,0.57,141.55,MQTT-DoS-Publish_Flood
149318.5,8.2,118.7,0.7570428527346664,0.7570428527346664,0.0,0.0,0.0,0.0,0.4,0.8,0.0,0.0,0.0,0.0,0.0,1731.8,0.0,0.2,0.0,0.0,0.0,0.0,0.0,0.8,0.2,0.0,0.0,0.0,0.0,1.0,1.0,674.7,61.2,301.2,103.99440476190476,74.95379866628926,180.9,0.0996831893920898,5.5,14.161863384687734,106.00067862524868,14763.173845663265,0.9,38.5,Benign
8969.4,6.0,64.0,1.2180901606844838,1.2180901606844838,0.0,0.0,0.0,0.0,0.5,1.0,0.0,0.0,0.0,0.0,0.0,112.3,0.0,0.0,0.0,0.0,0.0,0.0,0.0,1.0,0.0,0.0,0.0,0.0,0.0,1.0,1.0,1239.4,66.0,110.0,79.99332463632,15.716277758567449,78.8,169462847.3022618,13.5,12.654147758458189,22.2384277820294,247.4756246842165,1.0,244.6,Benign
302544.4,7.1,64.0,1.4607978527752312,1.4607978527752312,0.0,0.0,0.0,0.0,0.4,0.9,0.0,0.0,0.0,0.0,0.0,3695.8,0.0,0.0,0.0,0.0,0.0,0.0,0.0,0.9,0.1,0.0,0.0,0.0,0.0,1.0,1.0,518.6,66.0,174.0,90.48984126984126,37.63585189206069,91.1,0.099823784828186,5.5,13.415385928339958,53.22513217721735,1848.607264298312,0.9,38.5,Benign
395.9,6.0,64.0,692.2578868910516,692.2578868910516,0.0,0.2,0.2,0.2,0.3,0.7,0.0,0.0,0.8,1.6,0.9,3.6,0.0,0.0,0.0,0.0,0.0,0.0,0.0,1.0,0.0,0.0,0.0,0.0,0.0,1.0,1.0,1080.2,54.0,93.0,69.67901471464553,10.84335107869966,69.7,169323404.73699957,13.5,11.804847489434614,15.37540514969128,118.58294848527298,1.0,244.6,MQTT-Malformed_Data
5476.4,6.0,244.7,17.157910940233084,17.157910940233084,0.0,0.1,0.0,0.0,0.9,1.0,0.0,0.0,0.1,1.0,0.0,8.4,0.0,1.0,0.0,0.0,0.0,0.0,0.0,1.0,0.0,0.0,0.0,0.0,0.0,1.0,1.0,801.3,123.5,169.8,143.77166666666668,15.49601177528702,146.1,0.0047478199005126,5.5,16.953900561315244,21.91467001530409,374.8390674603175,0.9,38.5,Benign
371.12,6.0,64.0,6.49134937407465,6.49134937407465,0.0,0.18,0.14,0.11,0.24,0.85,0.0,0.0,0.76,1.92,0.36,4.07,0.0,0.0,0.0,0.0,0.0,0.0,0.0,1.0,0.0,0.0,0.0,0.0,0.0,1.0,1.0,708.51,63.57,75.65,67.54264536860629,4.541560343330023,67.63,84667017.64098547,9.5,11.620027928754457,6.424730163479759,33.420980960252336,0.91,141.55,MQTT-DDoS-Connect_Flood
40224.56,6.0,64.0,24.18999684879813,24.18999684879813,0.0,0.08,0.1,0.11,0.29,0.89,0.0,0.0,0.35,2.0,6.78,50.64,0.0,0.0,0.0,0.0,0.0,0.0,0.0,1.0,0.0,0.0,0.0,0.0,0.0,1.0,1.0,3564.11,88.72,894.94,330.27106452160666,330.4903721948975,392.49,84666977.72141291,9.5,23.09076839274237,466.6362871393545,198213.5383418535,0.92,141.55,MQTT-DDoS-Publish_Flood
239640.9,7.1,57.7,1.3139172294834631,1.3139172294834631,0.0,0.0,0.0,0.0,0.4,0.9,0.0,0.0,0.0,0.0,0.0,2879.0,0.0,0.0,0.0,0.0,0.0,0.0,0.0,0.9,0.1,0.0,0.0,0.0,0.0,1.0,1.0,622.2,66.0,282.0,99.9404761904762,69.79835346038725,139.8,0.1000637054443359,5.5,13.971505470571206,98.7097780949907,11710.730854875284,0.9,38.5,Benign
634.87,6.0,64.0,9.913518729306956,9.913518729306956,0.0,0.17,0.31,0.22,0.22,0.53,0.0,0.0,1.63,2.47,0.81,7.22,0.0,0.0,0.0,0.0,0.0,0.0,0.0,1.0,0.0,0.0,0.0,0.0,0.0,1.0,1.0,736.23,61.46,80.88,70.23162656727519,7.657744497881712,70.25,84667048.71661961,9.5,11.846658217223547,10.80257094177815,78.21804768503867,0.91,141.55,MQTT-DDoS-Connect_Flood
527350.6,6.0,64.0,1.720701707030781,1.720701707030781,0.0,0.0,0.0,0.0,0.5,1.0,0.0,0.0,0.0,0.0,0.0,6487.1,0.0,0.0,0.0,0.0,0.0,0.0,0.0,1.0,0.0,0.0,0.0,0.0,0.0,1.0,1.0,1215.2,66.0,110.6,78.35271434104251,14.07741973967148,81.1,169467380.0310409,13.5,12.523143701524251,19.921021157840688,199.0242117103998,1.0,244.6,Benign
115046.5,6.0,64.0,0.6893337446668827,0.6893337446668827,0.0,0.0,0.0,0.0,1.0,1.0,0.0,0.0,0.0,0.0,0.0,1457.2,0.0,0.0,0.0,0.0,0.0,0.0,0.0,1.0,0.0,0.0,0.0,0.0,0.0,1.0,1.0,511.1,83.0,115.2,94.72142857142856,12.339513986777735,90.4,8.740425109863282e-05,5.5,13.75790047931483,17.45070803319357,170.47221768707485,0.9,38.5,Benign
9873237.0,6.0,56.0,7874.494380296215,7874.494380296215,0.0,0.0,0.0,0.0,0.2,1.0,0.0,0.0,0.0,0.0,0.0,6524.5,1.0,0.0,0.0,0.0,0.0,0.0,0.0,1.0,0.0,0.0,0.0,0.0,0.0,1.0,1.0,8327.0,1514.0,1514.0,1514.0,0.0,1514.0,0.0001096963882446,5.5,55.02726596879042,0.0,0.0,0.0,38.5,Benign
6238304.2,6.0,100.8,103.6316451256981,103.6316451256981,0.0,0.0,0.0,0.0,0.2,1.0,0.0,0.0,0.0,0.0,0.0,6321.5,0.0,1.0,0.0,0.0,0.0,0.0,0.0,1.0,0.0,0.0,0.0,0.0,0.0,1.0,1.0,6536.2,66.0,1360.6,392.11522442942334,516.5362820892672,1018.8,169323379.2885025,13.5,27.283961544992668,731.5076354243499,295792.0568886075,1.0,244.6,MQTT-Malformed_Data
634.56,6.0,64.0,26.857893947927497,26.857893947927497,0.0,0.06,0.32,0.18,0.07,0.78,0.0,0.0,1.03,2.79,1.04,7.0,0.0,0.0,0.0,0.0,0.0,0.0,0.0,1.0,0.0,0.0,0.0,0.0,0.0,1.0,1.0,722.22,60.24,77.74,68.69571850526495,6.159483460809447,68.67,84662360.10422535,9.5,11.716648134890532,8.713334417123992,48.077160830416645,0.92,141.55,MQTT-DoS-Connect_Flood
512166.0,6.0,248.0,26.90298585043856,26.90298585043856,0.0,0.0,0.0,0.0,0.0,1.0,0.0,0.0,0.0,1.0,0.0,6115.5,0.0,1.0,0.0,0.0,0.0,0.0,0.0,1.0,0.0,0.0,0.0,0.0,0.0,1.0,1.0,363.0,66.0,66.0,66.0,0.0,66.0,0.0016041040420532,5.5,11.489125293076055,0.0,0.0,0.0,38.5,Benign
41484.88,6.0,64.0,103.61237733235144,103.61237733235144,0.0,0.0,0.0,0.0,0.51,1.0,0.0,0.0,0.0,0.0,0.0,110.55,0.0,0.0,0.0,0.0,0.0,0.0,0.0,1.0,0.0,0.0,0.0,0.0,0.0,1.0,1.0,5542.08,135.15,1209.48,498.4329759156823,371.1778287570115,577.21,84666479.45110635,9.5,30.069291411603004,525.369458221875,166760.70013734762,0.9,141.55,MQTT-DoS-Publish_Flood
448.05,6.0,64.0,71.62409667114107,71.62409667114107,0.0,0.02,0.28,0.16,0.14,0.79,0.0,0.0,0.23,2.14,0.61,4.82,0.0,0.0,0.0,0.0,0.0,0.0,0.0,1.0,0.0,0.0,0.0,0.0,0.0,1.0,1.0,727.5,63.12,78.93,69.0464074129345,4.801344836104458,69.11,84662360.68544093,9.5,11.747208244716788,6.789682626498643,27.405697355629464,0.9,141.55,MQTT-DoS-Connect_Flood
708.45,6.0,65.68,17.6668927340057,17.6668927340057,0.0,0.02,0.2,0.2,0.26,0.88,0.0,0.0,0.17,3.0,0.89,8.22,0.0,0.0,0.0,0.0,0.0,0.0,0.0,1.0,0.0,0.0,0.0,0.0,0.0,1.0,1.0,739.22,66.21,79.57,70.44033443762122,5.314973260886127,70.56,84662377.53040704,9.5,11.868529148148662,7.509435882084769,33.89457667671028,0.94,141.55,MQTT-DoS-Connect_Flood
66245.81,6.0,64.0,83.24817247773821,83.24817247773821,0.0,0.0,0.0,0.0,0.53,1.0,0.0,0.0,0.0,0.0,0.0,201.35,0.0,0.0,0.0,0.0,0.0,0.0,0.0,1.0,0.0,0.0,0.0,0.0,0.0,1.0,1.0,3301.4,115.39,636.99,296.91651602770287,179.37455232297376,337.41,84666494.50970788,9.5,23.10697696699124,252.68220541234027,47093.58760066334,0.77,141.55,MQTT-DoS-Publish_Flood
514.09,6.0,64.0,9.669044288050662,9.669044288050662,0.0,0.23,0.18,0.3,0.13,0.7,0.0,0.0,1.5,1.96,0.76,5.88,0.0,0.0,0.0,0.0,0.0,0.0,0.0,1.0,0.0,0.0,0.0,0.0,0.0,1.0,1.0,695.52,59.48,77.84,66.95219714899822,6.670898973230286,65.26,84667029.64993635,9.5,11.566815620481314,9.438398536645137,57.18654169570825,0.94,141.55,MQTT-DDoS-Connect_Flood
352192.0,6.0,64.0,1.6512034474307946,1.6512034474307946,0.0,0.0,0.0,0.0,0.3,1.0,0.0,0.0,0.0,0.0,0.0,4504.1,0.0,0.0,0.0,0.0,0.0,0.0,0.0,1.0,0.0,0.0,0.0,0.0,0.0,1.0,1.0,1042.1,66.0,77.8,67.023674750602,3.079595800721683,74.1,169462608.1966167,13.5,11.55946203160152,3.6442054124123424,13.527311379982477,0.5,244.6,Benign
46103.2,6.0,64.0,37.36099671887705,37.36099671887705,0.0,0.0,0.0,0.43,0.33,0.57,0.0,0.0,0.88,0.0,14.23,55.18,0.0,0.0,0.0,0.0,0.0,0.0,0.0,1.0,0.0,0.0,0.0,0.0,0.0,1.0,1.0,7463.31,158.96,1295.07,692.0896862032446,480.3696278001902,710.27,84666977.03351462,9.5,35.115215993105295,678.9164130713514,286545.70214673365,0.84,141.55,MQTT-DDoS-Publish_Flood
17295.59,6.0,64.0,46.29856716700724,46.29856716700724,0.0,0.0,0.03,0.38,0.37,0.62,0.0,0.0,0.6,0.03,4.55,26.06,0.0,0.0,0.0,0.0,0.0,0.0,0.0,1.0,0.0,0.0,0.0,0.0,0.0,1.0,1.0,5188.68,201.61,1239.67,530.3231832521624,401.14885045151095,439.14,84666976.31743617,9.5,30.41026279934649,567.1569755526922,215755.73888510905,0.84,141.55,MQTT-DDoS-Publish_Flood
205347.3,8.2,64.0,1.65818500529659,1.65818500529659,0.0,0.0,0.0,0.0,0.4,0.8,0.0,0.0,0.0,0.0,0.0,2414.0,0.0,0.0,0.0,0.0,0.0,0.0,0.0,0.8,0.2,0.0,0.0,0.0,0.0,1.0,1.0,2216.6,66.0,928.0,144.9290977782967,211.45183753084825,179.6,169463682.30823115,13.5,17.034610476773285,299.6372503457261,45207.11567142431,1.0,244.6,Benign
612564.3,6.0,82.4,11.405539509815236,11.405539509815236,0.0,0.0,0.0,0.0,0.6,1.0,0.0,0.0,0.0,0.2,0.0,2273.1,0.0,0.1,0.0,0.0,0.0,0.0,0.0,1.0,0.0,0.0,0.0,0.0,0.0,1.0,1.0,1171.8,143.8,827.0,296.50619047619045,260.46873827413145,153.9,0.0255669116973876,5.5,23.36118263721596,368.35842224148473,77572.04514852606,0.9,38.5,Benign
188822.7,7.1,64.0,1.224921908497916,1.224921908497916,0.0,0.0,0.0,0.0,0.5,0.9,0.0,0.0,0.0,0.0,0.0,2268.9,0.0,0.0,0.0,0.0,0.0,0.0,0.0,0.9,0.1,0.0,0.0,0.0,0.0,1.0,1.0,1248.5,66.0,144.2,79.87585481855605,19.88170340414579,94.0,169466341.2209002,13.5,12.63481217513718,28.23498321496491,522.664696096034,1.0,244.6,Benign
419370.2,6.0,64.0,1.513595345415099,1.513595345415099,0.0,0.0,0.0,0.0,0.5,1.0,0.0,0.0,0.0,0.0,0.0,5104.7,0.0,0.0,0.0,0.0,0.0,0.0,0.0,1.0,0.0,0.0,0.0,0.0,0.0,1.0,1.0,468.8,70.5,111.0,88.76194444444444,17.71838218453906,81.1,0.0998767137527465,5.5,13.309900553013929,25.057576388684964,351.87431272045853,0.9,38.5,Benign
104081.0,6.0,248.0,32.50191834187332,32.50191834187332,0.0,0.0,0.0,0.0,0.0,1.0,0.0,0.0,0.0,1.0,0.0,1166.5,0.0,1.0,0.0,0.0,0.0,0.0,0.0,1.0,0.0,0.0,0.0,0.0,0.0,1.0,1.0,1023.0,66.0,66.0,66.0,0.0,66.0,169469145.249911,13.5,11.489125293076055,0.0,0.0,0.0,244.6,Benign
707.74,6.0,64.0,39.26329788507112,39.26329788507112,0.0,0.06,0.17,0.15,0.22,0.81,0.0,0.0,0.49,2.81,1.15,7.94,0.0,0.0,0.0,0.0,0.0,0.0,0.0,1.0,0.0,0.0,0.0,0.0,0.0,1.0,1.0,720.48,63.84,77.28,69.0213386544656,4.210283962312691,68.44,84662363.69958976,9.5,11.745894667770523,5.927245547666478,22.203547329074617,0.84,141.55,MQTT-DoS-Connect_Flood
198095.0,6.0,248.0,21.61533919542676,21.61533919542676,0.0,0.0,0.0,0.0,0.0,1.0,0.0,0.0,0.0,1.0,0.0,2106.5,0.0,1.0,0.0,0.0,0.0,0.0,0.0,1.0,0.0,0.0,0.0,0.0,0.0,1.0,1.0,1023.0,66.0,66.0,66.0,0.0,66.0,169463074.8843246,13.5,11.489125293076055,0.0,0.0,0.0,244.6,Benign
532.92,6.0,64.0,9.846332591036228,9.846332591036228,0.0,0.22,0.07,0.17,0.34,0.77,0.0,0.0,1.46,1.94,0.62,6.3,0.0,0.0,0.0,0.0,0.0,0.0,0.0,1.0,0.0,0.0,0.0,0.0,0.0,1.0,1.0,703.43,60.46,75.45,66.77807587119622,5.068789551497756,67.28,84667046.54921298,9.5,11.549558547605638,7.170796906194195,37.75300171622854,0.89,141.55,MQTT-DDoS-Connect_Flood
139.86,6.0,64.0,331.39717077203187,331.39717077203187,0.0,0.13,0.24,0.39,0.1,0.43,0.0,0.0,0.32,0.27,0.52,1.39,0.0,0.0,0.0,0.0,0.0,0.0,0.0,1.0,0.0,0.0,0.0,0.0,0.0,1.0,1.0,683.52,59.08,76.64,65.05845381291394,6.076947653657304,64.41,84667047.82460701,9.5,11.39395417636299,8.590378629827883,46.14975563646235,0.89,141.55,MQTT-DDoS-Connect_Flood
222819.8,6.0,64.0,0.904017547373092,0.904017547373092,0.0,0.0,0.0,0.0,1.0,1.0,0.0,0.0,0.0,0.0,0.0,2857.2,0.0,0.0,0.0,0.0,0.0,0.0,0.0,1.0,0.0,0.0,0.0,0.0,0.0,1.0,1.0,481.8,80.4,101.2,86.07698412698412,6.670321403459226,91.0,0.0001601934432983,5.5,13.118331099607548,9.433258994159576,72.34337994457042,0.9,38.5,Benign
266236.6,5.4,57.6,1.7402273414165337,1.7402273414165337,0.0,0.0,0.0,0.0,0.5,0.9,0.0,0.0,0.0,0.0,0.0,3541.1,0.0,0.0,0.0,0.0,0.0,0.0,0.0,0.9,0.0,0.0,0.1,0.0,0.0,0.9,0.9,1229.0,64.8,110.0,79.49149853887084,15.240632561064498,75.0,169470537.0321827,13.5,12.60598772979596,21.59704725993391,233.63028380973168,1.0,244.6,Benign
123603.8,6.0,64.0,1.447122980576979,1.447122980576979,0.0,0.0,0.0,0.0,0.5,1.0,0.0,0.0,0.0,0.0,0.0,1500.3,0.0,0.0,0.0,0.0,0.0,0.0,0.0,1.0,0.0,0.0,0.0,0.0,0.0,1.0,1.0,452.6,67.8,105.6,82.18269841269841,15.122818724373754,81.2,0.0035764932632446,5.5,12.818327307519452,21.38689534131916,261.503025069287,0.9,38.5,Benign
387.23,6.0,64.0,5.239318553942081,5.239318553942081,0.0,0.25,0.26,0.07,0.22,0.88,0.0,0.0,0.84,2.14,0.23,4.46,0.0,0.0,0.0,0.0,0.0,0.0,0.0,1.0,0.0,0.0,0.0,0.0,0.0,1.0,1.0,726.12,64.0,76.42,68.86881569436756,5.102630782351734,69.53,84667030.92092428,9.5,11.730867864052213,7.218709745119257,38.049111527264905,0.92,141.55,MQTT-DDoS-Connect_Flood
566.79,6.0,64.0,9.221157664405576,9.221157664405576,0.0,0.17,0.13,0.33,0.24,0.63,0.0,0.0,1.58,2.08,0.9,6.43,0.0,0.0,0.0,0.0,0.0,0.0,0.0,1.0,0.0,0.0,0.0,0.0,0.0,1.0,1.0,684.86,57.16,74.69,64.3870491447407,6.31969964458833,65.45,84667028.59239914,9.5,11.335051246289398,8.940150975341352,52.91658061345344,0.85,141.55,MQTT-DDoS-Connect_Flood
3517944.8,6.0,192.8,99.29362856305022,99.29362856305022,0.0,0.0,0.0,0.0,0.0,1.0,0.0,0.0,0.0,0.0,0.0,3562.5,0.0,1.0,0.0,0.0,0.0,0.0,0.0,1.0,0.0,0.0,0.0,0.0,0.0,1.0,1.0,7591.8,66.0,1494.0,492.3871377745062,650.4335508304672,494.4,169323367.41323397,13.5,31.17814712920522,917.400263244543,421389.862138308,1.0,244.6,MQTT-Malformed_Data
115.54,6.0,64.0,1716.8731100169357,1716.8731100169357,0.0,0.22,0.37,0.0,0.17,1.0,0.0,0.0,0.24,0.49,0.0,1.55,0.0,0.0,0.0,0.0,0.0,0.0,0.0,1.0,0.0,0.0,0.0,0.0,0.0,1.0,1.0,729.48,66.12,73.08,69.2481186407332,3.065192704316344,69.64,84667047.47193749,9.5,11.767735235195698,4.3355599802844775,10.418597400020325,0.94,141.55,MQTT-DDoS-Connect_Flood
480.6,0.6,5.8,0.4920300120249689,0.4920300120249689,0.0,0.0,0.0,0.0,0.0,0.1,0.0,0.0,0.0,0.1,0.0,1.1,0.0,0.1,0.0,0.0,0.0,0.0,0.0,0.1,0.0,0.0,0.9,0.0,0.0,0.1,0.1,878.4,42.0,91.0,56.58227078648905,15.55639419252633,57.0,169470214.620426,13.5,10.633607257238348,22.03094004296034,244.35009356886383,1.0,244.6,Benign
494.95,6.0,64.0,10.215768954437394,10.215768954437394,0.0,0.25,0.35,0.01,0.27,0.79,0.0,0.0,1.28,1.97,0.69,5.73,0.0,0.0,0.0,0.0,0.0,0.0,0.0,1.0,0.0,0.0,0.0,0.0,0.0,1.0,1.0,755.44,65.24,79.52,71.89707127762159,4.991523431298277,71.67,84667029.45606734,9.5,11.990711403539562,7.064466849400543,29.26885671564319,0.92,141.55,MQTT-DDoS-Connect_Flood
325494.2,6.0,69.9,1.3190685359239227,1.3190685359239227,0.0,0.0,0.0,0.0,0.5,1.0,0.0,0.0,0.0,0.0,0.0,4008.6,0.0,0.1,0.0,0.0,0.0,0.0,0.0,1.0,0.0,0.0,0.0,0.0,0.0,1.0,1.0,1231.0,66.0,111.0,79.38880124476488,15.69258621959922,79.0,169467307.12873417,13.5,12.606341931212,22.20551096151444,246.92352269641395,1.0,244.6,Benign
441916.5,6.0,81.8,1.844048881857804,1.844048881857804,0.0,0.0,0.0,0.0,0.4,1.0,0.0,0.0,0.0,0.0,0.0,5883.7,0.0,0.1,0.0,0.0,0.0,0.0,0.0,1.0,0.0,0.0,0.0,0.0,0.0,1.0,1.0,393.5,57.6,83.1,71.1413492063492,9.612361253943222,72.1,0.1000049114227294,5.5,11.926315368170698,13.593931651756154,103.33401354245402,0.9,38.5,Benign
1507187.0,6.0,56.0,8133.617581741247,8133.617581741247,0.0,0.0,0.0,0.0,0.2,1.0,0.0,0.0,0.0,0.0,0.0,995.5,1.0,0.0,0.0,0.0,0.0,0.0,0.0,1.0,0.0,0.0,0.0,0.0,0.0,1.0,1.0,23467.0,1514.0,1514.0,1514.0,0.0,1514.0,169469425.633363,13.5,55.02726596879042,0.0,0.0,0.0,244.6,Benign
65724.49,6.0,64.0,90.04957122103313,90.04957122103313,0.0,0.0,0.0,0.0,0.02,1.0,0.0,0.0,0.0,0.0,0.0,355.85,0.0,0.0,0.0,0.0,0.0,0.0,0.0,1.0,0.0,0.0,0.0,0.0,0.0,1.0,1.0,699.54,66.0,70.36,66.33273684210526,1.1407871946273709,70.36,84666492.86840343,9.5,11.508298500883498,1.376842105263158,47.39235457063712,0.02,141.55,MQTT-DoS-Publish_Flood
464.71,6.0,64.0,10.236085338793549,10.236085338793549,0.0,0.28,0.22,0.03,0.32,0.8,0.0,0.0,1.1,2.03,0.58,5.27,0.0,0.0,0.0,0.0,0.0,0.0,0.0,1.0,0.0,0.0,0.0,0.0,0.0,1.0,1.0,730.81,63.76,75.08,69.48619989247078,3.3323016577137974,69.43,84667033.04540002,9.5,11.7874635861004,4.691469406181698,14.284127650176618,0.9,141.55,MQTT-DDoS-Connect_Flood
22254.76,6.0,65.91,75.37505685234846,75.37505685234846,0.0,0.0,0.0,0.0,0.51,1.0,0.0,0.0,0.0,0.0,0.0,71.45,0.0,0.0,0.0,0.0,0.0,0.0,0.0,1.0,0.0,0.0,0.0,0.0,0.0,1.0,1.0,3404.04,117.02,769.99,322.9006373244059,221.3687923740897,322.41,84666492.03863816,9.5,23.23086109449928,313.3714670955749,86990.79897574424,0.68,141.55,MQTT-DoS-Publish_Flood
26743.0,6.0,64.0,0.2788404611662231,0.2788404611662231,0.0,0.0,0.0,0.0,0.6,1.0,0.0,0.0,0.0,0.0,0.0,357.2,0.0,0.0,0.0,0.0,0.0,0.0,0.0,1.0,0.0,0.0,0.0,0.0,0.0,1.0,1.0,1063.8,66.0,87.0,68.67348480080292,4.963762512111002,67.2,169462463.9003604,13.5,11.720509482367286,7.031591593342594,24.90590634048308,1.0,244.6,Benign
337.53,6.0,64.0,6.732371283516087,6.732371283516087,0.0,0.11,0.42,0.04,0.18,0.64,0.0,0.0,0.41,2.66,0.27,3.26,0.0,0.0,0.0,0.0,0.0,0.0,0.0,1.0,0.0,0.0,0.0,0.0,0.0,1.0,1.0,732.64,66.8,72.8,69.91449083630508,2.3465522583529026,69.6,84667043.06901073,9.5,11.822936285277525,3.3078607786519667,11.965437561821044,0.67,141.55,MQTT-DDoS-Connect_Flood
139.65,6.0,64.0,21648.954419546444,21648.954419546444,0.0,0.2,0.27,0.24,0.14,0.58,0.0,0.0,0.26,0.5,0.36,1.42,0.0,0.0,0.0,0.0,0.0,0.0,0.0,1.0,0.0,0.0,0.0,0.0,0.0,1.0,1.0,714.95,61.56,77.44,68.93880214917522,5.737904714018905,67.23,84667035.761131,9.5,11.737022278719378,8.093339475584267,39.21058253421876,0.92,141.55,MQTT-DDoS-Connect_Flood
56098.8,6.0,64.0,0.6973284866789391,0.6973284866789391,0.0,0.0,0.0,0.0,0.0,1.0,0.0,0.0,0.0,0.0,0.0,711.3,0.0,0.0,0.0,0.0,0.0,0.0,0.0,1.0,0.0,0.0,0.0,0.0,0.0,1.0,1.0,363.0,66.0,66.0,66.0,0.0,66.0,0.0001859903335571,5.5,11.489125293076055,0.0,0.0,0.0,38.5,Benign
77416.17,6.0,64.0,80.4481372369928,80.4481372369928,0.0,0.0,0.0,0.0,0.74,1.0,0.0,0.0,0.0,0.0,0.0,257.06,0.0,0.0,0.0,0.0,0.0,0.0,0.0,1.0,0.0,0.0,0.0,0.0,0.0,1.0,1.0,2168.47,135.76,296.17,198.4357078373982,52.7926307214548,212.24,84666490.23636691,9.5,19.344545951692155,74.3132973343054,4826.550277022438,0.67,141.55,MQTT-DoS-Publish_Flood
57823.4,6.0,80.7,0.2297775315020494,0.2297775315020494,0.0,0.0,0.0,0.0,0.1,1.0,0.0,0.0,0.0,0.0,0.0,772.0,0.0,0.0,0.0,0.0,0.0,0.0,0.0,1.0,0.0,0.0,0.0,0.0,0.0,1.0,1.0,1041.9,66.0,74.7,67.14752568381051,2.3686996154627566,72.9,169465649.94702318,13.5,11.559030935783763,1.3701717871783,0.9393825768694614,1.0,244.6,Benign
1827037.0,6.0,64.0,101.79087004125292,101.79087004125292,0.0,0.0,0.0,0.0,0.0,1.0,0.0,0.0,0.0,0.0,0.0,1851.5,0.0,1.0,0.0,0.0,0.0,0.0,0.0,1.0,0.0,0.0,0.0,0.0,0.0,1.0,1.0,23157.0,1494.0,1494.0,1494.0,0.0,1494.0,169323374.9751727,13.5,54.6626014748658,0.0,0.0,0.0,244.6,MQTT-Malformed_Data
49684.83,6.0,64.0,88.43965490707386,88.43965490707386,0.0,0.0,0.0,0.0,0.03,1.0,0.0,0.0,0.0,0.0,0.0,201.53,0.0,0.0,0.0,0.0,0.0,0.0,0.0,1.0,0.0,0.0,0.0,0.0,0.0,1.0,1.0,730.06,66.0,87.8,68.9884057429069,7.198304716333487,69.27,84666502.00801714,9.5,11.734214924176616,10.198814403340826,271.55246960137225,0.2,141.55,MQTT-DoS-Publish_Flood
62054.41,6.0,64.0,90.20706824290843,90.20706824290843,0.0,0.0,0.0,0.0,0.63,1.0,0.0,0.0,0.0,0.0,0.0,375.44,0.0,0.0,0.0,0.0,0.0,0.0,0.0,1.0,0.0,0.0,0.0,0.0,0.0,1.0,1.0,3547.98,136.85,705.03,318.6003923483637,183.0145955982515,357.65,84666498.40859473,9.5,23.606540926981623,258.31885671072354,53775.52358427154,0.74,141.55,MQTT-DoS-Publish_Flood
332.2,6.0,64.0,15.031402307688284,15.031402307688284,0.0,0.12,0.15,0.42,0.14,0.52,0.0,0.0,1.01,0.73,0.69,3.63,0.0,0.0,0.0,0.0,0.0,0.0,0.0,1.0,0.0,0.0,0.0,0.0,0.0,1.0,1.0,662.29,54.36,76.34,62.133510247793126,7.737185735744648,64.53,84667034.73764938,9.5,11.13801389717104,10.944114338473131,76.7711675074215,0.8,141.55,MQTT-DDoS-Connect_Flood
151522.6,8.2,67.1,1.446178176466942,1.446178176466942,0.0,0.0,0.0,0.0,0.4,0.8,0.0,0.0,0.0,0.0,0.0,1914.6,0.0,0.0,0.0,0.0,0.0,0.0,0.0,0.8,0.2,0.0,0.0,0.0,0.0,1.0,1.0,2669.7,66.0,930.0,169.04161927769513,248.11977814856823,204.9,169467961.93223432,13.5,18.37692830871892,351.62308279893585,62350.64980603922,1.0,244.6,Benign
568.61,6.0,64.0,9.967021061596656,9.967021061596656,0.0,0.28,0.21,0.18,0.23,0.61,0.0,0.0,1.63,2.12,0.69,6.52,0.0,0.0,0.0,0.0,0.0,0.0,0.0,1.0,0.0,0.0,0.0,0.0,0.0,1.0,1.0,728.61,60.56,79.81,69.63235916890986,6.8360825359778925,69.07,84667028.25219715,9.5,11.794742663333528,9.662198995422816,57.94419231254454,0.95,141.55,MQTT-DDoS-Connect_Flood
287.21,6.0,64.0,3.742033264416965,3.742033264416965,0.0,0.03,0.35,0.0,0.5,1.0,0.0,0.0,0.14,2.43,0.03,3.24,0.0,0.0,0.0,0.0,0.0,0.0,0.0,1.0,0.0,0.0,0.0,0.0,0.0,1.0,1.0,746.48,67.64,73.92,71.32916000253617,2.345879203451832,70.8,84667043.46042459,9.5,11.943750241534689,3.321054979531317,6.247708079312234,0.93,141.55,MQTT-DDoS-Connect_Flood
104882.9,7.1,124.8,0.7652507601304723,0.7652507601304723,0.0,0.0,0.0,0.0,0.6,0.9,0.0,0.0,0.0,0.0,0.0,1235.9,0.0,0.3,0.0,0.0,0.0,0.0,0.0,0.9,0.1,0.0,0.0,0.0,0.0,1.0,1.0,1230.0,55.2,246.0,79.37155697415758,45.35152708860762,94.7,169468422.1323134,13.5,12.597262284241646,64.28270287468386,2078.8516444657544,1.0,244.6,Benign
227630.2,6.0,64.0,2.033537960231723,2.033537960231723,0.0,0.0,0.0,0.0,0.5,1.0,0.0,0.0,0.0,0.0,0.0,2881.3,0.0,0.0,0.0,0.0,0.0,0.0,0.0,1.0,0.0,0.0,0.0,0.0,0.0,1.0,1.0,1340.1,66.0,230.0,86.7005978661861,39.60324491832843,80.5,169468397.7335523,13.5,13.15807823209374,56.07816810960325,1581.4328181553442,1.0,244.6,Benign
484.09,6.0,64.0,10.374288433549196,10.374288433549196,0.0,0.18,0.1,0.05,0.59,0.86,0.0,0.0,1.11,1.89,0.51,5.82,0.0,0.0,0.0,0.0,0.0,0.0,0.0,1.0,0.0,0.0,0.0,0.0,0.0,1.0,1.0,733.28,65.6,74.35,69.78585442511564,3.1296036519159234,69.59,84667034.32264248,9.5,11.812542613788,4.4286505784173125,14.051976900932386,0.95,141.55,MQTT-DDoS-Connect_Flood
460749.8,6.0,64.0,1.4475977523802648,1.4475977523802648,0.0,0.0,0.0,0.0,0.5,1.0,0.0,0.0,0.0,0.0,0.0,5592.7,0.0,0.0,0.0,0.0,0.0,0.0,0.0,1.0,0.0,0.0,0.0,0.0,0.0,1.0,1.0,464.4,70.5,111.0,87.47861111111112,17.09417709455016,81.1,0.0001130104064941,5.5,13.213762768224177,24.17481708472035,326.75764605379186,0.9,38.5,Benign
51599.26,6.0,64.0,91.29843923861948,91.29843923861948,0.0,0.0,0.0,0.0,0.97,1.0,0.0,0.0,0.0,0.0,0.0,312.57,0.0,0.0,0.0,0.0,0.0,0.0,0.0,1.0,0.0,0.0,0.0,0.0,0.0,1.0,1.0,4591.56,234.18,983.89,448.89772949620897,257.04817755983544,447.03,84666505.6654668,9.5,29.35155306382273,363.8293165677358,98033.6364319825,0.94,141.55,MQTT-DoS-Publish_Flood
312734.5,7.1,64.0,1.8502237187069457,1.8502237187069457,0.0,0.0,0.0,0.0,0.5,0.9,0.0,0.0,0.0,0.0,0.0,3895.9,0.0,0.0,0.0,0.0,0.0,0.0,0.0,0.9,0.1,0.0,0.0,0.0,0.0,1.0,1.0,499.5,70.4,151.6,91.00837301587302,27.33347324667777,92.6,0.0998248815536499,5.5,13.47577809564001,38.655368572213845,1005.8646282911312,0.9,38.5,Benign
512.92,6.0,64.0,9.905759341051423,9.905759341051423,0.0,0.14,0.18,0.32,0.09,0.52,0.0,0.0,1.39,1.91,0.78,5.78,0.0,0.0,0.0,0.0,0.0,0.0,0.0,1.0,0.0,0.0,0.0,0.0,0.0,1.0,1.0,669.34,55.36,75.42,63.77499692094972,6.825738319390248,64.35,84667029.06587234,9.5,11.288278021843082,9.655097495912225,51.9449359424585,0.95,141.55,MQTT-DDoS-Connect_Flood
51074.65,6.0,64.0,72.2802025479419,72.2802025479419,0.0,0.0,0.0,0.0,0.35,1.0,0.0,0.0,0.0,0.0,0.0,155.07,0.0,0.0,0.0,0.0,0.0,0.0,0.0,1.0,0.0,0.0,0.0,0.0,0.0,1.0,1.0,2349.8,128.13,556.5,228.40167329505715,133.4076484385628,224.05,84666493.99721041,9.5,19.41289914080202,188.06979946758,39260.26230150335,0.55,141.55,MQTT-DoS-Publish_Flood
121899.6,6.0,64.0,1.4480746962706246,1.4480746962706246,0.0,0.0,0.0,0.0,0.5,1.0,0.0,0.0,0.0,0.0,0.0,1479.5,0.0,0.0,0.0,0.0,0.0,0.0,0.0,1.0,0.0,0.0,0.0,0.0,0.0,1.0,1.0,465.0,70.5,111.0,87.56317460317462,17.210688502087503,81.2,0.0001162052154541,5.5,13.220264610324184,24.33958909743083,331.1331928697404,0.9,38.5,Benign
320698.9,8.2,57.7,1.6414838368444808,1.6414838368444808,0.0,0.0,0.0,0.0,0.4,0.8,0.0,0.0,0.0,0.0,0.0,3845.8,0.0,0.0,0.0,0.0,0.0,0.0,0.0,0.8,0.2,0.0,0.0,0.0,0.0,1.0,1.0,1825.4,194.2,906.8,425.05785714285713,284.0747426204475,228.3,0.0999047994613647,5.5,28.461940863140548,401.7423537414832,94728.34633503402,0.9,38.5,Benign
479.43,6.0,64.0,9.684862968312387,9.684862968312387,0.0,0.29,0.21,0.0,0.25,0.87,0.0,0.0,1.25,1.88,0.57,5.64,0.0,0.0,0.0,0.0,0.0,0.0,0.0,1.0,0.0,0.0,0.0,0.0,0.0,1.0,1.0,744.47,66.34,78.73,70.99620139372152,5.117458021388918,71.13,84667046.0524249,9.5,11.911752459196252,7.241154227788762,32.72100919571478,0.92,141.55,MQTT-DDoS-Connect_Flood
21579.0,6.0,64.0,88.61703542401338,88.61703542401338,0.0,0.0,0.0,0.0,0.74,1.0,0.0,0.0,0.0,0.0,0.0,134.52,0.0,0.0,0.0,0.0,0.0,0.0,0.0,1.0,0.0,0.0,0.0,0.0,0.0,1.0,1.0,3164.03,139.03,764.69,300.922282499707,201.17525227193985,295.99,84666496.36809124,9.5,23.66413147022105,284.73327459664,52875.47983712793,0.87,141.55,MQTT-DoS-Publish_Flood
57682.8,17.0,64.0,189.89032901917568,189.89032901917568,0.0,0.0,0.0,0.0,0.0,0.0,0.0,0.0,0.0,0.0,0.0,0.0,0.0,0.0,0.0,0.0,0.0,0.0,0.0,0.0,1.0,0.0,0.0,0.0,0.0,1.0,1.0,3195.0,62.0,934.0,208.3108380937948,268.8309349522752,134.0,169461587.8937746,13.5,20.40945282437673,381.0340108264463,73116.56358283764,1.0,244.6,Benign
2904.39,6.11,64.48,9293.19348164606,9293.19348164606,0.0,0.01,0.0,0.0,0.29,0.99,0.0,0.0,0.01,0.0,0.0,14.43,0.0,0.03,0.01,0.0,0.0,0.0,0.0,0.99,0.01,0.0,0.0,0.0,0.0,1.0,1.0,1327.25,81.89,203.34,132.25465704509625,42.51481905086625,124.09,84666494.82311924,9.5,15.44767114196184,59.50898795289248,4833.89569546725,0.4,141.55,MQTT-DoS-Publish_Flood
290555.2,6.0,64.0,1.1870618570541538,1.1870618570541538,0.0,0.0,0.0,0.0,0.5,1.0,0.0,0.0,0.0,0.0,0.0,3850.7,0.0,0.0,0.0,0.0,0.0,0.0,0.0,1.0,0.0,0.0,0.0,0.0,0.0,1.0,1.0,1632.0,66.0,223.0,106.32517369111795,56.85536869039736,76.4,169462659.600895,13.5,14.582644717040106,80.57955348791337,3259.588528909819,1.0,244.6,Benign
418727.0,6.0,248.0,27.84892787528463,27.84892787528463,0.0,0.0,0.0,0.0,0.0,1.0,0.0,0.0,0.0,1.0,0.0,5034.5,0.0,1.0,0.0,0.0,0.0,0.0,0.0,1.0,0.0,0.0,0.0,0.0,0.0,1.0,1.0,363.0,66.0,66.0,66.0,0.0,66.0,0.0003298044204711,5.5,11.489125293076055,0.0,0.0,0.0,38.5,Benign
700.42,6.0,64.0,46.54877955733719,46.54877955733719,0.0,0.25,0.09,0.24,0.22,0.74,0.0,0.0,1.58,2.64,1.06,7.87,0.0,0.0,0.0,0.0,0.0,0.0,0.0,1.0,0.0,0.0,0.0,0.0,0.0,1.0,1.0,686.79,60.4,74.39,65.32040529851986,4.771001927043331,65.1,84662358.94411793,9.5,11.426084537129343,6.742187435357298,33.58600628525571,0.89,141.55,MQTT-DoS-Connect_Flood
2955.0,6.0,64.0,3.6742457308440057,3.6742457308440057,0.0,0.0,0.0,0.0,1.0,1.0,0.0,0.0,0.0,0.0,0.0,37.9,0.0,0.0,0.0,0.0,0.0,0.0,0.0,1.0,0.0,0.0,0.0,0.0,0.0,1.0,1.0,1394.6,79.0,117.0,90.07514228891164,13.175843059633184,86.7,169323402.390316,13.5,13.42138520444998,18.6791742980798,174.82495127056126,1.0,244.6,MQTT-Malformed_Data
62321.11,6.0,64.0,85.11864749350556,85.11864749350556,0.0,0.0,0.0,0.0,0.46,1.0,0.0,0.0,0.0,0.0,0.0,216.07,0.0,0.0,0.0,0.0,0.0,0.0,0.0,1.0,0.0,0.0,0.0,0.0,0.0,1.0,1.0,2683.34,168.46,427.88,275.57857990285424,93.51808568891764,226.23,84666983.3589545,9.5,21.765999112445584,131.9814194685241,16751.957406411824,0.57,141.55,MQTT-DDoS-Publish_Flood
441.82,6.0,64.0,9.965771946787898,9.965771946787898,0.0,0.23,0.2,0.31,0.18,0.57,0.0,0.0,1.19,1.76,0.64,5.02,0.0,0.0,0.0,0.0,0.0,0.0,0.0,1.0,0.0,0.0,0.0,0.0,0.0,1.0,1.0,684.88,56.6,77.75,65.44557722794062,7.227229878333925,65.38,84667022.98648481,9.5,11.434977303552817,10.221004412097567,62.45225204124903,0.94,141.55,MQTT-DDoS-Connect_Flood
287187.6,5.4,76.7,1.8735575381655047,1.8735575381655047,0.0,0.0,0.0,0.0,0.5,0.9,0.0,0.0,0.0,0.2,0.0,3500.9,0.0,0.0,0.0,0.0,0.0,0.0,0.0,0.9,0.0,0.0,0.1,0.0,0.0,0.9,0.9,1543.9,64.8,246.0,100.24937928514552,53.75248621135228,91.6,169462292.27104682,13.5,14.11852167717402,75.43241911592182,2858.05760459893,1.0,244.6,Benign
36565.3,6.0,60.7,1.838036285315556,1.838036285315556,0.0,0.0,0.0,0.0,0.5,1.0,0.0,0.0,0.0,0.0,0.0,450.1,0.0,0.0,0.0,0.0,0.0,0.0,0.0,1.0,0.0,0.0,0.0,0.0,0.0,1.0,1.0,1248.3,66.0,125.9,80.22379376557396,18.96065999458803,98.1,169469930.3810512,13.5,12.594840735563409,23.088752564750724,267.4909570120759,1.0,244.6,Benign
7507.12,6.0,64.0,167.0232087885546,167.0232087885546,0.0,0.0,0.0,0.0,0.76,1.0,0.0,0.0,0.0,0.0,0.0,35.25,0.0,0.0,0.0,0.0,0.0,0.0,0.0,1.0,0.0,0.0,0.0,0.0,0.0,1.0,1.0,1562.82,98.7,167.37,145.88537721325804,28.094649968994243,149.93,84666507.26813821,9.5,16.9539892274778,39.6300085791187,1323.051169096491,0.62,141.55,MQTT-DoS-Publish_Flood
93656.06,6.0,64.0,78.54625986003042,78.54625986003042,0.0,0.0,0.0,0.0,0.41,1.0,0.0,0.0,0.0,0.0,0.0,394.83,0.0,0.0,0.0,0.0,0.0,0.0,0.0,1.0,0.0,0.0,0.0,0.0,0.0,1.0,1.0,1971.41,75.81,405.9,157.44911462634371,110.84080591258372,216.42,84666497.48385873,9.5,16.717406130336805,156.99765272127138,45042.68344364298,0.53,141.55,MQTT-DoS-Publish_Flood
3052978.0,6.0,248.0,102.10885496128552,102.10885496128552,0.0,0.0,0.0,0.0,0.0,1.0,0.0,0.0,0.0,0.0,0.0,3095.5,0.0,1.0,0.0,0.0,0.0,0.0,0.0,1.0,0.0,0.0,0.0,0.0,0.0,1.0,1.0,1023.0,66.0,66.0,66.0,0.0,66.0,169323397.68630546,13.5,11.489125293076055,0.0,0.0,0.0,244.6,MQTT-Malformed_Data
39931.54,6.0,64.0,106.48637585653846,106.48637585653846,0.0,0.0,0.0,0.0,0.83,1.0,0.0,0.0,0.0,0.0,0.0,160.36,0.0,0.0,0.0,0.0,0.0,0.0,0.0,1.0,0.0,0.0,0.0,0.0,0.0,1.0,1.0,2427.99,145.57,354.85,231.88934318137143,67.18608491666197,212.86,84666479.5917481,9.5,21.43042404399908,95.0053491744841,6937.391872033544,0.84,141.55,MQTT-DoS-Publish_Flood
29965.59,6.0,64.0,65.77336698734798,65.77336698734798,0.0,0.0,0.0,0.0,0.4,1.0,0.0,0.0,0.0,0.0,0.0,81.06,0.0,0.0,0.0,0.0,0.0,0.0,0.0,1.0,0.0,0.0,0.0,0.0,0.0,1.0,1.0,3658.89,171.73,549.64,326.8339253509648,127.5231084128184,404.21,84666490.61605698,9.5,22.170812516860742,179.82101238771835,39435.26989449333,0.43,141.55,MQTT-DoS-Publish_Flood
391161.1,6.0,64.0,2.033461756283826,2.033461756283826,0.0,0.0,0.0,0.0,0.5,1.0,0.0,0.0,0.0,0.0,0.0,4951.5,0.0,0.0,0.0,0.0,0.0,0.0,0.0,1.0,0.0,0.0,0.0,0.0,0.0,1.0,1.0,1179.2,66.0,110.3,75.93837827506171,13.515754044233343,80.6,169470549.94755408,13.5,12.309701920371715,18.89815593205804,179.18089144857723,1.0,244.6,Benign
558.17,6.0,64.0,32.799822866362405,32.799822866362405,0.0,0.05,0.12,0.2,0.21,0.85,0.0,0.0,0.33,2.38,0.86,6.21,0.0,0.0,0.0,0.0,0.0,0.0,0.0,1.0,0.0,0.0,0.0,0.0,0.0,1.0,1.0,713.98,62.48,74.55,68.02017110692884,4.045625417652472,67.74,84662363.41590573,9.5,11.660528856715946,5.730967714395035,22.071063391695688,0.85,141.55,MQTT-DoS-Connect_Flood
324.29,6.0,64.0,10.650142303728858,10.650142303728858,0.0,0.15,0.32,0.0,0.28,0.77,0.0,0.0,0.69,1.53,0.25,3.97,0.0,0.0,0.0,0.0,0.0,0.0,0.0,1.0,0.0,0.0,0.0,0.0,0.0,1.0,1.0,736.89,66.5,77.25,70.54992939215927,3.640605540537909,70.07,84667047.73837443,9.5,11.875834032094184,5.1380110527752825,15.795760381411046,0.94,141.55,MQTT-DDoS-Connect_Flood
435.95,6.0,64.0,9.12040052276493,9.12040052276493,0.0,0.3,0.18,0.16,0.26,0.73,0.0,0.0,1.09,1.95,0.4,4.95,0.0,0.0,0.0,0.0,0.0,0.0,0.0,1.0,0.0,0.0,0.0,0.0,0.0,1.0,1.0,727.08,61.09,78.24,69.5545010025664,5.731414493759875,67.96,84667043.66442645,9.5,11.789934111150826,8.10569576661575,44.03659256571824,0.87,141.55,MQTT-DDoS-Connect_Flood
632.41,6.0,64.0,10.276591500973648,10.276591500973648,0.0,0.11,0.08,0.48,0.12,0.44,0.0,0.0,1.84,2.22,0.99,7.1,0.0,0.0,0.0,0.0,0.0,0.0,0.0,1.0,0.0,0.0,0.0,0.0,0.0,1.0,1.0,665.76,55.49,78.3,63.53181967928872,8.128794060789312,62.89,84667020.98502208,9.5,11.26076868109394,11.498938597811708,80.8816296976377,0.86,141.55,MQTT-DDoS-Connect_Flood
323483.6,6.0,64.0,1.460662135268041,1.460662135268041,0.0,0.0,0.0,0.0,0.5,1.0,0.0,0.0,0.0,0.0,0.0,4100.1,0.0,0.0,0.0,0.0,0.0,0.0,0.0,1.0,0.0,0.0,0.0,0.0,0.0,1.0,1.0,447.4,70.5,111.0,84.90781746031746,15.241803312716442,78.8,7.231235504150391e-05,5.5,13.01400948343866,21.55516495986676,263.30332802658097,0.9,38.5,Benign
2279.75,6.0,64.0,99874.10884040927,99874.10884040927,0.0,0.0,0.05,0.1,0.43,0.88,0.0,0.0,0.0,0.05,0.24,3.39,0.0,0.0,0.0,0.0,0.0,0.0,0.0,1.0,0.0,0.0,0.0,0.0,0.0,1.0,1.0,7470.74,139.72,1309.83,685.7670629778718,495.3069784160328,749.69,101600361.40226255,9.5,35.06750609826169,700.6246875771856,289444.47449757846,0.95,141.55,MQTT-DDoS-Publish_Flood
393.74,6.0,64.0,9.849251417337411,9.849251417337411,0.0,0.25,0.27,0.16,0.2,0.74,0.0,0.0,0.96,1.66,0.58,4.56,0.0,0.0,0.0,0.0,0.0,0.0,0.0,1.0,0.0,0.0,0.0,0.0,0.0,1.0,1.0,711.78,62.16,76.07,67.8395520301422,5.244615614232422,67.8,84667026.50550625,9.5,11.646678979474746,7.41717007707209,40.61343090040161,0.9,141.55,MQTT-DDoS-Connect_Flood
26253.3,6.0,69.9,1.325251040226226,1.325251040226226,0.0,0.0,0.0,0.0,0.5,1.0,0.0,0.0,0.0,0.0,0.0,315.0,0.0,0.1,0.0,0.0,0.0,0.0,0.0,1.0,0.0,0.0,0.0,0.0,0.0,1.0,1.0,1382.0,66.0,260.0,89.41873858554587,47.604788020308,81.8,169464105.9601066,13.5,13.371396378143448,67.47750920827438,2290.2975471997825,1.0,244.6,Benign
447.79,6.0,64.0,10.284919083499751,10.284919083499751,0.0,0.07,0.07,0.26,0.09,0.74,0.0,0.0,0.93,1.9,0.66,5.01,0.0,0.0,0.0,0.0,0.0,0.0,0.0,1.0,0.0,0.0,0.0,0.0,0.0,1.0,1.0,674.76,57.48,70.68,64.18019776899227,4.928065164564859,64.05,84667020.39063172,9.5,11.324411837345192,6.977098473481703,28.673012718333368,0.93,141.55,MQTT-DDoS-Connect_Flood
366.08,6.0,64.0,10.428013057498704,10.428013057498704,0.0,0.32,0.17,0.0,0.14,0.89,0.0,0.0,0.93,1.65,0.03,4.44,0.0,0.0,0.0,0.0,0.0,0.0,0.0,1.0,0.0,0.0,0.0,0.0,0.0,1.0,1.0,729.13,66.16,76.4,69.36168313596448,4.182322979967742,69.68,84667032.40469152,9.5,11.775411235977986,5.911263128907993,25.72598838598241,0.73,141.55,MQTT-DDoS-Connect_Flood
346235.2,6.0,64.0,2.0336659930468883,2.0336659930468883,0.0,0.0,0.0,0.0,0.5,1.0,0.0,0.0,0.0,0.0,0.0,4310.8,0.0,0.0,0.0,0.0,0.0,0.0,0.0,1.0,0.0,0.0,0.0,0.0,0.0,1.0,1.0,1422.4,66.0,246.0,92.09024602117869,44.3004370981596,80.4,169463079.8048287,13.5,13.57270729388791,62.79304894730088,1981.615115655156,1.0,244.6,Benign
7607.72,6.0,63.91,27.62231434612645,27.62231434612645,0.0,0.07,0.06,0.23,0.38,0.71,0.0,0.0,0.38,0.44,1.82,19.58,0.0,0.01,0.0,0.0,0.0,0.0,0.0,1.0,0.0,0.0,0.0,0.0,0.0,1.0,1.0,3523.42,82.75,733.94,347.7478948829807,249.22067571864483,331.84,84666975.84580375,9.5,23.270838466664205,351.906802438375,130027.18595491664,0.88,141.55,MQTT-DDoS-Publish_Flood
195415.5,6.0,64.0,2.034697116999456,2.034697116999456,0.0,0.0,0.0,0.0,0.5,1.0,0.0,0.0,0.0,0.0,0.0,2432.9,0.0,0.0,0.0,0.0,0.0,0.0,0.0,1.0,0.0,0.0,0.0,0.0,0.0,1.0,1.0,1241.1,66.0,110.5,79.9808729432762,16.588285660102635,80.5,169467122.72819963,13.5,12.645688653866818,23.51824300669444,277.1504785450123,1.0,244.6,Benign
19904.8,7.1,64.0,1.8577839327349668,1.8577839327349668,0.0,0.0,0.0,0.0,0.5,0.9,0.0,0.0,0.0,0.0,0.0,243.1,0.0,0.0,0.0,0.0,0.0,0.0,0.0,0.9,0.1,0.0,0.0,0.0,0.0,1.0,1.0,525.1,67.9,167.4,92.6086507936508,33.543593670497465,95.2,0.0998255968093872,5.5,13.590524857353577,47.43780509954983,1484.9729130133533,0.9,38.5,Benign
56053.3,6.0,64.0,0.5471494801778738,0.5471494801778738,0.0,0.0,0.0,0.0,0.6,1.0,0.0,0.0,0.0,0.0,0.0,743.4,0.0,0.0,0.0,0.0,0.0,0.0,0.0,1.0,0.0,0.0,0.0,0.0,0.0,1.0,1.0,1062.2,66.0,87.0,68.57819891451858,4.994125997073232,67.2,169463003.9043944,13.5,11.71232557598148,7.075040770752,25.19942812258531,1.0,244.6,Benign
3071067.9,17.0,64.0,53.61696063594284,53.61696063594284,0.0,0.0,0.0,0.0,0.0,0.0,0.0,0.0,0.0,0.0,0.0,0.0,0.0,0.0,0.0,0.0,0.0,0.0,0.0,0.0,1.0,0.0,0.0,0.0,0.0,1.0,1.0,561.9,100.3,104.8,102.0986507936508,1.5164763961793468,102.8,0.0169835090637207,5.5,14.289711680852577,2.144621486495507,3.2387648652053413,0.9,38.5,Benign
508.39,6.0,64.0,6.582288379412927,6.582288379412927,0.0,0.04,0.45,0.23,0.02,0.76,0.0,0.0,1.48,2.05,1.09,5.54,0.0,0.0,0.0,0.0,0.0,0.0,0.0,1.0,0.0,0.0,0.0,0.0,0.0,1.0,1.0,703.59,60.64,74.19,66.88206189592141,4.984539139650414,67.17,84667033.81496279,9.5,11.554829034066197,7.0564250653695,35.34410476597468,0.8,141.55,MQTT-DDoS-Connect_Flood
348.85,6.0,64.0,11.067578253489144,11.067578253489144,0.0,0.11,0.3,0.39,0.13,0.53,0.0,0.0,0.93,1.09,0.98,3.72,0.0,0.0,0.0,0.0,0.0,0.0,0.0,1.0,0.0,0.0,0.0,0.0,0.0,1.0,1.0,693.85,61.0,71.97,66.62805637263493,4.245956129752218,65.96,84667028.33567633,9.5,11.528300473581874,5.985673647882809,26.868891750283737,0.77,141.55,MQTT-DDoS-Connect_Flood
68839.0,6.0,64.0,1.515030516270756,1.515030516270756,0.0,0.0,0.0,0.0,0.5,1.0,0.0,0.0,0.0,0.0,0.0,836.3,0.0,0.0,0.0,0.0,0.0,0.0,0.0,1.0,0.0,0.0,0.0,0.0,0.0,1.0,1.0,458.2,67.9,105.8,83.31892857142857,15.892138103244935,81.3,0.0001111030578613,5.5,12.906229936587398,22.474877240715223,288.8343377267573,0.9,38.5,Benign
47219.6,6.0,59.6,266.1058776437641,266.1058776437641,0.0,0.0,0.0,0.0,0.0,1.0,0.0,0.0,0.0,1.8,0.0,55.5,0.0,0.9,0.0,0.0,0.0,0.0,0.0,1.0,0.0,0.0,0.0,0.0,0.0,1.0,1.0,21295.0,790.0,1514.0,1397.0971620227035,257.40000652936817,790.0,169323356.9012455,13.5,52.913677902167805,358.83150026500255,132867.8891704501,0.5,244.6,MQTT-Malformed_Data
42562.6,5.9,44.9,0.3624789150935448,0.3624789150935448,0.0,0.0,0.0,0.0,0.0,0.7,0.0,0.0,0.0,0.0,0.0,570.3,0.0,0.0,0.0,0.0,0.0,0.0,0.0,0.7,0.1,0.0,0.2,0.0,0.0,0.8,0.8,369.7,58.8,81.1,66.57666666666667,6.23293794129121,78.1,0.0472367048263549,5.5,11.53420861343264,8.81470537000387,231.4778888888889,0.3,38.5,Benign
519.8,6.0,64.0,8.706055714206663,8.706055714206663,0.0,0.21,0.2,0.25,0.16,0.58,0.0,0.0,1.24,2.12,0.63,5.79,0.0,0.0,0.0,0.0,0.0,0.0,0.0,1.0,0.0,0.0,0.0,0.0,0.0,1.0,1.0,711.72,59.76,78.23,67.3573670150369,6.932253599598581,67.64,84667019.84176958,9.5,11.599059486646455,9.807932121054144,57.50671797725892,0.88,141.55,MQTT-DDoS-Connect_Flood
4061.0,8.2,83.1,0.9259104063772726,0.9259104063772726,0.0,0.0,0.0,0.0,0.4,0.8,0.0,0.0,0.0,0.0,0.0,47.2,0.0,0.0,0.0,0.0,0.0,0.0,0.0,0.8,0.2,0.0,0.0,0.0,0.0,1.0,1.0,1442.6,66.0,215.8,92.4263149655642,43.11642155177266,103.0,169470312.04644293,13.5,13.59594675773063,61.101213056889925,2065.7426546521506,1.0,244.6,Benign
13943.46,6.0,64.0,67.69707568276492,67.69707568276492,0.0,0.04,0.02,0.2,0.46,0.79,0.0,0.0,0.07,0.1,11.63,12.22,0.0,0.0,0.0,0.0,0.0,0.0,0.0,1.0,0.0,0.0,0.0,0.0,0.0,1.0,1.0,6295.57,159.36,1306.42,601.3307931329506,474.8189306540789,563.56,84666956.17814589,9.5,32.89240453858162,671.1643030465245,275376.14135860186,0.9,141.55,MQTT-DDoS-Publish_Flood
147.43,6.0,64.0,18134.876459803065,18134.876459803065,0.0,0.19,0.32,0.19,0.12,0.67,0.0,0.0,0.34,0.41,0.29,1.67,0.0,0.0,0.0,0.0,0.0,0.0,0.0,1.0,0.0,0.0,0.0,0.0,0.0,1.0,1.0,705.24,60.48,75.88,67.28537367109155,5.585142377189978,67.39,84667035.40443543,9.5,11.591329174119126,7.896780762958765,41.75257909930642,0.93,141.55,MQTT-DDoS-Connect_Flood
268.22,6.0,64.0,164.85173111344025,164.85173111344025,0.0,0.03,0.24,0.16,0.22,0.91,0.0,0.0,0.14,1.02,0.35,3.0,0.0,0.0,0.0,0.0,0.0,0.0,0.0,1.0,0.0,0.0,0.0,0.0,0.0,1.0,1.0,724.03,64.08,76.41,68.80854867071355,3.958912582105192,69.31,84662364.69638158,9.5,11.72686983277648,5.5920973656553565,19.025486060785934,0.92,141.55,MQTT-DoS-Connect_Flood
19554.2,6.0,69.3,1.4922285418052244,1.4922285418052244,0.0,0.0,0.0,0.0,0.5,1.0,0.0,0.0,0.0,0.0,0.0,253.3,0.0,0.2,0.0,0.0,0.0,0.0,0.0,1.0,0.0,0.0,0.0,0.0,0.0,1.0,1.0,2121.6,54.0,930.0,138.31606111810444,213.10387231632748,90.4,169468701.6360361,13.5,16.636755794610462,302.037629581478,45923.81417786096,1.0,244.6,Benign
504.67,6.0,64.0,11.091827423729246,11.091827423729246,0.0,0.15,0.32,0.25,0.16,0.52,0.0,0.0,1.35,2.11,0.71,5.66,0.0,0.0,0.0,0.0,0.0,0.0,0.0,1.0,0.0,0.0,0.0,0.0,0.0,1.0,1.0,703.89,60.88,75.67,66.8177439209827,5.458408188508392,66.85,84667024.46414281,9.5,11.54977286554819,7.707550660297544,40.7944272907709,0.87,141.55,MQTT-DDoS-Connect_Flood
96568.39,6.0,64.0,81.0554013815164,81.0554013815164,0.0,0.0,0.0,0.0,0.64,1.0,0.0,0.0,0.0,0.0,0.0,366.28,0.0,0.0,0.0,0.0,0.0,0.0,0.0,1.0,0.0,0.0,0.0,0.0,0.0,1.0,1.0,1403.68,113.96,154.29,133.1948613953556,15.823233543185228,135.76,84666504.44609334,9.5,16.04285325964828,21.9151178268373,694.6838343078483,0.36,141.55,MQTT-DoS-Publish_Flood
1906943.0,17.0,64.0,48.1741374706779,48.1741374706779,0.0,0.0,0.0,0.0,0.0,0.0,0.0,0.0,0.0,0.0,0.0,0.0,0.0,0.0,0.0,0.0,0.0,0.0,0.0,0.0,1.0,0.0,0.0,0.0,0.0,1.0,1.0,2101.0,82.8,859.6,367.7274603174602,327.2114195142209,387.2,0.0239290952682495,5.5,26.778313687830284,462.7468272403636,119440.44909423028,0.9,38.5,Benign
45681.5,6.0,64.0,74.78211501335136,74.78211501335136,0.0,0.0,0.0,0.0,0.25,1.0,0.0,0.0,0.0,0.0,0.0,149.14,0.0,0.0,0.0,0.0,0.0,0.0,0.0,1.0,0.0,0.0,0.0,0.0,0.0,1.0,1.0,2594.42,112.11,615.62,261.34289101460115,166.71790524142708,227.32,84666508.93232408,9.5,19.86380274620787,235.99942836261224,76426.27054234622,0.38,141.55,MQTT-DoS-Publish_Flood
449458.3,8.2,83.1,1.6577346138145093,1.6577346138145093,0.0,0.0,0.0,0.0,0.4,0.8,0.0,0.0,0.0,0.0,0.0,5509.8,0.0,0.0,0.0,0.0,0.0,0.0,0.0,0.8,0.2,0.0,0.0,0.0,0.0,1.0,1.0,1227.0,67.7,763.0,217.9744047619048,251.26472996909712,180.6,0.0999881029129028,5.5,20.36598950502572,355.34198886831064,80103.80144883787,0.9,38.5,Benign
342103.4,6.0,64.0,2.034120845006896,2.034120845006896,0.0,0.0,0.0,0.0,0.5,1.0,0.0,0.0,0.0,0.0,0.0,4259.5,0.0,0.0,0.0,0.0,0.0,0.0,0.0,1.0,0.0,0.0,0.0,0.0,0.0,1.0,1.0,5357.0,66.0,1474.0,355.23434019111266,501.6401979872413,80.6,169463743.3350555,13.5,26.6307771277092,710.6826386323421,253575.9186654713,1.0,244.6,Benign
629.22,6.0,64.0,9.177803770604562,9.177803770604562,0.0,0.1,0.07,0.57,0.09,0.36,0.0,0.0,1.88,2.21,1.03,7.01,0.0,0.0,0.0,0.0,0.0,0.0,0.0,1.0,0.0,0.0,0.0,0.0,0.0,1.0,1.0,642.35,54.36,76.37,61.17729024050424,7.431932417039287,61.23,84667019.75814176,9.5,11.054675551180942,10.49728234756095,69.43476133948536,0.83,141.55,MQTT-DDoS-Connect_Flood
573.18,6.0,64.0,10.259748153026164,10.259748153026164,0.0,0.11,0.08,0.47,0.15,0.48,0.0,0.0,1.62,2.06,0.95,6.41,0.0,0.0,0.0,0.0,0.0,0.0,0.0,1.0,0.0,0.0,0.0,0.0,0.0,1.0,1.0,663.93,56.09,77.26,63.52485861786133,7.527799990808242,62.89,84667038.34930931,9.5,11.261986164478891,10.652851093587008,72.07757009260102,0.86,141.55,MQTT-DDoS-Connect_Flood
800.91,6.0,64.0,31.652419150196824,31.652419150196824,0.0,0.08,0.25,0.14,0.25,0.83,0.0,0.0,1.0,3.52,1.43,8.4,0.0,0.0,0.0,0.0,0.0,0.0,0.0,1.0,0.0,0.0,0.0,0.0,0.0,1.0,1.0,734.69,61.69,80.18,70.41403805155973,5.73488132952267,69.58,84662373.84083958,9.5,11.866766655313524,8.087757006556721,39.71057476499052,0.95,141.55,MQTT-DoS-Connect_Flood
4355.26,6.0,64.0,105.99765105348668,105.99765105348668,0.0,0.0,0.0,0.0,0.55,1.0,0.0,0.0,0.0,0.0,0.0,10.21,0.0,0.0,0.0,0.0,0.0,0.0,0.0,1.0,0.0,0.0,0.0,0.0,0.0,1.0,1.0,4840.33,185.46,810.44,461.8359009656924,230.97518552782856,457.63,84666485.02964982,9.5,27.40813103315933,326.3776689222548,95254.37669403949,0.59,141.55,MQTT-DoS-Publish_Flood
8419.2,6.5,57.6,1.5483909846160235,1.5483909846160235,0.0,0.0,0.0,0.0,0.4,0.8,0.0,0.0,0.0,0.0,0.0,101.6,0.0,0.0,0.0,0.0,0.0,0.0,0.0,0.8,0.1,0.0,0.1,0.0,0.0,0.9,0.9,1243.6,64.8,121.3,80.22016026285377,17.420269668546347,91.0,169464506.6197303,13.5,12.612350557312116,22.086746460196,244.28097152162408,1.0,244.6,Benign
45448.8,6.0,60.8,1.2762937832731882,1.2762937832731882,0.0,0.0,0.0,0.0,0.5,1.0,0.0,0.0,0.0,0.0,0.0,553.7,0.0,0.1,0.0,0.0,0.0,0.0,0.0,1.0,0.0,0.0,0.0,0.0,0.0,1.0,1.0,495.8,70.5,144.2,90.43460317460315,25.65426298927453,104.2,0.0372818946838378,5.5,13.431171231780866,36.28060665211818,899.9050579491055,0.9,38.5,Benign
463.52,6.0,64.0,11.408055750137253,11.408055750137253,0.0,0.3,0.37,0.03,0.22,0.6,0.0,0.0,1.29,1.95,0.19,5.44,0.0,0.0,0.0,0.0,0.0,0.0,0.0,1.0,0.0,0.0,0.0,0.0,0.0,1.0,1.0,754.03,65.32,78.97,71.33863335185625,5.250791135276636,72.31,84667025.76376209,9.5,11.942459582436236,7.420576449432523,33.98986534520624,0.86,141.55,MQTT-DDoS-Connect_Flood
6525.4,6.0,245.0,51.22724076660152,51.22724076660152,0.0,0.0,0.0,0.0,0.9,1.0,0.0,0.0,0.0,1.0,0.0,14.6,0.0,1.0,0.0,0.0,0.0,0.0,0.0,1.0,0.0,0.0,0.0,0.0,0.0,1.0,1.0,1469.8,69.1,807.8,225.8286904761905,243.4825556829609,279.5,0.0014638900756835,5.5,20.544620306283967,344.3363324481056,91374.3280582483,0.9,38.5,Benign
413.47,6.0,64.0,12.886481431836478,12.886481431836478,0.0,0.14,0.17,0.39,0.17,0.53,0.0,0.0,1.14,1.26,0.69,4.66,0.0,0.0,0.0,0.0,0.0,0.0,0.0,1.0,0.0,0.0,0.0,0.0,0.0,1.0,1.0,695.34,59.82,76.13,66.65654243078043,6.429710966976658,65.76,84667044.32148387,9.5,11.533111335164609,9.076892053297028,54.59973783434464,0.89,141.55,MQTT-DDoS-Connect_Flood
78711.9,6.0,80.7,1.850639119773934,1.850639119773934,0.0,0.0,0.0,0.0,0.4,1.0,0.0,0.0,0.0,0.0,0.0,964.0,0.0,0.0,0.0,0.0,0.0,0.0,0.0,1.0,0.0,0.0,0.0,0.0,0.0,1.0,1.0,449.0,66.0,106.3,81.24952380952382,17.980611971731314,78.6,0.0027082920074462,5.5,12.738549819429116,25.42842531019045,361.92405328798185,0.9,38.5,Benign
261.45,6.0,64.0,16.58123571881038,16.58123571881038,0.0,0.09,0.04,0.36,0.12,0.62,0.0,0.0,0.79,0.65,0.56,2.64,0.0,0.0,0.0,0.0,0.0,0.0,0.0,1.0,0.0,0.0,0.0,0.0,0.0,1.0,1.0,676.71,56.65,76.73,65.01694080004103,6.863339631191551,63.97,84667046.26511954,9.5,11.391481265740868,9.685579381691197,55.653181760959306,0.91,141.55,MQTT-DDoS-Connect_Flood
306878.3,8.2,74.4,1.4545594981313423,1.4545594981313423,0.0,0.0,0.0,0.0,0.4,0.8,0.0,0.0,0.0,0.0,0.0,4080.3,0.0,0.0,0.0,0.0,0.0,0.0,0.0,0.8,0.2,0.0,0.0,0.0,0.0,1.0,1.0,1392.0,167.5,930.0,352.1505158730159,283.2209130326777,174.8,0.0998744010925292,5.5,25.49180422091037,400.5348563585037,90613.96551453452,0.9,38.5,Benign
3168.27,6.0,64.0,45.34761134419436,45.34761134419436,0.0,0.0,0.09,0.26,0.37,0.67,0.0,0.0,0.19,0.23,9.25,5.71,0.0,0.0,0.0,0.0,0.0,0.0,0.0,1.0,0.0,0.0,0.0,0.0,0.0,1.0,1.0,6118.9,140.51,1008.3,582.8045595491968,372.4621169461709,622.59,84666958.65627198,9.5,31.036049918949093,527.0160161772117,221542.34661806663,0.9,141.55,MQTT-DDoS-Publish_Flood
22697.31,6.0,64.0,25.4215289815911,25.4215289815911,0.0,0.01,0.03,0.4,0.22,0.6,0.0,0.0,0.46,0.51,6.03,33.47,0.0,0.0,0.0,0.0,0.0,0.0,0.0,1.0,0.0,0.0,0.0,0.0,0.0,1.0,1.0,5842.95,191.65,1008.11,560.4564858304751,358.0941977437774,582.78,84666964.4341848,9.5,29.51936924671487,506.6169939693804,230492.8874141542,0.81,141.55,MQTT-DDoS-Publish_Flood
588.66,6.0,64.0,7.90122930265802,7.90122930265802,0.0,0.09,0.18,0.52,0.1,0.3,0.0,0.0,1.69,2.17,1.07,6.4,0.0,0.0,0.0,0.0,0.0,0.0,0.0,1.0,0.0,0.0,0.0,0.0,0.0,1.0,1.0,675.13,55.96,74.74,64.35687460544271,6.484451312333938,62.88,84667043.91070423,9.5,11.328377259842991,9.157710941937427,54.11977527004582,0.84,141.55,MQTT-DDoS-Connect_Flood
2151793.0,17.0,60.0,3849.343151264572,3849.343151264572,0.0,0.0,0.0,0.0,0.0,0.0,0.0,0.0,0.0,0.0,0.0,0.0,0.0,0.0,0.0,0.0,0.0,0.0,0.0,0.0,1.0,0.0,0.0,0.0,0.0,1.0,1.0,7106.0,1292.0,1292.0,1292.0,0.0,1292.0,0.0002410173416137,5.5,50.83306010855534,0.0,0.0,0.0,38.5,Benign
178812.4,3.0,32.0,2.034147523006381,2.034147523006381,0.0,0.0,0.0,0.0,0.2,0.5,0.0,0.0,0.0,0.0,0.0,2375.8,0.0,0.0,0.0,0.0,0.0,0.0,0.0,0.5,0.0,0.0,0.5,0.0,0.0,0.5,0.5,362.8,54.0,83.1,68.05436507936507,11.62769936810253,61.4,0.0034111976623535,5.5,11.657055516981128,16.444050145567665,159.9621216301335,0.9,38.5,Benign
74791.45,6.0,64.0,70.33531286315642,70.33531286315642,0.0,0.0,0.0,0.0,0.2,1.0,0.0,0.0,0.0,0.0,0.0,251.56,0.0,0.0,0.0,0.0,0.0,0.0,0.0,1.0,0.0,0.0,0.0,0.0,0.0,1.0,1.0,1004.74,75.81,158.65,95.10731222557114,26.45787611977714,91.07,84666499.89432555,9.5,13.511545983646052,37.452957533094605,1496.3715304842976,0.53,141.55,MQTT-DoS-Publish_Flood
471.28,6.0,64.0,10.37134722473928,10.37134722473928,0.0,0.16,0.11,0.3,0.13,0.67,0.0,0.0,1.25,1.91,0.61,5.37,0.0,0.0,0.0,0.0,0.0,0.0,0.0,1.0,0.0,0.0,0.0,0.0,0.0,1.0,1.0,675.5,58.4,76.19,64.76713576705374,6.408411162183182,64.82,84667037.99538365,9.5,11.374623534883124,9.075286874126329,52.44469930412733,0.93,141.55,MQTT-DDoS-Connect_Flood
348.81,6.0,65.91,10.628631532429416,10.628631532429416,0.0,0.15,0.31,0.12,0.18,0.7,0.0,0.0,0.89,1.53,0.37,3.9,0.0,0.0,0.0,0.0,0.0,0.0,0.0,1.0,0.0,0.0,0.0,0.0,0.0,1.0,1.0,713.2,60.32,78.18,67.53914541379672,6.197841647393927,69.03,84667026.92731866,9.5,11.617258659542234,8.771265366989612,46.410243597683404,0.92,141.55,MQTT-DDoS-Connect_Flood
731.08,6.0,64.0,36.34141968257886,36.34141968257886,0.0,0.11,0.22,0.22,0.2,0.71,0.0,0.0,1.11,3.01,1.3,7.97,0.0,0.0,0.0,0.0,0.0,0.0,0.0,1.0,0.0,0.0,0.0,0.0,0.0,1.0,1.0,731.8,61.76,80.62,70.34160807991456,6.425856326948868,69.77,84662358.73723695,9.5,11.85631778844646,9.094485877305644,48.27245179507261,0.94,141.55,MQTT-DoS-Connect_Flood
67522.44,6.0,64.0,82.71456231123321,82.71456231123321,0.0,0.0,0.0,0.0,0.53,1.0,0.0,0.0,0.0,0.0,0.0,352.98,0.0,0.0,0.0,0.0,0.0,0.0,0.0,1.0,0.0,0.0,0.0,0.0,0.0,1.0,1.0,1304.49,93.25,163.01,123.8150325277148,28.375452911519243,128.13,84666493.3517774,9.5,15.48416080258732,40.10424432391287,1568.6446975349638,0.52,141.55,MQTT-DoS-Publish_Flood
619.84,6.0,64.0,9.777837306196576,9.777837306196576,0.0,0.15,0.25,0.32,0.16,0.45,0.0,0.0,1.69,2.41,0.86,6.92,0.0,0.0,0.0,0.0,0.0,0.0,0.0,1.0,0.0,0.0,0.0,0.0,0.0,1.0,1.0,701.19,57.61,79.77,67.07845758403963,8.05817282827183,67.1,84667040.32582329,9.5,11.57390423129628,11.390481765229042,72.6683557707308,0.95,141.55,MQTT-DDoS-Connect_Flood
3221.44,6.0,65.28,1232.3543534695443,1232.3543534695443,0.0,0.0,0.07,0.35,0.18,0.58,0.0,0.0,0.0,0.07,1.66,2.98,0.0,0.02,0.0,0.0,0.0,0.0,0.0,1.0,0.0,0.0,0.0,0.0,0.0,1.0,1.0,4195.05,116.2,862.54,382.8544790958095,323.4791490767626,427.05,84666963.72943284,9.5,23.98421709258237,457.9553164660055,209148.58066295725,0.78,141.55,MQTT-DDoS-Publish_Flood
39336.45,6.0,64.0,94.12542420025672,94.12542420025672,0.0,0.0,0.0,0.0,1.0,1.0,0.0,0.0,0.0,0.0,0.0,131.23,0.0,0.0,0.0,0.0,0.0,0.0,0.0,1.0,0.0,0.0,0.0,0.0,0.0,1.0,1.0,2774.9,183.72,442.05,258.3950362475931,88.05836048899897,276.37,84666480.05218123,9.5,22.509413486940744,124.70121602765371,12852.567923287968,0.88,141.55,MQTT-DoS-Publish_Flood
193850.0,7.1,99.9,1.509554533834997,1.509554533834997,0.0,0.0,0.0,0.0,0.4,0.9,0.0,0.0,0.0,0.0,0.0,2469.0,0.0,0.0,0.0,0.0,0.0,0.0,0.0,0.9,0.1,0.0,0.0,0.0,0.0,1.0,1.0,1248.9,66.0,137.2,80.2758268747936,20.341206325233586,91.3,169463033.8019281,13.5,12.669531667962934,28.910483710957447,516.3581926255181,1.0,244.6,Benign
6284957.0,6.0,64.0,111.6002195824769,111.6002195824769,0.0,0.0,0.0,0.0,0.0,1.0,0.0,0.0,0.0,2.0,0.0,6485.5,0.0,1.0,0.0,0.0,0.0,0.0,0.0,1.0,0.0,0.0,0.0,0.0,0.0,1.0,1.0,23157.0,1494.0,1494.0,1494.0,0.0,1494.0,169323361.97553366,13.5,54.6626014748658,0.0,0.0,0.0,244.6,MQTT-Malformed_Data
435.1,6.0,64.0,10.142112959258954,10.142112959258954,0.0,0.22,0.19,0.22,0.21,0.74,0.0,0.0,1.08,1.76,0.66,5.08,0.0,0.0,0.0,0.0,0.0,0.0,0.0,1.0,0.0,0.0,0.0,0.0,0.0,1.0,1.0,695.04,62.84,72.2,66.09621918363715,3.559012609773055,65.96,84667049.36762725,9.5,11.48622033464758,5.036035179018731,17.89777424996642,0.8,141.55,MQTT-DDoS-Connect_Flood
450.23,6.0,64.0,8.851352847333697,8.851352847333697,0.0,0.25,0.19,0.24,0.03,0.76,0.0,0.0,1.25,1.7,0.77,5.28,0.0,0.0,0.0,0.0,0.0,0.0,0.0,1.0,0.0,0.0,0.0,0.0,0.0,1.0,1.0,690.49,62.36,71.65,66.10970549758979,3.3469754304556663,65.26,84667033.60937738,9.5,11.493650733012943,4.740475015681451,19.644426465166426,0.66,141.55,MQTT-DDoS-Connect_Flood
1780409.0,6.0,248.0,117.65165893789624,117.65165893789624,0.0,0.0,0.0,0.0,0.0,1.0,0.0,0.0,0.0,0.0,0.0,1781.5,0.0,1.0,0.0,0.0,0.0,0.0,0.0,1.0,0.0,0.0,0.0,0.0,0.0,1.0,1.0,363.0,66.0,66.0,66.0,0.0,66.0,0.0002875089645385,5.5,11.489125293076055,0.0,0.0,0.0,38.5,MQTT-Malformed_Data
43859.4,7.1,69.9,1.0343453070947468,1.0343453070947468,0.0,0.0,0.0,0.0,0.4,0.9,0.0,0.0,0.0,0.0,0.0,554.5,0.0,0.1,0.0,0.0,0.0,0.0,0.0,0.9,0.1,0.0,0.0,0.0,0.0,1.0,1.0,551.2,80.8,214.0,115.27710317460316,49.40380628267722,88.7,0.0934335947036743,5.5,15.033248135591512,69.86753287781524,2800.9169901581,0.9,38.5,Benign
456.61,6.0,64.0,9.436271588883116,9.436271588883116,0.0,0.19,0.07,0.23,0.36,0.78,0.0,0.0,0.94,1.85,0.59,5.19,0.0,0.0,0.0,0.0,0.0,0.0,0.0,1.0,0.0,0.0,0.0,0.0,0.0,1.0,1.0,713.44,62.72,75.75,67.67647183926324,4.972544870607873,68.03,84667044.71553,9.5,11.627190602689817,7.029289907972975,37.481739514214816,0.92,141.55,MQTT-DDoS-Connect_Flood
489.25,6.0,64.0,9.486249303324932,9.486249303324932,0.0,0.38,0.23,0.1,0.05,0.87,0.0,0.0,1.36,1.95,0.79,5.66,0.0,0.0,0.0,0.0,0.0,0.0,0.0,1.0,0.0,0.0,0.0,0.0,0.0,1.0,1.0,701.41,61.8,74.28,66.52986183110835,4.576452405490564,67.48,84667040.85702693,9.5,11.533358891071732,6.477908838430461,28.80795751331385,0.86,141.55,MQTT-DDoS-Connect_Flood
7996.48,6.0,64.0,75.95249241974773,75.95249241974773,0.0,0.01,0.05,0.11,0.42,0.84,0.0,0.0,0.39,0.14,4.66,13.54,0.0,0.0,0.0,0.0,0.0,0.0,0.0,1.0,0.0,0.0,0.0,0.0,0.0,1.0,1.0,6603.03,203.96,1023.71,634.4457313560193,316.0230326131189,697.29,84666973.85689257,9.5,31.69556431437786,446.6602107589167,168879.19680449954,0.88,141.55,MQTT-DDoS-Publish_Flood
442.41,6.0,64.0,9.812694006191917,9.812694006191917,0.0,0.19,0.17,0.22,0.17,0.74,0.0,0.0,1.11,1.91,0.57,5.03,0.0,0.0,0.0,0.0,0.0,0.0,0.0,1.0,0.0,0.0,0.0,0.0,0.0,1.0,1.0,697.84,60.16,76.45,66.76706222075998,5.675454509046217,66.04,84667040.1143711,9.5,11.551959348269373,8.011115589278514,44.363785739714885,0.94,141.55,MQTT-DDoS-Connect_Flood
539.49,6.0,64.0,39.143383969566926,39.143383969566926,0.0,0.07,0.33,0.16,0.19,0.72,0.0,0.0,0.36,2.43,0.81,5.91,0.0,0.0,0.0,0.0,0.0,0.0,0.0,1.0,0.0,0.0,0.0,0.0,0.0,1.0,1.0,735.89,63.84,77.62,69.45714079642407,4.944569538925755,70.6,84662384.78670333,9.5,11.780392778473662,6.997828294016231,32.327067395945306,0.89,141.55,MQTT-DoS-Connect_Flood
63600.22,6.0,64.0,90.54689166486092,90.54689166486092,0.0,0.0,0.0,0.0,0.47,1.0,0.0,0.0,0.0,0.0,0.0,328.07,0.0,0.0,0.0,0.0,0.0,0.0,0.0,1.0,0.0,0.0,0.0,0.0,0.0,1.0,1.0,1534.48,106.33,248.03,148.0330355425448,51.81243975514235,135.76,84666494.258176,9.5,16.69569769628697,73.3505749704671,6157.381268916781,0.56,141.55,MQTT-DoS-Publish_Flood
484976.6,6.0,64.0,1.7733559840460202,1.7733559840460202,0.0,0.0,0.0,0.0,0.5,1.0,0.0,0.0,0.0,0.0,0.0,6222.5,0.0,0.0,0.0,0.0,0.0,0.0,0.0,1.0,0.0,0.0,0.0,0.0,0.0,1.0,1.0,434.8,67.8,100.2,79.08337301587302,11.820401381128557,78.1,0.1000175952911377,5.5,12.57461758988467,16.71657194588567,164.04738622763924,0.9,38.5,Benign
4445.38,6.0,64.0,68.04951669441508,68.04951669441508,0.0,0.0,0.0,0.0,0.42,1.0,0.0,0.0,0.0,0.0,0.0,12.34,0.0,0.0,0.0,0.0,0.0,0.0,0.0,1.0,0.0,0.0,0.0,0.0,0.0,1.0,1.0,3858.55,127.66,940.73,382.0053712340292,267.3145123210072,330.1,84666506.29584812,9.5,24.93369405465233,378.3871027597324,120125.25543969516,0.64,141.55,MQTT-DoS-Publish_Flood
433.44,6.0,64.0,7.344239065671982,7.344239065671982,0.0,0.12,0.13,0.22,0.15,0.75,0.0,0.0,0.98,2.1,0.66,4.73,0.0,0.0,0.0,0.0,0.0,0.0,0.0,1.0,0.0,0.0,0.0,0.0,0.0,1.0,1.0,678.2,56.92,70.97,64.88514532401723,4.95223330869876,65.38,84667024.25535984,9.5,11.38632840330228,7.009014011580371,29.496494748928207,0.91,141.55,MQTT-DDoS-Connect_Flood
462791.3,6.0,81.3,1.6451543565054514,1.6451543565054514,0.0,0.0,0.0,0.0,0.5,1.0,0.0,0.0,0.0,0.0,0.0,6139.6,0.0,0.2,0.0,0.0,0.0,0.0,0.0,1.0,0.0,0.0,0.0,0.0,0.0,1.0,1.0,455.6,63.0,128.3,80.91134920634921,20.86770738706594,88.6,0.1000360012054443,5.5,12.709291067838157,29.51139480242188,823.547050579491,0.9,38.5,Benign
430.29,6.0,64.0,10.905980458345416,10.905980458345416,0.0,0.14,0.12,0.29,0.13,0.66,0.0,0.0,1.12,1.77,0.54,4.95,0.0,0.0,0.0,0.0,0.0,0.0,0.0,1.0,0.0,0.0,0.0,0.0,0.0,1.0,1.0,691.63,59.41,75.26,66.49491986973295,5.93528203210984,64.91,84667044.50547601,9.5,11.52326776292488,8.382694292962714,49.29864995527173,0.87,141.55,MQTT-DDoS-Connect_Flood
523.42,6.0,64.0,7.2364363357829795,7.2364363357829795,0.0,0.06,0.12,0.55,0.09,0.39,0.0,0.0,1.5,1.7,1.11,5.6,0.0,0.0,0.0,0.0,0.0,0.0,0.0,1.0,0.0,0.0,0.0,0.0,0.0,1.0,1.0,644.24,55.08,73.47,61.15534725521295,6.447224601286844,61.89,84667032.09510322,9.5,11.048133118419724,9.106407599194274,52.0544029345562,0.84,141.55,MQTT-DDoS-Connect_Flood
55465.21,6.0,64.0,82.30896778992692,82.30896778992692,0.0,0.0,0.0,0.0,0.51,1.0,0.0,0.0,0.0,0.0,0.0,141.22,0.0,0.0,0.0,0.0,0.0,0.0,0.0,1.0,0.0,0.0,0.0,0.0,0.0,1.0,1.0,1981.72,115.05,392.67,181.49840342393244,105.54527962225288,185.45,84666484.6686954,9.5,18.39265566119927,149.06383309781083,37702.94971535302,0.74,141.55,MQTT-DoS-Publish_Flood
20754.15,6.0,64.0,67.48809499757083,67.48809499757083,0.0,0.01,0.06,0.33,0.35,0.67,0.0,0.0,0.5,0.09,17.35,21.84,0.0,0.0,0.0,0.0,0.0,0.0,0.0,1.0,0.0,0.0,0.0,0.0,0.0,1.0,1.0,7825.04,459.72,949.16,773.4054439638448,210.56531379248065,679.18,84666963.09599134,9.5,34.30982934806293,297.9951375436886,87640.77672860338,0.93,141.55,MQTT-DDoS-Publish_Flood
175895.8,7.1,64.0,1.8444737251366363,1.8444737251366363,0.0,0.0,0.0,0.0,0.5,0.9,0.0,0.0,0.0,0.0,0.0,2335.5,0.0,0.0,0.0,0.0,0.0,0.0,0.0,0.9,0.1,0.0,0.0,0.0,0.0,1.0,1.0,1887.6,66.0,766.2,120.02940754936496,166.8105165025019,161.5,169466509.0242126,13.5,15.432588490709833,236.56456891188265,33994.28728401933,1.0,244.6,Benign
8607.6,6.0,64.0,0.4598283761759767,0.4598283761759767,0.0,0.0,0.0,0.0,0.5,1.0,0.0,0.0,0.0,0.0,0.0,115.3,0.0,0.0,0.0,0.0,0.0,0.0,0.0,1.0,0.0,0.0,0.0,0.0,0.0,1.0,1.0,1653.9,54.0,368.0,107.85181192259752,79.30079908594243,75.5,169461897.9975593,13.5,14.685108325082709,112.39949225358023,6352.3204842358655,1.0,244.6,Benign
520.93,6.0,64.0,10.777819794140363,10.777819794140363,0.0,0.2,0.13,0.26,0.15,0.61,0.0,0.0,1.48,1.98,0.54,5.99,0.0,0.0,0.0,0.0,0.0,0.0,0.0,1.0,0.0,0.0,0.0,0.0,0.0,1.0,1.0,705.55,60.24,80.04,67.23818914676654,7.011079113782694,66.43,84667041.09892292,9.5,11.589287217860331,9.920704990631346,57.6372896955167,0.9,141.55,MQTT-DDoS-Connect_Flood
8811.87,6.0,64.0,23.32819758428325,23.32819758428325,0.0,0.01,0.11,0.14,0.49,0.82,0.0,0.0,0.2,1.62,2.64,21.76,0.0,0.0,0.0,0.0,0.0,0.0,0.0,1.0,0.0,0.0,0.0,0.0,0.0,1.0,1.0,5399.84,158.45,1377.38,574.4577868075768,506.60681215511823,458.66,84666968.05004804,9.5,32.72771566477832,716.3829204484573,298227.56676292844,0.92,141.55,MQTT-DDoS-Publish_Flood
180143.2,6.0,64.0,1.7741391622428977,1.7741391622428977,0.0,0.0,0.0,0.0,0.5,1.0,0.0,0.0,0.0,0.0,0.0,2221.3,0.0,0.0,0.0,0.0,0.0,0.0,0.0,1.0,0.0,0.0,0.0,0.0,0.0,1.0,1.0,1486.6,66.0,342.0,96.38371949558868,67.12237864506395,80.9,169469603.1396976,13.5,13.892902528750408,95.09833569594518,4551.733542671546,1.0,244.6,Benign
274739.1,7.1,70.4,1.8374868345700808,1.8374868345700808,0.0,0.0,0.0,0.0,0.4,0.9,0.0,0.0,0.0,0.0,0.0,3604.0,0.0,0.0,0.0,0.0,0.0,0.0,0.0,0.9,0.1,0.0,0.0,0.0,0.0,1.0,1.0,1406.4,66.0,272.7,89.9515766844095,49.74388667702648,100.9,169462532.2003615,13.5,13.412122312104392,70.52572564824501,2969.7073017188386,1.0,244.6,Benign
838.01,6.0,64.0,44.51674001510045,44.51674001510045,0.0,0.08,0.23,0.17,0.21,0.81,0.0,0.0,0.71,3.37,1.5,9.4,0.0,0.0,0.0,0.0,0.0,0.0,0.0,1.0,0.0,0.0,0.0,0.0,0.0,1.0,1.0,722.53,60.36,77.87,68.81124753840932,6.088625976685251,68.85,84662360.26594812,9.5,11.7276788760927,8.604703257310689,43.90053593703784,0.95,141.55,MQTT-DoS-Connect_Flood
524.91,6.0,64.0,10.499453560904058,10.499453560904058,0.0,0.25,0.24,0.22,0.19,0.7,0.0,0.0,1.39,2.23,0.74,5.8,0.0,0.0,0.0,0.0,0.0,0.0,0.0,1.0,0.0,0.0,0.0,0.0,0.0,1.0,1.0,700.67,61.32,75.27,67.07108314363656,4.9293257114143,66.56,84667025.50124462,9.5,11.572345939663728,6.96600023531126,34.74823250744751,0.87,141.55,MQTT-DDoS-Connect_Flood
46173.4,8.2,64.0,1.6698321890137346,1.6698321890137346,0.0,0.0,0.0,0.0,0.4,0.8,0.0,0.0,0.0,0.0,0.0,591.6,0.0,0.0,0.0,0.0,0.0,0.0,0.0,0.8,0.2,0.0,0.0,0.0,0.0,1.0,1.0,1325.4,97.4,858.4,281.45369047619045,282.46602916128813,174.6,0.1001291036605835,5.5,23.287143081602444,399.46728934956775,90103.83364158164,0.9,38.5,Benign
98841.4,6.0,64.0,1.4814447305126293,1.4814447305126293,0.0,0.0,0.0,0.0,0.5,1.0,0.0,0.0,0.0,0.0,0.0,1254.3,0.0,0.0,0.0,0.0,0.0,0.0,0.0,1.0,0.0,0.0,0.0,0.0,0.0,1.0,1.0,447.4,70.4,110.0,84.92781746031747,14.926102178370192,78.5,3.969669342041016e-05,5.5,13.016390352399402,21.108696134017723,252.5257142699673,0.9,38.5,Benign
659.88,6.0,64.0,38.40108127484351,38.40108127484351,0.0,0.06,0.22,0.2,0.28,0.81,0.0,0.0,0.56,2.92,1.05,7.2,0.0,0.0,0.0,0.0,0.0,0.0,0.0,1.0,0.0,0.0,0.0,0.0,0.0,1.0,1.0,732.96,61.76,77.25,69.24035430728543,5.707993259311049,69.73,84662363.8538087,9.5,11.762854082237313,8.075687211158186,43.71266530145419,0.91,141.55,MQTT-DoS-Connect_Flood
37768.42,6.0,64.0,170.74725887495322,170.74725887495322,0.0,0.0,0.0,0.0,0.6,1.0,0.0,0.0,0.0,0.0,0.0,76.12,0.0,0.0,0.0,0.0,0.0,0.0,0.0,1.0,0.0,0.0,0.0,0.0,0.0,1.0,1.0,6827.44,91.07,1283.73,590.9946472491218,465.16195661687823,582.81,84666494.40069504,9.5,33.108337718384526,657.777901073547,257260.9643369295,0.91,141.55,MQTT-DoS-Publish_Flood
117502.3,5.9,44.9,1.195102185784393,1.195102185784393,0.0,0.0,0.0,0.0,0.3,0.7,0.0,0.0,0.0,0.0,0.0,1565.1,0.0,0.0,0.0,0.0,0.0,0.0,0.0,0.7,0.1,0.0,0.2,0.0,0.0,0.8,0.8,445.3,49.2,148.7,77.34757936507937,30.41953688839068,83.6,0.0999600172042846,5.5,12.412338437892652,43.01972162867075,1399.696729765054,0.9,38.5,Benign
417416.0,6.0,64.0,1.7743828272530664,1.7743828272530664,0.0,0.0,0.0,0.0,0.5,1.0,0.0,0.0,0.0,0.0,0.0,5147.5,0.0,0.0,0.0,0.0,0.0,0.0,0.0,1.0,0.0,0.0,0.0,0.0,0.0,1.0,1.0,445.6,67.8,100.4,80.41234126984128,13.166148994919018,80.9,2.2196769714355467e-05,5.5,12.679220788783628,18.61974647283937,207.36557613693623,0.9,38.5,Benign
407.25,6.0,64.0,14.23147656135236,14.23147656135236,0.0,0.17,0.16,0.43,0.15,0.49,0.0,0.0,1.34,1.02,0.54,4.64,0.0,0.0,0.0,0.0,0.0,0.0,0.0,1.0,0.0,0.0,0.0,0.0,0.0,1.0,1.0,664.02,57.39,71.2,63.18489410954542,4.925024339762374,64.21,84667049.62713888,9.5,11.221003809675732,6.953832528274014,39.87567641297126,0.65,141.55,MQTT-DDoS-Connect_Flood
106.78,6.0,64.0,128441.27302583096,128441.27302583096,0.0,0.17,0.18,0.41,0.14,0.48,0.0,0.0,0.19,0.19,0.52,1.02,0.0,0.0,0.0,0.0,0.0,0.0,0.0,1.0,0.0,0.0,0.0,0.0,0.0,1.0,1.0,676.19,58.32,74.19,64.46048864843448,6.05896190102121,63.6,84667042.50481322,9.5,11.343838642756069,8.570023372895868,50.38206037142475,0.88,141.55,MQTT-DDoS-Connect_Flood
97574.7,6.0,64.0,0.5201079387487595,0.5201079387487595,0.0,0.0,0.0,0.0,0.9,1.0,0.0,0.0,0.0,0.0,0.0,1311.5,0.0,0.0,0.0,0.0,0.0,0.0,0.0,1.0,0.0,0.0,0.0,0.0,0.0,1.0,1.0,382.2,67.2,77.0,69.0663492063492,3.0511618758075145,69.6,4.680156707763672e-05,5.5,11.752600443729246,4.31499450576272,18.715660367850845,0.5,38.5,Benign
263504.9,6.0,64.0,0.8918293169455712,0.8918293169455712,0.0,0.0,0.0,0.0,0.0,1.0,0.0,0.0,0.0,0.0,0.0,3371.2,0.0,0.0,0.0,0.0,0.0,0.0,0.0,1.0,0.0,0.0,0.0,0.0,0.0,1.0,1.0,1031.0,66.0,68.0,66.53501712254034,0.8777153274884112,66.0,169469855.9449413,13.5,11.535777756948375,1.2434498471533568,0.7755849579630295,1.0,244.6,Benign
440.92,6.0,64.0,10.976617140657831,10.976617140657831,0.0,0.22,0.13,0.25,0.21,0.74,0.0,0.0,1.15,1.72,0.59,5.24,0.0,0.0,0.0,0.0,0.0,0.0,0.0,1.0,0.0,0.0,0.0,0.0,0.0,1.0,1.0,681.03,61.28,73.14,64.56668302779951,4.663738558294714,65.27,84667048.52247332,9.5,11.355635725131998,6.601641705044237,33.75090406017439,0.9,141.55,MQTT-DDoS-Connect_Flood
140918.5,5.4,63.5,2.54715582987799,2.54715582987799,0.0,0.0,0.0,0.0,0.5,0.9,0.0,0.0,0.0,0.8,0.0,1445.4,0.0,0.0,0.0,0.0,0.0,0.0,0.0,0.9,0.0,0.0,0.1,0.0,0.0,0.9,0.9,562.3,68.9,217.0,105.05801587301588,51.556731275016126,92.5,0.0963727951049804,5.5,14.459073957953308,72.91222860075291,3283.085151108592,0.9,38.5,Benign
378462.5,6.0,63.5,1.3827628028817849,1.3827628028817849,0.0,0.0,0.0,0.0,0.4,1.0,0.0,0.0,0.0,0.1,0.0,4534.5,0.0,0.1,0.0,0.0,0.0,0.0,0.0,1.0,0.0,0.0,0.0,0.0,0.0,1.0,1.0,452.6,66.0,106.5,81.77055555555556,18.31276577564841,79.4,0.0419239044189453,5.5,12.779131769882415,25.898161724483828,375.2240551146384,0.9,38.5,Benign
343.05,6.0,64.0,8.541339643628273,8.541339643628273,0.0,0.31,0.37,0.0,0.19,0.75,0.0,0.0,0.74,1.86,0.08,3.94,0.0,0.0,0.0,0.0,0.0,0.0,0.0,1.0,0.0,0.0,0.0,0.0,0.0,1.0,1.0,753.33,66.49,78.44,71.8026281226943,4.830042192224803,71.88,84667039.37604365,9.5,11.978809141308506,6.818690689210577,28.495831231033023,0.89,141.55,MQTT-DDoS-Connect_Flood
